:10000000804500203942000061A80100254200001F
:1000100025420000254200002542000000000000AB
:10002000000000000000000000000000714200001D
:10003000254200000000000041440000254200006D
:10004000AD440000BD320100AD440000AD440000ED
:10005000AD440000AD440000AD440000AD440000DC
:10006000AD440000AD440000AD440000AD440000CC
:10007000AD440000AD440000AD440000AD440000BC
:10008000AD440000AD440000AD440000AD440000AC
:10009000AD440000AD440000AD440000AD4400009C
:1000A000AD440000AD440000AD440000AD4400008C
:1000B000AD440000AD440000AD440000AD4400007C
:1000C000AD440000AD440000AD440000AD4400006C
:1000D000AD440000AD440000AD440000AD4400005C
:1000E000AD440000AD440000AD440000AD4400004C
:1000F000AD440000AD440000AD440000AD4400003C
:1001000081F0004102E000BF83F0004330B54FEAC8
:1001100041044FEA430594EA050F08BF90EA020F35
:100120001FBF54EA000C55EA020C7FEA645C7FEAC8
:10013000655C00F0E2804FEA5454D4EB5555B8BFEB
:100140006D420CDD2C4480EA020281EA030382EA5C
:10015000000083EA010180EA020281EA0303362DEE
:1001600088BF30BD11F0004F4FEA01314FF4801CC1
:100170004CEA113102D0404261EB410113F0004FD3
:100180004FEA03334CEA133302D0524263EB43038A
:1001900094EA050F00F0A780A4F10104D5F1200E28
:1001A0000DDB02FA0EFC22FA05F2801841F1000183
:1001B00003FA0EF2801843FA05F359410EE0A5F157
:1001C00020050EF1200E012A03FA0EFC28BF4CF088
:1001D000020C43FA05F3C01851EBE37101F000453E
:1001E00007D54FF0000EDCF1000C7EEB00006EEB4B
:1001F0000101B1F5801F1BD3B1F5001F0CD34908D5
:100200005FEA30004FEA3C0C04F101044FEA44522B
:1002100012F5800F80F09A80BCF1004F08BF5FEAB2
:10022000500C50F1000041EB045141EA050130BD92
:100230005FEA4C0C404141EB0101013C28BFB1F5A4
:10024000801FE9D291F0000F04BF01460020B1FAEF
:1002500081F308BF2033A3F10B03B3F120020CDAC2
:100260000C3208DD02F1140CC2F10C0201FA0CF0A0
:1002700021FA02F10CE002F11402D8BFC2F1200C05
:1002800001FA02F120FA0CFCDCBF41EA0C019040BB
:10029000E41AA2BF01EB0451294330BD6FEA040404
:1002A0001F3C1CDA0C340EDC04F11404C4F12002EF
:1002B00020FA04F001FA02F340EA030021FA04F301
:1002C00045EA030130BDC4F10C04C4F1200220FA58
:1002D00002F001FA04F340EA0300294630BD21FA96
:1002E00004F0294630BD94F0000F83F4801306BF5C
:1002F00081F480110134013D4EE77FEA645C18BF50
:100300007FEA655C29D094EA050F08BF90EA020FE6
:1003100005D054EA000C04BF1946104630BD91EADE
:10032000030F1EBF0021002030BD5FEA545C05D1E1
:100330004000494128BF41F0004130BD14F5800420
:100340003CBF01F5801130BD01F0004545F0FE4194
:1003500041F470014FF0000030BD7FEA645C1ABFC9
:10036000194610467FEA655C1CBF0B46024650EA00
:10037000013406BF52EA033591EA030F41F400212C
:1003800030BD00BF90F0000F04BF0021704730B5B2
:100390004FF4806404F132044FF000054FF0000187
:1003A00050E700BF90F0000F04BF0021704730B548
:1003B0004FF4806404F1320410F0004548BF40421D
:1003C0004FF000013EE700BF42004FEAE2014FEA72
:1003D00031014FEA02701FBF12F07F4393F07F4F4D
:1003E00081F06051704732F07F4208BF704793F050
:1003F0007F4F04BF41F40021704730B54FF4607463
:1004000001F0004521F000411CE700BF50EA010265
:1004100008BF704730B54FF000050AE050EA01020E
:1004200008BF704730B511F0004502D5404261EB7E
:1004300041014FF4806404F132045FEA915C3FF4BF
:10044000D8AE4FF003025FEADC0C18BF03325FEA5C
:10045000DC0C18BF033202EBDC02C2F1200300FA0D
:1004600003FC20FA02F001FA03FE40EA0E0021FA32
:1004700002F11444BDE600BF80F0004002E000BF7E
:1004800081F0004142001FBF5FEA410392EA030F7F
:100490007FEA226C7FEA236C6AD04FEA1262D2EBC9
:1004A0001363C1BFD218414048404140B8BF5B42CE
:1004B000192B88BF704710F0004F40F4000020F067
:1004C0007F4018BF404211F0004F41F4000121F07D
:1004D0007F4118BF494292EA030F3FD0A2F10102C7
:1004E00041FA03FC10EB0C00C3F1200301FA03F105
:1004F00000F0004302D5494260EB4000B0F5000F28
:1005000013D3B0F1807F06D340084FEA310102F1E6
:100510000102FE2A51D2B1F1004F40EBC25008BF98
:1005200020F0010040EA03007047490040EB000062
:10053000013A28BFB0F5000FEDD2B0FA80FCACF163
:10054000080CB2EB0C0200FA0CF0AABF00EBC25090
:1005500052421843BCBFD0401843704792F0000F7E
:1005600081F4000106BF80F400000132013BB5E7D1
:100570004FEA41037FEA226C18BF7FEA236C21D047
:1005800092EA030F04D092F0000F08BF08467047AC
:1005900090EA010F1CBF0020704712F07F4F04D17A
:1005A000400028BF40F00040704712F100723CBF8D
:1005B00000F50000704700F0004343F0FE4040F4B7
:1005C000000070477FEA226216BF08467FEA236375
:1005D0000146420206BF5FEA412390EA010F40F460
:1005E000800070474FF0000304E000BF10F00043AC
:1005F00048BF40425FEA000C08BF704743F0964393
:1006000001464FF000001CE050EA010208BF7047AD
:100610004FF000030AE000BF50EA010208BF704734
:1006200011F0004302D5404261EB41015FEA010C49
:1006300002BF84460146002043F0B64308BFA3F141
:100640008053A3F50003BCFA8CF2083AA3EBC25323
:1006500010DB01FA02FC634400FA02FCC2F1200242
:10066000BCF1004F20FA02F243EB020008BF20F079
:100670000100704702F1200201FA02FCC2F12002DF
:1006800050EA4C0021FA02F243EB020008BF20EAD4
:10069000DC7070474FF0FF0C1CEAD0521EBF1CEA02
:1006A000D15392EA0C0F93EA0C0F6FD01A4480EAF0
:1006B000010C400218BF5FEA41211ED04FF00063D9
:1006C00043EA501043EA5111A0FB01310CF0004005
:1006D000B1F5000F3EBF490041EAD3715B0040EA2B
:1006E000010062F17F02FD2A1DD8B3F1004F40EBFB
:1006F000C25008BF20F00100704790F0000F0CF0CE
:10070000004C08BF49024CEA502040EA51207F3A91
:10071000C2BFD2F1FF0340EAC250704740F400006C
:100720004FF00003013A5DDC12F1190FDCBF00F05D
:1007300000407047C2F10002410021FA02F1C2F10B
:10074000200200FA02FC5FEA310040F1000053EAA7
:100750004C0308BF20EADC70704792F0000F00F0F5
:10076000004C02BF400010F4000F013AF9D040EAFB
:100770000C0093F0000F01F0004C02BF490011F48F
:10078000000F013BF9D041EA0C018FE70CEAD1538D
:1007900092EA0C0F18BF93EA0C0F0AD030F0004C0D
:1007A00018BF31F0004CD8D180EA010000F00040C1
:1007B000704790F0000F17BF90F0004F084691F07F
:1007C000000F91F0004F14D092EA0C0F01D14202B9
:1007D0000FD193EA0C0F03D14B0218BF084608D182
:1007E00080EA010000F0004040F0FE4040F40000CC
:1007F000704740F0FE4040F4400070474FF0FF0C5F
:100800001CEAD0521EBF1CEAD15392EA0C0F93EAA5
:100810000C0F69D0A2EB030280EA010C49024FEAF7
:10082000402037D04FF0805343EA111143EA1013B0
:100830000CF000408B4238BF5B0042F17D024FF468
:10084000000C8B4224BF5B1A40EA0C00B3EB510F43
:1008500024BFA3EB510340EA5C00B3EB910F24BF2C
:10086000A3EB910340EA9C00B3EBD10F24BFA3EBB1
:10087000D10340EADC001B0118BF5FEA1C1CE0D179
:10088000FD2A3FF650AF8B4240EBC25008BF20F02C
:10089000010070470CF0004C4CEA50207F32C2BF80
:1008A000D2F1FF0340EAC250704740F400004FF01D
:1008B0000003013A37E792F0000F00F0004C02BF4E
:1008C000400010F4000F013AF9D040EA0C0093F018
:1008D000000F01F0004C02BF490011F4000F013B72
:1008E000F9D041EA0C0195E70CEAD15392EA0C0FDA
:1008F00008D142027FF47DAF93EA0C0F7FF470AF12
:10090000084676E793EA0C0F04D14B023FF44CAF54
:1009100008466EE730F0004C18BF31F0004CCAD1E9
:1009200030F000427FF45CAF31F000437FF43CAF25
:100930005FE700BF53B94AB9002908BF00281CBFB0
:100940004FF0FF314FF0FF3000F00CB8ADF1080C64
:100950006DE904CE00F022F8DDF804E0DDE90223C1
:1009600004B07047704700BF10F8012B11F8013B2D
:10097000012A28BF9A42F7D0D01A7047034611F8CF
:10098000012B03F8012B002AF9D17047034613F815
:10099000012B002AFBD1181A013870472DE9F047C6
:1009A0008C468E46089E154604461946002B40F09C
:1009B000D080724547D9B2FA82F74FB1C7F1200310
:1009C0000EFA07FC20FA03F3BD4043EA0C0CBC40CE
:1009D0004FEA154EA8B2BCFBFEF8230C0EFB18CC58
:1009E00008FB00F943EA0C43994528D9EB1808F1B4
:1009F000FF3204D2994502D9A8F102022B44A3EB9D
:100A00000903A4B2B3FBFEFC0EFB1C330CFB00F08D
:100A100044EA0344A04214D92C190CF1FF3304D248
:100A2000A04202D9ACF102032C44241A43EA02404A
:100A30001EB1FC40002334607360BDE8F08742467D
:100A4000DDE76346F1E7002A79D0B2FA82F3002BA2
:100A50003FD01946C1F1200302FA01F52EFA03F244
:100A60000EFA01FE20FA03F343EA0E034FEA154E95
:100A700000FA01F4B2FBFEFCAFB20EFB1C201A0C14
:100A80000CFB07F842EA004290455AD9AA180CF12B
:100A9000FF3004D2904502D9ACF102002A44A2EB07
:100AA00008029BB2B2FBFEFC0EFB1C220CFB07F7FC
:100AB00043EA02439F4246D9EB180CF1FF3204D2BD
:100AC0009F4202D9ACF102022B44DB1B42EA0042F6
:100AD00002E0AEEB020301224FEA154EAFB2B3FBC8
:100AE000FEFC200C0EFB1C330CFB07F840EA034312
:100AF00098452AD9EB180CF1FF3004D2984502D959
:100B0000ACF102002B44A3EB0803A4B2B3FBFEFC40
:100B10000EFB1C330CFB07F744EA0344A74216D92B
:100B20002C190CF1FF3304D2A74202D9ACF1020315
:100B30002C44E41B43EA00400F46114678E71F218E
:100B400088E76046ABE76246BFE76046DBE763469F
:100B5000EFE7734506D916B9002108466DE7C6E9E7
:100B6000000EF9E7B3FA83F787B9734501D38242E0
:100B700007D8841A6EEB030301209C461EB900219E
:100B80005BE73846FAE7C6E9004CF8E7C7F1200C06
:100B9000BB4022FA0CF51D4320FA0CF12EFA0CF39F
:100BA0000EFA07FE41EA0E014FEA154900FA07F472
:100BB000B3FBF9F81FFA85FE09FB18300B0C08FB94
:100BC0000EFA43EA00439A4502FA07F240D9EB18BD
:100BD00008F1FF3004D29A4502D9A8F102002B4453
:100BE000A3EB0A0389B2B3FBF9F809FB183308FB3E
:100BF0000EFE41EA03418E452CD9691808F1FF33F6
:100C000004D28E4502D9A8F10203294443EA0040E8
:100C1000A0FB0298A1EB0E014145CE46434602D30C
:100C200006D14C4504D2B9EB020E68EB050301383E
:100C3000002EA4D0B4EB0E0261EB030101FA0CFC10
:100C400022FA07F34CEA0303F940C6E9003196E7BC
:100C50004046C5E74346D9E738B51B4C9DF810E040
:100C600094F84CC01CF0010524D163F3420C400100
:100C700094F83830A4F840104FEACE0E0EF0180E5B
:100C800000F0200040EA0E0023F0380303430F4831
:100C900084F838309121A2FB000384F84CC001FB9A
:100CA000023107A3D3E90023FFF744FEC4E9110092
:100CB000284638BD0C25284638BD00BFAFF300805C
:100CC0008D49FD1A07000000280E0020002AE78445
:100CD00010B504469DF8080022864FEA411CC0006A
:100CE00094F8281000F018000CF0200C4CEA000CCE
:100CF0000B4821F038014CEA010CA3FB00029121C2
:100D000084F828C001FB032103A3D3E90023FFF7E4
:100D100011FE606310BD00BF8D49FD1A0700000081
:100D2000002AE784000000002DE9F043044600F1AA
:100D30003A0190F84C0094F838304D4DC0F3400023
:100D400060F386138DB084F838300BF069FC94F8AA
:100D50003820B4F840304748246102F07902002777
:100D600084F838209121A3FB0002C4E902772770A0
:100D700001FB03213CA3D3E90023FFF7DBFDA26CB9
:100D80003D4B651BA3FB053502F1090398428EBF5D
:100D900019463A4601466264616006460BF0F4FB70
:100DA0006369C5F3871500F10907002B41D00DF1E8
:100DB0002C08CDF820800694B4F840302D489121BD
:100DC000A3FB000201FB03212C4B07932C4B059343
:100DD0006368049302234FF000090B9322A3D3E925
:100DE0000023CDF80C90FFF7A5FD104619464FF4EF
:100DF0007A720023FFF79EFD0235EDB2CDE9016066
:100E00000321CDF800903B462A4648460BF0A0FA55
:100E100041460CF0B9F840B994F84C3043F0010366
:100E200084F84C300DB0BDE8F0830C200DB0BDE867
:100E3000F0830DF12C08CDE90A33616843460AAA14
:100E4000032000F06DFD0028B3D10B990D4806A3D7
:100E5000D3E90023A1FB0001FFF76CFD0A9B20F002
:100E60007F471F44A5E700BF8D49FD1A070000001A
:100E7000280E0020002AE784CDCCCCCC89C6000007
:100E8000B9EA000000CA9A3B2DE9F0418468A28CBF
:100E90004FF6FF739A428AB000F0CA80054620469A
:100EA0000FF0B0FEAB7C012B00F0EA80022B00F0CB
:100EB000C28033B994F8563003F01803182B00F0B1
:100EC000228194F81C81B8F1000F40F0B880A68D03
:100ED000EB89E78D0136B6B2002B00F0B780A4F89D
:100EE00048812B7C03F00303012B00F0C480B4F88D
:100EF0004C31002B00F0CA80B34240F225819B1B8D
:100F00009BB2062BA4F84C314FF000028CBF00239B
:100F10000123E285984694F83A2063F3820284F82C
:100F20003A2031460DF1270220460FF043FC743081
:100F300000F00481B4F846312BB1B34240F2D380C3
:100F40009B1BA4F84631B4F842312BB1B34240F2B6
:100F5000C3809B1BA4F8423194F89930E58D03F0CF
:100F60000101B8F1000F0AD1AF4200F0B1800135A4
:100F7000ADB241B9002D5BD04146404642E001355B
:100F8000ADB200293DD094F8993094F9372023F080
:100F90000103002A84F89930C0F2928094F83B0053
:100FA000C0F3C00100F0070012F0ACFC94F83B2045
:100FB00094F83C1002F003030933C2F34002DB0053
:100FC000D340E28B02F23F12134401F003020932D4
:100FD000C1F34001D200CA40134418446A4A6B4B23
:100FE0000721E0FB0231184665A3D3E90023FFF790
:100FF000A1FC616820F07F40814280F09A80411A14
:1010000060600020A28C246903950023604DCDF818
:1010100010800332CDE9011006940093D2B2012171
:10102000184605950BF0B0F910F0FD0F40F09080D8
:101030000AB0BDE8F0814FF03D0884F81C814146BC
:1010400020460AB0BDE8F0410EF016BA2B7C03F042
:101050000303012B0FD0B4F84831002B3FF447AF06
:10106000B34273D99B1BA4F84831B4F84C31002B20
:101070007FF442AF02E00023A4F84C3100234AE79A
:101080000023A4F84631A4F842311AE7E38C052B7B
:101090008BBF40F2E2424FF4FA725A4303FB022242
:1010A000B4F84A3142F2107101FB0323013BB3FB58
:1010B000F2F39BB2A4F84C31002B7FF41DAFDDE7B7
:1010C00094F83C00012100F0070012F01DFC6DE7D0
:1010D0000029ADD0454656E70023A4F8423120460A
:1010E0000FF0DCFB38E70BF01FFF0146002836D07D
:1010F0000023A4F84631A38CC3801B23037100682E
:101100000BF0E4FE1FE7218DB4F844218B1D9A42B9
:10111000C4BF931F5B1AB4F84011CCBF9BB21346F7
:10112000994220D0A4F84031A4F84231A4F84621D5
:10113000C7E66060081A1CD0002163E79DF82710FD
:1011400020460EF099F973E7082179E73E2177E709
:101150000BF02CFF84423FF46BAF00DE68E7012305
:10116000A4F84631EFE6B4F8461100297FF4A9AEA1
:10117000DAE70DB1014645E7B8F1000FDCD157E7DA
:101180008D49FD1A0700000000CA9A3B8C49FD1AE0
:10119000C1ED0000000000002DE9F04F8FB0B0F865
:1011A00018610D930446B0F8DC3090F83B000B91C9
:1011B0001E44C0F3C001BDF86830BDF86C70BDF8C6
:1011C0006080BDF86490D4F8D4A00C9300F00700C0
:1011D00012F098FBE58CB6B2A6EB070B052D1FFAB3
:1011E0008BFB40F2098115FB0BF5ADB240F2E24BEF
:1011F000B8F1050F40F2F48094F83C2094F83B10CD
:1012000002F003032833C2F34002DB00D34001F0B5
:1012100003022832B3F5A47FC1F340014FEAC202B2
:1012200022FA01F238BF4FF4A473B2F5A47F2CBFA9
:101230009B1803F5A47303F2D51318447A4A7B4B29
:101240000721E0FB023118464FF09613E361962325
:10125000238473A3D3E90023FFF76CFB434620F0FC
:101260007F4040F2E2420BFB05F102FB03FB4A1E0A
:101270005A44B2FBFBF293B20BFB03F3994260605A
:1012800095B280F09F806848591AA1FB000164A3C1
:10129000D3E90023FFF74EFB20F07F408244B4F8EF
:1012A000DC20B4F81831BF1B3D44ADB213442B44CD
:1012B000A4F81831638D1A4494F837301544DB09CB
:1012C00065857CD10D9B5848A3FB000154A3D3E94D
:1012D0000023FFF72FFB20F07F4501350C9BA4F87E
:1012E0004A3159462046A4F82680A4F828900FF0E9
:1012F0008DFA4F4B218D5B44881DB3FBFBF39AB2F3
:101300009042A4F8442104D2C1F57F41FA310A4445
:1013100092B20B9BA4F8402113B10023A4F84C31E6
:101320000221012013F0DAFF0022022106460120EB
:1013300009F0F0FE3F494FF4AC72204609F076FE0A
:10134000C21C3D4B0093D7B2019453463A4601214B
:1013500000200BF095F810F0FD0F5CD1324830A35F
:10136000D3E90023ABFB0001FFF7E4FA1946334B46
:101370000793334B089406940593636804934FF6E0
:10138000FE7380460393104600234FF47A72FFF7F2
:10139000D1FA0095CDE9018053463A46012100205B
:1013A0000AF0D6FF10F0FD0F33D166BB94F81A3166
:1013B00043F0010384F81A310FB0BDE8F08F00DE6E
:1013C00000258BE71848C91AA1FB000114A3D3E933
:1013D0000023FFF7AFFA20F07F40AAEB000A5EE798
:1013E0004FF0961208F10103E261962222849BB22B
:1013F0000A204FF4FA7236E7013515FB0BF5ADB252
:101400004FF4FA7BF4E601220221104609F082FE35
:10141000CCE700DEC9E700DEA0E700BFAFF3008045
:101420008D49FD1A0700000000CA9A3B8C49FD1A3D
:101430007FC3C901780E002081ED000069ED000036
:10144000E92E0100000000002DE9F04F89B0CDE940
:10145000020100209DF84C80BDF850A0BDF854B0AA
:10146000BDF8589004921F460DF0ECFB002800F0E8
:10147000218108F00105044628460BF0C3F8002D31
:1014800049D1636904F110020592002B4AD06669C4
:10149000356896F82B00C0F3C00100F0070012F089
:1014A00031FAF3899E4A00F2CF3003449D48072168
:1014B000E3FB020198A3D3E90023FFF73BFA20F0F6
:1014C0007F40686094F84C1068F3420184F84C1037
:1014D00094F8391067F30001DDE9022384F839102C
:1014E00012990968A16112998988A1830499A4F8C5
:1014F000249004F1100000910021FFF7E9FBA064A3
:1015000012F07EFB002840F0D9802046FFF70CFC4B
:1015100009B0BDE8F08F062109F09CFD0028B0D18C
:101520001220F5E70BF0BAFC0590002800F0E380EC
:101530000DF0BAFC0546002800F0DA80143005F101
:10154000100609F049FF002840F0DB80032105F177
:10155000180012F0F9F8286DA5F828B04FF6FF72C0
:10156000A5F826A0AA84002800F0C78005F144024F
:1015700005F1400109F07AFD95F83B2022F07F0249
:1015800042F0190285F83B2095F8562022F0070218
:1015900085F8562095F83C2001214FF0000B61F3AF
:1015A000020285F83C20C5F850B0A5F854B0A5F863
:1015B0002AB0C5F82EB005F1320011F0C5FD95F83E
:1015C000372060F30502012185F837200DF11F0057
:1015D00012F0BAF89DF81F10534A85F839B0A2FBF3
:1015E0000102D20802EB4202A1EB820195F83720FA
:1015F000A5F818B102F03F0285F8372095F83A2097
:10160000A5F84CB1053122F0070240F2E24085F81E
:10161000381085F83A20298D444AA5F84A9100FBF4
:101620000AFA06205244A5F8480101F1060CB2FB63
:10163000FAF290B26045A5F846B1A5F842B1A5F816
:10164000440102DD0638401A80B2A5F84001284660
:101650000FF074F8514628460FF0D8F84FF0000A02
:10166000059BC5F8203185F81CA10DF045FE95F8C5
:10167000542160F3020285F854210DF043FE95F8E1
:10168000542160F3C50285F8542195F81A216AF3B4
:10169000410285F81A2105F19C000EF089FE4FF0F9
:1016A0009612C5E907226661C5E902AA85F800A07D
:1016B0002D61EEE60C2009B0BDE8F08F65692B6C5A
:1016C0002BBB05F1340105F1300009F0D3FCE0B18A
:1016D0002E682864D6F82001A8B10BF0E5FB30464F
:1016E0000DF0E8FB00230320636109B0BDE8F08F33
:1016F00005980BF0D9FB07200AE705F1480028659B
:1017000034E700DE22E700DEE7E700DEE0E700DEA8
:10171000D7E700BFAFF300808D49FD1A0700000036
:1017200000CA9A3B8C49FD1AABAAAAAA7FC3C90179
:101730002DE9F04F0446037F406A8DB08846154678
:10174000C3F3401AC3F3C012E107238DADF82C3068
:101750000A900AAB00F1CC809B880A98A2770027F8
:10176000A783A4F82330C4F81F00D8F800301E68FF
:10177000EB8AE3842B8B2385B38C638512F092FA7A
:1017800084F82C00D5F8009048460DF099FB3946B6
:10179000A882E08048460FF04DF820682146D8F82E
:1017A00004400BF087FBAA8A2768E2801C23237180
:1017B000BAF1000F40F09080534623772146384617
:1017C0000BF084FB95F82B00B5F816A0D8F80C7038
:1017D0004D4C40F2E243C0F3C00100F0070003FBB0
:1017E0000AFA12F08FF8002202213F1A012009F0B4
:1017F00091FC30460DF000FAA7FB044740A3D3E963
:101800000023054639462046FFF794F80196D8F89C
:1018100008303E49009120F07F46AA1C363BD2B2E8
:101820003344012100200AF02BFE10F0FD0F61D19E
:101830004FF0000B012211465B46CDF800B0584630
:101840000AF0EAFD48460DF03BFB05462E482CA366
:10185000D3E90023AAFB0001FFF76CF81946D8F87A
:101860000830CDF81C90A3F13608294B0893294B7A
:10187000069340F272330993D9F804308246CDE9D9
:1018800004B3104600234FF47A72FFF753F8224B4B
:101890000722A6FB0331CDE902A002FB0611E01AE4
:1018A00067EB01014FF47A720023FFF743F8033529
:1018B000EDB2CDE9006043462A46012158460AF0C0
:1018C000F9FC10F0FD0F17D10122022110460DB0D6
:1018D000BDE8F04F09F01EBC95F8273043F04003F7
:1018E00085F82730281D11F07BFC0123288564E74B
:1018F00000DE31E700DE9BE700DEE5E7AFF30080C6
:101900008D49FD1A0700000000CA9A3BDD2E010038
:10191000E12E0100E92E01008D49FD1A00000000B2
:101920002DE9F04F91B0FF270B930B1D0A93002375
:10193000CDE90D33054616468DF833709B46089366
:101940003C46984699460DF1340A0FAB0693644B1A
:101950000593644B03930EAB0020CDE900A3022353
:101960000F930490029033460DF1330229460AF09A
:10197000BDFD022813D00F9BBBB9FF2C18D03368D4
:10198000434515D0002F00F09180013FFF24FFB2A6
:101990008DF83340D9E7294600200AF0E3FD0F9B7C
:1019A000022BF8D00F9B002BE7D000DEFF2CE6D1F6
:1019B0009DF83330FF2B49D0032BC6D100200DF00A
:1019C00087FA0028C1D090F93730002B25DA436818
:1019D00009939DF83330032B15D0FF2CDDF83480AC
:1019E00007D0594640460AF0D1FD0A9B4B44984225
:1019F0002ED80E9BDDF824909DF833400893C34603
:101A0000D6F80080A1E700200DF062FA0028E4D0AB
:101A100090F93730002BE0DA97E790F83B00C0F3FD
:101A2000C00100F0070011F06DFF2F4A2F4B00F2AC
:101A300065400721E0FB0231184625A3D3E90023C6
:101A4000FEF778FF20F07F430993C2E7FF2C2FD0E9
:101A500027480721A9FB000301FB09311EA3D3E995
:101A60000023FEF767FF044600B13E34089B214A7D
:101A7000A3F57423A3F5107393421ED81C480721C5
:101A8000ABFB000301FB0B3113A3D3E90023FEF7EB
:101A900051FF089A184BA3FB022304EB93440B9BC2
:101AA000044400201C6011B0BDE8F08F00DE6CE73C
:101AB0006FF0090011B0BDE8F08F089B03F1E873E7
:101AC00003F5D43303F5A5730BF1FF3B0893D5E77A
:101AD0008D49FD1A0700000000CA9A3B0000000073
:101AE000ED300100F130010000CA9A3B8C49FD1A2B
:101AF0008D49FD1ABFBDF07F83DE1B43000000004F
:101B00002DE9F043C668476873683D491A68D0F804
:101B10000090A7F57423A3F510738B4283B0804621
:101B200007D907F1E87707F5D43709F1FF3907F549
:101B3000A57773685168DD8ACDF8049006F110032B
:101B400001AA0220FFF7ECFE00284ED10199A1EB7B
:101B500009031B0237D4084649460AF017FD03461D
:101B600028480721A3FB000201FB032122A3D3E99C
:101B70000023FEF7DFFE34690444002C346109DBE6
:101B800040F2E24305FB03F3A3422FD2E41AA3423F
:101B9000FCD33461D8F800301A48A3EB0903A3FB47
:101BA0000002072101FB032113A3D3E90023FEF761
:101BB000C1FE154BA3FB0737A0EB974020443061D3
:101BC00003B0BDE8F08348460AF0E0FC03460D4848
:101BD0000721A3FB000201FB032107A3D3E9002394
:101BE000FEF7A8FE3469241AC7E73469002CD1D166
:101BF00003B0BDE8F08300BF00CA9A3B00000000BC
:101C0000BFBDF07F8D49FD1A83DE1B43000000003D
:101C10002DE9F041C46894F92830002B8CB0C0F253
:101C2000A880636805460E46002B40F0978094F824
:101C3000283023F0010384F8283012F025FF00201B
:101C400012F046FF0021084612F034FF082000225F
:101C5000252112F09BFF01200BF046FA002800F02E
:101C60008F801C3012F0BCFF5F4B0B930BA812F05F
:101C700079FF5E4940F25B6013F028F894F8280081
:101C8000C0F34100253011F009FE5948214612F0F9
:101C9000CFFE94F828309B0602D46368002B5AD0FC
:101CA000962013F041F900231A461946184613F0FE
:101CB00073F8D4F800802F68404611F0DDFD07442A
:101CC0006A6807F10901002013F03AF913F00EFADF
:101CD00013F0D2F820460CF09BFF811CC9B240469D
:101CE0003A4611F0CBFD804600284FD10EB9636B08
:101CF000D3B963687BB12B68A3616B68E3613D4B2B
:101D0000646204F11801996001220221002009F0A7
:101D100035FA002838D1204611F07CFD002831D159
:101D200000200CB0BDE8F081334A0792334A059297
:101D300040F2F31200930892CDE90366CDE9016603
:101D400006943B46314601220AF002FB10F0FD0FDB
:101D5000CFD000DECDE713F07FF8AAE7636893F8F1
:101D60002A30D90705D4636893F82A309A077FF59B
:101D70005EAF2348214612F05BFE12F053FFCFE71F
:101D800000DE6EE700DECBE700DEC4E71D4A1E4939
:101D90001E4840F2E51318F013F81D4B0721A8FB6D
:101DA000030301FB08310EA3D3E90023FEF7C2FDB4
:101DB00018490246184818F003F8002585F31188E1
:101DC000BFF36F8F0323184602DF1448214612F039
:101DD0002FFE12F027FF6FF08B00A2E7AFF3008019
:101DE00000CA9A3B00000000D6BE898E55555500AA
:101DF000C11E000098030020A93C0100B13C010075
:101E0000B9390100A4E80100F0E8010008E8010088
:101E10008D49FD1A44EA0100F4E801003D3D01004E
:101E200038B5044611F058FF94F8283094F828206B
:101E3000C3F34103013303F00303032B08BF002363
:101E400063F3420214BF03F12500252084F8282003
:101E500011F024FD63680BB123694BB90AF094FBC0
:101E6000C11C002013F0E0F8BDE8384013F03EB983
:101E700013F008F905460AF087FBC11C002013F097
:101E8000D3F813F033F913F0FDF829460AF07EFB7E
:101E9000094A03460721A0FB020201FB032104A318
:101EA000D3E90023FEF746FD23691B1A236138BDE1
:101EB00000CA9A3B000000008D49FD1A0000000096
:101EC0002DE9F0478AB0044612F0ECFEC0B20028BB
:101ED00000F0E18012F006FF054613F005F8074612
:101EE00013F00CF812F0E2FFEDB2064612F0C2FF5A
:101EF00011F01EFD45B9B048214612F099FD0AB017
:101F0000BDE8F04712F08EBE01200BF0EDF88046E0
:101F1000002800F0D88194F828502B07C5F3C10A97
:101F2000C5F3C00100F1BA80F7B2626898F81C608E
:101F300006F00F03002A00F0CA80626892F82A2097
:101F4000900700F1C480072BD5D0002900F0AB80AA
:101F5000002B40F0BA8198F81D30063B1F2BCAD8E1
:101F600004200BF0C1F80028C5D013F0C7F8636B4C
:101F7000054643B9238E40F2712202FB03F3B0FB06
:101F8000F3F203FB120522688C4B52680721A2FB77
:101F9000030301FB023186A3D3E90023FEF7CAFC49
:101FA0006FF4427283181F3B4FF0000242F1FF3280
:101FB000AB4272F100029ED312F04EFF94F82860FB
:101FC000636812F09DFE08F11E03019309AB0493B0
:101FD000C6F3801604F12A030296039398F81C3086
:101FE000C3F38013014605460022009320460123D7
:101FF00011F0A2FF284612F0F9FD12F049FE002868
:1020000040F0A88121466E4812F012FD626892F8F5
:102010002A3043F0010382F82A3094F8283043F044
:10202000800384F828300BF079F8172303714FF6FA
:10203000FF73C38098F81C200646C2F340112B465C
:1020400000F11C0205F12000D3F800C05F689D6814
:10205000D3F80CE0C2F80CE010338342C2F800C0A1
:102060005760956002F11002EED11B681360337F58
:10207000B46061F34513337713F004F8099BC6E9A4
:1020800004030BF04BF8F060306831460AB0BDE84D
:10209000F0470BF06DB811F04BFC2CE7FFB2002FAE
:1020A0003FF429AF40E794F82920C6F3801102F0ED
:1020B000010291420BD1062208F11E0104F1080031
:1020C00007931BF0F7FA079B00283FF441AF002B62
:1020D0007AD198F81D20063A1F2A3FF60CAF05F07A
:1020E0002102202A40F0CA806268002A6ED1962020
:1020F000079212F019FF079A104612F005FE03200E
:102100000AF0F2FF054600283FF4F5AE0BF006F8A2
:102110004FF6FF73EB8005232B71002F40F01681E3
:102120007F226B7E2A7623F001036B76294628688E
:102130000BF01EF812F0E4FD0278032161F30302B4
:10214000027098F81C200178C2F3801262F3C71164
:102150000C220170427094F82820C9B2C2F3801298
:1021600062F38611024602F8021BD4F82A10C0F866
:102170000210E18D9180D8F81E208260B8F82220EC
:10218000828112F033FD12F083FD002840F0E480DC
:1021900012F0ACFF94F828300A4843F001032146BE
:1021A00084F828300AB0BDE8F04712F041BC00BF07
:1021B00000CA9A3B00000000553D01008D49FD1A00
:1021C0004D3E0100693D0100062B82D0062B3FF6F3
:1021D00092AE4FF0450929FA03F919F0010947D1E8
:1021E000012B52D0042B7FF486AE98F81D30063BAD
:1021F0001F2B3FF680AEEB077FF57DAE12F080FD22
:1022000098F81C600278C6F38013B3EBD21F7FF4FA
:1022100072AE0830062208F11E011BF04BFA0028AE
:102220007FF469AE98F81D30002B3FF464AE63680C
:1022300023B106F00F06072E7FF45DAE03200AF0EF
:1022400053FF054600283FF456AE0AF067FF4FF6ED
:10225000FF73EB8005232B719FB97F206B7E28765F
:1022600069F3000328686B7629460AF081FF42E68D
:1022700098F81D30063B1F2B3FF63DAE4FF000098E
:10228000D5E712F003FEC0B2E8E798F81D300C2B3A
:102290007FF431AEC5F38015B5EBD61F4FEAD619E2
:1022A00036D0BAF1010F7FF626AEB9F1000F3FF438
:1022B00022AE98F8293003F0C003402B7FF41BAE08
:1022C0004FF00109B3E700DE25E6012B7FF47CAF78
:1022D00098F81D300C2B7FF40EAEC5F38013B3EBD2
:1022E000D61F4FEAD61926D0BAF1010F1AD9B9F183
:1022F000000F06D098F8293003F0C003402B3FF4BC
:102300002FAEC5F38015B5EBD61F4FEAD619CCD149
:10231000062208F1240104F12A001BF0CBF9002861
:10232000ACD0BEE7C5F38015B5EBD61F4FEAD61982
:102330007FF4E1ADECE7062208F1240104F12A0064
:102340001BF0B8F900283FF40BAECDE712F09EFD6C
:10235000C2B2E6E600DE55E600DE19E70000000046
:10236000F0B5C468A28A4FF6FF739A4285B000F0B8
:10237000AD80054611F0BAFE2B89628B208C94F853
:102380002710A3831A4492B2104480B2431C2384C2
:102390000023638301F03F034906E28366D494F887
:1023A0002810009304F1290004F1220310F0DAFE52
:1023B0000646204603A911F0D1FF039B94F846106E
:1023C0001A7861F3C3021A70039A94F846301178B0
:1023D000C3F3400363F38201117012F055FB002038
:1023E00012F076FB201D12F0BDFB2389A17A40F28A
:1023F0005B6043EA014112F069FC304611F04EFA8D
:102400000399204611F080FF2146374812F010FB57
:10241000E08912F089FD94F82C0000F0070012F01A
:1024200073FC27682E68384611F026FA064406F138
:1024300009016A68012012F083FD12F057FEA18A9B
:1024400003313246C9B2384611F018FA0646A0B137
:10245000AB7A13F0020518D000252448214612F06B
:10246000E7FA12F0DFFB284605B0F0BD218D04F13C
:10247000220210F0B9FE06469BE7204611F0CAF989
:1024800058BB0025284605B0F0BD194A19491A481D
:102490004FF4807317F094FC18480721A6FB000343
:1024A00001FB06310EA3D3E90023FEF743FA1449DA
:1024B0000246144817F084FC85F31188BFF36F8F30
:1024C0000323184602DF6FF08B05C6E70E4821464E
:1024D00012F0AEFA12F0A6FBD3E700DED1E700BFA0
:1024E00000CA9A3B000000006542010099390100D2
:1024F00020E90100F0E8010008E801008D49FD1A1B
:1025000058EA0100F4E80100B9390100024A034821
:10251000032118F097B800BF80EC0100A8DD01008E
:102520001FB50B4A0B493023CDE9012301A8002335
:10253000039304F0F7FC034638B1074A074801212A
:1025400017F0E7F805B05DF804FBFFF7DFFFF9E7E8
:1025500001006000E5250000D7EC0100A8DD0100C6
:10256000F0B589B000AF0C460146384605F0CCFB0B
:102570006E468AB06A460F4B0794CDE905370E4B7D
:1025800008930E4B09930E4B42F8103F00234FF473
:1025900043510C4801F0C2F80B48B54618F031FD24
:1025A0001822002109481BF07DF8FFF7B9FF2437F6
:1025B000BD46F0BDF2EC010049F301000002020447
:1025C00005000002A8DD01007C120020501200204E
:1025D000034B1B68834201D1FFF7C2BF704700BFA6
:1025E0007C1200202DE9F0411E4698B0404B1B683C
:1025F0000C4600AF05461146002B56D1002A54D197
:10260000212207F13C001BF04DF83A4907F13C024A
:10261000304602F025FB97F83C30002B45D007F1FF
:102620001C082946404602F029FA97F83D30002B55
:102630003FD007F13D036E468AB06A462E49CDE988
:1026400007432E4B09932E4BCDE9051842F8103F56
:1026500000232C484FF4435101F060F897F83D30C7
:10266000B546CBB1284C07F13D0821464046FEF760
:102670007BF988B18AB06A46244B0794CDE90538C6
:10268000234B0893234B42F8103F1E4800234FF47E
:10269000225101F043F8B54604F094FC034650B1D2
:1026A0001D4A1848012117F034F86037BD46BDE8CF
:1026B000F0811A4BBFE71A4B0FCB07F10C0484E8EB
:1026C0000F00184A4FF0C873C7E901232146084B91
:1026D0003A1D284605F072FB03460028E5D0124A51
:1026E0000848012117F015F8FFF71AFFDDE700BFD2
:1026F0007C1200201797010016ED01000002020471
:1027000005000002A8DD010058ED010064ED0100A4
:102710000002010304000002BBED0100CF0402002F
:10272000A0DE010018002800D8ED01002DE9F043DB
:1027300083B00E4602AF144652B91F481F4A032108
:1027400017F080FF348120460437BD46BDE8F08392
:10275000082B08D0082200921748194A022117F0C6
:1027600084FF0120F0E7B2F900005568FDF73EFF55
:102770001449FEF743F8FDF727FE64880246CDE9C9
:10278000004580460B46104889466E4617F00BFB05
:102790008AB002AA0D4B53610623C2E90689C2E939
:1027A000084542F8103F044800234FF4435100F01D
:1027B000B5FFB546D5E700BFA8DD0100FCED01007F
:1027C00027EE01000000C84265EE010090EE010016
:1027D000F8B5054616460C4659B9394A394802211A
:1027E00017F030FF1422214630461AF05BFF00201C
:1027F000F8BD3549106818F078F928BB238A334AA8
:102800003048032116F085FF314B324A03F11001A5
:10281000104653F8046B42F8046B8B42F9D11B78D5
:102820001370238A2C49013308600B812846032347
:102830000B7407F00BFD03460028D8D0274A214827
:10284000012116F066FFD2E730682149244E18F0C6
:102850004CF9238AC0B9234A1A48032116F059FFBC
:10286000204619F069FC1C491F4B0B60238A3081FC
:1028700002330B81284604230B7407F0E7FC034660
:102880000028B4D0194ADAE7194A0E48032116F095
:1028900040FF184B33600127238A73813146284655
:1028A000B78108F08FF9034620B110F1780F01D0FD
:1028B000114AC4E7114A0348032117F0C3FE96E703
:1028C000C3EE0100A8DD0100000F020008EF0100C7
:1028D000EF0E0200FE2500206812002031EF0100FB
:1028E0005012002063EF01002004002093EF01004C
:1028F000C5EF01002D270000EBEF010021F00100E2
:102900002DE9F04190B0044600AF0D4609B30146F1
:10291000384605F0F9F96C468AB06A46314B07959E
:10292000CDE90537304B0893304B0993304B42F8D3
:10293000103F304800234FF4415100F0EFFE2E4885
:10294000A54618F05EFBFFF7EBFD4037BD46BDE83E
:10295000F081294B1B688342F7D107F1200601461D
:10296000304605F0D1F9E84688B06A46234BCDE9F8
:1029700005364FF40073ADF81C30214B42F8103F80
:102980001C482B464FF4E65100F0C8FE1D4B1E4A72
:10299000C54603F11000114653F8045B42F8045B8E
:1029A0008342F9D11B781370184A194B53604FF6C4
:1029B000FF731160D3810125002311462046137453
:1029C000158107F043FC034628B1124A09482946FD
:1029D00016F09FFEB9E7104A0648032117F032FEB1
:1029E000B3E700BF47F0010049F301000002020411
:1029F00005000002A8DD01007C1200206FF001003C
:102A000003000001000F0200FE25002068120020D4
:102A1000D12700007DF00100A5F0010070B54478D9
:102A200014F00F0486B005460E4610D00F4A104829
:102A3000022106B0BDE8704017F004BE696810229C
:102A4000214401A818F07EF828B91034E4B26B785C
:102A5000A342F3D807E0074901A818F046F8002878
:102A6000F3D10123337006B070BD00BFD2F0010076
:102A7000A8DD0100000F020008B5002003F006FCED
:102A8000034630B1074A0848012116F042FE0020F3
:102A900008BD064A0448032117F0D4FDFFF740FDA6
:102AA000F5E700BFFCF00100A8DD01001BF101000B
:102AB0002DE9F84F8A4600AF002974D004680E1F34
:102AC000361BF50826F0070604EB0608B8F802B036
:102AD0001BF0010B16D1E94688B06A46334BCDE9AD
:102AE0000531032342F8103F31485B464FF4C25191
:102AF00000F014FECD468BF31188BFF36F8F0423D3
:102B0000184602DF2946204616F021FE284434F8F4
:102B10003030C01A854217D0E94688B06A46254B46
:102B2000CDE9053A032342F8103F214800234FF432
:102B3000C25100F0F3FD0023CD4683F31188BFF3AB
:102B40006F8F0423184602DFB8F8023023F0010328
:102B5000A8F802302946204616F0F9FD05EB0008DA
:102B600004EBC8035B88DA0708D44146204616F018
:102B700037FE42462946204616F077FEA65BAE1B7E
:102B800004EBC6035B88DB0709D43146204616F008
:102B900027FE2A463146204616F067FE354629466E
:102BA000204616F0D9FDBD46BDE8F88F8CF1010036
:102BB00068DE010063F1010008B5024817F0F3F880
:102BC000002008BDB9F101000E4A9042034602D32D
:102BD0000D4A904211D30D4A22B1934202D30C4ABE
:102BE00093420AD30B4A52B10B48834234BF0120AF
:102BF0000020934238BF00207047012070471046E4
:102C0000704700BF3CDA0100D00F02000000000056
:102C10000000000000000000000000002DE9F04F5F
:102C20009BB000AF0446D7F890A0FA637B638B4655
:102C300049B903784678807800EB830020445E45EC
:102C400022D8A0EB040B0AF0010394F80280FB6287
:102C5000E3783B63B8F1000F0CBF4FF000090AF0B6
:102C6000010913B11AF0020F17D1B9F1000F14D1F5
:102C7000FB6B1BB17A6B5946204698475D46284648
:102C80006C37BD46BDE8F08F451C2846FDF77EFE3B
:102C9000013028440BF1010BD1E7CAF3C003FB61FB
:102CA0002378BB629B00BB6163683B62BB6A04EB39
:102CB0008301FB6B002B7DD15D468844B9F1000F89
:102CC0001DD0A94E8B4699461BF8013B54F82300B2
:102CD000002808BF3046FDF759FED7F89430013080
:102CE0004BB1D7F898304B4582BFD7F8943023F8D2
:102CF000190009F10109C3450544E5D1D8461AF088
:102D0000050F0AF002030CBF4FF0020B4FF0010B4E
:102D10000026FB633B6B9E42B1D298F8013054F819
:102D200023A05046FFF750FFFA6908F10208034656
:102D300002B3B86318F8021C386A17F013F8BB6BBB
:102D4000C0B1EA468AB06A46884B05933B6ACDE932
:102D500006314FF40073ADF82030854B42F8103F38
:102D6000844800234FF4125100F0D8FC023DD546B0
:102D70000136CFE723B1FB6A2BB9A5EB0B05F7E7CB
:102D8000FB6B002BF4D07848BAF1000F18BF504607
:102D9000FDF7FCFDD7F8943053B1D7F8983099453A
:102DA0003FBFD7F89420431C22F8193009F10109DC
:102DB0000544DDE7B9F1000F6CD04346102B28BF66
:102DC0001023BB6397F8389007F148000026BA6BD0
:102DD00079621AF059FC796A00227A620AF00202DA
:102DE00001EB08033A610AF004027B61FA600233E6
:102DF0007A6A396B8A4266D36378F96A7B621AF021
:102E0000020F4B44DBB20CBF72080022002940F0D5
:102E1000A9801AF0040F14BF314600216370A1701D
:102E2000E270B9697A6BFB6B20469847051EFFF686
:102E300026AFBB6A23707B6A63703B6BE3703146DD
:102E40007A6BFB6B84F8028007F158009847061EE6
:102E5000C0F2C4803A6BBB69386B03EB4203ABEB47
:102E60000301D7E90D23C91A7B6903EB4000FB6B13
:102E700098470028C0F2B4802E4435184FF000085F
:102E800007F1480AC84577D300217A6BFB6B0846E7
:102E90009847F4E6B8F1000F0CD01AF0040F0ED0EA
:102EA0004346102B28BF1023BB6397F8386007F107
:102EB00058008CE7C7F838804646C1468CE7C7F80B
:102EC00038804E4688E713F8015C13F8021C54F86A
:102ED0002500BB60FFF778FE0246F869BB6838B191
:102EE000386AC7E9013216F03DFFD7E90132F0B97F
:102EF00012B3FA6A72B1B9F10F0F18D809F12801AB
:102F000007F14000014409F1010201F8205C5FFA79
:102F100082F90CE0FA6852B10F2E08D806F12801A8
:102F200007F14000721C0E1806F8105CD6B27A6ADF
:102F300001327A6202335BE73A69002ADBD10F2E55
:102F4000F5D806F1280007F1400C6044721C00F827
:102F5000101C07F1680151FA82F20236F6B202F84B
:102F6000105CE4E7002159E7F5F10100FCF10100F4
:102F70000400000120DE010018F80A3087F847300D
:102F800054F823B0D7F8943033B3D7F89830984535
:102F900022D2D7F8943033F818607A6BFB6B01219A
:102FA00007F14700984700281ADB0E4B0544BBF198
:102FB000000F08BF9B4626B95846FDF7E7FC461CA4
:102FC000B6B27A6BFB6B314658469847002807DB50
:102FD000054408F1010855E70026DEE735464EE6D0
:102FE00005464CE6F5F10100014B1860704700BF43
:102FF000580100202DE9F047058B044628071746A5
:103000000CD501290CBF45F0100545F0200525839E
:1030100087F31188BFF36F8FBDE8F087022905F0B1
:10302000070540F09480204617F05DF9052864D824
:1030300001A353F820F000BF113000004F31000011
:10304000FB300000BD300000D7300000E930000048
:1030500001F007035A1F012A1FD8002221F007019F
:10306000062BD4F8008089B2C4E9002209D1434676
:1030700003E0628B013262831B68002BF9D141F0BF
:1030800002012183204617F02EF94FF00009002895
:103090006DD041F02001218369E0042B0AD121F099
:1030A000070189B22183204617F01DF910B141F0C4
:1030B000200121834FF00008C14658E02369D3F86E
:1030C0000090238B23F0070343F0060323834FF084
:1030D000000846464BE02369D3F80490238B23F085
:1030E000070343F00403F1E72369D3F80890238B27
:1030F00023F0070343F00503E8E74FF00008C1465B
:10310000E7E7012243F00803238387F31188BFF325
:103110006F8F002A3BD1B8F1000F4AD1B9F1000FEF
:1031200002D02D492046C847EFF31187202383F3AF
:103130001288BFF36F8F238B23F008039BB2238386
:10314000D9063FD523F01002228303F007056669F4
:10315000218B002EBFF67CAF0023D4F8008021F035
:103160000701C4E9003341F0010121839946238B13
:1031700003F0070AAA4502D0A268002AC1D1B8F11B
:10318000000F02D1B9F1000FDAD00022BAE7A1682E
:103190000029C0D00D680029BDD04F683346524683
:1031A0002046B8471DB12B6829461D46F3E72B463C
:1031B000FAE74146334652462046D8F8008017F0D9
:1031C000BEF8A8E79A067FF523AF23F020022283FA
:1031D00003F0070527E700BF6BA301002DE9F047C7
:1031E000DFF85480044607464FF0010994FAA4F52D
:1031F000B5FA85F509FA05F32E0108EB05156FEA16
:10320000030A24EA03042B7B63B158F806301B69D8
:103210006BB94644042273682846196807EA0A070E
:1032200017F0A0F9002CE1D13846BDE8F087284618
:1032300098470028F6D1ECE788DE010010B50F4969
:103240000F4888B000221AF0FBF900220023CDE9D4
:10325000062300240E23CDE90334CDE90144094BB4
:10326000094900944FF44072084814F029FB0849BA
:1032700006481AF0BCF8204608B010BD9532000090
:10328000780A0020C5350000B0260020F005002097
:10329000BBF20100014814F01FB800BFC4040020B5
:1032A0002DE9F047804621480F4617F03BF90646C6
:1032B000002833D000252846BDE8F087237B83B162
:1032C0002368DB680BB120469847636883F8069053
:1032D00023681B69D3B9636804221968204617F074
:1032E00041F9013610345445E8D3B8F1000FE2D06B
:1032F000002DDFD02846FFF771FF0546002FF7D0DD
:1033000000214FF4A4701AF02FF9F1E720469847F6
:103310000028E0D009FA06F31D43E2E7044CDFF889
:1033200014A005464FF00109DDE700BF9012002010
:1033300088DE010098DE0100014B53F82000704741
:103340007CE1010008B5034608462BB1044A13602E
:1033500000F056FC002008BD6FF01500FBE700BF31
:103360005C01002010B5044C237813B9034813F016
:10337000B3FF0123237010BD0F260020C4040020DA
:1033800010B504460B4817F0CDF85CB1BFF35B8F66
:10339000094B53E8001F013943E80012002AF8D115
:1033A000BFF35B8F054815F085F80548BDE8104070
:1033B00013F092BF881200208C120020780A00209F
:1033C000C4040020064BBFF35B8F002253E8000FBC
:1033D00043E800210029F9D1BFF35B8F704700BF9C
:1033E0008812002070B5FFF7EDFF084C084E054627
:1033F000B44200D370BD63685B792BB123685B680E
:1034000013B12946204698471034F1E788DE0100C1
:1034100098DE010010B5044C0449204616F0DDFD8D
:10342000034B1C6010BD00BF3404002068E10100A4
:10343000801200200D4A0E48002310B513700D4A6B
:1034400013600D4A4FF400411360FFF77BFFFFF755
:10345000E1FF0A4B0A4918468B4200D310BD1A1AE5
:103460005C681211013222711033F5E7102600203A
:1034700021A50100881200208C12002088DE0100A6
:1034800098DE0100014600220148002316F0C6BD67
:1034900034040020014816F05DBE00BF3404002053
:1034A000024B0146186816F0B0BE00BF8012002023
:1034B000014816F0E5BE00BF3404002070B52A4B69
:1034C0001B78002B4ED0FFF7E5FF0446002846D1BD
:1034D000264B274D1B68002B19DD1AF069F84FF4B5
:1034E0007A76A0FB063206FB0121D5E90020DB0B32
:1034F00043EA41439B1A4FEAD13140F2E93261EB92
:103500000001934271F1000101D3FFF76BFFD5E990
:10351000003213F57A7342F10002C5E900320CB3B0
:10352000BDE87040FFF7C4BF6B685B7923B12B68BF
:1035300021461B68284698471035B542F4D32046EB
:10354000FFF7AEFFBFF35B8F0A4B53E8001F013953
:1035500043E80012002AF8D1BFF35B8FB8E7064DAD
:10356000064EEAE7002070BD0F26002088120020DA
:10357000700A00208C12002088DE010098DE010015
:1035800070B50D4D297861B90120FFF789FE0B4C0C
:103590000B4EB44206D3FFF791FF0028FBD1012365
:1035A0002B7070BD63685B791BB1236820469B68F4
:1035B00098471034EDE700BF1026002088DE010098
:1035C00098DE010000212DE9F8430846FFF768FE68
:1035D000044648B340F267684FF0000900F078FFF6
:1035E0001A4B1B4A1B58136033B11A4B1B68092B2B
:1035F00002DD194813F070FE184F002544B1204633
:10360000FFF7ECFD044618B94FF0FF384FF0FF39D3
:10361000FFF754FF064628B9B5B90F4842464B4656
:1036200013F08EFE3546E9E74FF0FF384FF0FF39D3
:10363000D4E72B689B691BB10022114628469847A6
:103640001035BD42F5D3E8E7054DFAE70800000064
:10365000841200208C120020C404002098DE010097
:1036600088DE010013B5184816F05CFF174B1B7875
:1036700073B1EFF31184202383F31288BFF36F8FAC
:10368000FFF71CFF84F31188BFF36F8F02B010BDEA
:103690000F4B1B68002BF9D050B900220023CDE955
:1036A00000230C484FF40042002314F0DDFEEDE748
:1036B0000928EBD1074814F0FDFE074802B0BDE829
:1036C000104013F009BE00BF8C120020102600200D
:1036D00084120020780A0020C404002010B5064B94
:1036E0001B68044698472146A060044816F013FD65
:1036F000BDE81040FFF7B6BF5C0100203404002095
:10370000044A054B9B1AB1EBD30F34BF52F831007A
:1037100000207047A8DD010088DE01002DE9F04F90
:103720008FB004AFC1F34A26B8600D4690467B6067
:103730000C0D002E61D04FF000090A234FF0040B4E
:1037400007F1140AFE60C7E90799C7F824900093AF
:10375000CDF808B0CDF804A007F11C03F9684A467B
:103760004046FFF75BFAB0F5006F03461CD36C468A
:103770008AB0D8F8041004AB2448C3E9050140F22C
:10378000FF71D9611A464FF400711984204B42F839
:10379000103F20484B464FF41251FFF7BFFFA5469C
:1037A0002C37BD46BDE8F08FC0F30A0604F11700C0
:1037B000184420F0070080083B60FFF763FE66F3C3
:1037C0005325044680B13B68134A00F11001C7E954
:1037D0000839F961CDE901AB0A230093F96807F1D3
:1037E0001C034046FFF71AFA66F353257B68B96855
:1037F0002A46204616F0D6FED2E704F1170020F044
:1038000007008008FFF73EFE0446EDE7D0F2010016
:103810000400000130DE010077A501002DE9F04F22
:1038200087B0DDE9127ADDE9106B0546884614465B
:103830009946BFB11021CDF800A03B465A46002062
:10384000CDF814A016F0B5F8B0F5006F01460BD313
:10385000194A1A4840F2FF73022107B0BDE8F04F41
:1038600016F0F9BE3946384604F0070305F00704A0
:10387000E40044EA831444EA402444EA065406F18E
:103880001700084420F0070080080391FFF7FAFDB5
:10389000054640B13FB10399CDF800A03B465A46DA
:1038A000103016F086F84B4622464146284607B0AF
:1038B000BDE8F04F16F076BE0FF3010030DE0100D8
:1038C000406820B1034BC01A40F3CF0070474FF05F
:1038D000FF307047A8DD01000EB403B503AB01460D
:1038E00053F8042B0448019300F050FF02B05DF838
:1038F00004EB03B0704700BFB9A60100CA0605D4A7
:103900008B064CBF02490349FFF7E6BF704700BF73
:1039100048F3010047F301002DE9F04F8BB09946C1
:10392000179B0793DDE918A39DF858801A9F06920C
:1039300004460D460593B8F1000F00F0BF80844B9C
:1039400013F80830089307F48073099316F008FE03
:1039500007F0020B024600287DD07E492046FFF783
:10396000BBFF0646BBF1000F08D017F0440F74D11F
:1039700079492A462046FFF7AFFF064407F00103C6
:1039800053B1764B764953F82820764B2046002ACF
:1039900008BF1A46FFF7A0FF07F48073002B07F05B
:1039A000080318BF4FF00009002B00F082806E4B17
:1039B0006E4953F828202046FFF78EFF0546069BE8
:1039C0002BB16B491A462046FFF786FF0544B9F133
:1039D000000F0DD0089B002B6ED06649664BB8F1E6
:1039E000040F18BF19464A462046FFF775FF0544E5
:1039F00062483544079B1BB16149224616F081F9A4
:103A0000059B002B00F09080DDF814903946B9F149
:103A1000100F204628BF4FF01009FFF76FFF002658
:103A2000B54252DC002633461AF803205549204699
:103A3000FFF752FF0136102E4DD0710703D15249C6
:103A40002046FFF749FF4E453346EDD34F49204608
:103A5000FFF742FFEEE7064684E74D4B1868002863
:103A60008BD04C4B4FF47A7B1B68B5FBF3F54FF4CE
:103A70006163B5FBF0F100FB11550BFB05F54FF051
:103A80003C0CB1FBF3F203FB1211B5FBF0FEB1FBF2
:103A9000FCF300FB1E550CFB13110BFB05F500910D
:103AA000B5FBF0F53C49CDE901E52046FFF714FFF1
:103AB00063E707F0080582E72F4994E7B9F1010FA2
:103AC0000CBF2E483548454694E72F492046FFF75E
:103AD00003FF0136A4E7324920460026FFF7FCFE2B
:103AE00033461AF803202F49A2F120035F2B28BF89
:103AF0002E222046FFF7F0FE0136102E0DD0720761
:103B000003D121492046FFF7E7FEB1453346E8D807
:103B10001D492046FFF7E0FEEEE7059BB3EB0903E6
:103B2000CA4405937FF470AFB8F1000F0AD0FB07C9
:103B300004D50C4A0A492046FFF7CEFE39462046F6
:103B4000FFF7DCFE20460BB0BDE8F04F16F0A7BD36
:103B5000390F020058F301005CF301008CE1010011
:103B60002DFD01004AF30100A0E1010082F30100F4
:103B700088F301004FF3010053F30100B9A60100DF
:103B80008D4700008CF3010094F3010092F30100D3
:103B9000981200209412002066F30100EFA60100A5
:103BA00096F3010098F3010073B542F20F738B4254
:103BB00028BF0B4605680F4A04460521684614F0E5
:103BC000D7FC63680C495B6806460B22284616F052
:103BD00058FD63683246694628465B6816F051FD19
:103BE000636806495B681B22284616F04AFD02B04E
:103BF00070BD00BFA1F901002D0F0200110F0200DE
:103C0000074A00210123904206D8064A01B9012340
:103C10001360054B1860704740085B000121F2E714
:103C200040420F009412002098120020F8B5074F70
:103C30000D4604464618B44201D12846F8BD14F892
:103C4000011BBB6801485B689847F4E748DB01004B
:103C5000014B036000207047E8E1010080B5054694
:103C60000E461746984614F043F9034600F030FC20
:103C7000DFF81890044649F800304246304639468D
:103C8000A84754F8090000F0C5FB00BF0800000079
:103C900008B50348034A0021121A16F0D9FD08BDE1
:103CA000F0050020B02600200748084A084908B55A
:103CB000121A16F0CFFD0748074A0849BDE8084028
:103CC000121A16F0C7BD00BF00000020F00500204A
:103CD000D00F02000000002000000020D00F0200E2
:103CE0002DE9F047064600AF0C46002936D0E946DC
:103CF0008AB0D1E90012A3686D462148E8464FF02A
:103D0000050ACDE90501CDE9072348F810AF1D48A4
:103D1000424600234FF42151FFF700FDCD46D4E980
:103D200003126369AD461848C5F810A0C5E905013E
:103D3000C5E907231348002342464FF42151FFF7FA
:103D4000EDFCCD46E369114A0E48012116F083FCD3
:103D5000A3690F4A0B48012116F07DFC012E07D103
:103D6000EFF305830B4A0748103B314616F073FC0E
:103D70002146304612F0C4FFBD46BDE8F08700BFC3
:103D8000D1F3010060DE010000F401002FF4010016
:103D90003EF401006CF4010030BFFFF7FDBF00BF2F
:103DA0002DE9F0410B4EDFF8308006EB0807CC1B05
:103DB000054632460949204619F066FCA0194246DC
:103DC0000021083C19F06EFC2C6707F10800BDE8E3
:103DD000F08100BF000000000400000098DE010038
:103DE00010B5204C2049214816F041FDA36A9901E5
:103DF00036D51E481E4916F03AFD1E20A36ADA0188
:103E000004D51A481B4916F032FD1F20154CA36A31
:103E10001B0304D51548184916F029FD2120A36A73
:103E2000590304D51148154916F021FD22200D4CE7
:103E3000A36A9A0304D50D48114916F018FD2320F2
:103E4000A36ADB0304D509480E4916F010FD2420AF
:103E5000044A936A6FEA03436FEA1343936210BD07
:103E60001D20CBE700ED00E07FF4010060DE0100E3
:103E700097F40100AAF40100C4F40100E2F4010087
:103E800007F5010021F5010070B506460D46294CE5
:103E900029492A4816F0EBFCA36ADB0647D52748D8
:103EA000274916F0E4FC1120A36A1C0704D5234817
:103EB000244916F0DCFC12201E4CA36A990712D587
:103EC00021491E4816F0D3FC636BA26A120609D57D
:103ED0001E4A1A48012116F0BEFB1EB1A36A23F048
:103EE0008003A3621320134CA36ADE0704D5134892
:103EF000174916F0BCFC1420A36A9C0604D50F4891
:103F0000144916F0B4FC15200A4B9A6AD10658BF22
:103F10009A6A9A6A920642BF5A6A22F400525A6218
:103F20009A6A42F0FF029A6200232B7070BD102043
:103F3000BAE700BF00ED00E04CF5010060DE0100D3
:103F400062F5010095F50100A8F50100C0F501003A
:103F5000D6F50100F5F5010070B506460D46284C72
:103F60002849294816F083FCA36AD9043CD5264881
:103F7000264916F07CFC1720A36A1A0504D52248AE
:103F8000234916F074FC18201D4CA36A9B0512D51A
:103F90001D48204916F06BFCA36BA26A100409D5DA
:103FA0001D4A1948012116F056FB1EB1A36A23F4DD
:103FB0000043A3621920124CA36A590504D5124884
:103FC000164916F054FC1A20A36ADA050ED50E48DD
:103FD000134916F04CFC1B20094A936A43F47F43B3
:103FE000936200232B7070BD1620C5E7A36A9B0463
:103FF000F2D505480B4916F03AFC1C20ECE700BF4F
:1040000000ED00E024F6010060DE01003AF6010058
:1040100095F501004BF6010064F6010079F6010008
:1040200094F60100F5F50100F0B56A4B8BB004463B
:10403000586800AFC0F30803002585F31188BFF36B
:104040006F8F02F07F46B6F17F4F07D102F00C066A
:10405000082E0ED16049614816F009FC60495F489E
:1040600016F005FC00210846FFF73AFE2C37BD4646
:10407000F0BD16074CBF0C460125002CEED00022E7
:10408000FA71DA1E092A00F28580DFE802F0057B6A
:104090007E77838383838381524950484D4E16F047
:1040A000E6FB0023FB71F36A9A0705D54E494B489E
:1040B00016F0DDFB00232DE0F36A002B01DA4B49FB
:1040C000F5E7F36A5B00F5D54949444816F0CFFBA4
:1040D0007369A26943F480737361BFF34F8FBFF3B9
:1040E0006F8F32F8023C726922F480727261BFF302
:1040F0004F8FBFF36F8F03F47F42B2F55F4F27D12D
:10410000DBB2022B24D123683A4A3448012116F04D
:10411000A2FA2368FA79002AA8D107F1080604F167
:10412000200C20686168324603C208346445164694
:10413000F7D17A6A002D4AD0C2F3080121B96FEA9B
:1041400052226FEA42227A6207F1080118468BE791
:10415000204B9A6AD2B222B1F91D0120FFF794FEDA
:104160000EE09A6A12F47F4F04D0F91D0120FFF788
:10417000F3FE05E09B6AB3F5803F9BD3FFF730FE6B
:104180000346C7E7F91D0020E8E7F91D0020EEE728
:1041900019498CE7194A1A4910F4F87F6E468AB01B
:1041A00018BF11466A46103B079316484FF4007338
:1041B000ADF82030144BCDE9050142F8103F074817
:1041C00000234FF41151FFF7A9FAB54672E76FF3D8
:1041D0000802B8E700ED00E0DAF6010060DE010059
:1041E00005F7010041F7010058F7010079F70100D8
:1041F00087F70100A6F70100C2F70100C1F6010030
:10420000ACF60100E6F7010004000001044B5A6916
:1042100042F010025A615A6922F008025A6170474E
:1042200000ED00E0EFF30880EFF3098101B572467D
:10423000FFF7FAFE01BD00BF0B4880F3088812F0BB
:10424000A3F9202080F3118808484FF4006140183A
:1042500080F30988EFF314800221084380F3148867
:10426000BFF36F8F00F06CF88045002040380020CD
:104270001EF0040F0CBFEFF30880EFF30980816993
:1042800011F8021C0229FFD001B5724616F0E4FABB
:1042900001BD00BF40B2002807DB044A41090123E9
:1042A00000F01F00834042F82130704700E100E039
:1042B00040B200280CDB4309064900F01F00203300
:1042C0000122824041F82320BFF34F8FBFF36F8F4D
:1042D000704700BF00E100E0054B420900F01F00FD
:1042E00053F82220012303FA00F01040704700BF6A
:1042F00000E100E040B20028A8BF00F1604001F1F9
:104300000101B8BF064B4FEA4111ACBF00F5614057
:1043100000F00F00C9B2B4BF195480F80013704701
:1043200014ED00E0044B054A23F07F039360BFF3D4
:104330004F8FBFF36F8F70470000000000ED00E06B
:1043400008B5FFF7EFFF0B4AD2F8883023F470036B
:10435000C2F88830EFF3148323F0040383F3148846
:10436000BFF36F8FFFF794FCFFF79EFC00F092F80D
:1043700012F0F2FD00ED00E042F8203C009B42F814
:104380001C3C0A49019B42F8183C029B42F8143C31
:1043900021F001014FF0807342F8043C42F8081C00
:1043A0000023203A02654367704700BF5D3C000070
:1043B00000B50B4B98600B4B1546026F1A600E460A
:1043C0002C4686F309880020034B9847204600219D
:1043D00000220023014C204785A801005D3C00001D
:1043E000AC250020C0120020014B10221A6170473A
:1043F00000ED00E0054B5A699B689A421FBF044AD2
:10440000536843F080535360704700BFAC250020D1
:1044100000ED00E0084B9B6883420BD1EFF305836E
:1044200043B1064B5A6842F080525A605A6A22F4ED
:1044300000425A6218F0E0BFAC25002000ED00E019
:1044400011498A684FF030001044EFF3098C80E87E
:10445000F01F202080F31288BFF36F8F0B4F4FF0B7
:1044600000664A698A603E60106F094C2060506F98
:104470000023536780F3118802F1300090E8F01FA9
:104480008CF3098870470000AC25002004ED00E0A3
:10449000C0120020044800232021C2180133302B11
:1044A00082F80013F9D1704700E100E008B5EFF39E
:1044B0000583064A103B02EBC30152F833004968FA
:1044C0008847BDE80840FFF795BF00BF80DB0100CB
:1044D0000148006870470000C0120020024B034AE8
:1044E0000348012100F07AB80000042000000020F9
:1044F0004CE2010008B503461048D0F89020C2F302
:104500000722013A934207D90D480E4A012116F0BD
:10451000A2F86FF0150008BDC0F898300A6822F0C4
:104520001F021A4342F01002C0F89C208A6842F031
:104530000102C0F8A0201846EDE700BF00ED00E042
:1045400048DE0100FDF70100F0B50E4685B01F46BC
:1045500004460025B5420DDA606810B397B1431EDA
:1045600018420AD0104A11482B46012116F073F860
:104570006FF01502104605B0F0BD1F28F2D9216872
:104580000B42EFD12368019316F09FF9A36801A9AC
:104590000343D0B20393FFF7ADFF10F1160FE7D03E
:1045A000421C01350C34D5E723F8010048DE010038
:1045B000044B0522C3F89420BFF34F8FBFF36F8FD6
:1045C000704700BF00ED00E0BFF35F8F024B002299
:1045D000C3F89420704700BF00ED00E010B5034C15
:1045E00001232278FFF7B0FF207010BD12260020B3
:1045F0002DE9F0435F486049D0F890300C68C3F370
:1046000007239C4285B000F2B280FFF7DDFF4968C6
:104610000022944201F10C011AD1584F584D3C70C0
:104620006846FFF715FB574C574E81464FF0000880
:10463000C14520D13B784F490020D1F89020C2F3EA
:1046400007229342C0F28D80FFF7B2FF002052E0B4
:10465000C0F8982051F80C3C23F01F03134343F09B
:104660001003C0F89C3051F8043C43F00103C0F83B
:10467000A0300132CDE7009800EB08114FEA081C8A
:10468000CB682340B3F5000F4ED00BD8B3F5001F15
:1046900034D0B3F5800F3CD0B3F5801F16D008F1AD
:1046A0000108C5E7B3F1007F46D0B3F1805F4BD07E
:1046B000B3F1807FF3D150F80C3088684A6816F067
:1046C00004F940F0885040F4801009E050F80C30B4
:1046D00088684A6816F0F9F840F0885040F43020B5
:1046E000039001A93878CDE90123FFF703FF0028E3
:1046F00033DA6FF0150005B0BDE8F08350F80C30E8
:1047000088684A6816F0E1F840F0885040F40020CC
:10471000E6E750F80C3088684A6816F0D6F840F0A2
:10472000C06040F40030DBE750F80C3088684A681D
:1047300016F0CBF82843D3E750F80C3088684A6865
:1047400016F0C3F83043CBE750F80C3088684A685D
:1047500016F0BBF840F08850E3E73B7801333B703C
:104760009DE7C1F89830C1F8A000013365E74FF02C
:10477000FF30C0E700ED00E058E201001226002003
:10478000000004110000F0FF00000410F0B587B035
:1047900007460E4614460021102268461D4618F0B2
:1047A00081FF02238DF802302A46054B01932146F2
:1047B0006846CDE9047613F095FF07B0F0BD00BF61
:1047C000EBA8010008B5024B1B689847002008BD04
:1047D000C4120020034B044A1860937843F002038C
:1047E00093707047C41200207801002008B5064974
:1047F000064821F00701C1F1005202F5802215F0B0
:1048000097F8002008BD00BF0F530020C8120020F9
:1048100070B54169867A0B4D044659B1437ADB077E
:1048200006D4242303FB0653DB691B689B68984767
:10483000002363612420214600FB0650BDE8704040
:1048400018F083BCF4040020024B242202FB003049
:10485000704700BFF4040020827A064B242101FB3C
:1048600002331A6A1B7D1B33801A23F00303B0FB4B
:10487000F3F07047F404002038B5074B827A242403
:1048800004FB0233DB69D3E901240C601568FFF7F0
:10489000E3FF04FB005038BDF40400202DE9F04391
:1048A00085B005466846039190461C4618F082FE86
:1048B000DDE90067EFF31189202383F31288BFF34A
:1048C0006F8F6B8A002B41D02A8A9A4225D9002209
:1048D0000023284612F0CAFC0446F0B189F311887F
:1048E000BFF36F8F039B002B41D032463B46684697
:1048F00018F085FEA27A264B242101FB02332046C4
:10490000DB691B6803A91D68DDE90023A847606116
:1049100070BB2046FFF77CFF24E0698A4B1E6B8248
:1049200089F31188BFF36F8F2B7D2A8A2C6A1B3382
:1049300023F00303521A02FB0344154B154AEB1AEA
:104940009B105343A3722B7DE372CBE789F311884D
:10495000BFF36F8F23464246284612F087FC044679
:104960000028BFD10024204605B0BDE8F083636174
:10497000012300252381039B6382E27A6560294637
:1049800004F1180018F08EFE63692582E360EAE7FF
:10499000F4040020398EE338F8B5124D00242426A3
:1049A00000B9F8BD00F108024768BFF35B8F52E819
:1049B000003F591E42E8001CBCF1000FF7D1BFF3C5
:1049C0005B8FDBB2012BECD1837AC46006FB03530F
:1049D00044609B6913B198473846E1E7FFF718FF39
:1049E000FAE700BFF4040020044A0123C2F840356E
:1049F0004FF08042C2F87835704700BF00E00140B8
:104A000048B1054B054A1B68B3FBF2F35843044B0E
:104A100043F00103184770470804002040420F008C
:104A2000D0DE010008B5054A054B136010463C2353
:104A3000536011F07FFE002008BD00BFD41200209B
:104A40003FC00F0008B50A4818F042FA68B108489C
:104A500018F03EFA48B1074A0548192116F02AF81D
:104A6000054A0348022116F025F8002008BD00BFC2
:104A7000F4DA01000100160001001A0070B50B788D
:104A800092B006460C4607AD032B31D8DFE803F0A1
:104A9000022A2C2E19492846FBF770FF05956378EA
:104AA0000493A3780393E3780293237901936379C2
:104AB0000093A379124A1E210AA813F059FD10ADE4
:104AC0000AAB32461C4603CCAC4210605160234610
:104AD00002F10802F6D120681060A3889380304666
:104AE00012B070BD0749D6E70749D4E70749D2E7B6
:104AF000074A0A21284613F03BFDCFE773F801006F
:104B000095F801007AF8010081F801008BF80100A6
:104B1000890902000E4B402970B528BF40210D4C79
:104B200046181D46B04203F1020304D1002305F8E4
:104B30001130074870BD02781209A25C03F8022CFC
:104B400010F8012B02F00F02A25C03F8012CE9E738
:104B500013260020510F020030B50378012B11D02D
:104B6000022B21D06BB9154B0A4603F1100453F800
:104B7000045B42F8045BA342F9D143881A0A8A70A5
:104B8000CB7030BD0D4B0A4603F1100453F8045BA3
:104B900042F8045BA342F9D143681A0C180E4A701C
:104BA0000870C3F30722EAE700F11003013913F894
:104BB000012901F8012F9842F9D1E2E7620F0200C2
:104BC00010B515F0FCFF18F00CFC044608B913F002
:104BD0006BF9BFF35B8F064B1B68BFF35B8F0BB1A9
:104BE0000A2098471CB9BDE8104013F071B910BDF8
:104BF000DC12002038B50446084815F093FE05463F
:104C000048B1631EDBB21F2B96BF054A0021D15C61
:104C10000C3015F00CFF284638BD00BFA805002059
:104C2000720F02000F2810B50CD80D280CD90A48B5
:104C300015F078FE044618B104210C3015F0F7FE8B
:104C4000204610BD1328F2D009B10448F0E7BDE8B2
:104C500010400220FFF7CEBFCC0500203C0500200D
:104C6000F0B5054685B00E461746AB88012B0ED928
:104C7000284615F00FFF044648B1AB88984208D982
:104C80000E4A0093022103460D4815F0EEFC05B0D4
:104C9000F0BD284615F0FEFE013C2B688DF808009B
:104CA000394602A88DF809400393B0470028EED09A
:104CB0002146284615F0DEFED7E700BFBFF8010009
:104CC000E8DD0100C3681B78024A0348022115F0A1
:104CD000EEBF00BFEAF80100F8DD010010B586B0B4
:104CE00003AB002400930749074805944FF0FF33B6
:104CF0004FF48062CDE9034412F0C6FC204606B0B2
:104D000010BD00BFB0290020B00A002038B5C5682A
:104D10002B7893B9B5F801400F21204602F094FC9E
:104D2000EB78054650B90A4A118831B96FEA045048
:104D30006FEA10501080074A137038BD437201218A
:104D400002F07EFB2846BDE8384002F023BB00BFDE
:104D5000E42500209426002070B5C3681D788DBB23
:104D6000B3F801600F21304602F06EFC044638B9FA
:104D7000154A164833460121BDE8704015F097BF2B
:104D8000294602F05DFBA378012B04D02046BDE844
:104D9000704002F0FFBABFF35B8F6368BFF35B8FB5
:104DA000DB07F3D50321204602F04AFB032016F06F
:104DB000B5F803460028E9D0054A0448022115F059
:104DC00076FFE3E770BD00BF12F90100F8DD0100D6
:104DD00038F9010010B5C368B3F80140012120463D
:104DE00002F032FC38B9064A064823460121BDE8E4
:104DF000104015F05CBFBDE8104002F0CBBA00BF18
:104E00005EF90100F8DD010010B501210C3015F04C
:104E100039FE0378034A0448BDE81040012115F02B
:104E200046BF00BF82F90100F8DD0100014610B560
:104E3000084815F07BFD0849084818F07CFA031E65
:104E400006DA074A0748BDE81040012115F02FBFD8
:104E500010BD00BF2C01002028020020500B0020B4
:104E6000A4F90100F8DD010073B5C568B5F801606B
:104E70000121304602F0E8FB044640B9304A31488F
:104E80003346012102B0BDE8704015F010BF2B7809
:104E90001A2B19D1C378012B10D14FF48041043063
:104EA00015F007FF43040FD4D4F88C300093694603
:104EB000D4F894300193204603F008FB204602B05A
:104EC000BDE8704002F066BA2B78002BF6D1B5F839
:104ED00003301D4940F2E2425343C4F88830B5F82C
:104EE0000520A4F89020B5F80720A4F89220A3F597
:104EF000EA520C3A8A4204D9144A1248022115F0A7
:104F0000D6FEB4F89030B3F5FA7F04D3104A0D48BA
:104F1000022115F0CCFEB4F89230A3F10A0292B24D
:104F200040F676418A4204D90A4A0648022115F021
:104F3000BEFE2B78002BC1D1204602F08DFDBDE7CF
:104F40005EF90100F8DD010095F03C00C1F90100B7
:104F5000E8F901000FFA0100024A0348012115F0A7
:104F60009DBE00BF3BFA0100F8DD0100B0B50B4665
:104F70000D8A00AF04462946D868FFF7CBFD8AB0FA
:104F80006A46094BCDE9053440F20243ADF82430BE
:104F9000064BCDE907504FF4325142F8103F044818
:104FA00015F096FEBD46B0BD55FA010005000001A2
:104FB000F8DD010070B5C568B5F801600121304623
:104FC00002F042FB044638B90D4A0E48334601212F
:104FD000BDE8704015F06BBE2B783BB9D5F80330B7
:104FE000C0F89830D5F80730C0F89C30201D4FF439
:104FF000003115F05EFE2046BDE8704002F0CAB9EF
:105000005EF90100F8DD01002DE9F84FD0F80C90B1
:10501000018A99F80040A30001338B4200AF63D9A5
:105020006D468AB06A463248CDE907310523CDE99D
:1050300005044FF4215142F8103F2E4815F048FE68
:10504000AD46BD46BDE8F88F2B4A2A482B460121C4
:1050500015F02DFE013699F800309E42F1DA09EB89
:1050600086030F21B3F80150B3F80380284602F0FD
:10507000EBFA04460028E7D000F1BC0AB8F1000FB3
:1050800006D0656945B91D4A1A48012115F006FE8A
:10509000204602F07FF9DDE7A2692B686361954243
:1050A00008BFA361204602F08BF812F015F9C5F88D
:1050B00000B0236AABB9C4E90755BFF35B8F5AE868
:1050C000003F013B4AE80032002AF8D1BFF35B8F72
:1050D0000021204608F1FF3802F07EF81FFA88F818
:1050E000CCE71D602562E8E70026B346B3E700BFC2
:1050F00077FA0100F8DD0100A2FA0100BEFA010012
:1051000037B502EBC303044608469A4202D16FF05A
:105110005E0010E0114611F8085BA54211D1038A28
:105120005178994209D90848084A0094012115F09C
:105130009CFA6FF0150003B030BD5368984700200B
:10514000F9E70A46E1E700BFF8DD0100D5FA010002
:105150002DE9F0470C4612F0A7FEE5682B78022BEC
:1051600072D0042B07D03C4A3C48012115F09FFD2A
:105170006FF015040EE0B4F81080B8F1020F0ED8ED
:10518000374A43463548012115F091FD2046FFF787
:1051900003FC002412F09CFE2046BDE8F0876878EE
:1051A0003E280CD1B8F1030F02D12E4A4346E9E75D
:1051B000EB78012B01D00A2B46D1032704E015F030
:1051C0005AFD0746F8073FD504F10C060121304689
:1051D000D4F814A015F04EFC0221304615F052FC14
:1051E000814600783E2807D1E3681B78012B01D067
:1051F0000A2B06D1032614E015F03DFDC107064633
:105200000FD4194A19491A4841F28A1314F0D8FDEB
:10521000002383F31188BFF36F8F0323184602DF47
:105220000226144A99F800000623214615F060FD75
:10523000B2070DD56369A4F81080A5EB0A0513FA2F
:1052400085F5E560BB07A4D52046FFF7EFFDA0E795
:105250002046FFF7A1FBF5E79DFB0100F8DD01000B
:10526000F7FA010013FB010033FB010067FB0100AB
:1052700080FB010044E3010010B5012104460C301D
:1052800015F000FC2146034A0078BDE810400223D7
:1052900015F02EBD74E3010073B53E4815F05BFBBD
:1052A0000446002873D000F10C05284615F0F2FBE7
:1052B0000228034603D0042847D0374A03E0238A54
:1052C000032B05D8354A3648012115F0F0FC13E0D0
:1052D0000421284615F0D6FBFF2342880688237652
:1052E000238AC6F30B009A42608309D02C480092AF
:1052F00001212C4A15F0B9F92046FFF74DFB12E0C9
:105300000F2102F0A1F9054610B9638B264ADAE7AE
:1053100002F0C0F9320B20762146284601F0B2FF98
:10532000284602F037F8214BD3F82C317BB32049C3
:10533000204818F000F8031E29DA1F4A18480121F6
:1053400002B0BDE8704015F0B2BC2846022115F04D
:1053500099FB054600783E2812D015F08CFC10F021
:1053600002060DD1154A1649164840F6BC4314F002
:1053700027FD86F31188BFF36F8F0323184602DFE2
:10538000114A28780423214615F0B2FCB4E702B094
:1053900070BD00BF2C01002046FC0100B1FB0100E4
:1053A000F8DD0100D2FB0100F6FB01000000002047
:1053B00028020020500B0020A4F9010033FB01005B
:1053C00018FC010080FB010084E3010010B50121FD
:1053D00004460C3015F056FB2146034A0078BDE820
:1053E0001040072315F084BCA4E30100F8B50121A7
:1053F00000AF04460C3015F045FB0678114A002337
:1054000021463046FFF77CFE5F3019D1258AE068DF
:105410002946FFF77FFB6C468AB06A460A4BCDE906
:10542000053640F20243ADF82430084BCDE9075071
:105430004FF4325142F8103F054815F049FCA5469B
:10544000BD46F8BDDCE301005AFC01000500000187
:10545000F8DD01002DE9F74FDFF818A1BFF35B8FEE
:1054600080468946174600235AE8004F4AE8003232
:10547000002AF9D1BFF35B8F264644B93E4A3F4824
:105480004346012103B0BDE8F04F15F010BC2046A3
:10549000FFF7E2F93A4D4FF00C0B0BFB005043883D
:1054A00043451FD02046FFF7D7F90BFB0050438838
:1054B000344A009331484346012115F0D6F8BFF332
:1054C0005B8F5AE8003F4AE80062002AF9D1BFF337
:1054D0005B8F002B4BD01E46304603B0BDE8F04F2B
:1054E000FFF75ABAA74208D0204615F016FA3A8AB2
:1054F000F96804F10C0015F091FA2046FFF7ACF9B9
:105500000C2707FB00504368ABB1B9F1000F12D173
:105510002046FFF7A1F907FB0050012142685368BC
:1055200003F01F00814010685B0900EB8300137AD1
:10553000CBB115F0BEFB2046FFF78EF90C2707FB19
:1055400000508368002BC7D02046FFF785F97843C9
:1055500005F800902046FFF77FF907FB0055A86883
:1055600011F0BAFEB8E7C94315F0B5FBE3E703B0A5
:10557000BDE8F08F280100208CFC0100F8DD01005F
:10558000E0120020B4FC010008B501F063FB094BF8
:10559000BFF35B8F1A68BFF35B8F02F00B02BFF3A0
:1055A0005B8F53E8001F43E800200028F9D1BFF3C8
:1055B0005B8F08BDD400002010B5C1E900239DF821
:1055C00008300B720C46FFF747F9034B0C2202FB25
:1055D00000335C6010BD00BFE0120020F8B5024649
:1055E0000B46104815F09EF90446C0B104210C305A
:1055F00015F003FA2046FFF72FF90B4D0C2707FB98
:105600000050002646802046FFF726F907FB005091
:1056100086602046FFF720F907FB00556E602046A4
:10562000F8BD00BF84050020E012002011289ABFB9
:10563000024B53F820000248704700BFC0E201004F
:10564000E7FC0100034B0146D3F8440182689268ED
:10565000104700BF000000202DE9F04F91B0042159
:1056600000AF4B4815F025FB6D4601F0F3FA88B00A
:105670006A46484B0593484B06934FF40073ADF8C8
:105680001C30464C464B42F8103F4648464E4FF4BD
:10569000E65115F01DFB454BE17907F12008AD46B9
:1056A000012998BF1E4640462146FFF7E7F98AB018
:1056B0006A463F4BCDF81C80CDE905363D4B08933B
:1056C0003D4B42F8103F37483C4EDFF8F4804FF432
:1056D000235115F0FDFAA246AD460125E3799D421E
:1056E0000AF1070A3BDB94F86F100846FFF79EFFAC
:1056F0006E468CB0B4F87250B4F876306A46DFF873
:10570000C4C00993CDE907152F4B4FF40075CDE9BF
:1057100005C0ADF82850234842F8103F4FF45351CC
:1057200015F0D6FA94F87010B5460846FFF77EFFDC
:105730008AB0B4F874306A46244CADF82450CDE9F0
:105740000713234BCDE905404FF4335142F8103F86
:10575000144815F0BDFA4437BD46BDE8F08F5146F8
:105760003846FFF78BF9E9468AB06A4640F20133C2
:10577000CDE905650797ADF820300A4842F8108F4B
:105780004FF4135115F0A4FA0135CD46A6E700BF3A
:10579000D4000020F3FC010005FD01000000002002
:1057A00003000001F8DD0100EFFC010049F30100F6
:1057B00010FD010000020103040000021FFD0100B2
:1057C0000400000130FD0100060000016EFD010033
:1057D000050000010048704795FD0100014902489D
:1057E00017F0A9BD18020020B00A002070B50546C8
:1057F0000C4639B1CB684A699B1A032B0ED86FF05F
:10580000150509E04FF0FF304FF0FF31FFF7E6FEDE
:10581000044618B96FF06805284670BD2046FFF7AA
:105820001BF8174B0C2202FB0033A618032130464D
:105830005D8015F00EF90580238A033B83700121FA
:10584000304615F00EF940F635439D420FD1204603
:10585000FFF7F8FE05460028DED00A4A034601217C
:10586000094815F024FA2046FFF796F8D4E70748D0
:10587000214617F057FC0025FFF7B0FFCCE700BF2B
:10588000E01200209CFD0100F8DD01003401002041
:105890002DE9F04784B0804600AF91460C4671B9BF
:1058A0004FF0FF304FF0FF31FFF798FE044660B92C
:1058B0006FF0680528461037BD46BDE8F087887A46
:1058C000FEF7C2FF3C4B83426FD1012200213846D4
:1058D00017F05FFC2046FEF7BFFFDFF8E0A00C23C7
:1058E00003FB00A08760204615F04BF801464046B8
:1058F000FFF77CFF054618B12046FFF74DF8D9E7C2
:105900004FF4A0220023384611F01AFD064690B14C
:1059100040F2E3132A4A2B492B4814F051FA2B4842
:105920003246414614F04CFA85F31188BFF36F8F6D
:105930000323184602DF2046FEF78EFF0C23584350
:105940001AF800605EB36D468AB06A46204B07962F
:10595000CDE905381F4B089340F20243ADF82430DF
:105960001D4B42F8103F1D484FF4325115F0B0F96D
:105970002046AD46093EFFF70FF8092E0CD8DFE8A8
:1059800006F0050B0B08170B0B0B0B146FF06E05D5
:1059900090E76FF00C058DE76FF004058AE7B9F129
:1059A000000FA9D0C9F8004084E76FF0150581E722
:1059B0006FF00B057EE700BF84050020E012002099
:1059C00033FB0100BEFD010080FB0100C7FD0100AB
:1059D0000CFE010049F3010005000001F8DD0100A3
:1059E000F0B585B006460DF10301002000F0CAFFB6
:1059F0000446002845D14FF0FF304FF0FF31FFF74C
:105A0000EDFD074600283FD019210C3015F000F8B5
:105A100021460546192217F045FE9DF803302B73E9
:105A200006F17001681D15F03BF9194B9A892A801F
:105A3000DA896A80B6F88C20A5F80D20B6F88E2099
:105A4000A5F80F20B6F89020A5F81120D433B6F8A9
:105A5000922001930723A5F81320029338460123CF
:105A60008DF80C30FEF7F8FE0A4B0C2202FB0033D7
:105A700001AA5A603946224642F20D00FFF708FF9C
:105A80000446204605B0F0BD6FF06804F9E700BF9A
:105A900000000020E0120020F8B5022800AF054603
:105AA0003FD100210246084602F00CF9044680B9B5
:105AB000274A2848012115F0F1F8032015F02EFAA5
:105AC000034620B1244A2348022115F0F0F8BD46D0
:105AD000F8BDBFF35B8F4368BFF35B8FDB0706D571
:105AE000032101F0ADFC204601F054FCE5E7403015
:105AF00017F05EFC10F00C0608D11648174A29462C
:105B000015F0CCF8657231462046EAE72046FFF7EB
:105B100067FF0028E7D0124A0E48012115F0BEF8B1
:105B2000E1E76C468AB06A460E4BCDE905300E4B74
:105B3000079340F20133ADF820300C4B42F8103F90
:105B400004484FF4125115F0C3F8A546BFE700BF53
:105B50002BFE0100F8DD010038F9010049FE0100CB
:105B60006FFE01008BFE010049F3010004000001FB
:105B700030B54FF0FF3085B04FF0FF31FFF72EFD0D
:105B80000446B0B10C4B01930025072302938DF816
:105B90000C50FEF761FE094B0C2202FB003301AAF8
:105BA0005A6021462A4642F20E00FFF771FE05B008
:105BB00030BD6FF06800FAE7D4000020E01200204A
:105BC0002DE9F0438DB0594BB0F80190198849F494
:105BD000704291424FF0000602BF1E80544B1E7867
:105BE000C378012B08BF534B00F1040800AF0546F2
:105BF00040460CBF93F86E40002414F0DCFF414691
:105C0000C8B307F1080014F0CBFFD5F81130C7F87E
:105C10000130B5F81530A7F8053001233B70E8785E
:105C200040B9022207F1080102F04CF8EB78044673
:105C300073B39CBB07F1100441462046FEF71EFFDC
:105C40006D4688B06A463C4B3C48CDE905344FF47C
:105C50000073ADF81C303A4B42F8103F4FF4E2515C
:105C600015F036F81321AD46484615F075F834376F
:105C7000BD46BDE8F083204615F020F9014607F146
:105C8000080015F00DF84146384615F009F8C6E74A
:105C90002C486FF0800115F01EF8CAE72046B5F8D1
:105CA000013020F8703B07F1080114F0F9FFB5F856
:105CB000173040F2E2425343C4F88830B5F8193047
:105CC000A4F89030B5F81B30A4F89230EB78E3706C
:105CD000002262726BB9394604F17E0014F0E0FFD5
:105CE000217A144BC1EBC101194404F1770014F07F
:105CF000D7FF0721204601F0A3FB26B166720121E0
:105D0000204601F09DFB204601F000FDE3784BB9F1
:105D1000032015F003F9034620B10B4A074802217E
:105D200014F0C5FF204601F035FBA0E7E425002074
:105D30009426002000000020A7FE0100F8DD0100ED
:105D400003000001D400002038F9010000B5C1684B
:105D5000087889B020B109B05DF804EBFFF79CBE6C
:105D6000B1F80130ADF80130CB788DF800008DF836
:105D70000330B1F80B30ADF81730B1F80D30ADF895
:105D80001930B1F80F30ADF81B304B7C8DF81D3059
:105D9000043101A814F084FF084B68461A689B88F8
:105DA000CDF80B20ADF80F30CDF81120ADF815303F
:105DB000FFF706FF09B05DF804FB00BF4B0F0200C0
:105DC000F0B5002285B0114602AF40F60340FFF760
:105DD0005FFD044600285BD1FFF7D6FB21463A1D44
:105DE00041F20300FFF754FD0446002850D17A68C1
:105DF000AF4DD168D1F80100D1F8051005F1780355
:105E000003C31046FEF7C8FD21463A1D41F20100CA
:105E1000FFF73EFD044600283AD17868C3685A78F7
:105E200085F86F205A88A5F872201A7985F87020B5
:105E3000B3F80720A5F87420B3F80530A5F876303C
:105E4000FEF7AAFD21463A1D41F20200FFF720FDB0
:105E50000446E8B9D7F804C0DCF80C2005F1800648
:105E6000531C413218685968344603C408339342BE
:105E70002646F7D16046FEF78FFD95F87C305E062A
:105E80000AD48C4A8C48012114F008FF6FF01204E8
:105E900020460C37BD46F0BD3A1D002142F20300FA
:105EA000FFF7F6FC04460028F2D17A68834BD168EC
:105EB000D1F80100D1F8051003C31046FEF76CFDC0
:105EC00021463A1D42F20200FFF7E2FC0446002898
:105ED000DED17E68F468B4F801309AB292B1E2780B
:105EE00082B1A5F8FC30E378032B06D003220092A0
:105EF0007148734A022114F0B8FBE27871481146E8
:105F000017F047F93046FEF747FD95F87C6016F02C
:105F1000200619D14FF0FF304FF0FF31FFF75EFB45
:105F20000446002800F0718102210C3014F070FD4D
:105F30000123037046702146324640F66D40FFF75C
:105F4000A7FC04460028A3D195F89C301C0712D565
:105F50003A1D002142F21C00FFF79AFC044600287B
:105F600096D17868C368D3F80120D3F80530C5E925
:105F70003823FEF711FD4FF0FF304FF0FF31FFF7F0
:105F80002DFB0446002800F0408108210C3014F05D
:105F90003FFD95F8D83095F8D92013F0020F14BFC3
:105FA0002F230F2312F0090F18BF43F400630022C0
:105FB00003701B0A43708270C27002714271827159
:105FC000C271214642F20100FFF762FC044600283C
:105FD0007FF45EAF95F87C30B5F8FC1098065DD480
:105FE000C9B93A1D41F20500FFF752FC04460028EA
:105FF0007FF44EAFB5F8FC307C684BB9E368B3F87A
:106000000120A5F8FC209A882E48114617F0C1F807
:106010002046FEF7C1FC4FF0FF304FF0FF31FFF795
:10602000DDFA0446002800F0F08008210C3014F05E
:10603000EFFC1023037088230022437002262023E4
:106040008270C670027142718271C371214640F63E
:106050000140FFF71DFC044600287FF419AF0146FC
:106060003A1D4FF60140FFF713FC88B3164A124859
:10607000022114F013FEEB79002B40F0B68000F003
:1060800097FC044600287FF403AF01F0B3FF0446F9
:1060900000287FF4FDAEFFF7DFFAF9E60029BAD158
:1060A0000A4A0548012114F0F9FD6FF00404EFE6F7
:1060B00000000020C3FE0100F8DD0100D800002030
:1060C000E7FE01000001002050FF01002DFF01004C
:1060D0007B68DC68B4F80130042B96BF584A5949F4
:1060E00052F823106E468AB002AA5748D3614FF483
:1060F00000731384554BC2E9050142F8103F544820
:106100004FF4135114F0E4FDB4F80120B4F8033057
:10611000022AB54649D1052B47D84E4A52F82310DA
:106120006E468AB002AA4C48D3614FF400731384C0
:10613000464BC2E9050142F8103F4FF41351444861
:1061400014F0C6FD637994F806C0D4F80900032B57
:10615000B54698BF414AB4F8076094BF52F823107F
:1061600038496C468CB002AADFF8F4E0C2E9073C7B
:106170004FF4007393853B4BC2E905E1C2E9096026
:106180004FF4735142F8103F314814F0A1FDA54679
:106190007868FEF701FC3A1D00214FF60240FFF738
:1061A00077FB044618B1304A61E72649B8E77868BA
:1061B000C368B3F80130A5F8C130FEF7EDFB95F8E0
:1061C000C1305A077FF557AF3A1D21464FF60340BD
:1061D000FFF75EFB08B1254A49E77868C3685B783A
:1061E00085F8C030FEF7D8FB45E72E78002E7FF407
:1061F00046AF95F8C1309B061FD54FF0FF304FF0EA
:10620000FF31FFF7EBF9044610B96FF068043FE681
:1062100006210C3014F0FCFBD5F801300360144B60
:106220009B888380214632464FF60640FFF730FBBD
:10623000044600283FF423AF2AE66FF0850427E6E2
:1062400030E30100E7FC010074FF010004000001DD
:10625000F8DD010018E301008DFF010008E30100F3
:10626000A5FF010007000001D2FF0100FBFF0100B4
:106270000100002010B5FFF7A3FD034B1B6813B10D
:10628000BDE81040184710BDF81200202DE9F34179
:10629000314D0646D5F8440116F01AFE50B92F4A82
:1062A0002F48012114F0FAFC6FF01204204602B0CE
:1062B000BDE8F0816FF0020105F1D40014F00BFD90
:1062C000012114F0F6FC10EA010442D1254B1E60B6
:1062D0000A4605F58C7016F05CFF234F05F59A70A1
:1062E00016F0F2FE384617F051F838461F49009470
:1062F0006FF007034FF4966211F0C6F9D7F88000EB
:106300001B4917F074F8D5F844010769D7F80080E5
:10631000B8F1000F15D1174B3B6083681B68984795
:10632000044628B986B902B0BDE8F041FFF748BD80
:10633000C7F80080104A0A482346012114F0B7FC30
:10634000B4E76FF07704F5E705F1C40011F096F9B2
:10635000ACE76FF07704A9E70000002024000200FA
:10636000F8DD0100F8120020500B0020B02D0020B5
:106370003C000200515100004500020073B5C368A3
:10638000D9789A781E8842EA0122ADF8002059791E
:106390001A7942EA0122ADF80220D9799A7942EAC3
:1063A0000122ADF804201A7A5B7AB4B242EA0323E0
:1063B00001212046ADF8063001F046F9054658B9EE
:1063C0001D481E4A0121234614F071FC022120467B
:1063D00014F02AFD02B070BD694601F08DFB38B99A
:1063E0001E21204614F020FD284600F0D3FFF1E7DF
:1063F0004FF0FF304FF0FF31FFF7F0F80446002870
:10640000F2D00E210C3014F003FB00230680C0F8FC
:106410000A30BDF800304380BDF802308380BDF8FB
:106420000430C380BDF806300381214642F22000CB
:10643000FFF7DCF9D8E700BFF8DD01005EF90100E5
:1064400038B5042104460C3014F01CFB0346408888
:106450005D7818B119782246FEF7FCFF35B1044883
:1064600010F03AFFBDE83840FFF7B8B938BD00BFBB
:1064700018010020B0B50321044600AF0C3014F021
:1064800001FBE2680346B0F80100117840F635429E
:10649000904216D16C468AB06A46104B1048CDE93E
:1064A0000531104B079340F20133ADF820300E4B0D
:1064B00042F8103F4FF4125114F00AFCA546BD46B5
:1064C000B0BD1D7810B12246FEF7C4FF002DF6D0F6
:1064D000064810F001FFFFF781F9F0E761000200C4
:1064E000F8DD010049F3010004000001180100205B
:1064F00038B511F0D9FC334DD5F83431002B5ED0CE
:106500000022002305F58C7010F01AFF002856D1E8
:106510000022002305F59A7010F0A8FE044668B921
:10652000294A2A492A4840F6CC4313F049FC84F30F
:106530001188BFF36F8F0323184602DFD5F8283187
:106540009BB1244A2448012114F0A8FBBFF35B8FC0
:10655000224B002253E8000F43E800210029F9D123
:10656000BFF35B8F08B1FEF717FA204614F009FA63
:10657000C5F828012046FFF765F80346C8B1184A58
:106580001548012114F093FB164810F0A5FE204693
:10659000FEF762F9144B0C2202FB0033588818B145
:1065A00022461F21FEF756FF2046FEF7F5F9FFF7BA
:1065B00015F9FFF713F9BDE8384011F089BC01F077
:1065C000B5F8F8E70000002033FB0100BBF801003C
:1065D00080FB010099000200F8DD01002801002085
:1065E0009CFD010018010020E012002070B54FF062
:1065F000FF320D464FF0FF3300210646FEF712FB37
:10660000044660B90A4A0B490B481A2313F0D8FB19
:1066100084F31188BFF36F8F0323184602DF022132
:1066200004F10C0014F0F4F906704570204670BDBA
:10663000D9010200BBF8010080FB0100F8B50A4D4A
:10664000EF7906460024E3B29F4202D86FF00100C2
:1066500007E02946304614F027FC0735631C08B1D3
:106660002046F8BD1C46EEE70000002070B5174E2E
:1066700006223146054617F01DF810B34FF0FF30E3
:106680004FF0FF31FEF7AAFF0446E0B1062229468B
:106690000C3014F0C3F92146002242F20500FFF746
:1066A000F7F8044648B110F10D0F04D1084A094823
:1066B000022114F001FC204670BD28683060AB88D0
:1066C000B3800024F7E76FF06804F4E76800002067
:1066D0000F02020000DE010073B504460D4689B1C9
:1066E0001749284614F0E0FB60B9164A2968C4EB44
:1066F000C404A3181151AA889A80AA799A7100201B
:1067000002B070BD6E46304614F03CFA0028F7D156
:106710003046FFF793FF0028F5DA0A4A0098B1796E
:10672000C4EBC404A3181051B08898809971002D4F
:10673000E5D012592A609A88AA809B79AB71DEE76E
:106740003E0F02000000002070B5044629BB38B39C
:10675000274914F0A9FB18BB2046FFF76FFF00285C
:1067600040DA23786BB9234AD379002B3AD12068D9
:106770001060A179A088917101219080D171184693
:1067800070BD012B04D1A37903F0C003C02B07D047
:10679000194A1A48012114F08FFB6FF01500EFE73A
:1067A000144DEB79012B20D0BFF35B8FD5F8D4309B
:1067B000BFF35B8FDB0707D4002CEED00C492046DB
:1067C00014F072FB0028E8D1EE792146731C3046A4
:1067D000EB71FFF781FF08B93046D1E7EB79013B58
:1067E000EB71CDE76FF07700CAE76FF00B00C7E7FA
:1067F0003E0F0200000000201E02020000DE010029
:106800002DE9F341044640B91A4A1B48022114F00D
:1068100053FB002002B0BDE8F08101AA002141F243
:106820000900FFF735F8054608B1144AEDE7019E67
:106830001349D6F80C8008F101070622384616F0F5
:1068400039FF28B10F490622384616F033FF18B930
:106850003046FEF7A1F8DCE7D8F80130C4F8013083
:10686000BB88A4F8053030462570FEF795F8012066
:10687000D0E700BF4C02020000DE0100650202000A
:106880004B0F0200450F020007B56846FFF7B8FF3F
:10689000044BD87118B169460020FFF71DFF03B003
:1068A0005DF804FB000000202DE9F041304EF17945
:1068B00088B0002954D196F8C24014F0010411D1D7
:1068C0002C4A2D48022114F0F7FA0024F471162501
:1068D00000240127F379E0B283422BD8002B3FD06C
:1068E00000203AE06A464FF60940FEF7D1FF08B1B2
:1068F000224AE6E7DDF800C0DCF80C5095F801808C
:10690000B8F1000F0ED0AB1C02AA123518685968F6
:10691000174603C70833AB423A46F7D118683860C8
:106920009B88BB806046FEF737F8B8F1000FCDD1E9
:10693000134AC6E708AB05FB0033694653F8182C29
:1069400033F8143CCDF80120ADF805308DF8007017
:10695000FFF7C2FE01340028BCD008B0BDE8F081CA
:106960000021084608B0BDE8F041FFF7EDBE00BFCA
:10697000000000208302020000DE0100AF020200DE
:10698000CF02020038B50C4661B108480578012DE8
:1069900005D10130FFF76AFE00B9257038BD00202F
:1069A0000870FBE76FF01500F8E700BF000000205B
:1069B00038B5104DEB7913B10024204638BDFFF7F0
:1069C00063FF044628B10C4A0C48012114F074FA04
:1069D000F3E7EB79002BEFD1FFF766FF04460028C1
:1069E000F1D1681CFFF742FE04460028E5D0044AB6
:1069F000EAE700BF00000020F802020000DE01000C
:106A00001703020070B5054686B00E464FF0FF3002
:106A10004FF0FF31FEF7E2FD0446A0B102210C3039
:106A200013F0F6FF094A4670057003A92046009549
:106A30000523FEF7C1FD0022214642F20C00FEF7BD
:106A400027FF06B070BD6FF06800FAE7D4000020A1
:106A500008B50C4B0246400903EB800014F058FACD
:106A600002F01F0340FA03F313F0010006D122B92C
:106A7000054814F04DFA40F3C01008BD6FF07700E0
:106A8000FBE700BFFC120020D40000200A4ABFF33D
:106A90005B8F430902EB830200F01F000123834058
:106AA000DB4352E8000F184042E800010029F8D10A
:106AB000BFF35B8F704700BFFC12002030B587B07A
:106AC0005E480022002310F00FFB0446002840F02F
:106AD00092805B485A4D14F01BFA10F0010346D027
:106AE0002B1D93E8070006AB03E90700554814F097
:106AF0000FFAC0F34013524814F00AFA0446002873
:106B00006CD07BB10C2250490DEB020016F0D2FD87
:106B1000044600286CD000210846FFF773FF0446A6
:106B2000002865D100239DF80C00ADF80930BDF8B0
:106B30000E30ADF80530BDF81030ADF80730431E0B
:106B40008DF8040058420DF10901584114F0D3F9B1
:106B5000044600284CD14FF0FF304FF0FF31FEF7D4
:106B60003DFD0546002849D16FF0680440E03548F6
:106B7000364A14F0CDF910F0800F0ED09089D189EB
:106B80001269ADF80E004FF48074ADF80C40ADF80A
:106B90001010ADF812300592A8E72D4C20686168FE
:106BA00003AB03C3A068186092F8D930180748BF38
:106BB0000523234848BF8DF80D3014F0A9F981074B
:106BC00006D53023ADF810306023ADF80E308DE7D8
:106BD0001B4814F09DF94207F3D487E743B10146FF
:106BE000FFF710FF044618B9174B2861C3E90100ED
:106BF000124810F0EBFA204607B030BD072201A979
:106C00000C3013F00BFF2246294642F20B00FEF730
:106C10003FFE04460028EBD19DF80D10012001F045
:106C20000101FFF7EFFE04460028E1D106AA12E9B0
:106C30000700054B83E80700DAE700BF18130020C0
:106C4000FC120020D40000200C13002000000020C3
:106C5000B8DE010010B544220021084816F022FDDC
:106C6000064B03F11C001C4616F0B9F904F1300084
:106C700016F0B5F9024B00221A6010BDFC1200207C
:106C800048130020032838B5054603D1BDE8384035
:106C9000FFF714BFFFF7DCFE0446C8B9BFF35B8FF4
:106CA0000C4B6A0903EB820305F01F0101228A40A5
:106CB00053E8000F104343E800010029F8D1BFF367
:106CC0005B8FFFF7FBFE044610B12846FFF7DEFEA0
:106CD000204638BDFC1200202DE9F04F00F10C08D1
:106CE0008BB00446404613F0D5FE0646854814F0A6
:106CF0000FF900F001038348039314F009F9C0F37E
:106D00008003029316B90BB0BDE8F08F039B13B953
:106D1000029B002BF7D0238A082B07D87A4A7B489E
:106D200001210BB0BDE8F04F13F08CBC09214046A7
:106D300013F0A8FE037A228A01339A420546EDD366
:106D40000123ADF824307F238DF81E30037A0344ED
:106D5000471C5B7A8DF81D30FF238DF81C30002313
:106D6000ADF8223002788DF81F20042A9CBF684BB2
:106D70009B5CADF82030037A6248019314F0C8F8A8
:106D800000F001095F4814F0C3F88246B9F1000F22
:106D90000BD0BDF820305A0707D5297A404601317B
:106DA000013E13F067FEF6B2ACE7384613F003FF7E
:106DB0000DF1100B00284FD03946584613F0F0FE65
:106DC000B9F1000F02D11AF0040F59D1514BD3F889
:106DD00000A0BAF1000F14D0E2686369B4F810B0F3
:106DE0009DF91D10A2EB0309019B23829DF81F2032
:106DF000434604A8D0476369A4F810B013FA89F396
:106E0000E36004AB0693444B1B68002B36D053F869
:106E10000899B9F1000F01D0A9F108091A688AB1DF
:106E2000E1686269B4F810B0A1EB020A019A22820B
:106E30001B68414606A898476369A4F810B013FA86
:106E40008AF3E360B9F1000F18D0D9F8082002B135
:106E5000083A4B469146E1E76B78FF2B09D12F4B5F
:106E6000186804909A889B798BF80630ABF8042058
:106E7000A6E7394614F022F80346F1E7002306930B
:106E80002048BDF8203014F043F810F0010984D1F7
:106E9000DB0782D5032204A9484600F013FF82468F
:106EA00000283FF47AAF022014F038F8D5F801300A
:106EB000CAF87E30BB88AAF88230BB798AF8843061
:106EC000504613F047FFA8B11F238AF809304946FE
:106ED000504600F0B5FA504600F05CFAFFF7EEFDC0
:106EE000034600283FF459AF0D4A0848022113F029
:106EF000B2FB52E75046022100F0A2FA504600F0E1
:106F000049FA4AE7FC1200203A03020010DE0100B1
:106F1000920F020048130020401300203E0F020091
:106F200038F90100F8B50546224813F0F1FF430790
:106F30000F463CD52A78012A03D96FF01504204664
:106F4000F8BD6B780F2BF8D86888031F9BB243F607
:106F5000FC74A342F1D8A9880B1F9BB2A342ECD8C2
:106F60008842EAD37AB914480022002310F0BCF812
:106F700004460028E3D1FFF76BFD044640B10E48FC
:106F800010F024F9DBE713F0B4FF0028EBD1D4E7CD
:106F900028686968094E0A4B03C6A8683060204615
:106FA0001F60FFF76FFE044606F12400E8E76FF06C
:106FB0000A04C4E7D40000202C1300200013002092
:106FC00048130020024B0020186013F0A7BF00BF39
:106FD0004813002008B5034813F09AFF00F00100A1
:106FE00008BD00BFFC12002070B50C4B1C680546A4
:106FF00044B154F8143C143C13B1697A28469847BC
:107000006469F5E7064C074EB44200D370BD2368AF
:1070100013B1697A284698471834F5E780130020A1
:1070200080DD010098DD010010B50446FDF714FC79
:10703000044901EB0011204613F0FEFDBDE81040AD
:10704000FEF7CCBB4C13002070B5D1E901560022ED
:107050000446C1E90122064816F064F83DB1314604
:1070600020462B466FF06D02BDE87040184770BD9A
:10707000E404002013B504460430BFF35B8F50E8EE
:10708000003F43F4806240E800210029F7D1BFF3BC
:107090005B8F590507D413F05AFF820305D5E178B9
:1070A00089B101291DD002B010BD204613F078FE31
:1070B000034620B1124A1348012113F04EFFA37A70
:1070C000072BF0D1EBE7104B93F8D930DB070AD44C
:1070D00002230E4A02210B4802B0BDE8104013F013
:1070E0003CBF0023F5E702231A460091204613F027
:1070F00072FE03460028D6D0054A0121EBE700BF07
:107100005B030200C0DD0100000000207C030200E0
:107110009503020070B505460F480022002310F0C9
:107120000FF9B8B90D4B1C6834B154F80C3C143C41
:1071300003B198476469F7E7094C0A4EB44204D397
:107140002846BDE8704010F099BAA36803B198478B
:107150001834F3E770BD00BFD40400208013002072
:1071600080DD010098DD01002DE9F0410446202773
:107170000025EFF3118287F31288BFF36F8FE16967
:1071800029B1206A0B68E361814208BF236282F360
:107190001188BFF36F8F71B1D1E901680748C1E968
:1071A000015515F0BFFF1EB1002241462046B047F1
:1071B000FEF714FBDDE7BDE8F08100BFE40400202A
:1071C0000448B0F8FC30002B00F5807008BF0020A8
:1071D000704700BF0000002030B50446FDF778F985
:1071E0000D4A0D460D490858D2F88010884289B0E2
:1071F00005D1204609B0BDE83040FFF7B5BF2434C3
:107200002146104616F097F81DB16946204616F043
:10721000A2F809B030BD00BF101100200800000026
:1072200038B5002204468A4202D10024204638BDE7
:1072300004F1C4030120BFF35B8F53E8005F002D0E
:1072400004D143E8000CBCF1000FF6D1BFF35B8F13
:1072500002D0C8340244E6E7002CE6D0C422002164
:10726000204616F01FFA04F14000044916F094F885
:10727000034904F1240016F033F8D7E7E57E000057
:107280006BAF0100F7B516460D4601210446FFF726
:10729000A3FF012E23D0022E52D123693BB13748E0
:1072A000374A012113F0CEF9204613F07CFE256108
:1072B0002269138A012B5ED9D2681288043292B2F5
:1072C000934258D343D92D48009201212D4A13F0FF
:1072D000CCF9204603B0BDE8F04013F064BE20694D
:1072E00040B9294A2548314613F0ACF9204613F03D
:1072F0005AFE01E02A8A2AB9284603B0BDE8F040C8
:10730000FDF74ABB018A438A47695B1AC168C91BFA
:107310005B1A9A420CD91D4A1848314613F092F96B
:1073200021690022204601F0A5F800232361E3E74C
:10733000E9680C3013F072FB2846FDF72DFBB7E728
:10734000134A0E483346012113F007FECEE704F13D
:1073500010030022BFF35B8F53E8001F43E80020B7
:107360000028F9D1BFF35B8F0122204603B0BDE8AE
:10737000F04001F07FB803B0F0BD00BFC0DD0100F8
:10738000AC0302002C040200C9030200E703020060
:107390000E04020008B500F1C403BFF35B8F53E88D
:1073A000002F013A43E800210029F8D1BFF35B8F99
:1073B000AAB90B4B984212D303F1C80290420ED2E5
:1073C000C01AC823B0FBF3F203FB120038B905481A
:1073D0000FF082FFBDE80840034810F04FB908BD28
:1073E000F00B0020D40400204802002010B5044611
:1073F00013F0ECFD10F058FD104AD2F8101104F112
:10740000B80361B9C4F8B810D2F8141159B9C2E977
:10741000443310F05DFDBDE81040FEF7DFB98B424C
:1074200005D00968EDE70B60C2F81431F1E710F000
:107430004FFD2046FFF7AEFFEDE700BF0000002044
:10744000F8B5857A8D4200AF04460E461BD1082D53
:1074500096BF634B634B53F825306C4688B06A4641
:107460006149CDE905134FF40073ADF81C305F4B53
:1074700042F8103F5E4800234FF4E451FCF74EF908
:10748000A546BD46F8BD8172D5B1022D1BD0A37AA9
:10749000082B00F2A18001A252F823F0DD74000055
:1074A0007F7500004775000083740000837400003E
:1074B0008374000083740000D5740000837400009E
:1074C00013F084FDE3E78378012BE0D1403015F021
:1074D00071FFDCE70023C4E90D33D2E7082DD0D8D3
:1074E000DFE805F02A0521172626212A2A0004F1C3
:1074F0004005284615F05EFF01212046FFF76CFE8F
:10750000204613F050FD00220023284610F05EF9BB
:10751000B7E7022013F002FD034620B1354A344894
:10752000022113F01AFD637A13B12046FFF75CFDC8
:107530002046FFF72FFFA4E72F4A33462C480221AD
:1075400013F00BFD9DE7A378012B9AD12B4B9D8A5D
:10755000002D96D00A235D434FF4004640F2E730F9
:1075600000214FF47A720023E5FB0601F9F7E2F9F6
:1075700002460B4604F1400010F0F0F881E7637A10
:107580003E2B0FD16D4688B06A461D4BCDE90534C0
:10759000032342F8103F164800234FF4C451FCF770
:1075A000BDF8AD46154D05F58076616911B9FEF758
:1075B00015F966E7A2690B686361914208BFA36190
:1075C0002046FFF741FDB5F8FC30002B14BF3046D4
:1075D00000200FF081FEE8E70A4A3346AEE700BF1D
:1075E000F0E301004704020051040200030000011F
:1075F000C0DD0100620402009304020000000020CC
:10760000AA040200D1040200F8B5074609480D4655
:10761000164613F0DBFC044650B183781F4203D1B9
:10762000BDE8F840FFF7B6BE3146A8472046F7E769
:10763000F8BD00BFF00B0020024900220120FFF737
:10764000E3BF00BF5FAF010070B505460E480E46B0
:1076500013F0BCFC0446A0B1837A012B02D0073B97
:10766000012B0CD82388AB4208D1A3781E4209D144
:10767000064A07482B46022113F06FFC2046FFF70D
:1076800089FE0024204670BDF00B0020ED040200AE
:10769000C0DD0100034BC01A034BC0105843C0B2F9
:1076A000704700BFF00B0020295C8FC270B51C46EC
:1076B000144305460E460DD00F49FCF709FFD1F8DB
:1076C00080400E4909588C4206D10D4A0D480221CE
:1076D00012F0B8FF002213460B49002D14BF2846B4
:1076E000084613F01FF9044618B1711D0C3013F051
:1076F00084F9204670BD00BF101100200800000072
:1077000004050200C0DD0100F404002010B50446A9
:1077100005480FF0B3FF204600F09EFD2046BDE86F
:107720001040FFF761BC00BF380200202DE9F04F88
:1077300087B000AF0023FB607B61BE4B5A8A3AB131
:10774000BD4DD5F810413CB91C37BD46BDE8F08FA2
:107750001B68002BF4D1F7E754F8B83903B1B83BF4
:10776000B649002601E01C461346B5F8FC20002A65
:1077700000F07081D5F808214AB904F1B806002B51
:10778000E2D0D3F8B820002AEDD0B83AEBE70A6887
:10779000002AF2D0D4F8A420002AEED0D4F8A820F1
:1077A000002AEAD0D4F8AC20002AE6D0A37A072B2E
:1077B0006AD120469047002866D004F1BC0013F03F
:1077C000C6FB022860DC204613F000FC04460028BB
:1077D000BAD0A37A072B40F02A81D4F8A430B5F8A8
:1077E000FC1007F11002204698478146002800F05F
:1077F0000E81B5F8FC203B699A4208D30146D4F8C3
:10780000A86007F1140307F10C022046B0477B691A
:107810003B60B9F81030D7F80C80002B00F00181E4
:107820004846D7F810A013F01DFA7860002840F001
:10783000FB80B5F8FC30DFF808B2002B14BF5846C7
:107840000020002200230FF07BFD78B97B48002246
:1078500000230FF00BFD064600283BD1B5F8FC30A5
:10786000002B18BF5E4630460FF036FD6FF00B055B
:107870004846FDF791F8B8F1000F00F0B380396881
:107880002A462046C047ADE0D4F8B83004F1B8022B
:10789000C6B9D5F81411C5F810318A4201D1C5F81E
:1078A00014310023C4F8B8302046D4F8AC309847DF
:1078B00000288ED0A37A072B40F0B9802046FFF72E
:1078C00095FD86E73360D5F814319A4208BFC5F8B4
:1078D0001461E6E73B68C0F804808360B5F8FCB04B
:1078E0005448DA454FF000024FF000034FF000011A
:1078F00098BF1FFA8AFBFCF7D1FF804650B1FCF716
:10790000ABFF504B5A4603EB00134946404613F079
:107910006EF98046B5F8FC3094F8C0909A4584BF63
:1079200001237B607B6884F8C0309CBF09F10209A9
:107930005FFA89F904F1BC0ABFF35B8F5AE8003F94
:1079400001334AE80032002AF8D1BFF35B8F0023ED
:107950003360A369002B5ED1C4E90566A378012BCF
:107960005CD108F10C0B0421584613F072F82388FF
:1079700009F0FD0943EA09330380B8F81030043BED
:1079800043800221584613F06CF84046FDF75AFE3A
:10799000814600284BD0BFF35B8F5AE8003F013B84
:1079A0004AE80032002AF8D1BFF35B8F314604F178
:1079B000140013F0DDFA244A24484B46012113F049
:1079C000CCFA4046FCF7E8FF20463146FFF73CFB87
:1079D000B5F8FC301A48002B08BF00200FF07CFCE3
:1079E0006FF004056E4688B0194A0794CDE9052565
:1079F0006A46042342F8103F14484FF40151002313
:107A0000FBF78CFE1321B546204613F00AFB2046F7
:107A1000FFF7C0FC98E61E60A6619FE76FF01509AE
:107A2000B9E76FF0790523E76FF0040520E7FDF76C
:107A3000D5FEECE76005002000000020E4040020F3
:107A4000000100204C1300209CFD0100C0DD01005E
:107A50002D0502009368FFDE2DE9F04140F2E2437C
:107A6000D0F88860B6FBF3F6031D0446184613F001
:107A70006EFA8204B6B217D5B4F88C20B24213D88D
:107A8000B4F88E20B2420FD3D4E9241291420BD124
:107A9000BFF35B8F53E8001F21F4005143E800124D
:107AA000002AF7D1BFF35B8F104B1D6865B155F805
:107AB000047C143D37B1B4F89230B4F890203146CC
:107AC0002046B8476D69F1E7094DDFF82880454544
:107AD00001D3BDE8F0812F6937B1B4F89230B4F822
:107AE000902031462046B8471835F0E78013002033
:107AF00080DD010098DD01002DE9F04107460846D0
:107B00000D4613F003F9064618B900263046BDE8C5
:107B1000F081144B1C6884B154F8083C143C0BB938
:107B20006469F8E72946384698470028EDD028468A
:107B300013F0ECF80028F3D1E7E70B4CDFF82C80CA
:107B40004445E3D2E3680BB91834F9E729463846CF
:107B500098470028D9D0284613F0D8F80028F3D148
:107B6000D3E700BF8013002080DD010098DD010015
:107B700038B505460C460E480121FFF751FBB0B160
:107B8000057223680367A388A0F87430A37980F88E
:107B9000763001238370074BC0F8A430064BC0F841
:107BA000A830064BC0F8AC30054BC0F88C3038BD5F
:107BB000F00B0020558100003BAF01002FAF01000A
:107BC0001800280070B505460A480E4613F0FEF965
:107BD000044620B18378012B04D0FFF7DBFB00249F
:107BE000204670BD3246294613F074FA0028F7D1BA
:107BF0002046F2E7F00B0020F0B589B000AF0D464B
:107C0000FFF7E0FF044610B329463846FCF736FF7D
:107C1000A37A082B96BF0F4A0F4B52F823306D46BC
:107C20008AB06A460D49CDE907730D4B09930D4B98
:107C3000CDE9051442F8103F0B4800234FF44251A0
:107C4000FBF76CFD2046AD46FFF7A4FB012024376F
:107C5000BD46F0BDF0E301004704020050050200FC
:107C60000103020405000002C0DD010038B504462E
:107C7000134813F06CF9420702D46FF00A0038BDC4
:107C8000084613F043F810B96FF01500F7E7FFF757
:107C9000A1F90028F1D10A4813F059F90306C0F3FD
:107CA000C0150AD413F025F90028EDD02146284646
:107CB000FFF7A2FF0028E2D0E6E76FF07700DEE7EB
:107CC000D4000020F8B505460E480E46174613F0BE
:107CD0007DF9044620B18378012B03D0FFF75AFBCE
:107CE00000240DE036B13246294613F0F3F908B905
:107CF0002046F3E7A37ABB42FAD1237AAB42F7D10D
:107D00002046F8BDF00B002070B58B78012B92B0A7
:107D100006460C4642D191F8703007AD032B37D898
:107D2000DFE803F0023032341E492846F8F726FE19
:107D3000059594F87130049394F87230039394F895
:107D40007330029394F87430019394F87530009373
:107D500094F87630144A1E210AA810F009FC0AABE8
:107D6000324610AD1C4603CCAC4210605160234635
:107D700002F10802F6D120681060A3889380304693
:107D800012B070BD0949D0E70949CEE70949CCE7EF
:107D9000094A0A21284610F0EBFBC9E700238DF8B9
:107DA0002830DCE773F8010095F801007AF801004B
:107DB00081F801008BF80100890902002DE9F041EA
:107DC00005460E4690461F46002B49D01B6823B13E
:107DD000264A2748022112F035FC41462846FFF783
:107DE00045FF0446002836D12846414613F048F99D
:107DF0000546002837D096E80F001E4C04F1080C09
:107E00008CE80F00A38A002B08BF4FF49673A3825F
:107E1000238A03B9A3892382638A03B9E38963822E
:107E200002212846FFF70CFB284612F093FF044678
:107E3000A0B1002169722846FFF702FB2846FFF730
:107E4000A9FA0320FEF71EFF034620B10A4A08489C
:107E5000022113F082F82046BDE8F0813D60FAE788
:107E60006FF01504F7E76FF00B04F4E789050200E3
:107E7000C0DD01000000002038F9010038B50446DB
:107E800008460D4612F042FF38B3154B93F8D83030
:107E9000990707D4E37873B129462046BDE83840F6
:107EA00000F014BB94F898309A07F3D5201D13F016
:107EB0004EF84304EED42946204613F02BF958B966
:107EC0002B88A4F88C306B88A4F88E30AB88A4F88B
:107ED0009430EB88A4F8963038BD6FF01500FBE7BE
:107EE00000000020F7B510F8363C0446A0F140062B
:107EF0000BBB304613F061F9384B1D684DB155F896
:107F0000103C143D1BB114F8371C304698476D697E
:107F1000F4E7334D334FBD4205D3304603B0BDE8DF
:107F2000F040FFF737BA6B681BB114F8371C3046C6
:107F300098471835EFE710F83E3C012B46D110F872
:107F40003D3C8BB9FDF714FE69303FD1264A2748E6
:107F5000022112F077FB4FF4A4720023204603B0F5
:107F6000BDE8F0400FF032BCA0F13C05BFF35B8FE1
:107F700055E8003F23F4005245E800210029F7D1DD
:107F8000BFF35B8F9B0415D5E36C00936946636D6B
:107F900001933046FFF772FF0346C8B9BFF35B8F0A
:107FA00055E8003F23F4805345E80032002AF7D11A
:107FB000BFF35B8FBFF35B8F55E8003F43F4006373
:107FC00045E80032002AF7D1BFF35B8F03B0F0BD64
:107FD000074A0648022112F0C0FFEBE78013002099
:107FE00080DD010098DD0100BE050200C0DD01005A
:107FF000F105020038B5174815F066F8164915481E
:1080000015F090F81549134815F08CF814491148EB
:1080100015F088F813F03AFD02F06CFF0446B8B989
:1080200014F067FA044698B913F070F90D4812F08D
:10803000CDFF054660B1043012F089FFC30704D5B7
:108040002C7203212846FFF7FBF92846FFF7A2F917
:10805000204638BDE40400205C1300206813002093
:1080600074130020F00B00200346024A024801214D
:1080700012F0F1BA9F06020008DE010080B500AFE1
:1080800088B06A46074BCDE90530032342F8103F1C
:10809000054800234FF4C251FBF740FB6FF00B0083
:1080A000BD4680BDC706020008DE010008B5064ACD
:1080B000136823B9054850600A60184608BDFFF7E9
:1080C000DDFF6FF00B00F9E7881300203CE40100AE
:1080D00070B5044652EA030008D0FCF7F9F9074DE1
:1080E000074ED5F880503058854201D10022134602
:1080F00020460431BDE87040FFF7D8BA10110020C7
:108100000800000038B5054618462B68DBB19B7A9D
:10811000072B18D10B7A012B07D00C4A0C480121F0
:1081200012F099FA6FF0150038BDCB7A072BF9D908
:10813000C8618A6105F1300014F0F4FF284613F09D
:1081400013F80020F0E76FF07F00EDE7EE06020085
:1081500008DE01002DE9F84FD0F8B04000AF8846A6
:10816000914644B1403C236B63B92068B03013F0B2
:108170001AF8246CF5E7FDF731FB00263046BD46C2
:10818000BDE8F88F04F1300A504614F0F0FF0546C0
:108190000028F0D012F066FD80B16C4688B06A46C7
:1081A0002A4BCDE90535032342F8103F2848002328
:1081B0004FF4C251FBF7B2FAA546DEE7284612F0AB
:1081C000E0FB656C06469DB9A38C058A403B9BB2DB
:1081D0003F2B03D8238D9D4228BF1D46042106F165
:1081E0000C0012F036FC0580A38C438004356564D6
:1081F000454520D8B6F810B0AB4506D10022002383
:1082000050460FF033F8FCF7C7FBA38CA3F14002F4
:108210003F2A07D8AB4514BF00220E4AB26118BFEF
:108220001346F3612068B03012F0BDFF236B13B129
:10823000204612F099FF636CC9F80030984534BFAE
:10824000A3EB08010021616498E700BF0607020064
:1082500008DE0100BDB20100F7B5284D284F0446E5
:108260000026BD4201D303B0F0BD2988204613F09B
:108270001BF86B68019001A920469847002838DB5D
:10828000019B2A889A829A8403F11002BFF35B8FC4
:1082900052E8001F42E800600028F9D1BFF35B8F6D
:1082A0001E645E649E60A16B03F1080219BBC4E901
:1082B0000D221C60DE6003F1300014F005FF019810
:1082C00043681B6803B19847019BBFF35B8F103372
:1082D00053E8001F41F0010143E80012002AF7D1E2
:1082E000BFF35B8F01984368DB6913B100F11001A4
:1082F00098470835B5E70A60A263DAE768DD010050
:1083000080DD01007FB50D460646042105F10C0015
:1083100012F0B8FB2A8A43889342044608D000939F
:108320001346444A4448012112F09FF904B070BD3D
:10833000417839B9414A01213F4804B0BDE8704055
:1083400012F080B90278122A22D0132A1AD0012AF8
:10835000ECD0394813460221394A12F07CF9617891
:1083600035680222012012F085FF04460028DDD086
:1083700002210C3012F04CFB0023037043702146A5
:10838000284624E0022BD1D0022200922D4AC9E7D0
:10839000082B03D0082200922B4AC3E73468A37A43
:1083A000072B02D0294A0221C6E7E378A3B10222B3
:1083B000012012F05FFF05460028B7D002210C30E3
:1083C00012F026FB0023037043702946204604B0B8
:1083D000BDE8704012F07FBFEB681A88ADF8082046
:1083E0005A88ADF80A209A88ADF80C20DB88ADF8E1
:1083F0000E300222132012F03DFF0546002895D0D2
:1084000002A92046FFF778FB0221064605F10C0081
:1084100012F0FEFA86F00103DBB203802946204603
:1084200012F059FF002E81D002A9204612F072FEF0
:108430007CE700BF1E07020008DE01003F070200C4
:10844000CB070200600702008B070200BD07020095
:1084500008B50B8A032B06D8044A0548012112F0FF
:10846000F1F8002008BDFFF74DFFFAE7F30702001F
:1084700008DE010038B50B8A032B05460C4609D8E7
:108480000F4A1048012112F0DDF82046BDE83840BF
:10849000FCF782BA042104F10C0012F0F3FA4188CF
:1084A000284612F029FF30B9074A06480B46022138
:1084B00012F0D1F8E9E7436821465B699847E4E7A1
:1084C0001108020008DE01002E08020070B5144AEF
:1084D000137801330C4613F0FF010CBF01230B4648
:1084E0001370064608BF19460822122012F0C2FE79
:1084F000054688B108210C3012F08AFA22880280E1
:1085000062884280A2888280E288C2802946304602
:10851000BDE8704012F0DFBE6FF00B0070BD00BF11
:108520009526002023281FD81A2804D8431E182B6C
:108530000ED906207047A0F11B03082B1ED8DFE8D8
:1085400003F0051D1B231D19251D05000320704781
:108550000F4A012383401A40C2B90E4A1A40002A2A
:108560000CBF06200120704700F07F03522B05D17D
:1085700000207047012070470520704710F0400F21
:1085800014BF002006207047042070470220704767
:10859000AAAA8A02545545012DE9F74F0646084616
:1085A0000C46FCF759F92E4F18234343FA18054699
:1085B00091680191E168BFF35B8FF06CBFF35B8F53
:1085C000C0070AD4274A2848012112F0C2FE6FF0E2
:1085D0001509484603B0BDE8F08FE06800781071D7
:1085E0000022FA500B78D22B0FD13368214618683D
:1085F00013F07CFF814640B11C4A1B48012112F058
:10860000A8FE2046FCF7C8F9E3E7182303FB05732F
:10861000D4F80C80D4F814B0B4F810A09E600023F5
:108620001A462146301DFFF76DFD81460028D0D047
:1086300010F1690F04D10E4A0B48012112F089FE96
:108640006269019BA4F810A0A8EB0B0812FA88F24B
:10865000E260182255437A1947F805909360B8E70D
:10866000D81300206A080200B0DD0100840802006F
:108670009708020008B5EFF31181202383F31288D5
:10868000BFF36F8F002303600F4B5A68C2B9C3E971
:10869000000081F31188BFF36F8F0C480EF0EEFFDE
:1086A000031E0CDA0A4A0B48012111F0D4FF002303
:1086B00083F31188BFF36F8F0323184602DF08BDD1
:1086C00010605860E5E700BFD01300208002002052
:1086D000BA080200B0DD0100094B9A68011F9142FF
:1086E00004BF00229A601A6A0648914204BF002221
:1086F0001A629A6B914204BF00229A6314F025BC5F
:10870000D81300208C040020024A0348012112F0F3
:1087100020BE00BFE3080200B0DD010010B500F18B
:1087200048030446BFF35B8F53E8001F41F001018B
:1087300043E80012002AF7D1BFF35B8F201F12F02D
:1087400031FE04F16400044914F026FE2068BDE8FF
:10875000104002F043BB00BF8197000073B50E4686
:10876000438D418B8B4202F1010228BF0B469A4296
:10877000054609D91E48009202211E4A11F075FFD4
:108780000024204602B070BD3046FFF7CBFE6FF0EC
:108790001403034113F0010310D0FBF799FE164BAD
:1087A0001958164BD3F8803099421ED0144B1B68D1
:1087B0005A1A18BF4FF0FF32134601E04FF47022EF
:1087C00010480021FFF784FC04460028D9D0FCF7AC
:1087D00043F80D4B182202FB0033012104F10C0079
:1087E0009D6012F015F90670CBE70022E4E700BFA8
:1087F000B0DD010000090200080000001011002097
:108800002014002018050020D813002070B504465D
:1088100001F10C000D4612F045F926682B8AEA6832
:108820000146306813F012FE1E2100222046FFF799
:1088300095FF014630B9054A0548012112F089FD2E
:10884000002070BD204612F09FFDF9E725090200C7
:10885000B0DD0100F0B51D4603680E46003987B053
:10886000044618BF01211868174613F000FE40B9EE
:1088700004F14C0012F0CBFE002846D0002007B0D7
:10888000F0BD002D43D018220021684614F00AFFE5
:108890006FB1002213212046FFF760FF019030B92D
:1088A0001C481D4A012112F054FD1120E7E72368FE
:1088B0001A4A1B6800930023ADF812300C9B0393F7
:1088C000BDF83430ADF8103001238DF8143029464E
:1088D0006B4628468DF8086012F03DFE9DF8143076
:1088E00063B1002FCAD00198FCF756F89DF81430F8
:1088F0002A463146204612F099FEBFE70199002929
:10890000BCD0204612F040FDB8E71220B7E70120A6
:10891000B5E700BFB0DD0100420902000DB401005F
:108920002DE9F3410B8A04460D4643B9294A2A48EA
:10893000012112F00EFD002002B0BDE8F0810768B1
:10894000012105F10C0012F09DF8BB7A072B0646B9
:10895000F1D154F8043C002BEDD003781F4F043CB8
:10896000002217F8320098424FEAC20807EBC20112
:1089700014D12A8A4878904226D9174800930121B9
:108980001346174A11F071FE04234744BA78012AAE
:10899000D1D1002BCFD03178002211E001321C2A36
:1089A000DFD1104A0C48022111F055FE31780846FB
:1089B000FFF7B8FD2122C24012F00102BBD106230D
:1089C000204612F033FEB6E74B682046294698470A
:1089D0000346DAE75B090200B0DD010064E4010050
:1089E0009009020076090200F8B54FF4702207469C
:1089F000002311480D4611F095FF044638B90F4A7F
:108A00000F482B46012111F026FE2046F8BD00F14B
:108A10000C060921304611F0F0FF2046FBF71CFF41
:108A2000084B182202FB0033012130469F6011F0F1
:108A3000EFFF0570E9E700BF180500209F06020060
:108A4000B0DD0100D81300202DE9F0410E8A043E6C
:108A5000F6B2022E04468CB0084601D0102E64D126
:108A600004210C3012F00EF80DF108080588478833
:108A7000011D3246404612F065F8002857D0A5B3D4
:108A800000268FB3AF4230D34FF4205301A94046A4
:108A90008DF80460ADF8063012F027F848BB1422B8
:108AA000002107A814F0FEFD11212046FFF79CFFCE
:108AB0000990002837D001210C30CDE9074811F08A
:108AC000A7FF00230A90394603701A4A0B932846E1
:108AD00007AB12F040FDDDE909131B78FBB908462E
:108AE000FBF75AFF0A2301E03D4601232A461021E5
:108AF0000EE042F6010307A940468DF81C60ADF870
:108B00001E3011F0F2FF0028C9D010232A46194662
:108B1000204612F08BFD00200CB0BDE8F08120460D
:108B200012F032FCF7E71120F6E70420F4E70E20FC
:108B3000F2E700BF8D9000002DE9FF410368044675
:108B40000D461868012113F092FC40B904F14C0065
:108B500012F05DFDA0BB122004B0BDE8F081102230
:108B60000021684614F09EFD21212046FFF73CFFBE
:108B7000029038B3009405F10C074FF001082B8ADE
:108B8000012B04D80299204612F0FEFB18E038466B
:108B900011F088FF6B460C4A8DF80C8001460646A2
:108BA00012F0D9FC9DF80C30002BE8D00298FBF7AE
:108BB000F3FE9DF80C3032462021204612F036FD9F
:108BC0000020C9E71120C7E79DB801002DE9FF414A
:108BD000036804460D461868012113F048FC40B9AB
:108BE00004F14C0012F013FDA0BB122004B0BDE84C
:108BF000F08110220021684614F054FD0F21204618
:108C0000FFF7F2FE029038B3009405F10C074FF025
:108C100001082B8A012B04D80299204612F0B4FBDC
:108C200018E0384611F03EFF6B460C4A8DF80C8078
:108C30000146064612F08FFC9DF80C30002BE8D060
:108C40000298FBF7A9FE9DF80C3032460E21204613
:108C500012F0ECFC0020C9E71120C7E721B90100A0
:108C6000F0B51D46036885B004460E46186801211C
:108C7000174613F0FCFB38B904F14C0012F0C7FCA6
:108C800050BB122005B0F0BD65B31022002168462C
:108C900014F008FD39462046FFF7A6FE029018B3EF
:108CA000BDF82830ADF8043001238DF80C3029468A
:108CB0006B460E4A0094284612F04DFC9DF80C308D
:108CC00002995BB10846FBF767FE9DF80C302A4617
:108CD0003146204612F0AAFC0020D3E7204612F0CD
:108CE00053FBF9E70120CDE71120CBE721B90100C3
:108CF0002DE9F0410E8A043EF6B2022E04468CB0F5
:108D0000084601D0102E76D104210C3011F0BAFEA5
:108D10000DF1040805884788011D3246404611F0D0
:108D200011FF002869D085B377B3BD422DD86068A4
:108D3000012113F09CFB064678BB8DF8000042F63B
:108D4000020369464046ADF8023011F0CEFE20B372
:108D500042F6030306A940468DF81860ADF81A30B4
:108D600011F0C3FEC8B1012D03D14FF6FF739F422E
:108D700013D004F14C0012F04AFC002814BF00206C
:108D800012200CB0BDE8F0813D4601232A4608219F
:108D9000204612F04BFC0020F3E7182200210DEBD7
:108DA000020014F07FFC09212046FFF71DFE089009
:108DB000F8B101210C30CDE9064811F029FE00235D
:108DC000099003700A238DF82C30394606AB0C4A03
:108DD000284612F0C0FB9DF82C3008992BB10846AC
:108DE000FBF7DAFD9DF82C30D0E7204612F0CCFAE4
:108DF000D1E71120C5E70420C3E70E20C1E700BF7B
:108E0000459100002DE9F0430F4687B00446062146
:108E100007F10C0011F036FE0588EDB1B0F80280C4
:108E2000B8F1000F17D0454516D8002382888DF879
:108E300000308DF8043001A94FF420536846D7F86C
:108E40000C90ADF80220ADF8063011F04EFE06464B
:108E500060B10A2301E0454601232A460621204647
:108E600012F0E4FB002007B0BDE8F08301461422B5
:108E700001A83F7C14F016FC07212046FFF7B4FD43
:108E80000290D8B10A238DF81530414601AB0C4A47
:108E900001942846CDE903698DF8147012F05BFB4C
:108EA0009DF8153002992BB10846FBF775FD9DF82A
:108EB0001530D2E7204612F067FAD3E71120D2E747
:108EC000318F00007FB5CB681D8804468DB15E8868
:108ED00076B1B5420DD810220021684614F0E2FBAD
:108EE00005212046FFF780FD019058B9112007E0C9
:108EF000354601232A460421204612F097FB002024
:108F000004B070BD6B463146084A0094284612F002
:108F100022FBDDE9011323B90846FBF73DFD0A23D7
:108F2000E8E7204612F030FAE9E700BF7FB401001D
:108F30002DE9F04391B0D2F8008006460F46002597
:108F400042F601030068D8F804908DF82C500BA964
:108F50001446ADF82E3011F0C8FD00286DD04FF446
:108F6000205330688DF82C500BA9ADF82E3011F03D
:108F7000BCFD38B1A3681BB15A88BA4200D25F80E9
:108F8000012010E06168084612F0CBF9B8F82A20F9
:108F9000B8F81A309A4294BFC0EB0200C0EB03004D
:108FA000032803D8002011B0BDE8F083084611F073
:108FB000EFFC61680546084612F0B3F96B8A2A8A0D
:108FC000A3EB020C6B69EA68D21AACEB0203B8F8A7
:108FD0002AC0B8F81A20944594BFC0EB0C00C0EB2F
:108FE0000200834228BF03466BB9887AFBF72CFC4A
:108FF0000022002311F096FC05460028D2D001463D
:10900000606811F0D6FC00230093D6F80480314646
:10901000102302AA4846C047061E0EDB227CE068E9
:10902000964227D001460BA811F08CFD40B9237C55
:10903000134A1448022111F00EFB0023A3609FE79E
:10904000F2B202A906A811F07DFD10B90E4A33460E
:10905000EFE706A90BA811F048FD0028EDD1002389
:109060006374042105F10C0011F0D2FCA0600780AC
:10907000A36884E7324602A914F01CFBEDE700BFA9
:10908000AF090200B0DD0100CE0902002DE9FF4169
:1090900005460E464FF000084FF42053006817684D
:1090A0008DF8088002A91446ADF80A3011F01DFDB4
:1090B000A0B142F6010328688DF80C8003A9ADF831
:1090C0000E3011F012FD48B123691BB15A88B2422B
:1090D00000D25E80012004B0BDE8F081616828689C
:1090E00011F003FD10B100232361F3E7E368A068EA
:1090F0001A786AB1B7F81AC0798D038A8C4594BF83
:10910000C3EB0C03C3EB0103934201DA0020E2E757
:1091100004210C3011F07CFC2061068023695E8004
:10912000074B00930194A26800232946384612F0A9
:109130002CFB0028EADB2069003818BF0120CAE7B1
:1091400037B501002DE9F3471768054689460068E1
:109150005168D7F804A0144611F0C7FC80460028D7
:109160004BD195222946504613F055F806462075F6
:1091700040B1E3681B780BB184F81480002002B082
:10918000BDE8F0872946504613F073F910B908235B
:109190002375F3E7A068267511F0FAFB02210C3065
:1091A00011F036FC164B2061A0F80090009301945A
:1091B000A26833462946384612F0E7FA002807DA53
:1091C00010F1FF0F26BF4042C0B20E202075D5E738
:1091D0002369002BD2D0A06812F0A3F87B8D7A8B84
:1091E0009A4294BFC0EB0200C0EB0300E3681B7817
:1091F000984294BF00200120C1E70120BFE700BFD3
:1092000033B301002DE9F04182B000AF0446884637
:109210003E480022002339460DF038FF0546B0B124
:109220006D4688B06A463A4BCDE90534032342F8CF
:10923000103F384800234FF4C251FAF76FFAAD4699
:109240006FF00B0630460837BD46BDE8F081FBF7EE
:109250003FF9314B1A58314B38681A60294624229D
:1092600014F020FA3B682E481C603C687D60C4E91D
:109270000155C4E9075500220023391D0DF006FFF2
:10928000064688B123686C4688B06A462549CDE910
:109290000513032342F8103F1E482B464FF4C451D8
:1092A000FAF73CFAA546CBE70146A022786814F00D
:1092B000F9F978681C4B8360543013F005FF7B6824
:1092C000BFF35B8F4C3353E8002F43E80061002964
:1092D000F9D1BFF35B8F7B681C60E3697D681BB9C4
:1092E00004F10C0013F0F0FEE269C5F89820226A40
:1092F00005F19803E36102B923627B6817225A855E
:109300005A830433C8F800309CE700BF7004002083
:10931000ED090200B0DD010008000000201400206B
:109320008C040020120A02005802002008B5837A3B
:10933000072B06D00C4A02210C4812F00AF8002034
:1093400008BD042111F0D8FF10B9094A0121F3E743
:10935000BFF35B8F836CBFF35B8FDB0701D4054AE0
:10936000F4E750F8040CEBE7BD070200B0DD0100A4
:10937000370A02006A0802002DE9F04F85B000AFFD
:10938000B860EFF31188202383F31288BFF36F8F47
:109390005B4D284611F0BBFF2E68044688F3118808
:1093A000BFF36F8F00285FD0FBF756FA554918229C
:1093B00002FB00F3C81851F803A00369FB60002109
:1093C000D0E9025890F80490B0F806B014F06AF9A9
:1093D000A07AFBF739FA6169034659B1627AD0077E
:1093E00006D4DA697B6012682046926890477B68F1
:1093F000002262612146184613F0A7FEB9F1000F62
:109400000DD065B12B6853B11B6843B1BAF1000FA1
:109410002ED03D4A3D485346012111F01CF91EB3A0
:10942000B968002013F087FF00281DDA6C468AB067
:109430006A46374B0593374BCDE906304FF400733E
:10944000ADF82030344B42F8103F304800234FF441
:109450001151FAF763F90023A54683F31188BFF38E
:109460006F8F0323184602DF1437BD46BDE8F08F27
:10947000281D12F085FA4846FFF754F80528CED883
:1094800001A353F820F000BFD1940000A194000084
:109490001F940000D19400001F940000A1940000CC
:1094A000BFF35B8FEB6CBFF35B8FDA0705D41B4A0E
:1094B0001648012111F04DFFB1E72B6D002BAED006
:1094C0004FF47022002305F168000EF07FF9A6E743
:1094D0002B68D3F80090BFF35B8FEB6CBFF35B8F0F
:1094E000DB07E4D5B8F1000F99D0002403E0F96858
:1094F0004846C0470134A3B29B45F8D88FE700BF68
:10950000D0130020D8130020520A0200B0DD010061
:10951000710A0200970F0200040000016A080200AD
:10952000F8B50F461646FFF701FFB0B1C4692046F3
:109530001CB150F8984904B1983C731C194638B1D5
:10954000428B458DAA4228BF2A469A4207D264B967
:109550000A4A0B48022111F07EF80020F8BD32467D
:109560003946BDE8F840FFF7F9B8D4F8985005B18E
:10957000983D20460B462C46E2E700BF8C0A0200CD
:10958000B0DD010007B50B4602460021FAF7A0FF47
:1095900001910E4909580E480068884204D00D48D0
:1095A000D0F88000884201D10022134601A90A4860
:1095B0000DF06CFD014638B90198102214F072F8D4
:1095C000019803B05DF804FB0020FAE708000000F2
:1095D0002014002010110020A804002010B500F174
:1095E000080304460022BFF35B8F53E8000F43E8F3
:1095F00000210029F9D1BFF35B8F08B1FBF7CCF94B
:1096000021460248BDE8104013F09FBCA80400208A
:109610002DE9F743044668300F4690461E4613F086
:10962000C9FE206D50B9154A1548022111F091FE6E
:10963000204603B0BDE8F04300F08AB8114B9842D1
:109640004FF0000317D045684360206DD0F80C90B0
:10965000FFF7C4FF00232068236512F0C6F93DB16F
:109660002068CDF80090006843463A463146A84746
:1096700003B0BDE8F0831D46ECE700BFA70A020077
:10968000B0DD010024140020F7B550F8044C054665
:10969000002C59D000F1940104F11C0011F09EFF40
:1096A0002E1F05F150070022002338460DF0DEFD85
:1096B000024678BBEB6C2BB101466FF06703304676
:1096C000FFF7A6FF002345F8043C05F14803BFF36C
:1096D0005B8F53E8001F21F0010143E80012002ACC
:1096E000F7D1BFF35B8FE36973BB04F10C06002273
:1096F000002330460DF0BAFD78B9666886B9134884
:109700002660214613F021FC286803B0BDE8F04034
:1097100001F094BBFBF740F9C5E7FBF73DF9E6E73D
:10972000A26833686360964208BFA36077683FB160
:10973000F3680093002320681A466FF06701B8476A
:109740003046FFF74BFFD8E703B0F0BD70040020B0
:1097500010B504460430FFF797FF6068132111F03D
:1097600060FC034630B1044A0448BDE810400121C2
:1097700010F071BF10BD00BFBE0A0200B0DD0100D5
:10978000F0B5044689B054F8683D00AF1968384612
:10979000FEF7BAFA6E4688B06A460B4BCDE905373C
:1097A0004FF40073ADF81C30084B42F8103F002313
:1097B0004FF4E2510648F9F7B1FF2046B546FFF7EE
:1097C000C7FF2437BD46F0BDDC0A020003000001DC
:1097D000B0DD010008B5036D6BB1084A93420AD0B1
:1097E000CB68DB78002B08BF0E2300221146FFF761
:1097F0000FFF002008BD0E23F7E700BF2414002050
:1098000010B50C4608B301B3FFF790FDE8B1C3698A
:109810003BB153F8982902B1983A196D8C4206D0A1
:1098200062B90430214611F0D9FE204602E0074A11
:109830001A652046BDE81040FFF7D0BED2F8981058
:1098400001B1983913460A46E7E710BD24140020F9
:10985000F8B51D460F461646FAF7FEFF044C1823CE
:1098600003FB0040C0E903760123C3800575F8BD02
:10987000D813002010B5074C2378834207D1601C11
:1098800012F0C7F9002814BF2046002010BD0020A8
:10989000FCE700BFEA25002038B50C4619466BB13D
:1098A00003F114055B698AB9E268A360954200D1AF
:1098B000E36000230D684B611A46A847A3685BB9B3
:1098C000601C0649BDE8384012F0ADB91360E3688A
:1098D0009D4208BFE260ECE738BD00BF3E0F0200CA
:1098E00010B54A1C0C4628B1097811F0F3FB30B1D1
:1098F000204610BD0349104612F08BF9F7E700200F
:10990000F7E700BF3E0F020008B530B90749084825
:1099100012F07FF938B1074808BD054A12F8011C5A
:1099200011F0D8FBF6E70020F6E700BF3E0F02007B
:1099300059140020581400202DE9F04180460F46AC
:1099400016461D46FFF796FF044680B91249FFF7F9
:1099500091FF044630B9114A1148BDE8F041012198
:1099600012F05FB900F8018B394612F05CF92389D7
:109970002BB962892AB926816581BDE8F0819E42B2
:1099800004D36289AA42F8D29E42F5D26389268125
:10999000AB42F2D2F0E700BF3E0F02000F0B020015
:1099A000F0DD010010B50D49BFF35B8F51E8003FBA
:1099B00023F0020341E80032002AF7D1BFF35B8FA6
:1099C000084612F020F9C30707D5BDE81040002271
:1099D0000023A1F130000DF0F9BE10BD080D0020EC
:1099E0002DE9F041214B154682689A42074602D183
:1099F000C4686389E3B90120BDE8F08105F170080E
:109A0000287A414611F0A4F968B9194B9C4202D159
:109A1000284612F0E1FA1749304612F004F9002303
:109A20002370238119E04146304612F0FCF814E01F
:109A3000238993B12646284616F8011B324611F0B9
:109A400049FB0028DAD120783146FEF7BBF820B177
:109A5000857AFDF79FFC072DCDD0E3680021618159
:109A6000002BC8D038469847C5E700BFA99A000028
:109A7000980200203E0F020073B50C4605460821EF
:109A800004F11000164612F0D7F812230422CDE993
:109A900000323146034B2246284612F0C3FA02B088
:109AA00070BD00BF9BBE01002DE9F8431E46BDF806
:109AB0002030D1F80C8081460F46002B45D1731E13
:109AC000012B45D8012E41460CBF15781588FFF7AC
:109AD00007FF0446C0B915B93046BDE8F8834146D2
:109AE000FFF7FEFE044638B91B481C4A022112F05B
:109AF00098F86FF01000F0E709F17001013012F0F2
:109B000092F899F808302370D8F810308BB9258175
:109B1000B8F80A30AB4203D04146384612F09BF801
:109B2000002DD9D10E49601C12F07DF825702581D9
:109B3000D2E72A463946484698470028CDDB013807
:109B40000128E4D96FF00D00C7E76FF00600C4E705
:109B50006FF00C00C1E700BFF0DD01002E0B02002A
:109B60003E0F020010B51048012112F065F8C3073E
:109B700019D402210C4812F05FF8084007D10B49B4
:109B80000B4A0B880B4CA24207D300B10B80BDE8F7
:109B900010400949094813F0FFBB506803449BB2C9
:109BA00008320120EFE710BD4C140020F6250020FC
:109BB00098DD0100A8DD010011A00000D80C0020F4
:109BC0002DE9F041034648B1008A38B91249DFF85F
:109BD0004CE001244FF0140C714501D3BDE8F08135
:109BE000D1E90076BB4204D30CFB0672143A9342CF
:109BF0000ED93444A2B208311446EDE70CFB0578C7
:109C0000434507D001356219AE4292B2F6D1F2E770
:109C10000025F8E71046E1E798DD0100A8DD010026
:109C20002DE9F74FBDF83050009199464FF6FF737C
:109C3000002D08BF1D46244B1B88834207469046D3
:109C40003CD203B0BDE8F08F73682344BB4232D2EC
:109C50009CB208361D4B9E42F6D3F2E78958019319
:109C6000404610F042FF019B90B101340AF1010A15
:109C7000A4B273685345ECD9009B9C42E1D8BC4226
:109C8000F3D331680BFB0AF28B18B8F1000FE5D162
:109C9000B9F1000F0BD1013DADB218460E9A0D9BE4
:109CA00021469847002DCCD00028DED1C9E7DA68DC
:109CB0009145DAD1EFE74FF0000ADAE7044E0124CC
:109CC0004FF0140BC6E700BFF6250020A8DD010009
:109CD00098DD010007B500230193FFF771FF411CD8
:109CE00089B20846034A01AB12F075FA019803B035
:109CF0005DF804FBCBBB01002DE9F04387B0837A0C
:109D0000072B02AF80460C46154640F0A680002384
:109D10003B73206842F6030307F10C01FB8110F04E
:109D2000E4FE0646002834D1D4F80490B9F1000FBF
:109D300005D14C4A4C48012111F073FF8DE00123FD
:109D4000009007F108022146C847031E11DA6D464C
:109D500088B002AA4549D3610423C2E9051442F838
:109D6000103F414833464FF40151F9F7D7FCAD4657
:109D700073E0012B05D03E4A3B48012111F05AFF08
:109D80006BE03B7A13F0300F67D02046FFF7A2FF5D
:109D90000446002320683B7307F10C0142F60213CE
:109DA000FB8110F0A2FE18B12046FFF793FF044696
:109DB000002642F6021920683E703946A7F8029044
:109DC00010F093FE18BB002320683B7307F10C01D1
:109DD00042F60213FB8110F088FE064600283CD1B3
:109DE000D4F80490B9F1000FA3D00090022307F13A
:109DF0000C0221464046C847031EA8DB022BBAD1FD
:109E0000BB8905EA0300003818BF012026E020685E
:109E10003E7142F60303391DFB8010F066FE0028F8
:109E2000D1D020683E724FF4205307F108017B81A6
:109E300010F05BFE0028C6D020683E7342F6010396
:109E400007F10C01FB8110F050FE0028BBD020462A
:109E5000FFF740FF04460028ADD100201437BD466F
:109E6000BDE8F083480B0200F0DD01005C0B02004E
:109E7000820B02002DE9F84389465168B1F812803F
:109E800018F09408074615463CD10222FFF734FF2C
:109E900000283AD04FF470200021AE8AFFF772FB01
:109EA0000236044660B11A4B4360C56032461D213C
:109EB0003846FFF735FB064638B92046FFF78EFBDC
:109EC0006FF00B052846BDE8F88301234246414662
:109ED000FFF7BEFCA98A06F10C00023110F098FDD4
:109EE00020F8029BAA8A296913F0CEFBA6602146BE
:109EF000384611F033FE05460028E3D02046FFF730
:109F00006DFBDFE74FF0FF35DCE76FF01505D9E7B4
:109F1000D1BB010070B505468AB03A4811F073FE16
:109F200042070C4667D515B1AB7A072B66D1666838
:109F300005963046FFF744FE2268ADF81800002A67
:109F40002FD005A9029130490191012100230091F0
:109F50004FF6FF710593FFF763FE059E1EB96FF084
:109F600001000AB070BD6660002330688DF81030C3
:109F700004A942F60303ADF8123010F0B6FD40B963
:109F80000598C3689B799B0608D512F0D5F8ADF803
:109F90001800059812F02AF9606028B96FF01500D2
:109FA000DFE70028E0D1DAE7BDF818003DB1012372
:109FB0000146A37522462846FFF75CFFD1E76FF004
:109FC0007F0307930223ADF8203042F60213ADF869
:109FD000123005ABA57502930C4B0193012300933E
:109FE00004AA2B464FF6FF7109948DF81050FFF725
:109FF00017FE0798B5E76FF00A00B2E76FF07F0031
:10A00000AFE700BFD4000020FFBB010061A100004A
:10A0100013B550F8082C01920346A0F1200100F17D
:10A020003004BFF35B8F54E8002F22F0010244E8B4
:10A0300000200028F7D1BFF35B8F0D4A43F81C2C9A
:10A040000C4A43F8182C01AA002043F8102C0422D3
:10A0500023F8080C23F8060C23F80C2CFFF75AFF02
:10A0600018B90221204611F0E7FD02B010BD00BF73
:10A0700080E50100A5990000F8B5304B8168994250
:10A0800000AF044621D1C66815683389EBB132466A
:10A09000284612F8011B11F01DF8B0B14FF495726B
:10A0A0002146284612F0B7F8032811D16D4688B032
:10A0B0006A46234BCDE9053442F8100F21480023AE
:10A0C0004FF4C451F9F72AFBAD460120BD46F8BD57
:10A0D0003146204611F0BFFD1B4B9E42F5D1287A38
:10A0E00005F17001FFF7C6FB04460028EDD0038997
:10A0F00013B94389002BE8D02846FDF7CBFA134B60
:10A10000228923F8202003EB8003628910495A80BA
:10A11000182202FB00110F4A4A600B610E4A8A6046
:10A12000042328468B82FFF7F5FE0028CDD00B4A8A
:10A130000448012111F075FDC7E700BFA99A00008E
:10A140009B0B0200F0DD010098020020E6250020B4
:10A150003414002080E50100B7BD0100AF0B020000
:10A16000F8B5364B154682689A42044601D0012064
:10A17000F8BDC768324B9F4246D03A89AB899A42B4
:10A18000F5D1394611F8010BFDF71CFD06460028F4
:10A19000EDD0837A072B05D0FDF7FCF8E7E7FDF754
:10A1A000F9F8EAE77B6923B12146984708B93046B8
:10A1B000F2E7648A14F09404F9D1AB89022B16D12A
:10A1C0003C8914F002040AD02A69A9883046FFF7B6
:10A1D00051FE044618B92A69937D013393753046C0
:10A1E000FDF7D8F8002CAC60C1DA0020C0E7012BE5
:10A1F000F5D13C8914F00104F1D02A69A9883046D0
:10A2000012F027F80446EAE70E4E0F49304611F0E7
:10A2100000FD0028B1D116F8010C07223146FDF7E8
:10A2200051FD0028BBD12B6916F8010C1A69314683
:10A2300053881288FFF780FB9FE700BFA99A0000B0
:10A2400098020020EB2500203E0F020070B5837AB3
:10A25000072B86B005460C4640F0A1800B7C062BF0
:10A2600010D8DFE803F004045A5A629528000B68FE
:10A27000CBB11B784BB1022B13D04A4A4A4801217B
:10A2800011F0D8FC6FF0150009E0082301930623B4
:10A2900000934649464B2246284611F0C3FE06B0BD
:10A2A00070BD1623F2E710230421CDE900312246C8
:10A2B000404B4149F0E708680028E3D00678002EBB
:10A2C000E0D14FF4245302A98DF80860ADF80A30AC
:10A2D00010F00BFC08B342F6021320688DF80C60F6
:10A2E00003A9ADF80E3010F000FCB0B142F6031334
:10A2F00020688DF8106004A9ADF8123010F0F5FB5D
:10A3000058B142F6041320688DF8146005A9ADF821
:10A31000163010F0EAFB0028B4D108230422CDE95E
:10A3200000322649264B2246B6E7086880B300264D
:10A330004FF4205302A98DF80860ADF80A3010F0F0
:10A34000D4FB00289ED042F6010320688DF80C60F3
:10A3500003A9ADF80E3010F0C8FB002892D042F6E9
:10A36000020320688DF8106004A9ADF8123010F0D7
:10A37000BCFB002886D042F6030320688DF81460E9
:10A3800005A9ADF8163010F0B0FB00283FF47AAF05
:10A390000423CDE900330B490B4B22467CE76FF0D9
:10A3A0007F007CE7CC0B0200F0DD0100F9C2010068
:10A3B0004FBE0100DFBC0100CDA30000F1A40000EE
:10A3C0000FBD010069A800009BBC01002DE9F0470A
:10A3D0008EB00646169D17461C4631B16B682A465C
:10A3E00000210EB0BDE8F047184763B93D4A3E482A
:10A3F000022111F016FC6B682A460021304698476E
:10A400000EB0BDE8F0871378062B08D0142B05D0CA
:10A41000364A3548012111F00DFCECE70221013CE0
:10A420004FF000088DF81010A4B207F1010AC146E0
:10A430009C420CD2002CDED1B8F1000FDBD02A46B2
:10A44000414630460EB0BDE8F04711F037BF142248
:10A45000002109A813F026F9BAF8002093B2002BC6
:10A46000C9D0BAF802101FFA81F8B8F1000FC2D0B3
:10A470004345C0D89DF8103013B3022B25D02B7C58
:10A48000ADF80C10002B42F6010308BF4FF4205327
:10A49000ADF8063004AB029301AB099302ABADF803
:10A4A00034200C938DF804906B682A4609A9304635
:10A4B00098470028A4D03B78E41AA4B29A44B7E79E
:10A4C000BAF80430ADF81230D9E70AF104030DF1FF
:10A4D00011000AF1140C53F804EB40F804EB634547
:10A4E000F9D1CCE7E10B0200F0DD0100EB0B02003B
:10A4F0002DE9F04F93B017461C9D80461C460A4636
:10A5000031B16B682A46002113B0BDE8F04F1847FF
:10A51000297C022940F083804BB99B4A9B4811F06B
:10A5200080FB6B682A460021404698475BE03B78F9
:10A53000062B08D0082B05D0954A9448012111F02C
:10A5400079FBEEE71146013C8DF82010A4B207F12B
:10A55000010B002642F6020A9C420BD2002CE0D1ED
:10A56000002EDED02A463146404613B0BDE8F04FFB
:10A5700011F0A4BEBBF800901FFA89F6002ED0D0CF
:10A58000BBF80200ADF81C009DF82020BBF80410B9
:10A59000ADF81E1062B1022A15D0296831B308A89F
:10A5A00010F0A3FA10B33B78E41AA4B29B44D3E7AB
:10A5B00008AA06929BF806209BF8071042EA01229F
:10A5C000ADF82220E9E70A236881A981A5F808905F
:10A5D0007049019200932A466F4B404611F022FDCC
:10A5E00086B2002EBED113B0BDE8F08F4FF000034D
:10A5F000102200210EA88DF81430ADF816A013F02B
:10A6000051F805AA0D9206AA10926B68ADF8449015
:10A610002A460DA9404698470028C4D1E3E70329FC
:10A6200066D113B9584A022178E73B78072B02D04C
:10A63000152B81D10222013C8DF82020A4B207F114
:10A64000010900260DF1200A9C4287D3B9F800B019
:10A650001FFA8BF6002E3FF464AF9DF8203063B1F3
:10A66000022B13D02968F1B1504610F03EFAD0B158
:10A670003B78E41AA4B29944E6E799F8053099F8D2
:10A68000062043EA0223ADF82230EBE709F1050387
:10A690000DF1210209F1150153F8040B42F8040BE6
:10A6A0008B42F9D1DEE799F80230B9F803208DF832
:10A6B0001E304FF00003ADF81C208DF8143010222E
:10A6C00042F6030300210EA8ADF81630CDF818A00D
:10A6D00012F0E8FF05AB0D9306AB1093ADF844B054
:10A6E0006B682A460DA9404698470028C0D17AE7F2
:10A6F0002A68167876B92BB9234A2448022111F02A
:10A7000090FA07E03B78012B09D8214A1F48022123
:10A7100011F090FA6B682A4600214046F4E6B2F840
:10A7200002A0013CA4B207F10109AAF5245A9C42F7
:10A7300004D2002CEED1002EECD013E7012C01D86E
:10A74000164ADAE7B9F800B01FFA8BF6002EE1D00E
:10A75000BAF1040FDED801A353F82AF071A7000064
:10A7600015A7000079A7000081A70000E9A7000055
:10A77000032C1BD80A4AC0E7032C17D8094ABCE7A8
:10A78000032C13D8084AB8E7E10B0200F0DD010002
:10A79000EB0B020031A8000087BC0100FF0B020098
:10A7A0000D0C02001B0C0200290C0200B9F802304B
:10A7B000ADF820302B680393102200210EA812F070
:10A7C00071FF039B0D9308AB1093ADF844B06B6819
:10A7D0002A460DA94046984700283FF404AF3B782D
:10A7E000E41AA4B29944A2E7082C01D80F4A84E7DE
:10A7F00099F802308DF8203099F803308DF8213027
:10A8000099F8052099F8043043EA0223ADF8223084
:10A8100099F806308DF8243099F8073099F8082017
:10A8200043EA0223ADF82630C4E700BF370C02002C
:10A8300070B5102B049C054611460BD0084A0948F8
:10A84000012111F0F7F96368224628460021BDE88E
:10A85000704018472246BDE8704011F099BD00BF16
:10A86000EB0B0200F0DD01002DE9F04F8FB0074641
:10A87000189D184629B953B9544A5548022111F078
:10A88000D0F96B682A460021384698479BE0137838
:10A89000012B07D0022B20D04E4A4D48012111F048
:10A8A000C9F9EEE70B464FF00409013880B248457C
:10A8B0008DF81030E5D3B0FBF9FB4FF00008541CC5
:10A8C000CDF80080C24604AEBBF1000F08D100995C
:10A8D0002A46384611F0F2FC75E04FF01209E4E721
:10A8E00023880193BDF804300093B8F1000F53D1D1
:10A8F0009DF81030002B37D0022B3CD0296800295E
:10A9000045D12B7C042B4DD14FF4205302A9304666
:10A910008DF808A0ADF80A3010F0E7F800283BD019
:10A9200042F6010303A930468DF80CA0ADF80E30B5
:10A9300010F0DBF880B342F6020309A930468DF827
:10A9400024A0ADF8263010F0D0F828B342F6030367
:10A9500009A930468DF824A0ADF8263010F0C5F8CE
:10A9600000BB4FF0010819E0A378E27843EA022324
:10A97000ADF81230C2E7A31C0DF1110204F112016F
:10A9800053F8040B42F8040B8B42F9D1B6E730467A
:10A9900010F0ABF80028B4D04FF000080BF1FF3BEB
:10A9A0004C4491E7102200210AA812F07BFEBDF86A
:10A9B0000430ADF8343009966B682A4609A9384648
:10A9C00098470028EAD10FB0BDE8F08FE10B0200F4
:10A9D000F0DD0100450C020007B5837A072B0A461B
:10A9E0002CD14B683BB908234FF0040ECDE9003E53
:10A9F000144B154909E0012B11D0097B5B00019331
:10AA000041B1202300931149114B11F00BFB03B00E
:10AA10005DF804FB0E2300930E490F4BF5E74B89BD
:10AA200033B10C234FF0040CCDE9003C0B4BE0E7B5
:10AA30000A230221CDE90031094BDAE76FF07F00EC
:10AA4000E5E700BF5BBF010065AA0000CDBD0100C6
:10AA500073BD010077BD01004BBD0100C7BC010003
:10AA6000B3BC01002DE9F04F83B002AF8046BC6A51
:10AA700091461D460E4641B96BB9256800230093E7
:10AA80002246F1B24046A8472EE0B1F5807F256806
:10AA900028BF0E26F2E76368002B6ED1013D2689A0
:10AAA000B4F80AB0ADB202F1010A002D4CD099F809
:10AAB0000030AB4228BF2B46012B0AD83D4A3E4806
:10AAC000022111F0B7F800230093256822460421E3
:10AAD000D8E7BAF80020023B91B29BB241B9374A9D
:10AAE0003548012111F09DF80437BD46BDE8F08FCF
:10AAF0008E4201D88B4517D26D468AB002AA304BE0
:10AB0000C2E905310523C2E9076B42F8103F2A4824
:10AB100000234FF42251F8F701FEAD4600230093C5
:10AB2000256822460E21ADE722810093D4F800C0AB
:10AB30000AF10203224600214046E0470028D3D014
:10AB400099F80030AB4206D921464046FFF744FF52
:10AB50000028C9DAE2E7238962899A4205D10023F5
:10AB600000932568224619468CE70133238199F822
:10AB70000030ED1AADB29A4497E700951346D4F829
:10AB800000C02246E0470028AED0238A013B9D4208
:10AB900003DA009625683346E4E763891D4465813E
:10ABA00021464046FFF718FF00289DDA00962568E9
:10ABB0003346B6E7570C0200F0DD01008F0C0200AF
:10ABC0009E0C020070B5837A072B06460D463DD1D8
:10ABD000FEF79AFE044658B9FEF796FE0446002892
:10ABE00037D006F17001013011F01DF8337A23706F
:10ABF000A36893B1143B00229D422DD01889298966
:10AC0000884205D19889A989884228BF42F001026B
:10AC10005B690BB1143BEFE772B9114A2946304624
:10AC2000FEF72AFF024638B1A3681BB90D49601C24
:10AC300010F0F9FF104670BDA2686A61E26805F184
:10AC40001403A36002B9E3600022F3E76FF07F0210
:10AC5000F0E76FF00B02EDE76FF07702EAE700BF75
:10AC6000C5BE01003E0F0200F8B5837A072B0646E9
:10AC70000C4643D1FEF748FE0546002841D08368C4
:10AC8000002B3ED00022143B17469C4209D0188965
:10AC90002189884208BF47F001075B691BB1143B5B
:10ACA000F3E70122F9E762B304F1100010F0ABFF03
:10ACB000430703D52146304611F0A9FB77B104F1D3
:10ACC000140105F1080011F063F9AB681BB90E49D6
:10ACD000681C10F0A8FF57B9002007E00B4AA781B5
:10ACE00021463046FEF7C8FE0028E8D0F8BD002314
:10ACF00025681A4621463046A847EDE76FF07F00E9
:10AD0000F4E76FF01500F1E73E0F0200C5BE010049
:10AD10002DE9F0478C68BDF820A00646904699467C
:10AD200024B154F8145905B1143D0CB9BDE8F087AD
:10AD30002389434511D1276853464A462146304668
:10AD4000B84750B921463046FFF78EFF034620B181
:10AD5000064A0748022110F06DFF2DB1696901B163
:10AD600014392C460D46E0E72946FAE7050D0200A6
:10AD7000F0DD0100F0B587B007460E461546FEF738
:10AD8000C3FD0446C8B12A46314603A80FF02FFE82
:10AD9000BDF81030042B10D9042103A80FF072FE67
:10ADA000BDF8101046880288B14208D2094A0A4804
:10ADB0000095334601210FF058FC07B0F0BD031D8C
:10ADC000214638460096FFF7A3FF314603A80FF04F
:10ADD00059FEDDE7240D0200F0DD010007B5064A4B
:10ADE00000906B4601204FF6FF718DF8040011F0C2
:10ADF000F2F903B05DF804FB79A000002DE9F04101
:10AE00000D4B1B6806460F46904623B153F8044984
:10AE100004B1043C0BB9BDE8F0811B681BB142468C
:10AE20003946304698472CB1656805B1043D234644
:10AE30002C46EFE72546FAE7501400202DE9F84F9D
:10AE4000264A034605464FF6FF71012011F0C3F96B
:10AE50002846FEF759FD064600283DD08468002CA0
:10AE60003AD054F8147907B1143F4FF0000805F1B7
:10AE70007009C24601E03C461F4604F1100BBFF3C7
:10AE80005B8F5BE8003F23F008034BE80032002AA9
:10AE9000F7D1BFF35B8F4946287A0FF059FF68B9A5
:10AEA000A4F80CA02346424631462846FEF7F4FC9F
:10AEB00097B17B69002BDED0143BDCE7584610F0DD
:10AEC000A2FEC307ECD473781BB14946701C10F086
:10AED000AAFE04F11408EBE7BDE8F88FE199000041
:10AEE000034B42689A4204BFC3681982704700BF8F
:10AEF00065AA00007FB54FF42052ADF8162004AAD1
:10AF000002920B4A00230120CDE900324FF6FF7177
:10AF100005AA04938DF81430FEF782FE049B012BE2
:10AF200014BF6FF01500002007B05DF804FB00BFF0
:10AF30007BC4010080B500AF88B06A46074BCDE9FD
:10AF40000530032342F8103F054800234FF4C25157
:10AF5000F8F7E4FB6FF00B00BD4680BD450D020025
:10AF600018DE010008B5064A136823B90548506089
:10AF70000A60184608BDFFF7DDFF6FF00B00F9E728
:10AF800068140020A8E5010000F1070C2CF0030C68
:10AF900010B4541E1860A4B2ACF80020023A93B268
:10AFA00001FB04F24FF0000C40F802C074B103FB47
:10AFB000011403FB01F22044121B4FF6FF7C013BFE
:10AFC0009BB263458050A0EB0100F8D110BC7047E4
:10AFD0000346006810B102680AB91A60704700F1B0
:10AFE000070C2CF0030CD11DBCF800C021F00301AC
:10AFF0000CF1FF3CA1F800C0EFE700BF0B687BB18C
:10B00000073323F003031A88013292B20346D1F8C2
:10B0100000C043F807CB23F003031A800860704791
:10B020000122F3E702FB0100704700BF401A90FBCA
:10B03000F2F080B2704700BF531E11449BB242B180
:10B04000DB430138CA1811F8013D00F8013F914275
:10B05000F9D17047014402E010F8013B1BB9884266
:10B06000FAD1002070470120704700BF10600860CF
:10B07000704700BF0A6803460068904205BF00227F
:10B080000A6000201A607047D2F800C0CCF80000B7
:10B09000D2F800C0CCF8041010607047884203D08A
:10B0A0001AB1436813607047002070470B688342F1
:10B0B00009D02AB1586810601A680A6018467047AB
:10B0C000002BF9D1FAE70023F8E700BF2DE9F84398
:10B0D0000E4EDFF83C904FF090080C2706F120044C
:10B0E00009EB08052A1D29462046083CFFF7BEFF4C
:10B0F000B442A5F10C05F5D1043F3B1DA8F1300881
:10B10000A4F12006EAD1BDE8F88300BF0C150020A9
:10B110005815002010B403468C469AB101EB41014A
:10B12000144803EB4304090101EB84010144487A0C
:10B130000C7AA04204BF0130087210BC6146184668
:10B140000AF0C0B801EB41020A4C120100EB4003C7
:10B1500002EB830323449C7ADA7AA24201D010BC2A
:10B16000704701329A72044B01225A5410BC0AF003
:10B17000D9B800BF34150020B0140020F8B5064639
:10B180001C460D4602B322786378D21A12F00302ED
:10B1900029D1294F71004FEA450C3144AC44890054
:10B1A00001EB0C1101330431DBB27A1860682370B3
:10B1B0002146FFF769FF214B0122294630465A55A7
:10B1C0000AF0B0F80020F8BD0AF096F80028DAD0AE
:10B1D000294630460AF082F8637860B92278D21A9C
:10B1E00012F00302D5D0012A03D00133DBB2237061
:10B1F000E1E71046F8BD05EB450206EB46010E4FB0
:10B20000120102EB81023A447100907AD27A9042A4
:10B210004FEA450C05D02078C01A10F00302E2D1A5
:10B22000BBE72278D21A920702D00233DBB2237036
:10B23000D4E902039847C5E734150020B014002074
:10B240002DE9F04FDFF8609119F8003089B0002B3C
:10B2500059D0DFF858A1C0EB00134FF0000B00EB02
:10B2600040079B000324CDE904BB09F800B00AEBBA
:10B270000717039302948346B8460023B96A58F827
:10B28000240F079307AAFFF709FF044607AAB4B1E2
:10B29000079D2E786978761A06F00306012E35D0C0
:10B2A0002B78591A01F003010129DBB23DD1D7E90E
:10B2B0000901FFF7F3FE044607AA002CE8D197F82E
:10B2C0002E3097F82F209A4203D087F82F30012391
:10B2D000049397F82C3097F82D209A4203D087F8E2
:10B2E0002D3001230593029B5D1EEBB2FF2B0293D1
:10B2F000A7F10C07C0D10499D846DDF814B011B1FC
:10B30000BBF1000F45D009B0BDE8F08F013969707D
:10B31000079BD3E902029047079D2A786978D3B248
:10B32000521A02F00302012A21D0B86A01930022C6
:10B330004146FFF7BBFE6C60019B6A786B702B780F
:10B340009B1A03F00303012B08D0D7E9090107AAD0
:10B35000FFF7A4FE012E044698D10EE0039B6A700D
:10B360001A1D294620465244FFF78EFEEDE7D7E925
:10B37000090107AAFFF792FE0446029B8BB1012345
:10B380005946584609F80B3009F0CCFF09B0BDE822
:10B39000F08F5A464146404609B0BDE8F04F09F0EB
:10B3A00091BF002C8BD0EAE7B014002034150020A8
:10B3B0004B1EDBB271B1411E00EB030C002011F8F3
:10B3C000013F23B15A1E01301340C0B2FAD161458A
:10B3D000F5D17047084670472DE9F04F704C83B0A7
:10B3E0000646032501270421304608F0ADF9D6F8BA
:10B3F00000C01E2300214FF001084FEADC722CFA36
:10B4000003F000F0010090429E461ED0DAB20131F6
:10B410001B2AC9B240F28880013B2CFA03F2192999
:10B4200002F0010201F101095FFA83FA4FF002080C
:10B430004FF0010B48D082429E4663D0BAF11B0FF9
:10B440005FFA89F16DD91046E6E708F101095FFA64
:10B4500089F9B9F1060F48D907FA03F07AB32CEA53
:10B46000000C00220131C9B219292CD04FF001087B
:10B47000013BC4D28CEA0403019301A8002210F816
:10B48000013B23B1591E01320B40D2B2FAD102ABBB
:10B490009842F4D1012A09D91FFA8CF3B3EB1C4F5F
:10B4A0002AD15FFA8CF3B3EB1C6F25D1013D15F067
:10B4B000FF0598D16FF00D0003B0BDE8F08F4CEAA6
:10B4C000000C0122CEE710460EF1010307FA03F348
:10B4D00018B15B420CEA030CCCE7013B4CEA030CCD
:10B4E000C8E708F101095FFA89F9B9F1060FC34607
:10B4F000C84607D10246BBE70020C6F800C003B02B
:10B50000BDE8F08F5FFA83F9B9F11C0F10D9013B48
:10B510002CFA03F202F0010290429E46E1D010465E
:10B5200074E74FF01B0E9FE7012910D002469BE7FE
:10B53000C9B900204FF0010808FA0EFE7AB12CEAD2
:10B540000E0C0022814205D00146D84690E7C34642
:10B550000246EEE70131C9B24FF0010888E74CEA34
:10B560000E0C4246EEE7B9F11C0F03D00129C1D100
:10B570000846DFE7CCF3C062824203F1FF3308D014
:10B58000D8B201311B28C9B2CBD910464FF01B0EDF
:10B5900042E708F101095FFA89F94FF01B0EA4E7B1
:10B5A000D6BE898EF0B5067E0468FF2E26D03346BF
:10B5B0004FF0000C2C2707E0A25CDEF80850FF2AB1
:10B5C0001E46AC441AD0134607FB03F2994204EB23
:10B5D000020EF1D18E4201D1A35C0376A35CDEF8AA
:10B5E00008002C2202FB06F6FF2BA35504D002FB19
:10B5F00003439A6802449A606044F0BD0020F0BDA5
:10B60000A2EB010C1CF4000F10B4836844690AD14A
:10B610002CF07F4C6344A3420DD8E41A002344610C
:10B62000836010BC7047891A21F07F418B4208D992
:10B630005B1AA342F1D91B1B00244461836010BC38
:10B6400070470C44E41AE9E72DE9F04F87B0034650
:10B65000427A019000685C680290002A00F0E6805F
:10B66000531EDBB204EBC303884603932C270594D7
:10B67000039B5A685E780492B8F1FF0F55D0029B85
:10B68000CDF8008007FB08FA03EB0A0413F80A80E0
:10B690000025019B4FF0FF0984F80090D3F800E0EB
:10B6A000197E0EEB0A0B4945DBF808300ED1B7E0E6
:10B6B0009B1A05D1BBF81EA0BCF81EC0E24572D88B
:10B6C0001EF80020FF2A89465DD0114607FB01F0D5
:10B6D0000EEB000CDCF808209A42E9D9B9F1FF0F13
:10B6E000CBF808308BF8001057D1DDE90020027646
:10B6F00007FB01EEDEF80820D21ACEF80820A37866
:10B7000001336370002DB7D06B6A00202870A870D9
:10B710000BB1A96A98476368002BADD16B6A2362AD
:10B72000AB6A6362B8F1FF0FA9D1039BDDF81090FB
:10B73000987807FB06F3721CB04209EB0305D6B2FA
:10B74000039A66D0117819F80320B14208BF002689
:10B75000042AEED16A78029907FB02FA01EB0A0487
:10B760004FF0000C6078A17888421ED009F803C021
:10B770006B6A4FF001020120AA700BB1A96A9847C9
:10B78000039B9878D5E707FB01F1CBF80830009BC5
:10B790008BF800200EF80130B1E707FB09F9009A99
:10B7A0000EF80920A4E7134698E70092019AAB8AA5
:10B7B00051694FF6FE72934207D04FF6FF729B1A03
:10B7C000B3FA83F35B0984F82830EB6863602B6974
:10B7D00023624FF00009C4F82490AB8A4FF6FD7243
:10B7E000934288BF4B46A383AB69A361EB69E360D7
:10B7F0002B6A2361AB68A360C4F814906A68204682
:10B80000FFF7FEFEE378A4F81E9043F00103E37017
:10B810003FE705999142A2F1080307D0039327E778
:10B82000DDE900320EF80A10137668E707B0BDE8CC
:10B83000F08F00BF2DE9F04F447E01238DB0837659
:10B84000002C40F0AE80037EFF2B804600F0A880E5
:10B8500009F0D0F8D8F81420D8F81C3098F81870EF
:10B86000D8F80090801A20F07F46B34294BF00239E
:10B870000123FF2F0393A24671D04FF02C0B0494A9
:10B880002DE0039B23B9D8F81C30534540F28E803D
:10B89000E278E38B22F001020133E27094F8282071
:10B8A0009BB2E383002A7FD0A28B9A427CD2A57000
:10B8B000E56895B123696069626A0193E37803F0F2
:10B8C00001030093D8F81430AAEB0000184420F0CC
:10B8D0007F404FF6FF730021A847FF2F3ED00BFBA0
:10B8E00007F709EB0704A368B34237D8A27819F821
:10B8F0000770F61A9A4463789B1ADBB2012BECD1DD
:10B90000A3690293013AD5B2002BBAD1A570E568BC
:10B91000002DE2D0E18B6069D8F81430626AAAEB9E
:10B920000000184420F07F400B4621690191E17826
:10B9300001F0010100910021A847DDE90223002A5E
:10B9400018BF43F0010303934FF00003E383E37850
:10B95000002262F30003FF2FE370C0D1049C98F82B
:10B960000B3098F80A209A4208D10132D2B2022A4A
:10B970001ABF14462346002388F80B4008EB8303C4
:10B980000022C3F80CA0D8F8244088F81A204346B7
:10B99000012204210320A4460DB0BDE8F04F60470A
:10B9A00084760DB0BDE8F08FA57096E7FF2F60D0CC
:10B9B000E18BA28B6068DDF808C0089791422ABF2E
:10B9C0008B1A0B469BB203FB0003CDE90A120593C9
:10B9D000CDE9066A3B464FF0000E0995014622E08C
:10B9E000002E37D0002937D0A5EB070A1FFA8AFAB4
:10B9F000AF4214D8059D301A06FB0A0085422CBFC1
:10BA000000250125D278E07802F0010700F0010658
:10BA1000B7423ED84240D20701D4002D39D119F89F
:10BA20000330FF2B1AD02C2202FB03F309EB030295
:10BA300090688644E64511D89569002DEFD0D58BE6
:10BA4000978B5668AF42CBD9002EE8D00029E6D0BC
:10BA5000AA46CDE73546D5E70D46D3E7DDE90875BB
:10BA6000A570E5680A99DDE9066A002D3FF437AF55
:10BA700051E7A570E568002D3FF470AF6369626A15
:10BA8000E18BAAEB0300D8F81430184420F07F4073
:10BA90004AE7DDE90A124B1CE17821F00101E1706F
:10BAA00094F828109BB2DDE9066ADDE90875E383A6
:10BAB00000297FF4FAAEA57011E700BF2DE9F04F21
:10BAC0008FB0837E0190002B40F07E81437E0C93EB
:10BAD000002B6DD10198837AC27A012141769A4276
:10BAE00041690A9100F01F830133DBB2022B0199F7
:10BAF0000ABF0C9A1A46134601EB82028B72D26877
:10BB00000A9B0692134423F07F434B610124019D5D
:10BB10002B7E089308F06EFF6A7A2B680293531EFF
:10BB20006E680490DBB2002A00F0488306EBC3077E
:10BB30000022FF2305930D9407960992D7F80490ED
:10BB40004FF02C0A4FF0000BF978BD786B1C0AFB04
:10BB500005F8A942DBB209EB080458D03A789A42BA
:10BB600008BF0023BB7019F80820042A34D9082A1A
:10BB700028D86178029B0AFB01F01E1803907378A5
:10BB8000B0781B1A13F0FF0328D1062A1AD1019BA3
:10BB9000DB7E8B424CD009F808B0636A84F802B0AF
:10BBA000002BD1D0A16A00209847F978BD78CDE765
:10BBB000446A0421034601220420A4460FB0BDE8D4
:10BBC000F04F604709F808B0636A0120A070002BAD
:10BBD000BAD0A16A9847B7E71D46B7E7052A1ED134
:10BBE00062684AB9A2683AB9E2682AB922691AB900
:10BBF000626932F07F42E5D0012B1BD0019B04210A
:10BC00005C6A01220846A0470123BD700993079A88
:10BC1000BA42A7F1080300F0DA801F468EE7012B35
:10BC200000F08A80062AE9D1019BDB7E8B42B2D1EB
:10BC30006168A1E0019D2846FFF7B4FCB060D5F82B
:10BC400014E0049B069AA3EB0E0323F07F431344F6
:10BC5000984240F2A980C01A7368002B46D0A38A8C
:10BC6000002B43D0013B9AB2A2827568F38B8542C8
:10BC700018D31BE0726ADFF818C28BB285495118DD
:10BC80006145A0EB050006D902F1E87202F5D43255
:10BC900002F5A5720138316AF383521A7262854245
:10BCA000A28A03D2934203F1FF31E3D89A421CD90E
:10BCB000316A0B9706E0726201339BB2F383A28A6A
:10BCC0009A4211D9726ADFF8CCC1714F0A44944488
:10BCD000BC452844EFD8A2F1E872A2F5D432A2F50F
:10BCE000A57272620130E7E70B9FB2836368034479
:10BCF000B360A268736913447361049A7146304655
:10BD0000FFF77EFCE268B3691344B3612269934292
:10BD10008CBF9B1A0023B361A37D1BB1F27863F340
:10BD20000002F270DDE90221059B535473786278BA
:10BD30000592013373702EE7062A3FF428AF019D68
:10BD40002846FFF72FFCB378B0607370EA7E637803
:10BD50009A427FF420AF19F80830062B3FF468AF01
:10BD6000019AFF23D37619F80830062B3FF460AF11
:10BD7000082B3FF45DAF0499019B5A698B1A180296
:10BD800009D4069A23F07F4313440199CA699A4261
:10BD900088BFCB61FFE6069B521A22F07F42934296
:10BDA0008CBF9B1A0023F0E7726913441B1A73615E
:10BDB000002051E701230C93019A00235376937ED0
:10BDC0000C9A1A4340F0AA810FB0BDE8F08F0D9C89
:10BDD000099A0198089B057EEE1A18BF012637467E
:10BDE000002C00F0A980049B0A99D0F800805B1A0F
:10BDF000FF2D23F07F4B00F09F804FF0000A049648
:10BE0000CDF808A0DFF88890C2460646DDF8188015
:10BE1000069205E0A3786370357EFF2D00F08480E4
:10BE20002C2303FB05F70AEB0704A368434500F244
:10BE3000AB81029AA178B4F81EC01A4402926278CB
:10BE4000521AF1698B42A8EB0308ABEB030B31BF2D
:10BE5000C91A4FF0FF330021F376F161A369D2B222
:10BE60000BB1022A18D00023A3601AF807303376EA
:10BE70006068E8B9002ACDD0012A02D0BCF1000FD9
:10BE8000C8D0236A002BC5D0616A01209847C1E75A
:10BE9000592B177F5A2B17FFBCF1000F00F09B8026
:10BEA0000023A3601AF80730337660680028E8D0D2
:10BEB000E38B0393002B40F08A80A38B03931946F6
:10BEC000D4E908E30022DFF8B8C273449C44CC45AF
:10BED00001F1FF31024406D8A3F1E873A3F5D4338E
:10BEE000A3F5A5730132B1F1FF3FECD194F828100E
:10BEF0006362002900F01B81039BA260E383029A26
:10BF00000A9B71699A1822F07F422046FFF778FB5E
:10BF1000059B0AF80730637805950133DBB263703F
:10BF2000357EFF2D7FF47CAF049E089B069AFF2B85
:10BF30000CBF374646F00107059901980292FFF7BA
:10BF400083FBDDE9013208991B7E8B4200F0DC8027
:10BF5000002A4CD0FF2B00F03F81089AFF2A00F006
:10BF60003081DDF80480D8F800202C2101FB032269
:10BF70009768002F00F0168108F03CFD0A26044661
:10BF8000D8F81430E21A22F07F42974206F1FF36C9
:10BF900002F103027FF60EAFBA422CBF9B18DB19E9
:10BFA00023F07F452846D8F82830984708F022FD2E
:10BFB000021B2B1B22F07F42023223F07F439A4266
:10BFC0007FF6FAAE002E00F08E800446D8E7A37804
:10BFD0006370002174E7F361F576C4F808C01AF8BD
:10BFE00007303376606800283FF414AF60E7019AA9
:10BFF000517A55684A1ED2B201270029AAD005EB12
:10C00000C2064FF02C0A099707957378F178726889
:10C01000994261D01746B3460AFB03F3FA18FB5C5A
:10C02000012B41D0022B49D1D2E901C09CF800403C
:10C0300001995369D1F800804D69FF2CD2E903E9D9
:10C0400002D00168A94258D0019900260C7E0560F3
:10C05000FF2C25D0CDF818B0CDE90272CDE904CE81
:10C060009B4609E0AA683244C84788B918F80740D7
:10C07000AB68FF2C1E4439D00AFB04F708EB070518
:10C080005B46A9692046B9F1000FEBD10029EDD03C
:10C09000AB68DDF818B0DDE90272DDE904CE1E44BC
:10C0A0008CF80040CEF80060536A4FF000019170A8
:10C0B00013B1916A002098479BF803109BF8013058
:10C0C0009BF800200133DBB29A4208BF002399425B
:10C0D0008BF80130A0D15E46079AB242A6F1080360
:10C0E0004BD01E4691E700DE044649E7DDE90272C7
:10C0F000DDE904CEDDF818B0D2E70AFB04F4DEF87F
:10C10000006018F80440A3E7002A4ED0019B002FDE
:10C1100060D15F769B7E002B3FF456AE019B0122DF
:10C120005C6A032148E50C9B06931C46EFE49345AB
:10C130007FF6E2AE8C461249CDF81CA00994114C52
:10C14000734403EB010A0CF1010CA24502441FFAEF
:10C150008CFC06D8A3F1E873A3F5D4330132A3F520
:10C16000A5739345EBD80399099CDDF81CA0636285
:10C170008C441FFA8CF30393BEE6099FC6E700BF09
:10C180005A2B17FF592B177F41465B1AA360019B5F
:10C19000049E1B7E0899069A8B420CBF374646F0D8
:10C1A0000107C9E6019B5F76B8E7019B5D685B7A92
:10C1B0005A1ED2B2002B7FF422AFA7E7FF230593CC
:10C1C00007E608F017FC044608F0F0FB78B1019B85
:10C1D0001B7EC6E61B7EBDE608F0F8FB044650B1A8
:10C1E000019A00235376937E002B97D1ECE5019AB8
:10C1F000137E5461B5E6019DE86108F0FBFB6C76A7
:10C200006861AB7E002B3FF4DFAD87E7F8B5069E93
:10C210009DF81C40089DB0B9144F3A605A1E3972FF
:10C220007B727E60D2B26BB106EBC2032C205D60E4
:10C23000194613F808298E42A4EB020400FB0255AC
:10C24000E4B2F4D10CB10120F8BD099B3B620A9B1A
:10C250007B62FF250B9BBB623D7608F0CBFB7C81AC
:10C260007861FD76FC612046F8BD00BFF415002022
:10C2700040B9064B1A7EFF2A01D1187270476FF041
:10C280000F0070476FF01500704700BFF4150020D5
:10C2900010B4074B2C2202FB00335C6A2CB1A4467D
:10C2A000012210BC03210220604710BC704700BF70
:10C2B000F41500202DE9F843244F2C2606FB0077C7
:10C2C00088467C68BDF8301014F8380004EBC80EBE
:10C2D0001D469EF803409EF8013004F1010C5FFA00
:10C2E0008CFC604598BF4FF0000C63452AD006FBDC
:10C2F00004F4DEF80460089B4FF0040906F804908B
:10C300003444A3600A9BE3600B9B23610D9BA361F4
:10C310000E9BE3610F9B2362109B6362119BA362E0
:10C32000022362706560A182A3708EF803C0D7E912
:10C330000835404698473B4649460022A847A07822
:10C34000BDE8F8830120BDE8F88300BFF4150020A4
:10C3500010B58AB00C9C00940D9C029400240194AA
:10C360000E9C0394BDF83C400494109C0594119CD1
:10C370000694129C0794139C0894149C0994FFF74C
:10C3800099FF0AB010BD00BF2DE9F843214FBDF859
:10C390002C802C2606FB00771D467C689DF83030EB
:10C3A00014F8319004EBC10E9EF803409EF8010092
:10C3B00004F1010C5FFA8CFCE14598BF4FF0000CD2
:10C3C000604524D006FB04F4DEF8046005203055F7
:10C3D0003444A375089BA360099BE3600A9B236117
:10C3E0000D9B63620E9BA362022362706560A4F8DA
:10C3F0001480A3708EF803C03B6A7D6A0846984794
:10C400003B4600220421A847A078BDE8F88301201C
:10C41000BDE8F883F4150020F8B5184E2C2707FB6B
:10C420000066746804EBC10014F8315090F803E022
:10C4300044780EF1010C5FFA8CFC654598BF4FF013
:10C44000000C644518D0446807FB0EFE072504F86D
:10C450000E5074446362069BA36202236270A37051
:10C4600080F803C0336A756A08469847334600224D
:10C470000421A847A078F8BD0120F8BDF4150020DC
:10C48000F8B5194E2C2505FB0066746804EBC10055
:10C4900014F83170C47890F801E004F1010C5FFAEF
:10C4A0008CFC674598BF4FF0000CE64519D005FBA2
:10C4B00004F4456808272F552C446360069B63628B
:10C4C000079BA36202236270A37080F803C0336AE3
:10C4D000756A08469847334600220421A847A07889
:10C4E000F8BD0120F8BD00BFF4150020F8B51C4EC2
:10C4F0002C2505FB0066746804EBC10014F831704C
:10C50000C47890F801E004F1010C5FFA8CFC6745F7
:10C5100098BF4FF0000CE64520D005FB04F44568B9
:10C520004FF602772F532C44C4E90123069BE360A6
:10C53000099B23610A9B63610B9B63620C9BA36253
:10C540000223A37080F803C0336A756A08469847CF
:10C55000334600220421A847A078F8BD0120F8BD89
:10C56000F415002070B5074C2C2303FB004408464B
:10C57000656A236A98472346AC460022BDE87040AE
:10C5800004216047F415002008F034BA401A20F066
:10C590007F40704701480021704700BF9F41010064
:10C5A000022801D00120704738B5044608461D46D0
:10C5B00002F09AFC10B10020287038BD204638BD2A
:10C5C000002303700B70704738B5054600200C46F9
:10C5D00002F044FB10F0060F0ED13DB9074B44B1F9
:10C5E00020681860A2889A80002038BD044B002C77
:10C5F000F6D11C609C80F7E70C2038BD281600207F
:10C6000020160020012804D808B9034870470348C1
:10C6100070470020704700BF281600202016002019
:10C62000012809D830B9064B186808609A888A80B2
:10C6300018467047034BF7E700231846704700BFC2
:10C64000281600202016002010B5044607F098F8A0
:10C6500050B907F051FC60B907F044FD70B92046AD
:10C66000BDE810400AF038BE00DE07F045FC0028A7
:10C67000F2D000DE07F036FD0028F0D000DE2046C4
:10C68000BDE810400AF028BE086001480AF024BE48
:10C690008C1A00200AF020BE2DE9F84F0B78072BEA
:10C6A00084BF2C4B93F840309A4289468346924689
:10C6B0004DD0284D5C1CE4B235F833200280082CA4
:10C6C00008BF0024002605EBC30301274FF0120822
:10C6D00019E0012838D0C3F80480072C89F80040FD
:10C6E00088BF95F84040A24523D023B2013435F8E5
:10C6F0003310BBF80020E4B2082C08BF002491429C
:10C7000005EBC30315D15868B0B1FF28E1D9027910
:10C7100002F00302013A012A12D912225A6002F0F1
:10C72000FBFB072C89F8004088BF95F84040A245E4
:10C73000DBD13046BDE8F88F01365F60F6B2CCE75A
:10C740000136F6B20122E9E70136F6B2C5E7002666
:10C75000EFE700BF541600202DE9F041324F3B882F
:10C76000984253D913F0FF0524D0DFF8C08098F821
:10C77000154098F814302E480134E4B2052C08BF57
:10C780000024A34218D0FEF723FC064629488EB1A8
:10C79000FEF71EFC00283BD0066098F8153048F8DC
:10C7A00023003B8888F81540013D013B15F0FF054B
:10C7B0003B80DED1BDE8F0813B88002BFAD0DFF86A
:10C7C000788098F8094000260134E4B2022C98F8E9
:10C7D0000830174808BF0024A342EBD0FEF7F8FB4F
:10C7E00005461448002DE5D0FEF7F2FBB0B16E60AF
:10C7F000056098F8093048F823003B8888F809401C
:10C80000013B9BB23B80002BDED1D3E70546ACE772
:10C8100030460749BDE8F041FEF7F0BB2846044921
:10C82000BDE8F041FEF7EABBB81600209C180020D6
:10C83000BC160020001700209C1600202DE9F843AC
:10C840002F4B304F181D052214214FF00008A7F878
:10C850001880FEF799FB2C4B05220821181DFEF7C6
:10C8600093FB97F818907C7E05260134E4B2062CE1
:10C8700008BF0024A145244813D0FEF7A9FB0546B4
:10C880001F4875B1FEF7A4FB002834D0C5F804801A
:10C8900005607B7E47F82300013E16F0FF067C769C
:10C8A000E3D11A4B0622181D4421FEF76DFB184BED
:10C8B0000822181D1146FEF767FB1548FEF788FB96
:10C8C000A8B1144A111FFEF7D1FB1148FEF780FBF7
:10C8D00078B1114A111FFEF7C9FB104B0522FF204A
:10C8E0001A80FFF739FFBDE8F84306F01DBC00DEF3
:10C8F000E7E700DEEDE704492846FEF77FFBD0E7D7
:10C90000E018002048190020B4180020001700206B
:10C91000BC160020B4160020AC160020B81600206B
:10C920002DE9F0417B4D7C4E86B004AA02A90DF1A1
:10C93000070002F065FE0446D5E9000103AAFEF7F0
:10C94000ADFB074650B3039B002B6AD0187804AAAE
:10C9500002A902F06DFE039B0446002840D0049A11
:10C96000BDF808101F78ADF80A10059202F072FEAB
:10C970002146059ABDF80A0002F0A0FE204602F00A
:10C9800033FE05AA0DF10A01384602F051FE0446B5
:10C990000028EBD130680AF09FFCC6E7002C3DD0A0
:10C9A000049B05939DF80770BDF80830ADF80A3078
:10C9B00002F050FE2146059ABDF80A0002F07EFE04
:10C9C000204602F011FE05AA0DF10A01384602F0D8
:10C9D0002FFE04460028EBD130680AF07DFCA4E766
:10C9E00005931B79013B2C2B1ED8DFE803F01F3287
:10C9F000741D1F1D1D1D1D1D1D1D1D1D1D1D1D1D0E
:10CA00001D1D1D1D6A1F1D1D1D1D1D1D1D1D1D1D07
:10CA10001D1D1D1D1D1D1D1D1D1D1F0006B0BDE87A
:10CA2000F08100DE039B91E700DE7EE7394968680C
:10CA30000022FEF73BFB394B059993F8413038460D
:10CA40000B70374AFEF720FB334B18680AF044FCA2
:10CA50006BE7304968680022FEF728FBDDF8148098
:10CA6000D8F8084034B12378002B50D02378013B0C
:10CA7000DBB2237098F80C3013B1012B41D000DEEB
:10CA8000284A002388F80C30537E117E0133DBB234
:10CA9000062B08BF0023994237D0C8F80070517E9A
:10CAA00042F821805376002C3FF43FAF2378002BCF
:10CAB0007FF43BAFA368002B3FF437AFE0689847A3
:10CAC00033E7144968680022FEF7F0FA0599384602
:10CAD00002F01EFC29E705A9384602F035FC0D4995
:10CAE00068680022FEF7E2FA059900293FF41DAFBD
:10CAF0000B792E2B3FF419AF084B384693F8413091
:10CB00009EE74046F4F7C0F9BAE700DECBE700DE67
:10CB1000ACE700BFB0160020881A00205416002091
:10CB2000AC1600204819002010B5244B244C86B0C8
:10CB3000186007F02DFF2378002B37D02149224BB6
:10CB4000224A2348CDE90431224BCDE902320C239D
:10CB5000CDE900034FF0020C04230370037280F848
:10CB600010C080F818C01C4A19460020FFF74EFB81
:10CB700008BB01220021194810F00BFB06F09EFDB6
:10CB800008B106B010BDFFF759FE07F0B3F9002851
:10CB9000F7D101F0B7FF0028F3D107F097FA00288A
:10CBA000EFD106B0BDE8104002F05ABBFEF78EFA96
:10CBB00001232370C2E700DEDBE700BF881A0020F4
:10CBC00096260020195401007953010059530100A1
:10CBD000AC1C00209C1A0020CC1C00208C1A0020C9
:10CBE00030B585B001F0ECFF60BB02F03FFB70BBDD
:10CBF00019481A491A4A1B4B0024A0F84040A1F8D2
:10CC0000204194821C8101222146684610F0C1FA1D
:10CC1000154B2246214603206D46C3F808D0FEF787
:10CC2000ADFAB0B94FF0FF324FF0FF3328460AF0AB
:10CC300087FBFFF703FE0021012005B0BDE830406F
:10CC4000FFF7C2BC00DE02F011FB0028D0D000DEEE
:10CC5000CEE700DEE6E700BF54160020641900208E
:10CC60009C1800209C160020E002002008B5FFF769
:10CC7000B7FF06F059FD00B108BDBDE80840FFF759
:10CC8000F7BA00BF2DE9F0432A4D2B4F83B0804601
:10CC900089460023C8F8003095F84140D7E90001E3
:10CCA00001AAFEF7FBF9064690B3019B23491A78C7
:10CCB0004846FFF7F1FC80BB95F840308DF8013015
:10CCC00095F8412004460DF101010DF10200FFF736
:10CCD000E3FC44EA000212F0FF02F1D1019B197952
:10CCE000012920D139467868FEF7E0F91449304629
:10CCF000FEF784F9134A1388042B11D801981249BE
:10CD000001331380FEF77AF90120FFF725FDC0E714
:10CD10000A4922464846FFF7BFFC03B0BDE8F0834E
:10CD200000DE1388EAE71046C8F8003003B0BDE81B
:10CD3000F08300BF54160020A8160020941600208F
:10CD4000BC160020B81600200017002000B51949B5
:10CD500083B000234868019301AAFEF7A7F930B316
:10CD60001549FEF74BF9019A1379172B12D009D800
:10CD7000052B0BD82922DA40D20707D533B103B0EF
:10CD80005DF804FB1D2BFAD92D2BF8D000DE03B083
:10CD90005DF804FB93681B6893F84C20002161F355
:10CDA0000002596183F84C2003B05DF804FB00DEFB
:10CDB000D6E700BFA8160020BC1600202DE9F041E0
:10CDC000046806460CB3334D2927204624680379AE
:10CDD000052B13D9173BDAB2162A13D8162B11D804
:10CDE000DFE803F01A291E1E1E1E1E101010101060
:10CDF000101010101010101010101E0027FA03F25F
:10CE0000D20733D400DE002CDFD100233360BDE82D
:10CE1000F041FF20FFF7A0BC037F022B2FD01BBBEC
:10CE20002B88042B28D801331B492B80FEF7E6F80A
:10CE3000002CCAD1E9E7C0880028E4D102F048F804
:10CE4000804628B3D8F85030F3B908F1440108F10E
:10CE50004000FEF70FF9C8B1C8F85000404602F094
:10CE600029F8002CB1D1D0E700DE0379002BD7D10F
:10CE700000DE2B88042BD6D900DE2B88D3E706F002
:10CE8000F1F8002CA1D1C0E700DEDEE700DEE3E729
:10CE900000DED7E7B8160020001700200148FEF793
:10CEA00097B800BFBC1600200149FEF7A7B800BF25
:10CEB000BC160020034B044A93F841300B70FEF778
:10CEC000E3B800BF54160020AC16002008B5064B8E
:10CED000064A93F841300B70FEF7D6F8044B1868F9
:10CEE000BDE808400AF0F8B954160020AC1600203E
:10CEF000881A00200B490A7A4B7A9A420AD8A3EB87
:10CF0000020C5FFA8CFC604509D89A4207D051F8B0
:10CF10002200704702339B1ADBB29842F7D90020F7
:10CF2000704700BF9C160020074A117A537A8B4243
:10CF300008D04B1CDBB2022B08BF002352F82100A3
:10CF400013727047002070479C16002000B50D4AF0
:10CF500092F841C092F840E00CF10103DBB2082BDB
:10CF600008BF00239E4509D022F83C0002EBCC0C00
:10CF7000CCF8041082F841305DF804FB00DE002399
:10CF80001B80FFDE54160020022810B50C4602D08C
:10CF90000B68022B07D004484FF0FF324FF0FF33ED
:10CFA0000AF0CEF9206810BD8C1A0020014B1868D9
:10CFB000704700BF5016002004490A680AB11046A5
:10CFC0007047024608601046704700BF9816002060
:10CFD000044A136823B1984206BF00211160002360
:10CFE0001846704798160020014B1868704700BF1C
:10CFF0009816002070B505682B7884B0EBB1044614
:10D0000001220021684610F0C4F80D4B6E46C5E9B8
:10D0100002362B788BB10B4B0022114603209C600B
:10D02000FEF7ACF838B94FF40042002330460AF05E
:10D0300087F904B070BD00DEF5E76FF07700F8E720
:10D0400095C60000D0020020F0B5244E336885B0AC
:10D050000C461746002B36D0994215D10223039374
:10D0600003AB0246009303211D4B0020FFF7D4F9C8
:10D07000022805460CD0039B022B09D195B13368D9
:10D080000BB19C4221D014B36FF02D0005B0F0BD60
:10D0900014484FF0FF324FF0FF330AF051F9039D6F
:10D0A000002DECD13846FFF7A5FF33680BB19C4249
:10D0B00010D0002CE8D10028E8D010F1780F08BF7C
:10D0C000002005B0F0BD3160C8E7002333606FF089
:10D0D0007700DBE735600028D8D0EEE75016002057
:10D0E00089C600008C1A00200B490A7D4B7D9A42AC
:10D0F0000AD8A3EB020C5FFA8CFC604509D89A426F
:10D1000007D051F82200704705339B1ADBB29842D2
:10D11000F7D90020704700BF9C180020074A117DF6
:10D12000537D8B4208D04B1CDBB2052B08BF00237C
:10D1300052F8210013757047002070479C1800209A
:10D1400038B50C46054602F055FA207021462846AF
:10D15000024ABDE83840FDF797BF00BFB416002073
:10D160000122024B11460020FEF708B8C002002041
:10D1700070B50C46054602F03DFA21462070064A7D
:10D180002846FDF781FF0122BDE87040034B1146A0
:10D190000020FDF7F3BF00BFB4160020C00200203E
:10D1A0002DE9F0431A4D9DF81C8095F821C10CF132
:10D1B000010E5FFA8EFEBEF1090F994695F82031F7
:10D1C00008BF4FF0000E73451DD0144605EB4C1CF4
:10D1D000E36807460E4610685168926864460FC4BB
:10D1E0009CF81C30CCF8186008F0010823F0030309
:10D1F00043EA0803CCE904978CF81C3085F821E158
:10D200006046BDE8F0834FF0000C6046BDE8F08357
:10D2100064190020054890F8203190F821219A42A5
:10D2200014BF00EB43100020704700BF64190020BA
:10D2300001460B480A7890F82131082A84BF90F8FB
:10D2400020210A70934208D0531CDBB2092B08BF7F
:10D25000002300EB42100B7070470020704700BFA6
:10D26000641900202DE9F04F3D4E96F8203196F8D4
:10D27000212187B09A4202903ED04FF00008CDE9BC
:10D28000048806EB43130B24CDF80C80C346C2463A
:10D290001D7FD3F80090DF68C5F3400205F001055B
:10D2A000002C4DD0013CE4B24AB396F8211196F817
:10D2B0002031994220D00133DBB2092B08BF002373
:10D2C000994286F8203117D0590106EB4313002A02
:10D2D000DED1D86805BBBAF1000F33D0BBF1000F27
:10D2E00036D01A7F9707D3D15045725834D058455D
:10D2F000CED105998A42CBD107B0BDE8F08F19494C
:10D3000002988B600B4611460192FDF737FF019A98
:10D310000028CAD000DEC8E7039ABAB1B8F1000FFE
:10D3200008BFB8461A7F9507B2D4D207DCD5BBF147
:10D33000000FADD1039A8242DED08045A8D1DBE751
:10D3400000DEAFE7BA46CDF81090EBE70397E9E7C8
:10D35000BB46CDF81490E5E704998A42C7D1CBE7E4
:10D3600064190020B0020020054B1A7E597E9142BC
:10D3700004D053F8220010B10C30704700207047E1
:10D380004819002070B5134A117E537E8B421ED07F
:10D390004B1CDBB252F82140062B08BF002313764A
:10D3A0009CB102230025266823712560A06002F04D
:10D3B00021F9094A207021463046FDF765FE012219
:10D3C000064B11462846FDF7D9FE204670BD0024C5
:10D3D000FBE700BF48190020B4160020C00200205F
:10D3E00010B582B00024049B93F80AC02CF0020C04
:10D3F00083F80AC0CDE9004406F000FB02B010BD7E
:10D4000010B50346007F1A699969012482B0204053
:10D41000CDE90004586906F0F1FA08B902B010BD70
:10D420007730FBD000DEF9E7CB681A78042A02D106
:10D430005B78052B03D003691B6813B118470020E4
:10D44000704710B50846F7F7A7FA6FF07F0010BDD8
:10D450002DE9F0410B8A82B0002B5DD0074601F127
:10D460000C000C460DF016FB0128054623D00228BF
:10D470000BD02C4A2C482B4601210DF0ECF86FF014
:10D480001506304602B0BDE8F08101A9204600F043
:10D49000D3FE0199064679B33846FFF7C5FF064625
:10D4A00010B3224A2048334601210DF0D4F80198E8
:10D4B000F7F772FAE5E7002301A92046019300F08F
:10D4C000F9FA804680B101463846FFF7ADFF0646BF
:10D4D000C0B9019D45B1284601F0B2FA03466B710F
:10D4E000134801990FF01EFE2046F7F755FA002663
:10D4F000304602B0BDE8F0810028F5D0304602B0D9
:10D50000BDE8F0810B4A0848334629460DF0A3F8E0
:10D510004046F7F741FAB4E7074A034801210DF006
:10D5200091F8ACE714E60100D8DD0100E4E5010064
:10D53000801D002000E60100D0E5010008B5FFF7DE
:10D5400095FB38B90448F6F765FF0448F6F762FF23
:10D55000002008BD00DEF5E7100D0020900D002032
:10D56000F0B5064683B014E04FF0FF324FF0FF33C2
:10D5700000211320F7F756FBBDF80210054622469E
:10D5800001F046FA29463046FFF74EFF40BB0FF048
:10D5900052FF0DF1020101A8FFF774FB04460028B9
:10D5A000E2D1019BA3B1FFF7D1FB019F384601F007
:10D5B00047FA019D78716B79032B02D12B79182BD7
:10D5C00010D0184829460FF0ADFD019B002BE0D18B
:10D5D0004FF0FF324FF0FF33134809F0B1FED8E7A8
:10D5E00000DED4E721464FF0FF324FF0FF33052035
:10D5F000EF88F7F717FB39460446024605F11C0091
:10D6000000F0A2FE384600F0BFFE3CB12146304695
:10D61000FFF70AFF20B92046F7F7BEF9019DD0E7D2
:10D6200000DEF8E7801D0020901D0020F0B50546C3
:10D6300089B023480FF048FD4FF0FF320021214808
:10D640000FF0A7FD1F48FFF76FFA044670BB01F00B
:10D650000DFA002600276FF00903CDE90334CDE968
:10D660000667CDE90144184B184900954FF4E07264
:10D6700017480AF025F9174915480FF0B8FE6FF062
:10D680000702CDE90324CDE90667CDE90144124B39
:10D69000124900954FF4607211480AF011F91149CE
:10D6A0000F480FF0A4FE204609B0F0BD0E4A0F4807
:10D6B000234601210CF0CFFF204609B0F0BD00BF8A
:10D6C000801D0020901D002061D500000033002047
:10D6D000100D002048E60100F1D60000C034002003
:10D6E000900D002058E6010028E60100D8DD010079
:10D6F000F0B5064683B0002737484FF0FF324FF0B1
:10D70000FF3309F0B3FD0028F6D043790190042BD4
:10D7100035D8002B49D0022B4ED04FF0FF324FF0BE
:10D72000FF330220F7F766FA04460198002C4DD02B
:10D73000214600F059FE019B01A81F60FFF73EFB48
:10D7400020460DF01EF90546214600200DF043F954
:10D750002B8A012B0446294630460CD933691B68B5
:10D7600033B1984738B90FF066FE002CE8D1C3E713
:10D770002846F7F711F92846F7F70EF9F3E7052BD6
:10D7800013D14FF0FF334FF0FF320820F7F732FA92
:10D7900004462146019800F0FFFD019B01A81F608F
:10D7A000FFF70CFB002CCBD1A6E700DE019B01A804
:10D7B0001F60FFF703FB9FE70022002301210020E9
:10D7C000F7F730FA04460198002CB1D1046001A8A3
:10D7D000FFF7F4FA90E700BF801D002008B50AF0BB
:10D7E00063FB05480FF078FC03480FF06DFCBDE8C3
:10D7F00008400AF06DBB00BF801D00202DE9F047F6
:10D80000DFF8C4A0DAF80090B9F1000F33DB8046EE
:10D810000F46164643D02D4C0025062221463046A1
:10D820000FF048FF18B914F8013CBB4226D001356F
:10D83000A94504F10804F0D1254826490368356854
:10D84000DA00541CB9F10F0F0D510C44B588A580B6
:10D850000A4401F83370D4BF09F1010301334FF0DA
:10D860000101D8BFCAF8003001FA08F1102BD171BC
:10D8700008BF002303600020BDE8F087154B03EBD1
:10D88000C503DA7922FA08F1C90702D50120BDE8FB
:10D89000F087012101FA08F10A43DA71EBE70C483D
:10D8A000146805680B49EB005A1C8C505418CA18B0
:10D8B000B388A380012303FA08F801F8357082F8D1
:10D8C0000780CAF80030D5E7A81D0020AD1D002054
:10D8D000A41D0020AC1D00202DE9F0411A4C646805
:10D8E000A40004D51646194A1268120701D4BDE8EF
:10D8F000F08103F10C0405460F46204602210DF08D
:10D9000087F840F63E430380012120460DF080F861
:10D910000346042220461A700B210DF079F8057099
:10D92000A0F801603DB97B68BA68C0F80720C0F86C
:10D930000330BDE8F0814FF00008C0F80380C0F864
:10D940000780BDE8F08100BF5001002048010020A1
:10D95000F0B5013887B01446092806D8DFE800F092
:10D9600009283E050550056281946FF0150007B047
:10D97000F0BD4E4B0D2118880DF072FA0D2120607C
:10D980000C300DF045F84FF4806200234FF0021484
:10D990000421A0F8052063220370C0F80140C17182
:10D9A000037242728372C3720373002007B0F0BD2A
:10D9B0003E4B412118880DF053FA412120600C3074
:10D9C0000DF026F8002104463E2200F8031B0FF05C
:10D9D00069FE40F2A733A4F80130E6E7334B092192
:10D9E00018880DF03DFA092120600C300DF010F878
:10D9F0000346002203F8012BC0F801205A60D4E747
:10DA0000C9680020FEF7E0FD284B012118880DF0C1
:10DA100027FA012105460C300CF0FAFF00230370B1
:10DA20002560C2E7224E214F0FCE01AD0FC53368EE
:10DA300038882B8013210DF013FA132120600C304D
:10DA40000CF0E6FF0446002301AE04F8013B8446D7
:10DA50000FCE2D88CCF801006160A260E3602582C2
:10DA6000A3E7124B182118880DF0FAF9182120604D
:10DA70000C300CF0CDFF00230446012100F8023BDE
:10DA800006F00CFF607090E7084B212118880DF01C
:10DA9000E7F9212120600C300CF0BAFF0146002389
:10DAA00001F8113B013006F049FF7EE7F825002020
:10DAB0008CE601002DE9F041038A8CB00022022B94
:10DAC000079240F2138105460E460C3003210CF0FC
:10DAD000D9FF2A8A83789A42C0F012810288CD4FFA
:10DAE000C2F38523082B90B23A80C2F3090409D807
:10DAF0009BB1013B072B10D8DFE803F0EB0FCCB252
:10DB00000F0F0F153F2B08D107AA29462046FFF714
:10DB10001FFF163040F08083388801210CB0BDE82B
:10DB2000F0410DF0AFB9621E4A2AF6D801A353F8AE
:10DB300022F000BF3DE000001DE0000027E10000F2
:10DB40001BDB000013E000001BDB00001BDB000000
:10DB50001BDB00001BDB00001BDB00000FE10000F3
:10DB6000DFE00000B1E00000A9E000001BDB0000E6
:10DB70001BDB00001BDB00001BDB000087E000005C
:10DB80007FE0000057E0000049E000006BDF00008C
:10DB90004DDF000035DF00001BDB00001BDB000059
:10DBA00017DF00001BDB00001BDB00001BDB00009D
:10DBB000FFDE0000CBDE00001BDB00001BDB0000F3
:10DBC0001BDB00001BDB00001BDB00001BDB00007D
:10DBD0001BDB00001BDB00001BDB00001BDB00006D
:10DBE0001BDB00001BDB00001BDB00001BDB00005D
:10DBF00075DE000041DE0000C5DF00001BDB000019
:10DC00001BDB00001BDB00001BDB00001BDB00003C
:10DC10001BDB00001BDB00001BDB00001BDB00002C
:10DC20001BDB00001BDB00001BDB00001BDB00001C
:10DC30001BDB00001BDB00001BDB00001BDB00000C
:10DC40001BDB00001BDB00001BDB00001BDB0000FC
:10DC50001BDB00001BDB00001BDB0000A5DF00005E
:10DC6000621E082A3FF659AF01A353F822F000BF05
:10DC70009FDD00004FDD00002BDD00001BDB0000FE
:10DC80001BDB00001BDB00001BDB00001BDB0000BC
:10DC90000DDD0000632C00F07E8200F26882032C10
:10DCA00000F091802D2C00F07982012C7FF435AFAB
:10DCB000EA68594B1168526819605A6001210DF0E9
:10DCC000CFF8012105460C300CF0A2FE00230370B2
:10DCD00012E0062C00F057821D2C7FF41EAFEB687B
:10DCE000188801F0F5F90146388817E74B4A4C4887
:10DCF00001210CF0A7FC002528460CB0BDE8F081FE
:10DD0000484A474801210CF09DFCF4E707210DF03B
:10DD1000A7F8072105460C300CF07AFE01460020DA
:10DD200001F8010BFEF77CFCE6E709210DF098F8FD
:10DD3000092105460C300CF06BFE0346002203F867
:10DD4000012B6021C0F801205A604171D4E74121C4
:10DD50000DF086F8412105460C300CF059FE0021EB
:10DD600004463F2200F8021B0FF09CFCC022042353
:10DD7000A2714FF40A72E372A4F80F20E375202217
:10DD800043F2300328496270A4F8213070228023C6
:10DD9000C4F81A1084F8242084F82730ACE709214D
:10DDA0000DF05EF8092105460C300CF031FE4FF401
:10DDB000506100231D4A01800D218370C3700171E1
:10DDC000C0F8052098E71A4813491A4A1A4B4FF031
:10DDD000FF34046041F6FF754FF0FF34C1E90045A0
:10DDE00000200021C2E900011F200021C3E9000139
:10DDF000FEF7F6FE388801210DF032F801210546C4
:10DE00000C300CF005FE00230C4A03701360FFF782
:10DE1000E5FC71E7F825002050010020A0E6010094
:10DE2000D0DD0100B8E60100173CFC09F105FFFF59
:10DE3000A81D0020100E002048010020A01D002079
:10DE4000EB681A78D1074ABF0720587858709207B4
:10DE50004ABF07219978997001F070F90446388813
:10DE600001210CF0FDFF012105460C300CF0D0FD26
:10DE7000047041E7EB6805211E880CF0F1FF0521D5
:10DE800005460C300CF0C4FDB7B20446021DE11C7F
:10DE9000384601F033F9E37822792070002B93FAA9
:10DEA000A3F3B3FA83F308BF4FF0FF330133E370FA
:10DEB000002A92FAA2F3B3FA83F308BF4FF0FF33BC
:10DEC0000133A4F80160237116E7EA68002316887D
:10DED0009278CDE90233CDE900330221B0B201F0EE
:10DEE0005DF80446032138880CF0BAFF032105468B
:10DEF0000C300CF08DFD0470A0F80160FCE6E968C0
:10DF000000220E884B88039208890290C8880190ED
:10DF100089880091E1E709210CF0A2FF092105465B
:10DF20000C300CF075FDBE49BE4A01600023426012
:10DF30000372E1E6EA68114602F10C0331F8020BC4
:10DF40000A3205F053F801463888E7E509210CF05C
:10DF500087FF092105460C300CF05AFD002300F81C
:10DF6000013B082105F0F0FBC6E6E868002308AA9B
:10DF700000F1100107F0A2FA388811210CF070FFAF
:10DF8000112105460C300CF043FD0646002306F82F
:10DF9000013B08AC07460FCCC7F801007160B260C6
:10DFA000F360A9E603210CF05BFF032105460C306A
:10DFB0000CF02EFD0146002301F8023B0130FEF774
:10DFC000FFFA99E6EA689478D1781688B2F8055095
:10DFD000E30744BF41F00301D170A407137940F176
:10DFE000108143F00303137143EA0102032A40F056
:10DFF00015814A0700F00E8115F003021CBF05F1E0
:10E00000FF3505F00102304601F0A2F801463888DC
:10E0100084E5E9680120FEF7D7FA1FE704210CF038
:10E020001FFF042105460C300CF0F2FC00231B21DD
:10E030000322037041708370C2705DE6EA687A4B18
:10E0400011685268196038E6EB68188801F02AF800
:10E050000146388862E5EB6808211E880CF000FF55
:10E06000082105460C300CF0D3FCB7B20446C11CA5
:10E07000384600F0CBFFA4F8016020703CE6E86869
:10E0800005F03CF8EAE6E96800224B88088803922C
:10E090000C890294CC88019489880091114600F083
:10E0A0007DFF0146388839E5304604F067FFD5E644
:10E0B000EC68B4F81350618863792279208804955C
:10E0C000B4F811500395B4F80F500295257B0195D3
:10E0D00006340094F3F7B8F9014638881EE5EB687A
:10E0E0001878002800F08A805B78002B00F086808A
:10E0F0004E4A002313604E4A136000F033FD0C2893
:10E1000004464FF00101388808BF0024A9E6EC68F6
:10E110006379B4F80320B4F801102078A47900944E
:10E12000F2F79AFD9AE609210CF09AFE09210546BC
:10E130000C300CF06DFC0346002403F8014BC0F8D2
:10E1400001405C600646FEF725FA234661F30703AB
:10E15000C1F3072262F30F23090C61F31743090A85
:10E1600061F31F63C6F80100C6F80530C4E57B2CD7
:10E170002CD07C2C7FF4D1ACEB681E885988B0B2CF
:10E1800001F03EF8ADE6EB689978188800F062FF80
:10E1900001463888C2E4EA68264B51E7EB6804215F
:10E1A0001E8893F802800CF05BFE042105460C30BB
:10E1B0000CF02EFCB7B20446C31C4246394602207E
:10E1C000FEF7EEF9A4F80160207095E5EB681E8873
:10E1D00008A9B0B200F0E2FF0521044638880CF02F
:10E1E0003FFE052105460C300CF012FC0470A0F82F
:10E1F0000160BDF82030A0F803307DE54FF0FF331B
:10E2000079E741EA0302032A08D84C0702D05A07EB
:10E210007FF4F2AE122181E4079D6DE511217DE4CA
:10E220000070330F133F020048010020A41D00209E
:10E23000A81D0020100E00202DE9F04700230B60E0
:10E24000038A032B2DD9054688460C3004210CF097
:10E2500019FC2B8A4688B0F80090B34232D31B2EAB
:10E260002AD800F053FE4FEA1937BA460446002870
:10E2700037D05FEA9A0A19D1E7B1012F16D1237975
:10E28000667167F301032371E9683246E01D0FF000
:10E29000FBF92146C9F30B0000F044FEC0B9BDE80C
:10E2A000F087224A224801210CF0CCF96FF01500CA
:10E2B000BDE8F0870227E2E71E4A1D4801210CF065
:10E2C000C1F9F3E71C4A1A4801210CF0BBF9EDE74C
:10E2D0001A4A174801210CF0B5F9204600F01CFE3F
:10E2E000E4E7174A124801210CF0ACF9154B1B6802
:10E2F0009B0117D54FF0FF324FF0FF330220F6F7A6
:10E3000079FC0221C8F800000C300CF081FB4FF4BE
:10E310008D730380D8F8000001210C300CF078FBDD
:10E32000012303706FF06800B9E700BFD8E6010071
:10E33000D0DD01000CE70100ECE601003CE7010044
:10E3400028E7010050010020F8B50E4B1B68DB06E2
:10E3500000D4F8BD02F10C0406460D462046022109
:10E360000CF056FB034640F205421A802046042179
:10E370000CF04EFB00270770A0F801503278C270F5
:10E38000F8BD00BF50010020024A1368013B136032
:10E39000704700BFA01D0020037F03F00303013B73
:10E3A000012B01D900DE704770B5044601F10C0560
:10E3B00028460421E6880CF02BFB237F03F003039F
:10E3C000022B0CBF46F4005646F480560680637F4D
:10E3D0004380617F28460CF01BFB627F04F11F0124
:10E3E000BDE870400FF050B92DE9F04F89B090F8BA
:10E3F00004C0BCF1030F04AF04460D4600F11C0637
:10E4000021D0ACF1050CB0F80680BCF1180F31D862
:10E41000DFE81CF035003000300030003000300004
:10E42000300030003000300030003000300030006C
:10E430003000300030003000A000D100D7000401CF
:10E440001B012F015001C37FB0F80680033B0E2B48
:10E4500010D8DFE813F063010F000F009701B0013F
:10E460000F00BB010F000F000F00C2010F00DE0103
:10E470000F00030200DE1437BD46BDE8F08FBB4B32
:10E48000BB4A93E80300237EB9810E0C617E52687B
:10E49000BE735B42C907B8605EB202F0005200F181
:10E4A0005282002AE7D0B34B1B689B07E3D5207F3D
:10E4B00004F11E09C0F380114A4600F00F00FFF777
:10E4C0009DF90028D7D1237F03F00F03012B00F023
:10E4D0008782627F931DA2F1060A05325FFA8AFAEB
:10E4E0005FFA83FBD3B27B60D0460C35022128460D
:10E4F0000CF08EFA3E23037080F801B0012128460B
:10E500000CF086FA034602221A70796828460CF04D
:10E510007FFA01230370237F03F00F033B4442463D
:10E520001B7A4370237FC3F380138370D4F81E30AB
:10E53000C0F80330B9F80430A0F8073000F10A033E
:10E5400080F809A004F1240118460FF09DF800F8A6
:10E55000086090E7F00700F14182854B5B68990005
:10E560004FF0000687D5834B1B68DA0783D594F8F4
:10E570001C90B9F1000F00F0B1810C350221284642
:10E580000CF046FA41F23E330380012128460CF09C
:10E590003FFA01230370122128460CF039FAC0F823
:10E5A0000160C0F80560C0F80960C0F80D604674ED
:10E5B00080F800905FE70A4630464146FFF7C4FE08
:10E5C00059E76B4B5B689B007FF555AF694B1B6848
:10E5D00058077FF550AF0C35022128460CF018FA89
:10E5E00040F63E230380012128460CF011FA032354
:10E5F0000370092128460CF00BFAF10700F1F781AE
:10E60000237F0370A0F80180E38BA0F80330238CF4
:10E61000A0F80530638CA0F807302CE7544B5B68FA
:10E620001A044FF000047FF526AF0C35022128466E
:10E630000CF0EEF94FF44C730380032128460CF0E4
:10E64000E7F90470A0F8018015E74B4B1B681B022B
:10E650007FF511AF0C35022128460CF0D9F940F2B4
:10E6600057230380022128460CF0D2F9A0F800803D
:10E6700001E73F4B5B689E007FF5FDAE3D4B1B689D
:10E6800018037FF5F8AE0C35022128460CF0C0F9CE
:10E6900040F23E430380012128460CF0B9F91423CF
:10E6A0000370032128460CF0B3F9A0F80080237F03
:10E6B0008370E0E62E4B5B68990004D52D4B1B68F8
:10E6C0001A0500F1D380627FA37F267F002A92FA89
:10E6D000A2F2B2FA82F208BF4FF0FF32002B93FA97
:10E6E000A3F3B3FA83F36D4608BF4FF0FF338AB04C
:10E6F000511C013304A80246436206241F4BC0F894
:10E700001880C0E90761436142F8104F1C4800239C
:10E710004FF44251F5F702F8AD46ACE6144B5B6896
:10E720009B007FF5A8AE134B1B68DE067FF5A3AEFA
:10E730000C35022128460CF06BF940F63E5303805D
:10E74000012128460CF064F9052303700C212846AA
:10E750000CF05EF9034623F8028B216A626AC0F866
:10E7600002105A60238D438185E600BFB0DE0100B0
:10E770005001002048010020100E002050E7010049
:10E78000D0DD01009C4B1B6818064FF000047FF59C
:10E7900072AE0C35022128460CF03AF94FF4816331
:10E7A0000380042128460CF033F901230470A0F8FB
:10E7B0000180C3705FE690F820300E2B00F00781D7
:10E7C0008E4A8F4802210BF046FF54E60B46424624
:10E7D00031460020FFF780F84DE6874B1B6819068D
:10E7E0007FF549AE0C350221284694F820400CF004
:10E7F0000FF94FF481630380042128460CF008F9D7
:10E80000002C08BF1F2400230470A0F80180C370EF
:10E8100031E6794B5B689A0055D57A4B1B689B06AD
:10E8200051D50C35022128460CF0F2F840F63E3363
:10E830000380012128460CF0EBF8062303700A211F
:10E8400028460CF0E5F8A0F80080238C4380638C08
:10E850008380A38CC380E38C03810CE690F8203086
:10E86000694A674802210BF0F6FE04E60C350221E6
:10E8700028460CF0CDF840F23E6303800121284683
:10E880000CF0C6F80C230370052128460CF0C0F8E4
:10E89000237F0370A0F80180627F002A92FAA2F31E
:10E8A000B3FA83F308BF4FF0FF330133C370A27F85
:10E8B00092FAA2F3002AB3FA83F308BF4FF0FF33B2
:10E8C00001330371D7E50023CDE90233CDE90033ED
:10E8D0001A220221404600F061FBCCE54B4A136846
:10E8E0000C3501330221284613600CF091F841F2F7
:10E8F0003E330380012128460CF08AF8012303707F
:10E90000122128460CF084F880F80090A0F80180CD
:10E91000637FC370A37F03F001030371D4F81F303A
:10E92000C0F80530B4F82330A0F80930E38CA0F823
:10E930000B30238DA0F80D30638DA0F80F3094F8C4
:10E940002C30437497E5002A3FF495AD2D4B1B689E
:10E950005A057FF590AD207F00F00F03012B48D1C1
:10E9600004F11E08C0F38011424600F00F00FEF7CC
:10E9700045FF00287FF47FAD0C35022128460CF0BE
:10E9800047F841F23E230380012128460CF040F86D
:10E990000B230370112128460CF03AF840F20113C2
:10E9A0000380237FC3F380138370D4F81E30C0F834
:10E9B0000330638CA0F80730237FC3F3C013437286
:10E9C000636AC0F80A30238DC381067453E50B4691
:10E9D000424600211A20FEF77FFF4CE500DEBCE531
:10E9E0000B2380467B604FF00C0B82467DE500DEFA
:10E9F00006E600DE207FB3E7500100207CE701003F
:10EA0000D0DD0100480100208CE70100A01D00209E
:10EA100070B500F10C040E462046022115460BF09D
:10EA2000F7FF40F213530380052120460BF0F0FF5F
:10EA300001230370A0F80160A0F8035070BD00BF6F
:10EA40000379032B08D0053BDBB2182B01D900203A
:10EA50007047054AD05C7047037F03F00303032B24
:10EA600014BF05200420704774E901000D480E4BC7
:10EA70000E4A0F4930B44FF0FF34046041F6FF7581
:10EA80004FF0FF34C3E9004500240025C2E90045EA
:10EA90001F240025C1E90045064B00221A6030BC46
:10EAA000FEF79CBEA81D002050010020100E002083
:10EAB00048010020A01D002038B5059D9DF810C01C
:10EAC0002C4614F8101B0131C9B2297099B10B49B9
:10EAD000C1E90002887A0B81094BCC606CF300001D
:10EAE00000228872996001201146FCF747FB00B9AB
:10EAF00038BD00DE38BD00DEE9E700BF180E00209B
:10EB0000F00200200020704738B50546023001F1C0
:10EB10001002C0B2FEF798FA044600B938BD10F1F1
:10EB2000780F01D10C2038BD40F29123094A0A49DF
:10EB30000A480BF045F90A48224629460BF040F9ED
:10EB4000002383F31188BFF36F8F0323184602DF7E
:10EB50000C20E8E7B0E70100F0E7010008E8010059
:10EB600028E8010010B5154C94F84C3003F0010270
:10EB700078B17AB99B0706D50120FDF743FD062140
:10EB8000FCF768FAB8B10D48F2F7CEF810B90020DA
:10EB900010BD0AB90C2010BD6369002BFAD12146C3
:10EBA000FFF7B2FF0028F5D194F84C3060F3000372
:10EBB00084F84C30EBE7122010BD00BF280E002077
:10EBC00038B500240B4D3CB995F84C4014F00104C5
:10EBD00002D06869294608B1002038BDFFF794FFCC
:10EBE0000028EFD195F84C3060F3000385F84C30E5
:10EBF000E8E700BF280E0020034A044B801AA3FB5D
:10EC00000030C0F387107047280E0020CDCCCCCC4C
:10EC1000044A0068044B801AA3FB0030C0F387103D
:10EC2000704700BF280E0020CDCCCCCC30B90448B2
:10EC300090F84C3013F0010300D07047002070476B
:10EC4000280E0020044B93F84C2002F001021043E0
:10EC50000CBF184600207047280E0020A0B90B4AB0
:10EC600092F84C3013F001000FD0506992F8381030
:10EC70000038C1F3401203F0010303FA02F318BF96
:10EC8000012043EA8000704700207047280E0020D2
:10EC900008B5054B0022986011460120FCF76EFA7A
:10ECA00000B908BD00DE08BD0003002083685A6873
:10ECB00092F82730DB09014601D000DE70470831A9
:10ECC000F2F736BD2DE9F0410668254982B00446C9
:10ECD0004FF4AC723046FCF7A9F904F13005214637
:10ECE00005F002FA606B01AA2946FCF7DFF908B3C8
:10ECF000DFF870804FF6FF7798F8412098F84010C1
:10ED0000531CDBB2082B08BF0023994223D008EB29
:10ED1000C20128F83270019A4A6012680260019AB2
:10ED2000106088F84130606B01AA2946FCF7BEF9F3
:10ED30000028E1D1D6F8200106F5907138B1002302
:10ED4000C6F82031FEF714FA02B0BDE8F08100DE0B
:10ED5000D6F82001F3E700DE00231B80FFDE00BFB2
:10ED6000780E0020041F002010B50C4630B9204654
:10ED7000FEF72EF9844200D000DE10BD00DEF6E77B
:10ED800010B50C4630B92046FEF716F9844200D083
:10ED900000DE10BD00DEF6E710B50C4640B9074BAB
:10EDA0000246012102209C60FCF7E8F920B910BD61
:10EDB000FEF7FCF88442FAD000DE10BD20030020EC
:10EDC00000B9704700B583B00191FEF70DF90199C4
:10EDD000814202D103B05DF804FBFEF7E7F8019928
:10EDE0008142F7D000DEF5E710B5134B134801223E
:10EDF0004FF4AC71FCF7C8F800224FF4AC710F4827
:10EE0000FCF710F94FF6FF7383840D4B0322181D96
:10EE10002421FCF7B9F80B4B0722181D0821FCF739
:10EE2000B3F801F06FFC08480849094A032300249D
:10EE300004600B70137010BD541E0020780E00206B
:10EE4000941E0020581E00206C1F002098260020D1
:10EE50009726002010B5037883B1104B00F1100104
:10EE600099608268BAB90E4C0C4B0022C0E902418D
:10EE700011460120FCF782F958B910BD03F0FF02DA
:10EE8000084B1030986011460120FCF777F90028F4
:10EE9000F3D000DE10BD00DE9968E4E71003002027
:10EEA00091EC0000000300200148FCF791B800BF7E
:10EEB000541E00200149FCF7A1B800BF541E0020D9
:10EEC00002494FF4AC72FCF7B1B800BF780E0020D5
:10EED000024620B903484FF4AC71FCF7A3B80020F8
:10EEE000704700BF780E002060B908B502464FF4A5
:10EEF000AC710548FCF796F810B1838C03B908BDD6
:10EF0000002008BD00207047780E00200148FCF763
:10EF10005FB800BF941E00200149FCF76FB800BF26
:10EF2000941E002080BB38B502460D4618484FF4A9
:10EF3000AC71FCF777F8D0B1828CC2B9154C94F85B
:10EF400021C094F820100CF10103DBB2042B08BFA0
:10EF50000023994215D024F83C2004EBCC0CCCF8CB
:10EF6000045084F82130037823B9002038BD6FF0B5
:10EF7000150038BD084B012198600320FCF7FEF80E
:10EF8000F3E76FF0680038BD6FF01500704700BF01
:10EF9000780E0020481F0020300300202DE9F047A4
:10EFA000DDF82C90BDF82060BDF82470BDF82880F5
:10EFB000A0B98A4614464FF4AC71024612481D4669
:10EFC000FCF730F850B1838C43B9BAF1000F0FD081
:10EFD000BAF1020F05D00120BDE8F0870220BDE89C
:10EFE000F08774B1214601F0D1FD0020BDE8F08723
:10EFF000CDE908893B4632462946BDE8F04701F095
:10F0000059BD01F0B3FDF0E7780E0020E8B938B53E
:10F0100002460C460E484FF4AC71FCF703F8054667
:10F0200050B1838C43B901F033FD38B103682360DC
:10F0300003792371002038BD022038BDD5F8323065
:10F04000236095F836302371F4E70220704700BF43
:10F05000780E002008B10220704710B502460C4619
:10F060000E484FF4AC71FBF7DDFFA0B1838C93B970
:10F070001A2C0AD8042C0CD9094BE340DB0708D51D
:10F080002146BDE8104001F0CDBC292CF8D03B2C26
:10F09000F6D0122010BD0C2010BD00BF780E00204D
:10F0A0002000380480B908B502464FF4AC71074817
:10F0B000FBF7B8FF30B1838C23B9BDE808400121CC
:10F0C00001F0FEBB022008BD02207047780E002030
:10F0D00078B908B502464FF4AC710748FBF7A2FFB8
:10F0E00028B1838C1BB9BDE8084001F001BC0220A7
:10F0F00008BD0220704700BF780E0020C8B938B59F
:10F100000D4614464FF4AC7102460B48FBF78AFFDC
:10F11000034660B1808C50B993F83B20C2F30202E1
:10F120002A7093F83C30C3F30203237038BD0220E9
:10F1300038BD0220704700BF780E0020024A034B02
:10F140001070197000207047982600209726002024
:10F1500000BB70B50C4682B016464FF4AC71024647
:10F160000D481D46FBF75EFF70B1838C63B9D0F884
:10F17000F830DB050BD50123009332462B462146A0
:10F1800001F028FC02B070BD022002B070BD1A2050
:10F1900002B070BD02207047780E002048BB10B549
:10F1A00002460C4614484FF4AC71FBF73BFFF0B13C
:10F1B000838CE3B9C28CB0F844311049052A0BD8CE
:10F1C00002FB03334FF4FA7202FB03F3A1FB0313B8
:10F1D0005B0B2380002010BD02FB03F340F2E242F0
:10F1E00002FB03F3A1FB03135B0B2380F2E7022076
:10F1F00010BD0220704700BF780E00205917B7D10C
:10F2000050BB10B502460C4614484FF4AC71FBF7E6
:10F2100009FFF8B1838CEBB9C38C42F2107202FB88
:10F2200004F1052B01F1FF310AD84FF4FA7203FB08
:10F2300002231944B1FBF3F1A0F84411002010BDE2
:10F2400040F2E24202FB03F31944B1FBF3F1A0F8F0
:10F250004411F3E7022010BD02207047780E002011
:10F2600008B5FFF7C1FD002008BD00BF38B503F0A9
:10F27000DFFE1A4800224FF4AC71FBF7D3FE0446C0
:10F2800050B304F1100221460320FDF7DDFE0546D0
:10F2900010B110F1780F0AD10025114A114B2565E4
:10F2A0001584A3F84050FFF79FFD284638BD40F273
:10F2B0004D730D4A0D490E480AF082FD0D482A464D
:10F2C00000210AF07DFD002383F31188BFF36F8FC7
:10F2D0000323184602DFDFE700DED2E7780E0020C6
:10F2E000481F0020041F002040E80100F0E7010053
:10F2F00008E8010028E80100014B1878704700BFBA
:10F3000098260020014B1878704700BF97260020F0
:10F310000B46896818600A68107828B1916879B935
:10F320000849C2E9021370474A6892F82710C909D0
:10F3300001D000DE704703F108011846F2F7F8B972
:10F3400000DEEDE7ADEC00000B68DA889ABB70B523
:10F350000C4606464FF4AC711848FBF763FE0546B1
:10F36000D0B1838CC3B901F04DFC2268137F03F048
:10F370000303032B08D10123137122683146284669
:10F38000BDE8704001F052BC53B195F81A319A07AC
:10F3900005D53D2385F81C31236801221A7170BD03
:10F3A00095F81A319B0703D53D2385F81C31226857
:10F3B0000123137170BD01221A717047780E00206D
:10F3C00010B5B0F824C004464FF6FF7084450CD049
:10F3D000A4F8DC302046C4E9351201F021FA94F893
:10F3E0001A3113F0010002D110BD00DEF0E723F066
:10F3F000010384F81A316FF08B0010BD70B51C4CFE
:10F40000064694F821201BE0FBF70CFE03466968D2
:10F410009C301BB39B8C0BBB00F0EEFF94F82010CC
:10F4200094F821204B1C8A4206F1FF30DBB204D055
:10F43000042B08BF002384F8203010F0FF0616D0FC
:10F4400094F820300B4893424FF4AC710FD034F84D
:10F45000332004EBC305002AD6D069680B7923F06A
:10F4600003034FF6FF700B71FDF770FDD6E770BD1B
:10F47000481F0020780E0020F0B5314B1A689042EA
:10F4800008BF002283B008BF1A60828CA0F8262132
:10F49000182380F82431054680F83C11012101F041
:10F4A000C9F905F19C06284601F0D8F9304600F06C
:10F4B0008BFF304600F0C0FF044628B3037903F009
:10F4C0000303032B0CBF0346002303601D4805F113
:10F4D0004407FBF77DFDA8B121463A46FBF7D4FD72
:10F4E000304600F0A9FF044670B1037903F003032E
:10F4F000032B0CBF0346002303601248FBF768FD93
:10F500000028E9D100DEE7E7AA8C0F4B0095033213
:10F51000D2B201210020FCF77FFF10F0FD0F08D1CF
:10F520004FF6FF73FF20AB8403B0BDE8F040FFF758
:10F5300065BFFDF73BFD8542F2D000DEF0E700BF7E
:10F540006C1F0020581E002099ED000038B50546BC
:10F550000120FFF753FF05F19C0000F06DFFA8B1FB
:10F56000037903F003030446032B0CBF2346002357
:10F5700007482360FBF72CFD30B105F1440221461A
:10F58000BDE83840FBF780BD00DEF6E738BD00BFC0
:10F59000581E002021B3F8B54D1EEDB200F19C07B6
:10F5A00000F1440612E0237903F00303032B0CBFA0
:10F5B000234600232360FBF70BFD78B1013D324663
:10F5C0002146EDB2FBF760FDFF2D06D0384600F076
:10F5D00033FF04460348002CE5D1F8BD00DEEDE71B
:10F5E000704700BF581E00200149FBF707BD00BF50
:10F5F000581E0020014B93F841007047041F002063
:10F6000000B50A4B93F840C093F841E0F4450BD0A5
:10F6100080F800E033F83C00088003EBCC035B6823
:10F62000136018685DF804FB0020FBE7041F00204E
:10F63000074B93F840C0844508D003EBCC0033F867
:10F640003C300B8043681360186870470020704797
:10F65000041F0020094A92F8401092F841308B4272
:10F6600009D04B1CDBB2082B08BF002352F8310035
:10F6700082F8403070470020704700BF041F002010
:10F6800000B50D4A92F841C092F840E00CF1010338
:10F69000DBB2082B08BF00239E4509D022F83C00AE
:10F6A00002EBCC0CCCF8041082F841305DF804FB7E
:10F6B00000DE00231B80FFDE041F002070B553799D
:10F6C000144605460E46002B39D0237903F0030279
:10F6D000032A0CD04FF6FF72954204BF23F00303B8
:10F6E000237121462846BDE87040FDF72FBC4FF638
:10F6F000FF739D4206D13368A3421AD0002BF0D08D
:10F7000000DEEEE7EDB913482A464FF4AC71FBF783
:10F7100089FCE0B1214601F057FA3368A342EDD1EC
:10F720000C4800224FF4AC71FBF77CFC08B1838CD1
:10F7300003B100202146BDE8704001F035B800DE7D
:10F74000C3E700DE0020214601F03EFAD3E700DEE9
:10F75000E0E700BF780E00201B207047704700BF15
:10F7600090F81A3143F0020380F81A31704700BF55
:10F7700090F81A3123F0020380F81A31704700BF65
:10F78000B0F81831B0F8DC20981880B2704700BF8C
:10F790000278038E12B1581E80B27047418DB0F8C6
:10F7A000DC205818104480B2704700BF10B50446E2
:10F7B0000B68C4F8323032300B7903710521FBF746
:10F7C000F7FD94F8373060F3050384F8373010BD47
:10F7D00008B50022D0E91001FBF760FCB0FA80F018
:10F7E000400908BD8A690B4600219961B2B1032125
:10F7F0001171818CD18093F8201002F11C0031B975
:10F800001B7A052B08D0062B03D000DE704702F0D0
:10F8100011B91A231371704702F0EEB800DEE6E763
:10F8200070B504460D4600F15706334600223B31C1
:10F8300005F12B0005F042FED4F85F10C4F88010EB
:10F84000216FD4F85700C4F89110616FD4F8632089
:10F85000A067C4F8951000200021C4E92201D4F863
:10F860005B3094F86F10C4F8842094F89020E3671C
:10F87000002363F3000142F0010284F86F1084F862
:10F88000673084F8683084F8693084F86A3084F826
:10F890006B3084F86C3084F86D3084F86E3084F806
:10F8A00090202946204600F09DFE0646B8B1301D46
:10F8B00002F0A2F8F3796B733146204600F0A8FEFF
:10F8C000204601F001FE40F206636B8194F8563049
:10F8D00023F0180343F0180384F8563070BD00DE9F
:10F8E000E5E700BF70B50C46897A82B005460A2963
:10F8F00000F23E81DFE801F00A1E23267AA0495972
:10F90000686B0600002A67D002B070BD002AFBD1E8
:10F91000237A062B4FF0010128464AD000F07CFEE6
:10F920002146284600F056FE002840F0C3800223FE
:10F93000A372E9E7002AE7D101212846EEE7002A71
:10F94000E2D1EDE7012A00F0A180042ADCD10121F7
:10F950002846009300F074FE009BDA780D2A00F030
:10F96000F580112A00F0FC8000DE1F2384F820308F
:10F97000284603F0A3F821462846FFF733FF284620
:10F9800001F050FE0023A372BEE7032ABCD101217F
:10F99000284600F055FE00262846FFF7E9FE84F8C9
:10F9A0002060284603F08AF83CE0002AACD101210F
:10F9B000284600F031FE2146284600F00BFE0028C4
:10F9C00045D10823A3729FE7002A9DD1F3E7062AB9
:10F9D0009AD12846FFF7C4FE2146284600F0FAFDDA
:10F9E000002840F08F800A23A3728DE7022A26D0D8
:10F9F000042A89D101212846009300F021FE2846DF
:10FA0000FFF7B6FE009BDA780D2A00F09780112AE6
:10FA100000F0A48000DE1F2384F82030284603F085
:10FA20004DF80026214628462673FFF7DBFE2846C0
:10FA300001F0F8FDA67267E7002A7FF465AF214662
:10FA4000284600F0C7FDD0B90523A3725CE7214624
:10FA5000284600F0C7FD0646002800F08580301DCE
:10FA600001F0D4FFF37963733146284600F0D0FDEE
:10FA7000284601F029FD40F60933638144E7214619
:10FA8000284602B0BDE87040FFF7CABE2846CDE95F
:10FA90000023FFF765FE019B009A59689868C4F837
:10FAA0004700C4F84310D968696740F204532273D1
:10FAB000638129E72146284600F094FD0646002888
:10FAC00050D0311D204601F071FFF3796373314648
:10FAD000284600F09DFD284601F0F6FCD6F81230CD
:10FAE000D6F81620C4F83F20C4F83B30D6F81A20C8
:10FAF0002A6740F203432846638102B0BDE87040A4
:10FB000002F0D8BF2146284600F06CFD064668B3D7
:10FB1000301D01F085FFF37963733146284600F00C
:10FB200077FD284601F0D0FC4FF60173638195F80C
:10FB3000563023F0180385F85630E5E61B79062B7E
:10FB40003FF46AAF1A2B3FF467AF64E71B79062BCB
:10FB50003FF40CAF1A2B3FF409AF06E75B79EEE7F1
:10FB60005B79F4E700DEACE700DE78E700DECFE7A4
:10FB700000DEC9E692F81FC0ACF1040C02F11C03D0
:10FB8000BCF10D0F08D8DFE80CF00E1417070707BB
:10FB90000711070B0707070B3D2380F81C3170473F
:10FBA0000422FFF79FBE0122FFF79CBE0622FFF74B
:10FBB00099BE0222FFF796BE0322FFF793BE00BF55
:10FBC00013460022FFF78EBE10B50C46896900234C
:10FBD000A36131B394F82130DB071DD50B792E2BAF
:10FBE0001DD11D230B71838CCB8094F822300B77B1
:10FBF00090F83C30C3F302038B7790F83B30C3F3AB
:10FC000002034B770868FDF761F994F8213023F07F
:10FC1000010384F8213010BD01230B71F2E700DEEF
:10FC2000DFE700DED6E700BF91F8202030B594076B
:10FC300042D402F0070313F0010537D1A3F1040306
:10FC4000B3FA83F35B094FEA830E754691F82030CF
:10FC500065F3020381F82030C3F3C202DB062ED421
:10FC600012F0010425D1A2F10402B2FA82F2520983
:10FC70004FEA820C644691F8203064F3C50381F8A2
:10FC8000203090F83B3003F00703AB4208BF4FF041
:10FC9000000E81F826E090F83C3003F00703A34201
:10FCA00008BF4FF0000C81F827C030BD4FF0010EA7
:10FCB000CCE74FF0010CDEE70225AE46C6E7022492
:10FCC000A446D8E770B505460C4602F0EBFE10B12D
:10FCD0000423A37270BD2146284600F07BFC002857
:10FCE000F6D0284602F0D2FE0728F1D005F19C009C
:10FCF00000F0A0FB0028EBD12846FFF769FD0028A3
:10FD0000E6D00D21284602F0BFFE1823637321467A
:10FD1000284600F067FC0646E061F0B1637B66614F
:10FD20000022182BE26109D000DE2846314600F09F
:10FD30006FFC2846BDE8704002F0C4BE214628464C
:10FD4000FFF772FFE38C5BB9A384311D204601F0FD
:10FD5000B7FE4FF605736381E7E700DEE669DDE78E
:10FD6000FFF716FD2A8D063283189BB2ECE700BF21
:10FD700070B50C46897A06461546092906D8DFE88B
:10FD800001F0070C0505464D050567A200DE70BDB4
:10FD9000002DFCD10123A37270BD1946204601F04D
:10FDA00081FE94F8202096F85431C2F3C200C3F3C8
:10FDB000C2010140C2F30200034043EAC10322F042
:10FDC0003F02134384F8203096F93730002B0BDBC9
:10FDD00094F8203013F0380F40F0858094F82030EC
:10FDE00023F03F0384F820300221304600F014FC59
:10FDF000012DCCD196F83730DB09C7D1204600F071
:10FE00002BFC21463046BDE87040FFF75BBF002D5C
:10FE1000BDD12146BDE87040FFF754BF022DB6D1D9
:10FE200090F93730002B78DBE38C002B6AD094F804
:10FE300026302BB196F83B2063F3061286F83B2060
:10FE40000823A37230460221BDE8704000F0F8BBE1
:10FE5000002D9CD1FFF794FCA38CC01A030496D408
:10FE600084F8225096F93730002B54DB94F8271091
:10FE700096F83C5094F8263096F83B0011F00301B8
:10FE800005F007021CBF61F3020586F83C5013F031
:10FE9000030300F007002AD196F83C3003F0070373
:10FEA0009A1A18BF012294F8213062F3000384F8F3
:10FEB000213096F83B201346092162F3061386F899
:10FEC0003B30A17270BD042D7FF461AF2146FFF776
:10FED0007BFE304602F038FF0021304602F0D4FDB0
:10FEE0000023A37270BD5A077FF47EAF76E796F8C1
:10FEF0003B10984263F3020186F83B1018BF0122C1
:10FF0000D1D1C9E796F83B100A4661F306120923DE
:10FF100086F83B2095E72A46C5E700DE84E700BF68
:10FF2000F8B5CE690C460546002E50D0637B66615D
:10FF30000022162BE26106F104071AD0182B16D105
:10FF400021462846FFF770FEE38CCBBBA3843946DD
:10FF5000204601F0B5FD4FF6057363812846314612
:10FF600000F056FB2846BDE8F84001F0ADBA00DECF
:10FF7000F4E794F8203095F85421C3F3C20363F3F7
:10FF8000C50285F8542194F8202095F8543162F385
:10FF9000020385F8543194F8203095F83B20C3F3E0
:10FFA000801363F3C302394685F83B20204601F0F5
:10FFB00063FD0221284600F02FFB0223A372CDE748
:10FFC000FFF7E6FB2B8D063303449BB2BEE700DE52
:10FFD000CE69ABE738B505460C4601F06DFA10B1B5
:10FFE0000423A37238BD2146284600F0F3FA002806
:10FFF000F6D005F19C0000F01DFA0028F0D128464B
:020000021000EC
:10000000FFF7E6FB0028EBD0182321466373284650
:1000100000F0E8FAE06121462846BDE83840FFF7E5
:100020007FBF00BF38B505460C4601F045FA10B158
:100030000123A37238BD284602F02AFD0028F7D11B
:100040002146284600F0C6FA0028F1D0284602F0E2
:100050001DFD0728ECD02846012102F011FD28469D
:100060000D2102F011FD162321466373284600F08E
:10007000B9FAE06121462846BDE83840FFF750BF95
:10008000F0B50C46897A83B0054609290BD8DFE81C
:1000900001F005050D173D460A0A66AA002A00F080
:1000A000B38003B0F0BD00DE03B0F0BD032AF8D189
:1000B00095F83730DB09F6D141F203736381F0E73D
:1000C000012A00F0A880062AEBD10021284602F080
:1000D000D7FCD5F8F83023F480732046C5F8F83003
:1000E00000F0BAFA94F821301A2243F0010384F8A0
:1000F000213084F8222095F83B201346092062F332
:10010000061385F83B300221A07222E0002AC8D1F4
:100110002146284603B0BDE8F040FFF75BBF032A45
:10012000BFD195F93730002BC0F2D780E68C002E76
:1001300000F0A68094F826302BB195F83B2063F3AD
:10014000061285F83B20284601F0C8F90823A3725F
:100150000221284603B0BDE8F04000F071BA002A41
:100160009FD12846FFF70CFBA38CC01A030498D438
:1001700095F93730002BC0F2A58094F8272095F828
:100180003C0094F8263095F83B1012F0030200F082
:1001900007061CBF62F3020085F83C0013F003035E
:1001A00001F0070140F0848095F83C3003F007032C
:1001B0009E4200F087800021284602F061FC002268
:1001C000012384F8222094F8212063F3000284F8AC
:1001D000212095F83B201346092162F3061385F888
:1001E0003B30A1725DE7042A7FF45BAF21462846CD
:1001F000FFF7EAFC284601F015FA0021284602F034
:1002000043FC0023A3724CE72146284603B0BDE817
:10021000F040FFF707BF02212846019302F030FCAF
:10022000019B94F820201946204602F00707C2F3EC
:10023000C20601F059FC0221284600F0EDF994F8BD
:100240002030C3F3C202324062F3C5031F4067F39C
:10025000020384F8203095F93730002B0CDB94F83A
:10026000203013F0380F01D05A0705D194F8203010
:1002700023F03F0384F82030204600F0EDF947E7F3
:100280003146284602F0FCFB94F8202094F8211017
:1002900084F82260D20962F3000184F8211095F8F5
:1002A0003B100A4661F30612092385F83B204EE70E
:1002B00095F83B20994263F3020285F83B207FF4D6
:1002C0007AAF71E70021284602F0DAFB94F820307B
:1002D000002284F82220DB0975E700DE26E700BF54
:1002E00010B592F81FE0BEF1110F02F11C0313D0FC
:1002F000BEF1170F0BD0BEF1070F12D024230C460E
:1003000080F81C3101F08EF90023A37210BDBDE806
:1003100010400122FFF7B4BEBDE810400522FFF7F0
:10032000AFBEBDE810400622FFF7AABE134600226A
:10033000FFF7A6BE13460322FFF7A2BE38B58B7A9D
:10034000082B02D002D8052B10D838BD092B0DD1AF
:1003500005460C46FFF738FC284601F063F90021FA
:10036000284602F091FB0023A37238BD00DE38BDA1
:1003700092F81FC0BCF1160F09D010B524220C460C
:1003800080F81C2102F0E0FC0023A37210BD02F1F2
:100390001C030122FFF7ECBC13460022FFF7E8BC68
:1003A00013460222FFF7E4BC00230422FFF7E0BC5F
:1003B0000023C0E90133C0E903330370704700BF75
:1003C000037801330370704703785BB9C3687BB16E
:1003D00002691AB1816861B10B6082600023C0E9D3
:1003E00003337047013BDBB20370002BEED0704744
:1003F00070474360F1E700BF03783BB100230C3046
:100400000B60436843B119604160704700230430BA
:100410000B604368002BF6D1C0E90011704700BFA4
:1004200000230B60836813B1196081607047C0E9D5
:1004300001117047406870470346406828B19968C9
:1004400002685A60884208BF9A6070474078A0F1FD
:100450000200B0FA80F04009704700BF4078A0F178
:100460000D00B0FA80F04009704700BF4078A0F15D
:100470000100B0FA80F04009704700BF4078A0F159
:100480000900B0FA80F04009704700BF4078A0F141
:100490000600B0FA80F04009704700BF4078A0F134
:1004A0001800B0FA80F04009704700BF4078A0F112
:1004B0000300B0FA80F04009704700BF4078A0F117
:1004C0000500B0FA80F04009704700BFF8B5064655
:1004D00008460D46FAF77CFD044680B10027C0E9C6
:1004E0000577456006722C22394620300DF0DAF887
:1004F0004FF47F43FF2262726381A381A77320467A
:10050000F8BD00BF4078A0F10200B0FA80F04009C9
:10051000704700BF4078A0F10200B0FA80F04009B7
:10052000704700BF4078A0F10200B0FA80F04009A7
:10053000704700BF4078A0F10100B0FA80F0400998
:10054000704700BF4078A0F10100B0FA80F0400988
:10055000704700BF4078A0F10100B0FA80F0400978
:10056000704700BF4078A0F10900B0FA80F0400960
:10057000704700BF4078A0F10900B0FA80F0400950
:10058000704700BF4078A0F11800B0FA80F0400931
:10059000704700BF4078A0F10300B0FA80F0400936
:1005A000704700BF4078A0F10300B0FA80F0400926
:1005B000704700BF4078A0F10300B0FA80F0400916
:1005C000704700BF416809B1FAF718BD00DE416805
:1005D000FAF714BD024B1868003818BF01207047A5
:1005E0005003002010B50448FAF7F2FC044604302A
:1005F000FFF7B4F8204610BD5003002008B50120D5
:10060000FCF778FC003818BF012008BDFCF78CBC53
:100610009C30FFF705BF00BF38B590F80E31054696
:100620000C461BB11C4385F80E4138BD9C30FFF7CA
:10063000C7FE95F80E311C4385F80E4138BD00BF4A
:1006400090F80E3123EA010180F80E1101B17047D4
:100650009C30FFF7B9BE00BF836943B11A792E2AD7
:1006600004D02E221A71836902691A60704700DE75
:100670008369F3E783694BB11A792E2A00D070475A
:1006800001221A7181690868FCF720BC00DE8369C9
:10069000F2E700BF8B6913B11A792E2A08D0CB6913
:1006A0002BB1D0F814211A60CB69C0F8143170470F
:1006B0001B68D0F810215A608B6901221A718B696E
:1006C000C0F81031EBE700BF70B505460C48FAF7EB
:1006D0007FFC044688B10A4B43600026C0E90566EA
:1006E00005722C22314620300CF0DCFF4FF47F43A2
:1006F000FF2262726381A381A673204670BD00BF92
:100700004003002010B50A4B022258685021FAF726
:100710003BFC084B012258685021FAF735FC064B88
:10072000BDE81040586804222C21FAF72DBC00BF08
:1007300048030020400300205003002038B5044641
:10074000002500F043FF2046C4E92C5584F8BC5036
:1007500002F0DCFAC4F8E050C4E9305584F8CE5019
:10076000A4F8CC50A4F8D050C4F8E350A4F8005139
:10077000C4F8E850C4F8EC50C4F8F050C4F8F45091
:10078000C4F8F850C4F8FC50FBF704FF94F8563056
:1007900084F80E51C4E93E01C4E9445523F018031E
:1007A00084F85630258638BD08460149FAF726BC3C
:1007B0005003002010B5B0F8BA4082B0034624B10F
:1007C000A1420FD2641AA0F8BA40B3F8CA0020B10F
:1007D00081420FD2401AA3F8CA00002318461370B2
:1007E00002B010BD019200F00DFE019A58B1037ADB
:1007F0000A2B03D022236FF07300F0E790F820302B
:100800006FF07300EBE700DEF1E700BF034B0B4432
:10081000B3FBF1F3A0F8D030704700BFFF5962027C
:1008200010B5044602F07AFA2046BDE8104000F008
:10083000D5BE00BF10B5044649B1012900D010BD96
:1008400002F0B6FA2046BDE8104000F01DBF02F0ED
:100850009BFA2046BDE8104000F008BF38B5D0F83C
:100860001041054634B1206821464468FCF722FB5C
:10087000002CF8D1D5F814410023C5F8103134B15B
:10088000204624680449FAF7B9FB002CF8D100236C
:10089000C5F8143138BD00BF5003002010B507491A
:1008A00004460120FFF712FE28B10146204600F061
:1008B00079FD002010BD0C2010BD00BF48030020B2
:1008C00038B504460D4602200849FFF7FFFD58B130
:1008D00090F8203065F30003014680F82030204670
:1008E00000F060FD002038BD0C2038BD480300201A
:1008F00010B5074904460420FFF7E8FD28B101467A
:10090000204600F04FFD002010BD0C2010BD00BFA0
:1009100048030020F8B5054690F93700002825DB8C
:100920000F460520124916461C46FFF7CFFD01462B
:10093000E0B13B687A68C1F82520C1F821303378EE
:1009400081F82930737881F82A306268A3682846D4
:100950002568E468C1F83740C1F82B50C1F82F2052
:10096000C1F8333000F01EFD0020F8BD0C20F8BDAA
:1009700048030020F8B5054690F93700002825DB2C
:100980000F460620124916461C46FFF79FFD0146FA
:10099000E0B13B687A68C1F82520C1F8213033788E
:1009A00081F82930737881F82A306268A368284674
:1009B0002568E468C1F83740C1F82B50C1F82F20F2
:1009C000C1F8333000F0EEFC0020F8BD0C20F8BD7B
:1009D000480300202DE9F0410546884607201049CC
:1009E0009DF8186017461C46FFF770FDA8B1E3009C
:1009F00008F0070803F03803BF0143EA080307F0D3
:100A000040073B4343EAC613014680F8203028469E
:100A100000F0C8FC0020BDE8F0810C20BDE8F081AA
:100A20004803002038B504460D4600F071FE20460C
:100A300002F048FA07490A20FFF748FD38B101469D
:100A400080F82050204600F0ADFC002038BD0C207E
:100A500038BD00BF4803002038B590F93730002B6F
:100A600012DB04460D460B200849FFF72FFD014617
:100A700050B12B68C0F822302B7980F82630204600
:100A800000F090FC002038BD0C2038BD4803002049
:100A900008B590F93730002B08DB00F0B3FC20B12B
:100AA000037A0B2B0CBF2230002008BD01F0F6FFAB
:100AB000F5E700BF2DE9F0410446D0F8F800BDF895
:100AC00018701D4683070E46904616D494F93730A9
:100AD000002B1DDB23490820FFF7F8FC0146002905
:100AE00034D00B7A082B0ED0092B14D000DE204610
:100AF00000F058FC0020BDE8F0811A490920FFF7FA
:100B0000E5FC0146EBE7A1F828804D858F85EEE7EF
:100B10001A20BDE8F081079BCE84A1F828804D857E
:100B20008F85ABB11B880B87079B5B884B87079B27
:100B30009B888B87079BDB88CB87079B1B89A1F84A
:100B40004030079B5B89A1F84230D0E70C20D2E708
:100B5000054A4FF0FF33C1E90E23A1F840304FF6AC
:100B6000FF73F0E7480300200000FFFF10B50446C4
:100B700001F094FF10B1037A092B00D010BD01469B
:100B80002046BDE8104001F051BE00BF38B5044614
:100B90000D4601F083FF10B1037A092B00D038BD58
:100BA00080F8205001462046BDE8384001F042BEA2
:100BB00008B501F073FF28B1007AA0F10900B0FA7E
:100BC00080F0400908BD00BF38B505460C4600F06E
:100BD00019FC10B14369A3420ED0284601F05EFF14
:100BE00010B14369A34200D038BD224601462846D1
:100BF000BDE8384002F064B801462246284600F0BD
:100C0000B1FCEAE710B5044600F0FCFB18B1014660
:100C1000204600F0C9FC204601F040FF014620B10B
:100C20002046BDE8104002F05FB810BD2DE9F0414C
:100C3000537F144605460E46002B3AD0D37F1E2B19
:100C400024D9284600F0DEFB0746284601F026FF9F
:100C50000146002F68D0FA7AE37F002843D0934200
:100C6000C07A52D03A7B002A4FD1072B65D0112B86
:100C700074D00D2B40F086800D2802D00B7B002B0A
:100C80003BD01F2385F81C31BDE8F081474A52F85C
:100C9000232022B104F11C00904760B1E37F022BB6
:100CA000CFD10123224631462846BDE8F04102F06B
:100CB0009BB8FF23D377284600F0A4FB30B1E27F36
:100CC000C37A9A42E0D0037B002BDDD1284601F0A5
:100CD000E5FE002840D0E27FC37A9A42D4D0037B5D
:100CE000002BD1D1DEE7934207D03A7B2AB9072BFC
:100CF0003CD0112B3AD00D2BD3D123463246394666
:100D00002846BDE8F04100F0EDBB8342B9D00A7B34
:100D1000002AB6D1072B2FD0112BEED14B7B94F8A4
:100D200020209A42E9D1ACE70028BAD023463246C7
:100D30002846BDE8F04101F06DBF94F820307A7B81
:100D40009A4225D00728F1D00A7B002AEED14A7BAF
:100D50009A42EBD0242395E70346A3E794F820308A
:100D60007A7B9A421FD01128EED1DFE77A7B94F884
:100D700020309A4295D1C0E74A7B94F820309A42BD
:100D8000BBD17EE78342D1D00B7B002BCED1E1E7F4
:100D900007283FF476AF0B7B002B7FF472AF4B7BC1
:100DA0009342AAD16DE71128F5D16AE790E90100D5
:100DB000F8B58D6900260C4607468E612DB30126D5
:100DC00003232B71BB8CEB80237A022B05F11C01D2
:100DD00012D0042B02D000DE46B1F8BD637A0C2B92
:100DE000F9D1384600F0BCFD002EF6D1286829461E
:100DF000BDE8F840FCF76AB8637A072B0DD0092BE1
:100E0000E9D1384600F014FDE6E7FFF7FFFB0546A1
:100E10000028D5D100DE0071FFDE204600F0BCFCCA
:100E2000DAE700BF70B506460C46FFF7DBFB054668
:100E3000002847D0237A013B291D092B06D8DFE87B
:100E400003F0211B052705050505051400DEEB79D8
:100E5000637329463046FFF7DBFB237A0A2B1DD04C
:100E60003046BDE8704000F02FBB204600F056FD34
:100E7000FF236561E372EAE7304600F09BFC09233B
:100E8000E372E4E7084600F061FC1323E372DEE757
:100E9000084600F053FD0C23E372D8E7F38CB6F854
:100EA0004A1140F2E24202FB03F342F2107202FBEB
:100EB000013101393046B1FBF3F1BDE8704089B230
:100EC00000F008BB00DEB5E7F8B506460C4601F0B9
:100ED000E9FD20B103230025A3722846F8BD214671
:100EE0003046FFF777FB05460028F3D02146304611
:100EF000FFF778FB074660B3237A022B07F1040063
:100F000019D0042B20D0012B1CD100F029FCFF2389
:100F1000E372FB79637339463046FFF779FB30465D
:100F200001F0D0FD0423A372304601F00DFF002331
:100F3000A3722846F8BD0146304600F057FCFF2357
:100F4000E372E6E700DEE4E700F0F8FCFF23E3727B
:100F5000DFE700DED0E700BF38B50B7A013B0C4677
:100F60000546092B10D8DFE803F0050509110F0F1E
:100F70000F0F0F1DBDE83840FFF7A6BF284601F050
:100F8000E3FE0023A37238BD00DE38BD90F8E030E8
:100F9000002BF3D1FFF798FF0028F4D0012385F848
:100FA000E03038BD90F93730002BECDB02238B7238
:100FB00038BD00BF38B50B7A013B0C460546092BFE
:100FC00006D8DFE803F02C1E050F0505050505070B
:100FD00000DE38BD00F026FB00221623A27285F841
:100FE0001C3138BD4B7A0C2B1ED18B692BB321469B
:100FF0002846FFF7DDFE284600F014FB0023A3720D
:1010000038BD4B7A072B01D0092B0DD194F8203035
:10101000DB070CD521462846FFF7CAFE07E04B7ACE
:10102000072B04D0132B02D0242385F81C3128462B
:1010300000F0F8FA0023A37238BDFFF7DFFA0028AA
:10104000D5D1284600F040FA0423A37238BD00BF72
:1010500070B50E7A731E0C460546092B06D8DFE8DC
:1010600003F03F2B050E05050505050700DE70BDE5
:10107000FFF7B0FA002850D10123A37270BD90F899
:10108000E030002B41D100F017FA0028F4D12146BE
:101090002846FFF79FFA0028EED021462846FFF7A2
:1010A000C1FE6269002A4FF001030CBF0322022235
:1010B000A27285F8E03070BD00F0FEF90028DBD1A7
:1010C00021462846FFF786FA0028D5D02146284633
:1010D000FFF7A8FE6369002B08BF0326A67270BD48
:1010E00000F0EAF90028C7D121462846FFF772FA36
:1010F0000028C1D021462846FFF794FE6369002BE3
:101100000CBF03230223A37270BD0C2200234A727A
:101110008B61BDE87040FFF74DBF21462846FFF7C1
:1011200081FE1622022384F82020A37270BD00BF26
:101130008A7A022A06D002D9033A012A00D87047D7
:1011400000DE70470B7A0A2BF9D1FFF733BF00BFDF
:1011500038B58B7A032B05D001D9042B00D138BDCB
:1011600000DE38BD0546D07F0C46831E02F11C010F
:101170006072172B0DD8DFE803F00C0C0C0C0C1B65
:101180000C170C0C130D0C0C0C1F0C0D0C0C0C0C78
:101190000C0D00DE21462846BDE83840FFF70ABFA7
:1011A000284600F0F3FBF5E7284600F089FBF1E75D
:1011B000204600F0EDFAEDE7204600F055FCE9E7A7
:1011C00038B58B7A032B05D8012B0AD8BDE83840F7
:1011D000FFF73EBF042B03D10B7A042B0C4601D042
:1011E00000DE38BD0546FFF709FA0028F9D0214690
:1011F0002846FFF7DDFD284600F014FA0023A3720D
:1012000038BD00BF38B58B7A012B06D002D9023B1E
:10121000022B00D838BD00DE38BD0546D07F0C4615
:10122000831E02F11C016072172B1AD8DFE803F04D
:101230000C19191919191919191923191F1919191B
:10124000131919191919191B204600F073FB0821ED
:101250002846FFF7E1F921462846BDE83840FFF768
:101260007BBE00DEF7E7284600F050FBF3E7284698
:1012700000F0FCFAEFE7284600F088FBEBE700BF40
:1012800010B58B7A82B00C46042B1ED8DFE803F031
:101290001710031210000B7A0A2B14D1019001F0E1
:1012A00053FD019894F820300022A27280F81C317E
:1012B00002B010BD02B0BDE81040FFF74DBE0123E3
:1012C0008B7202B010BD00DEE8E700DEF0E700BF81
:1012D00070B5044604F03CF858B1D4F8B05035B1BC
:1012E000D4F8B4202B68C4F8B030AA4221D02846E4
:1012F00070BD05460121032003F0F0FF2A46064693
:1013000001210320F9F706FFD4F8B05045B1D4F815
:10131000B4202B68C4F8B030954208BFC4F8B4308C
:10132000002EE4D0012211460320F9F7F3FE2846EF
:1013300070BDC4F8B430284670BD00BFF8B506468D
:101340000C4604F005F868B1D6F8B050AC421FD195
:10135000A3690BBB3046FFF7BBFF2046BDE8F84052
:10136000FFF730B905460121032003F0B7FF2A46F5
:10137000012107460320F9F7CDFED6F8B050002F23
:10138000E4D0012211460320F9F7C4FEAC42DFD0BD
:1013900000DEA369002BDDD01B792E2BDAD100DE15
:1013A000D8E700BFF8B505460C4603F0D1FF40B1C1
:1013B00000232360D5F8B430F3B11C60C5F8B44005
:1013C000F8BD06460121032003F088FF3246074698
:1013D00001210320F9F79EFE2660D5F8B43073B1E1
:1013E0001C60C5F8B440002FEAD00122BDE8F840E7
:1013F00011460320F9F78EBEC5E92C44F8BDC5E9B6
:101400002C44F0E770B5054603F0A2FF18B1D5F8FB
:10141000B040204670BD04460121032003F05EFF6A
:101420002246064601210320F9F774FED5F8B040A4
:10143000002EEED0012211460320F9F76BFE204664
:1014400070BD00BF38B50546FFF7DCFF037A013BEE
:1014500004460A2B2DD8DFE803F0060606061A1A02
:10146000201414062600014600222846FFF7A8FE95
:10147000A37B03B938BD21462846BDE83840FFF7B5
:101480005DBF01460022284601F0A2F9F0E70146BF
:1014900000222846FEF794FBEAE701460022284690
:1014A000FEF744FFE4E701460022284601F0D0F9A8
:1014B000DEE700DEDCE700BF90F8BC00A0F1010031
:1014C000B0FA80F040097047B0F8D030A0F8BA30D8
:1014D000704700BFA0F8BA10704700BF0023A0F803
:1014E000BA30704738B50C468969054610461A4629
:1014F000F9B1217A01390A2932D8DFE801F006066C
:1015000006062222271D1D062C0021462846FFF72D
:101510001FFEA36923B11B792E2B1CBF0023A361DF
:10152000A37B03B938BD21462846BDE83840FFF704
:1015300005BFA3612061DCE72146284601F0F2F8EF
:10154000E7E721462846FEF715FBE2E72146284655
:10155000FEF7C6FEDDE72146284601F06FF9D8E721
:1015600000DED6E738B591F808C0BCF1070F0C468D
:10157000054616D0BCF10A0F134602D0BCF1030F8A
:1015800004D11A4621462846FFF7D2FDA37B00224C
:10159000626103B938BD21462846BDE83840FFF7EF
:1015A000CDBEFEF7C7FEF1E738B50B7A072B0C4628
:1015B000054608D0A37B03B938BD21462846BDE8BF
:1015C0003840FFF7BBBEFEF7B9FEF3E70222002367
:1015D00080F8B820A0F8BA30704700BF38B590F84E
:1015E000B8300446032B1BD8DFE803F002111011BA
:1015F000FFF708FF034648B11D7A2046FFF722FF98
:101600000A2D14BF0123032384F8B83038BDFFF737
:10161000F9FE0028FAD02046BDE83840FFF712BF97
:1016200000DE38BD10B590F8B8300446032B1BD847
:10163000DFE803F00D020C02FFF7E4FE90B1002397
:101640000122A4F8BA30827384F8B83010BDFFF7D5
:10165000D9FE28B100220123A4F8BA20837310BD5B
:1016600000DEF7E700DEEAE700DE10BD90F8B830F4
:10167000022B05D000D87047032BFCD000DE70474A
:10168000002380F8B830704738B590F8B830044679
:10169000032B3AD8DFE803F0092612132046294627
:1016A000FEF7F8FF2846FEF78DFF2046FFF710FEF5
:1016B00005460028F2D1022384F8B83038BDFFF780
:1016C00007FE05460028F6D029462046FEF7E2FF31
:1016D0002846FEF777FF2046FFF7FAFD054600286B
:1016E000F2D1E8E7FFF7F4FD05460028E3D02946EC
:1016F0002046FEF7CFFF2846FEF764FF2046FFF79F
:10170000E7FD05460028F2D1D5E700DE38BD00BF71
:1017100038B50546FFF7DCFD68B10446214628468A
:10172000FEF7B8FF2046FEF74DFF2846FFF7D0FD35
:1017300004460028F2D10024A5F8BA4021462846E4
:1017400001F09EF985F8B84038BD00BF037801214B
:10175000122243F0030303704170C270704700BF50
:1017600003780121132243F0030303704170C27018
:10177000704700BF0B784FF0020C43F003030722C1
:101780000B7081F801C0CA7090F84C300B71704733
:101790000B7980F84C3070470B784FF0020C43F017
:1017A000030307220B7081F801C0CA7090F84C3017
:1017B0000B71704710B50C4608222378E27043F095
:1017C0000303092123706170FAF7E4FE002261F33C
:1017D0000702C1F3072C0B0C6CF30F2263F31742C3
:1017E0001B0A63F31F626060A26010BD38B50C462F
:1017F0000546FAF7CFFE237843F00303237009234D
:101800006370E370D5F8F830217263F0FF0318407D
:10181000020C0B0CC0F307252071C1F30721100A3D
:10182000A2711A0AE07165716172A372E27238BD29
:101830000B78092243F003030B704A70CA70D0E999
:101840003C23100CC2F3072C0A711A0C81F805C056
:1018500088714FEA102C0B72C3F30720130A81F82A
:1018600007C048728A72CB72704700BF2DE9F04101
:101870004A68124E8968530F83EA1273164003F0C8
:1018800001034FF04052A3FB0232054601F0EF077F
:1018900086EA0304FAF77EFE04EA0003C5F8F8308E
:1018A00063F0FF03B8463340C5E93C380F400122DE
:1018B000C5F8FC7085F8E820BDE8F0812FCF87F7E8
:1018C0002DE9F0414C68104F8A68630F83EA147366
:1018D00003F001034FF04051A3FB013127400546BF
:1018E00087EA030402F0EF08FAF754FEC5E93C78F2
:1018F000044008EA01010123C5F8F840C5F8FC10CE
:1019000085F8E830BDE8F0812FCF87F70B7980F8B4
:1019100000314B7980F80131704700BF0B7802220B
:1019200043F003030B704A70CA7090F820300B71BB
:10193000704700BF0B7980F8203070470378074A62
:10194000C0F805204FF0060C43F0030340F60C519D
:10195000037080F801C0A0F803107047F105FFFF85
:101960000B784FF0060C43F003030C220B7081F848
:1019700001C0CA7090F8E2300B71B0F8E330A1F802
:101980000530B0F8E530A1F807307047012380F842
:10199000E1300B7980F8E230B1F80530A0F8E3309F
:1019A000B1F80730A0F8E530704700BF10B50B78EC
:1019B000172443F0030303224C700B70CA70D0F855
:1019C0002130D0F825208A604B6090F829300B73C5
:1019D00090F82A304B7301F10E0403F0B9FC0C218E
:1019E00020B12046BDE8104001F0B8BE2046BDE859
:1019F000104001F0A9BE00BF03780121062243F088
:101A0000030303704170C270704700BF0378012167
:101A10000A2243F0030303704170C270704700BF95
:101A2000037801210B2243F0030303704170C2705D
:101A3000704700BF037801714FF0020C43F00303BD
:101A40000D22037080F801C0C270704703780171E5
:101A500043F003034FF0030C0370112380F801C01F
:101A6000C3704271704700BF0B7980F84D304B79DD
:101A700080F84E30704700BF0B784FF0030C43F0F6
:101A8000030316220B7081F801C0CA7090F8203051
:101A9000C3F3C2034B7190F82030C3F302030B7100
:101AA000704700BF0A7990F8203062F3C50380F8D0
:101AB00020304A7962F3020380F82030704700BF7B
:101AC0000B784FF0050C43F0030318220B7081F8DC
:101AD00001C0CA70838CCB8090F826300B7190F8CF
:101AE00027304B71704700BF0A7990F8203062F3BD
:101AF000C50380F820304A7962F3020380F8203071
:101B0000704700BF0B784FF0180C43F003030F220F
:101B10000B7081F801C0CA70C38C8B80038DCB80A1
:101B2000438D0B81838D4B8190F834300B73C38EC2
:101B3000A1F80D30038FA1F80F30438FA1F81130B9
:101B4000838FA1F81330C38FA1F81530B0F840305F
:101B5000A1F81730B0F84230A1F81930704700BF33
:101B60000B784FF0180C43F0030310220B7081F830
:101B700001C0CA70C38C8B80038DCB80438D0B81D9
:101B8000838D4B8190F834300B73C38EA1F80D30E8
:101B9000038FA1F80F30438FA1F81130838FA1F884
:101BA0001330C38FA1F81530B0F84030A1F81730CA
:101BB000B0F84230A1F81930704700BF8B88C38459
:101BC000CB8803850B8943854B8983850B7B80F804
:101BD0003430B1F80D30C386B1F80F300387B1F857
:101BE00011304387B1F813308387B1F81530C387BC
:101BF000B1F81730A0F84030B1F81930A0F84230F1
:101C0000704700BF8B88C384CB8803850B894385CD
:101C10004B8983850B7B80F83430B1F80D30C38657
:101C2000B1F80F300387B1F811304387B1F81330A2
:101C30008387B1F81530C387B1F81730A0F840306A
:101C4000B1F81930A0F84230704700BF0B7800227D
:101C500043F003034FF00C0CCA700B7081F801C005
:101C600090F823300B71036B094AA2FB03239B0AF4
:101C7000A1F80530438DA1F80930038DA1F8073094
:101C8000838DA1F80B30838CA1F80D30704700BF15
:101C90005917B7D10B7980F82330B1F8053040F2ED
:101CA000E24202FB03F30363B1F809304385B1F864
:101CB00007300385B1F80B308385B1F80D3083848C
:101CC000704700BF0B784FF0080C43F0030301226C
:101CD0000B7081F801C0CA70038CA1F80930D0F8EC
:101CE00022304B6090F826300B727047F8B5CD6902
:101CF00000230C4607461646CB611DB30F2E05F197
:101D0000040116D0112E0CD02046FFF79FFFEB796F
:101D1000637329463846FEF77BFC237A092B0CD0E7
:101D2000F8BD084694F8202094F82110FFF78EFEA5
:101D3000EDE72046FFF7E6FEE9E73846BDE8F84064
:101D4000FFF7C2BBFEF74EFC05460028D6D100DEE9
:101D5000D4E700BF8B6900228A610BB3192293F884
:101D600004C01A71828CDA8091F820201A774AB95F
:101D70000A8DDA834A8D1A848A8D5A84BCF12E0F1B
:101D80000AD07047C28CDA83028D1A84B0F84A21D7
:101D90005A84BCF12E0FF4D118681946FBF796B897
:101DA00000DEDBE730B5C38C0A8D4C8D8D8D934200
:101DB00085B002D1038DA34214D0012381F82230D3
:101DC00002950B6BCDE900240C7A91F82320898CC5
:101DD0000391A4F10801B1FA81F14909EFF7DCF9A7
:101DE00005B030BDB0F84A315B1B18BF0123E5E7F1
:101DF000F8B5CD6900230C4607461646CB618DB376
:101E0000291D112E0AD8DFE806F020090909090961
:101E1000091C0909090909090909241400DEEB79DB
:101E2000637329463846FEF7F3FB237A092B14D057
:101E3000F8BD084694F8202094F82110FFF706FE1C
:101E4000EDE72046FFF796FCE9E72046FFF7FEFEA8
:101E5000E5E72046FFF784FEE1E73846BDE8F840B5
:101E600000F030BEFEF7BEFB05460028C8D100DEFC
:101E7000C6E700BF2DE9F0411B4E336804460D460E
:101E80002BB1834203D00123AB72BDE8F081204621
:101E9000FFF712FB0028F6D1204600F0F9FD0746B7
:101EA0000028F0D129462046FEF794FB0028EAD00E
:101EB0002046FDF76DFC01218046204600F0E0FD44
:101EC000A5F8368085F834700F2229462046346004
:101ED000FFF70CFF94F83730DB0903D141F202031E
:101EE0006B81D2E700DED0E76C1F0020C38C052B8E
:101EF00003D9028DB2F5486F01D900207047934293
:101F0000FBD8438DB3F5FA7FF7D200B5B0F82CC0FB
:101F1000ACF10A0189B240F6764E714502D9002033
:101F20005DF804FB013313FB02F3B3EB8C0FF6D225
:101F300090F8340090428CBF00200120F0E700BFF1
:101F400038B504460D4600F0ADFD20B929462046BF
:101F5000FEF740FB30B910212046FEF75DFB092358
:101F6000AB7238BD04F19C00FEF764FA0028F2D190
:101F70002046FDF72DFC0028EDD029462046FEF72F
:101F800031FBE861FEF73AFB10B90C23AB7238BDA8
:101F9000AB695BBBFEF73AFB2E23A861037195F892
:101FA00034200121002385F823102B634AB12B8DA7
:101FB000E98CB3FBF2F313FB02F39BB2994298BF97
:101FC0002B852046FDF7E4FB238D06330344AB84C9
:101FD000294620460022FFF70BFF4FF60B736B815B
:101FE00020461021BDE83840FEF72ABB00DED1E7CD
:101FF00038B504460D46FFF75FFA20B9294620465A
:10200000FEF7E8FA30B910212046FEF705FB03235E
:10201000AB7238BD04F19C00FEF70CFA0028F2D137
:102020002046FDF7D5FB0028EDD029462046FEF7D7
:10203000D9FAAB69E86143B32E221A7195F83420BE
:102040000121002385F823102B634AB12B8DE98CE5
:10205000B3FBF2F313FB02F39BB2994298BF2B85BB
:102060002046FDF795FB238D06330344AB842946B8
:1020700020460022FFF73AFE4FF606736B8120469A
:102080001021BDE83840FEF7DBBAFEF7B7FA10B909
:102090000723AB7238BDAB69002BCDD1FEF7B6FA82
:1020A0000346A861C8E700BF70B50C460646FFF7B7
:1020B00079FE237A092B1DD094F82250ADB100236C
:1020C00084F8203021463046FFF744FE304600F0C9
:1020D0003BFE237A092B05D10C4B1A68964204BFAC
:1020E00000221A600023A37270BD2046FEF7C2FAD8
:1020F000A561EBE7304600F0EBFC237A092BDBD13E
:1021000094F82030002BDAD1D6E700BF6C1F0020F6
:1021100070B506460C4600F0C5FC10B10623A3724C
:1021200070BD054621463046FEF754FA0028F5D02A
:10213000112221463046FFF75BFE304600F004FED8
:10214000237A092B04D1044B1A68964208BF1D60FC
:102150000023A37270BD00BF6C1F0020F8B5294A90
:10216000136806460C468BB183420FD002238B7254
:1021700000F098FC054620B921463046FEF72AFAC1
:1021800068BB2046BDE8F840FEF766BA218DF38CA7
:102190001660994212D0A5690023A36185B3032379
:1021A0002F792B71B38CEB8005F11C012046FFF7D2
:1021B000A9FC2E2F1FD00423A372F8BD628D338D8E
:1021C0009A42E8D1A28DB6F84A319A42E3D120462C
:1021D000FEF750FA00220523A261A372F8BD4FF466
:1021E0007263238421463046FFF792FF2046FEF7B4
:1021F00041FAA561F8BD28682946FAF767FEDAE7D3
:1022000000DECCE76C1F0020F0B50C46897A83B065
:1022100005460C2900F2C280DFE801F00C18262FD9
:102220003B465AC05D6871AE0700002A00F0BB80D3
:1022300003B0F0BD002AFBD1237A082B00F0EB801D
:10224000092B40F0AB800123A372F1E7012AEFD103
:1022500020461946FFF7B2FC2046FFF747FE28B993
:1022600040F61E7323842CE0012AE1D8214628463B
:1022700003B0BDE8F040FFF771BF002AD8D101924A
:10228000FEF7BCF9019A002840F0E1800323A37215
:10229000CEE7032A00F08480042AC9D10F22062346
:1022A00084F82120A372C3E7002AC1D195F9373001
:1022B000002B80F2AE8094F8203073B10F2384F8A5
:1022C00021302146284603B0BDE8F040FFF720BF8B
:1022D000002AADD1F5E7002AAAD1284600F0E2FB9A
:1022E000002800F09B800823A372A1E7002A9FD159
:1022F0002146284603B0BDE8F040FFF721BE022A80
:1023000096D195F83720C2F3C011D20900F095801C
:1023100019462046FFF7BEFC228D931F40F67A41F6
:102320009BB28B4200F2A680638DB3F5FA7F80F0FA
:10233000A180A08DA0F10A0140F6764689B2B14293
:1023400000F2988003FB0222B2EB800F80F09280B3
:102350002846FDF71DFAA38C1B1A47F6FE729BB2A6
:10236000934240F2A780282385F81C31284600F0CC
:10237000EBFC0023A3725BE7002A7FF459AF2846E9
:10238000FDF7FEF9A38CC01A03043FF551AF2146B7
:10239000284603B0BDE8F040FFF786BE00DE47E701
:1023A0000523A37244E7FEF729F900283FF440AF64
:1023B000A369002B40F08E80FEF728F92E23A06140
:1023C000037194F834200121002384F8231023633F
:1023D0004AB1238DE18CB3FBF2F313FB02F39BB202
:1023E000994298BF23852846FDF7D2F92B8D0633F5
:1023F0000344A384214628460022FFF7F9FC4FF648
:102400000B7310212846638103B0BDE8F040FEF74E
:1024100017B9A2616CE70A23A37209E7214628468F
:10242000FEF7D8F800283FF45EAF10222146284678
:10243000FFF7DEFC0A236381FAE684F84C10284695
:1024400000F030FB0646B8B10D23A372F0E6A66992
:10245000A261002E3CD0032337793371AB8CF3801B
:1024600006F11C012046FFF74DFB2E2F1DD0042343
:10247000A372DDE61E2377E721462846FEF7AAF879
:102480000028E1D0072221462846FFF7B1FC284664
:1024900000F05AFC237A092B7FF46BAF0E4B1A68BD
:1024A00095427FF466AF1E6063E730683146FAF705
:1024B0000DFDDCE72046FEF7CFF80B23A37228467C
:1024C000FDF766F9A38CC31A1A043FF5B1AE5EE7B7
:1024D00000DEC0E700DE6FE76C1F002070B5064627
:1024E0000C46FEF7E9FF10B10523A37270BD054647
:1024F00021463046FEF76EF80028F5D029463046D2
:1025000000F0BEFA112221463046FFF7EFFB3046BD
:10251000FFF788F8237A092B02D00023A37270BD3D
:1025200096F93730002B06DB064B1A689642F4D139
:1025300000221A60F1E73046FEF73AFB0028F3D09C
:10254000EBE700BF6C1F002070B50C46897A82B0A3
:102550000546072910D8DFE801F008121B640F3A7E
:102560003D04002A76D002B070BD002AFBD1237A48
:10257000082B5FD0092B04D000DE02B070BD002A0A
:10258000F1D12146284602B0BDE87040FFF772BC89
:10259000032A00F09080042A4ED0012AE3D1194684
:1025A0002046FFF72FFB2846022100F069FA20465B
:1025B000FFF79CFC002840F08F8041F21E0323842B
:1025C0002146284602B0BDE87040FFF787BF002AC9
:1025D000C9D1F5E7002AC6D128460192FDF7D0F807
:1025E000A38CC01A0304BED4019A2846114600F0F9
:1025F00047FA21462846FFF7D5FB237A092B78D0E6
:1026000094F82260002E7FD12046FEF733F8A661B1
:102610002846FFF707F8237A092B5FD00023A3721F
:10262000A1E7002A9FD12146284602B0BDE87040AC
:10263000FFF7DEBCA261F6E72846022100F020FA8F
:10264000D5F8F83023F002032046C5F8F830FEF73D
:1026500003F8E8E7FDF7D2FF002884D0A06900283E
:102660005AD02E23037194F834200121002384F8DA
:10267000231023634AB1238DE18CB3FBF2F313FBE8
:1026800002F39BB2994298BF23852846FDF780F854
:102690002B8D06330344A384214628460022FFF7EE
:1026A00025FB4FF6067310212846638102B0BDE872
:1026B0007040FDF7C5BF5A791A2ABDD000212846BF
:1026C000019300F0DDF9019B5B7984F8203021460D
:1026D0002846FFF73FFB9BE72046B8E795F93730E0
:1026E000002B13DB0E4B1A68954297D100221A601B
:1026F00094E72846FEF7F2FE237A092B80D194F85E
:102700002030002B3FF47CAF0023DEE72846FEF7A5
:102710004FFA0028E6D081E7FDF778FFA061A0E737
:102720006C1F002020B592F81FC082B0054602F150
:102730001C03BCF1110F0AD8DFE80CF02C090909C1
:102740000909092509090909090909091E17242385
:1027500080F81C310191FEF765FF01990B7A092B76
:1027600020D000238B7202B020BD0322284602B085
:10277000BDE82040FFF7E8BE0122284602B0BDE8D0
:102780002040FFF7E1BE0422284602B0BDE8204009
:10279000FFF7DABE8B7A032BE5D9053B022BE2D992
:1027A00000DEE0E795F93730002B06DB074B1A68AF
:1027B0009542D6D100221A60D3E728460191FEF750
:1027C000F7F901990028F1D0CBE700BF6C1F00207A
:1027D00013460022FFF7B8BE70B5D57F02F11C0387
:1027E000CDB10F2D12D024230E4680F81C310446A3
:1027F00000F0AAFA337A092B05D1094B1A689442E2
:1028000004BF00221A600023B37270BDBDE870409F
:102810000122FFF7F9BCBDE870400222FFF7F4BCCB
:102820006C1F002013460022FFF7EEBC002303229A
:10283000FFF7EABC00230422FFF7E6BC10B524230F
:1028400080F81C310C46FEF7EDFE0023A37210BD8C
:1028500070B58B7A012B0C4605460AD9022B06D19E
:10286000FCF78EFF238CC01A030408D570BD00DE70
:1028700070BDFEF721FE88B10123A37270BD002157
:10288000284600F0FDF804F122012846FCF78EFFEF
:102890002846FEF7C7FE0023A37270BD284600F04D
:1028A000F7F80028E8D121462846FDF793FE0028D6
:1028B000E2D00121284600F0E3F82846FCF768FF43
:1028C0002B8D06330344214623842846FDF78AFED8
:1028D000064660B1311D2046FFF7F4F9F3796373C2
:1028E00031462846FDF794FE0223A37270BD00DE38
:1028F000F0E700BFD0F8C0208A42034608460DD159
:102900008A69A2B90A46D3F8C4C01168C3F8C010D6
:10291000624508BFC3F8C410FDF754BE00DE8A69E3
:102920002AB9D3F8C020002AEDD1FDF74BBE1279A9
:102930002E2AF6D100DEF4E738B5D0F8C0502B7A55
:10294000013B0446092B18D8DFE803F0050505050F
:1029500017171912120500222946FEF791FCAB7BCE
:102960002BB129462046BDE83840FFF7C3BF38BD2C
:1029700000222946FFF756FFF1E700DEEFE70022CD
:102980002946FDF709FDEAE770B5D0F8C0500446C6
:102990001DB394F8CC30012B03D1022384F8C83046
:1029A00070BD29462046FDF715FE0028F5D02946C2
:1029B0002046FDF717FE064688B1311D2846FEF772
:1029C000D9FEF3796B7331462046FDF721FE0122D3
:1029D0000023AA7384F8C83070BD00DED9E700DE9A
:1029E000EBE700BFF8B5D0F8C0500446ADB394F89B
:1029F000CC30012B03D1012384F8C830F8BD29461F
:102A00002046FDF7E7FD0028F5D029462046FDF7D2
:102A1000E9FD064688B32046FEF7F4FC2A7A037ADD
:102A2000934206F104071AD0082B1AD02A2194F8F1
:102A3000E8301BB1D4F8F8305B0717D43846FEF7FE
:102A4000F9FFF3796B7331462046FDF7E1FD012272
:102A50000023AA7384F8C830F8BD00DEC7E723213D
:102A6000E5E7092A0CBF23212A21E0E70A46384678
:102A700094F8CF10FEF7EAFFE3E700DECBE700BFF4
:102A800080F8CE10704700BF704700BF002070472D
:102A900090F8CD00003818BF01207047D0F8C00072
:102AA000704700BF90F8CC00A0F10100B0FA80F0B0
:102AB00040097047012380F8CC307047002380F82C
:102AC000CC307047B0F8D030A0F8CA30704700BFA3
:102AD0000023A0F8CA30704738B5D0F8C040F4B130
:102AE000D0F8C4202368C0F8C0309442054608BF1F
:102AF000C0F8C4309CB121462846FDF7CBFD2046E6
:102B0000FDF760FDD5F8C0404CB1D5F8C42023686E
:102B1000C5F8C0309442EED1C5F8C430EBE738BDFB
:102B200070B505460C4639B1042900D070BDFFF7D9
:102B3000D3FF85F8C84070BDD0F8C060002EF5D036
:102B4000337A112B11D832494FF0010C0CFA03F0F3
:102B5000014061B910F4386F07D00A2B13D0CBB104
:102B600095F8CE30F3B9644604E000DE337A0A2BE0
:102B700009D07BB185F8CD402846FFF7DDFE032361
:102B800085F8C83070BD2846FFF7D6FE052385F8C6
:102B9000C83070BDD37F86F84C302846BDE8704001
:102BA000FFF7F2BE95F93710002910DB012B20D07A
:102BB000022BBBD12846FEF725FC327A037A9342DA
:102BC00021D0082B1DD02A2385F81C3170BD012B84
:102BD000EED12846FEF716FC08B1FF23C37201238D
:102BE00085F8CD302846FFF7A7FE032385F8C830C7
:102BF00070BDD37F85F8CF302846BDE87040FFF721
:102C0000F1BE092ADFD1232385F81C3170BD00BF36
:102C10007FF4030038B50C468969054610461A460C
:102C2000237AE9B10A2B45D8DFE803F00C06060643
:102C30000644443E3838060021462846FEF7E2FAAC
:102C4000A16921B10B792E2B1CBF0023A361A37BAB
:102C50002BB121462846BDE83840FFF74BBE38BDB2
:102C6000A26120610A2B25D801A151F823F000BFF1
:102C7000BB2C0100392C0100392C0100392C01003A
:102C8000392C0100B52C0100B52C0100A92C010044
:102C90009D2C01009D2C0100392C01002146284665
:102CA000FFF79AFDA169CCE721462846FDF760FBB6
:102CB000A169C6E700DEA169C3E71146C1E700BF0D
:102CC00038B50B7A072B0C4605460AD0A37B0022A9
:102CD00062612BB121462846BDE83840FFF70ABEA5
:102CE00038BDFDF75DFBF1E738B50B7A072B0C46D5
:102CF000054608D0A37B2BB121462846BDE83840C5
:102D0000FFF7F8BD38BDFDF74FFBF3E704220023C2
:102D100080F8C820A0F8CA30704700BF90F8C830CB
:102D2000052B0ED8DFE803F0060907030603D0F8E9
:102D3000C03023B97047FFF727BEFFF753BEFFF738
:102D4000FBBD00DEF6E700BF90F8C830052B04D8C5
:102D5000DFE803F004151305040500DE7047D0F822
:102D6000C020002380F8CD305AB100230121A0F803
:102D7000CA30917380F8C8307047FFF705BEFFF77F
:102D800031BE00DEF1E700BF90F8C830052B04D853
:102D9000DFE803F004090B04050400DE704700239C
:102DA00080F8C8307047FFF71DBEFFF7EDBD00BFCC
:102DB00090F8C83010B50446052B12D8DFE803F0B0
:102DC000030D09030803FFF787FE042384F8C830C6
:102DD00010BDBDE81040FFF7D7BDBDE81040FFF7BC
:102DE00001BE00DE10BD00BFF0B5044683B00E4644
:102DF000154673B1D27F1B2A37D8DFF8C4C090F8CC
:102E000037100CEB4203C9095F7801238B403B402C
:102E100040D11846FDF758FC074620B30023036055
:102E2000D4F8C4301BB31860C4F8C40094F8C83098
:102E3000052B42D8DFE803F01E27030606062046CE
:102E4000FFF7A2FDBB7B1BB139462046FFF752FDC1
:102E5000D4F8C01039B12B463246204603B0BDE845
:102E6000F040FFF7D7BE03B0F0BD0023D1E7C4E9BF
:102E70003000DBE72A4600212046FFF751FEBB7BEE
:102E8000002BE5D0E0E72046FFF7ACFDBB7B002B35
:102E9000DED0D9E71CF812300A2BBAD10193FFF724
:102EA0001BFE0022A4F8CA2084F8CD2084F8C82094
:102EB0002046FEF72DFC019BABE700DEC2E700BF1A
:102EC0000CEA010010B50446FFF706FE0023A4F843
:102ED000CA3084F8CD3084F8C83010BD704700BFC8
:102EE00000B9704700DE70472DE9F843099C9DF852
:102EF00020900646A08C4FF6FF71884234D03146B0
:102F0000204690461F46FCF75BFA68BB23780133E6
:102F1000DBB2237063B3B4F81821164D7B1C134445
:102F2000A4F818310220FCF769FA02212046FCF7C8
:102F300031FBAB7A2F8169F3000304F11001AB720E
:102F400000220D4BE96001201146C5E900689D6033
:102F5000F8F714F950B9FF20FCF750FA2046FF218A
:102F6000BDE8F843FCF716BBBDE8F88300DEF2E7E6
:102F700000DED0E7D00F0020580300202DE9F041FB
:102F800006460020FBF752FE50B3436904463BB3AC
:102F900093F82A2042F0020283F82A204769FFB101
:102FA00001460020FBF7B0FD0546B0B93F68D7F8F1
:102FB000200107F59078B8B1F9F776FF172387F865
:102FC00024314FF6FF73A7F8263110340223C7F8D7
:102FD000284187F83C31C6F800802846BDE8F081DA
:102FE0000C252846BDE8F08100DEE5E770B50C460B
:102FF00015461E46FBF778FFB8B190F856C01CF096
:10300000180C04D0BCF1180F08D00C2070BD33464A
:103010002A462146BDE87040FDF77CBC33462A466F
:103020002146BDE87040FDF7A5BC022070BD00BF81
:1030300010B582B001A8FFF7A1FF044610B12046E9
:1030400002B010BDFBF7F2FD50B190F84C300022F9
:1030500023F0010380F84C304261204602B010BDDD
:1030600000DEF2E738B583681D686C69B4B10023EF
:103070006B61236CC3B904F1340104F13000F7F73C
:10308000F9FF0346D0B123642068FBF713FF95F8DE
:103090004C3023F0010385F84C3038BD00DE0023AE
:1030A0006B61236C002BE6D000DE04F1340104F1E7
:1030B0003000F7F7DFFF03460028E4D100DEE2E747
:1030C00010B5002082B0FBF70FFF60B190F93730E8
:1030D000002B044607DB684600F036F869462046B8
:1030E000FDF7BAFC00B9002002B010BD08607047BF
:1030F000A0F10300B0FA80F04009704708B5084A13
:103100000346006810601B79137105211046F8F71B
:103110004FF9044B1870FFF7D3FF002008BD00BF24
:103120001821002099260020054B064A10B41F20C4
:103130004FF0FF3425211C601871117010BC7047CE
:103140001821002099260020044A054903461068EA
:103150001860127908781A71704700BF1821002092
:103160009926002010B5044600789DF808C002FB9F
:1031700001111A4A014482FB01020A44521102EB76
:10318000C20002EB80028A1AD0B2C1082070595CDA
:1031900002F0070241FA02F212F001021DD1B0FB67
:1031A000FCF10CFB11015C1EC9B20433104600F1A6
:1031B000080E14F8012F5FFA8EFE12F0010F00F1D5
:1031C000010C4FEA520202D039B10139C9B25FFA9B
:1031D0008CF08645F1D19C42E9D110BDA7C867DDCE
:1031E0004288008850407047F0B5304D304C484020
:1031F0004FF0030C060A5FFA80FE0EEB8E2E06EBF4
:10320000862004EA401705EA400605EA4E0004EA73
:103210004E1E3E4340EA0E0000EB002706EB062E52
:1032200006EB0E2600EB0720C6F30746C0F3074067
:1032300040EA062000EB00100CF1FF3C08441CF0B3
:10324000FF0C80B2D6D141401A48A0FB01400C1AB5
:1032500000EB5400400900EBC00400EB8400081AA6
:10326000C0F3C40400F00705145D2C41E407C0B2AC
:103270001AD401FB03F3561EC3F30743043260461E
:1032800000F1080516F8011FEDB211F0010F00F171
:1032900001044FEA510102D033B1013BDBB2E0B28D
:1032A000A842F2D19642EBD1F0BD00BF102102003E
:1032B000408408004D91CFBA00F046BA684620F02D
:1032C00007018D4601B501F0A3FBF1F793F8BDE8C6
:1032D00001408546704700BF08B50A4BD3F840212E
:1032E0003AB90120F7F7ACFFBDE808400220F7F734
:1032F000A7BF0020C3F84001D3F84031F8F7C8FF5A
:10330000EFE700BF00B000400020F7F799BF00BF13
:1033100090B90E4B0E4A197810788842CBB20DD175
:103320000C480D4990F800C0013313700B786345C9
:1033300007D003780B70704700DEEAE700DE1378F1
:10334000EEE700DE03780B70704700BF9A2600207E
:103350009B2600209F2600209E2600200B4A0C4B17
:10336000117893F800C08C450DD012781A70094A74
:10337000094B18B911781878884202D012781A705F
:10338000704700DEFAE700DEEFE700BF9D26002071
:103390009C2600209A2600209B26002001F062BC7B
:1033A00008B50B480B4B027819788A420CD00A4BAF
:1033B000017000220398986011460120F7F7DEFEA5
:1033C00000B908BD00DE08BD00DE1978EFE700BFD8
:1033D0009A2600209B260020680300202DE9F0415A
:1033E000304A314E127833789A428AB00C4605D171
:1033F0002E4B2F4A1B7812789A4247D02768DFF865
:10340000B48007F12D0525F07F45D8F80010284637
:10341000F9F7BCF810F4000002D10AB0BDE8F08161
:10342000254A264B11781A78914213D11F4A204918
:103430001278097891420DD01A780132D2B21A70FE
:1034400000221F4B009211461046F8F7E5FF10F0DE
:10345000FD0F24D11B4BE168C8F800500022CDE9D4
:103460000732194BCDE90322CDE90531CDE901221F
:103470002D23009334780134E4B23B4611461046C4
:103480003470F8F765FF0AB0BDE8F0810768DFF82F
:10349000248007F12D05044625F07F45DAE700DE9C
:1034A00000DED7E79E2600209F2600209A260020D7
:1034B0009B260020282100209C2600209D260020FD
:1034C0005D33010011330100A13301007A4A936892
:1034D000002B00F096802DE9F04F136889B08146EB
:1034E000002B46D04FF0FF338DF80A300DF10A0063
:1034F000F9F79EFE044600283BD0037F9907F5D1DB
:10350000857A15F00205F1D1C3684B4555D00668A0
:10351000A8462F460DF10A00F9F78AFE8346F0B15E
:10352000027F9207F6D1827A9307F3D4C268B8F18A
:10353000000F21D04A4558D0DBF800A03146504654
:10354000F9F724F800F4000000280DF10A001CBF70
:103550005F465646F9F76CFE83460028E0D1002FFF
:1035600008BF274639463846FFF738FF30F00203D8
:1035700039D109B0BDE8F08F91458046DCD1237F79
:10358000E16843F0020323772046A3699847FF23AD
:103590008DF80A300DF10A00F9F74AFE04460028BA
:1035A000E7D0037F9F07F5D1837A9E07F2D4C368E3
:1035B0004B4502D000DED0F80C903F4A4846D2E995
:1035C000001303AA98470646002843D010F1100FB5
:1035D00059D0394A002093681168984716F10B0FAB
:1035E00010D08C36C5D000DEC3E7227FE16842F000
:1035F000020222772046A2699047D8457FF472AF35
:10360000C5E770472C4A0023D2F80890D2E9004859
:1036100002261360FF278DF80B700DF10B00F9F7F0
:1036200007FE90B1037F9A07F7D40DB9DB07F4D4F6
:10363000C368A342F1D1037F826943F00203037799
:10364000214690478DF80B70E7E70125AE420AD07E
:103650002E46E0E7237FA269E16843F00203237767
:103660002046904785E70022CDE904220692039B7D
:1036700000964946404604AA0794F9F791FD0028B0
:103680007FF477AFAFE7A37A43F00203A3720DF1A3
:103690000A00F9F7CDFD014600283FF46AAF037F29
:1036A0009D07F4D1837A9C07F1D4FFF797FE30F0A1
:1036B00002033FF45EAF96E7E00F002010B5174815
:1036C00009F006FC30B3164B00249C6000F076FA3B
:1036D00000281EDB224621460120F0F70BFE224681
:1036E00001210B20F0F706FE214622461820F0F7B4
:1036F00001FE0C4B1022C3F804230120F0F7CAFD91
:103700000B20F0F7C7FD1820F0F7C4FD01F09AF97F
:10371000204610BD6FF0120010BD00BF10DB01008D
:10372000E00F00200010004008B500F059FA002812
:1037300009DB0120F0F7BCFD0B20F0F7B9FD1820E4
:10374000F0F7B6FD002008BD034603488AB21946CB
:1037500083681B68184700BF10DB010030B4074DB9
:10376000AB685C6834B18AB2A4460146002328469F
:1037700030BC60476FF0570030BC704710DB010071
:103780000020704770B5044682B0002833D0204B2B
:103790001A68824229D0FF250DF107008DF80750E5
:1037A000F9F746FD034640B91DE0A1420CD00DF1EA
:1037B0000700F9F73DFD0346A8B11A7F9207F6D43A
:1037C000D9681846002CF0D11A7F9E6942F0020297
:1037D0001A77B0470DF107008DF80750F9F728FD6B
:1037E00003460028E9D102B070BD9B686BB1014669
:1037F00000209847CFE7064A9368002BCBD011688A
:103800000029C8D000209847C5E700DEC3E700BF05
:10381000E00F00200020704710B50446F9F7FAFCCD
:103820008CB90D4B9A68AAB11C6800229A601A6084
:1038300004B124680020F9F715FD2046F9F7A2FD30
:1038400028B1002010BD0028F3D100DEF1E700DE32
:10385000002010BD00DEE7E7E00F0020054A1368F6
:1038600092681B1A18BF0123B2FA82F00B7040094C
:10387000704700BFE00F00202D20704710B51446A0
:10388000F8F782FE2146F8F781FE030204D40230E5
:10389000092898BF002010BD002010BD262810B5B3
:1038A000044613D0272809D0252817D1022001F07B
:1038B0003FF92046BDE8104001F040B9502001F02A
:1038C00037F92046BDE8104001F038B91A2001F060
:1038D0002FF92046BDE8104001F030B90A2807D979
:1038E00027280AD900DE2046BDE8104001F026B99D
:1038F0000230400001F01CF9DBE70330400001F02A
:1039000017F9D6E701F078B901F07EB908B501F0F2
:10391000A9F9BDE8084001F0F7BA00BF08B501F009
:10392000A1F901F0F1FABDE8084001F0B5BA00BF15
:1039300008B501F097F901F0E7FA01F0CBFABDE81C
:10394000084001F0A9BA00BF08B50146114801F0CE
:103950006FF801F0B1F960B101F09CFB01F0A8F83B
:1039600000F080F900280EDBBDE808400020FFF7DA
:1039700053BF01F057F901F08DFB01F099F800F009
:1039800071F90028F0DA00DE0020BDE80840FFF7FA
:1039900043BF00BF9D33010010B5044601F062F93A
:1039A00001F0B2FA01F096FA01F076FA2046BDE88D
:1039B0001040FFF7C9BF00BF10B5044601F052F92F
:1039C0000D48214601F034F801F076F940B100F0DD
:1039D00049F900280ADBBDE810400020FFF71CBFB2
:1039E00001F020F900F03EF90028F4DA00DE0020B2
:1039F000BDE81040FFF710BF9D3301002DE9F04FE7
:103A000089B01F469DF848B0FF23804689469246FC
:103A10008DF81F300DF11F00F9F70AFC002846D081
:103A2000037F9D07F6D1837A9C07F3D405683E682F
:103A30009DF81F300593044629463046F8F7A6FD49
:103A4000BBF1000F53D0BC4208BF002426460DF145
:103A50001F00F9F7EDFBD0B1027F9107F7D1827A11
:103A60009207F4D402680490294610460392F8F7AE
:103A70008DFD039A049B00F4000000280DF11F0047
:103A80001CBF15461E46F9F7D3FB0028E4D1059B61
:103A90008DF81F30314B9A68002A30D17EBB54B16B
:103AA000BBF1000F48D1BC4205D000DE03E02B4B38
:103AB0009A68044612BBFA681A60C3E9018938465D
:103AC000D04704460DF11F00F9F7B2FB014650B193
:103AD000037F9A07F6D1837A9B07F3D4FFF77EFC26
:103AE00030F0020333D1204609B0BDE8F08F000268
:103AF000A9D5FF23354605935C46A7E70646494608
:103B0000CDF800B0534640463A46F9F749FB014626
:103B100080B1BBF1000F0AD1BB7A980707D4C6B1B8
:103B20003046FFF75BFC30F0020300D000DE6FF0A0
:103B30007604D8E700DEECE7CDF800B053463A460D
:103B400049464046F9F72CFB0028F0D1EEE700DEAD
:103B5000C9E7002C14BF26460E46E1E7E00F00201F
:103B600001F1100003F0B8BB70B5054688B00C46F3
:103B70000122002104A809F00CFB0F4B0193002641
:103B80000323694628460396029306F00EFC00289C
:103B900010DB31464FF4004340F2E730E4FB030111
:103BA0004FF47A720023ECF7C5FE02460B4604A8D8
:103BB00003F0C6FB08B070BD613B010010B50120E9
:103BC000064C01F0A5FD00230121A1606360E360C4
:103BD0002146BDE8104006F0E8BB00BF30210020C0
:103BE00010B5012001F094FD0449044606F04CFC98
:103BF0002046BDE8104006F023BC00BF3021002065
:103C00000C4B1A780AB10020704710B501201870CB
:103C100001F07EFD4FF47A710446FFF7A5FF38B935
:103C2000204606F00DFC02280CBF00206FF00400B7
:103C300010BD00BFA026002008B5094BBFF35B8F65
:103C400053E8002F511C43E800100028F8D1BFF3BF
:103C50005B8F002A01DC01F063FD002008BD00BF7E
:103C60002C21002008B50E4BBFF35B8F1A68BFF301
:103C70005B8F002A10DDBFF35B8F53E8002F511ECE
:103C800043E800100028F8D1BFF35B8F012A01DC64
:103C900001F05CFD002008BD6FF0770008BD00BF9B
:103CA0002C2100200520704700B9704700DE7047C6
:103CB00008B5064B03989860002211460120F7F7DB
:103CC0005DFA00B908BD00DE08BD00BF8803002012
:103CD0000021EDF79DBF00BF10B50446FFF728FE99
:103CE00094F8283023F0010384F828309B0601D48F
:103CF0006368BBB1962001F017F9002318461A46F5
:103D0000194601F049F80120F9F7EEF988B11C30A5
:103D100000F066FF01F0B0F821460748BDE810400A
:103D200000F086BE01F098F80120F9F7DDF90028CF
:103D3000EDD100DEEBE700BFC11E000010B5044668
:103D4000FFF7F6FD01F0BCF82046BDE81040FFF794
:103D5000FBBD00BF08B5FFF7BFFF00F05DFFBDE88A
:103D6000084001F0C3B900BF70B50546FFF7CEFDAE
:103D700001F072F80120F9F7B7F9F0B11C3000F04A
:103D80002FFF00F085FF00BB01F0BEF900210446C3
:103D9000084600F03BFF00210646084600F032FFCF
:103DA0003444CB34201A01F081F901F065F829463A
:103DB0000748BDE8704000F03BBE00DE1C3000F05C
:103DC0000FFF00F065FF0028DED000DEDCE700BF5B
:103DD000C11E000070B5C36804461E68F8F7D4FB26
:103DE00005463046FFF748FD00232D1AC4E900536D
:103DF000238120460121BDE87040EDF709BF00BFD7
:103E000008B54B6823B14B6893F82A30DB070BD415
:103E1000814204D04B6B4BB16FF08B0008BD094859
:103E200000F006FE00F0FEFE002008BD064B136009
:103E3000FFF702FF002802DB6FF00A0008BD00DE7A
:103E4000FAE700BF211E0000D53D010030B5044651
:103E500085B0FFF76DFD0DF10F012046FFF7FEFC69
:103E600008B105B030BD054601F02AF894F82820C5
:103E70000095C2F34103013303F00303032B08BF92
:103E8000002363F3420284F828202B4601222946AE
:103E90002846F8F7C1FA94F92830002B04DB2046B5
:103EA000FFF752FD05B030BD054B012229462846DB
:103EB0009C60F7F763F90028F1D000DEEFE700BF60
:103EC0007803002010B548B10C46FFF7CBFE002860
:103ED0000BDB2046BDE81040FFF79EBC044800F015
:103EE000A7FDBDE8104000F09DBE00DEF1E700BF79
:103EF0004D3E0100002070470020704710B582B091
:103F00000446FFF799FE002809DB084A08490948DA
:103F100000940023F9F764FA18B902B010BD00DE6E
:103F2000F3E77730F9D000DEF7E700BFD13C0100BE
:103F3000C53E0100013E01002DE9F04F83B09346DC
:103F40009DF8382046680C4692019DF830101D46B9
:103F500002F04002237842F0250242EAC11203F047
:103F600010031A4322210F9B227061701A68C4F853
:103F700002209B88E3800D9B1968A1609B88A38128
:103F80007368C4F80E303389B17A217501226382D7
:103F90006275F38A0093824601F0B0F80746BBF1E0
:103FA000000F39D00BF003032B33DB00CBF34002BF
:103FB00023FA02F92946584600F028FE07F5AF67B4
:103FC000DAF810304F4480463A1A43BB10990A6021
:103FD000A375E375F38A2383338B6383BAF81430B4
:103FE000A383D6F82230C4F81E3096F8263084F821
:103FF000223096F8282094F8233062F3040384F8E2
:104000002330FFF74FFE94F8233060F3471384F812
:10401000233003B0BDE8F08F4FF4B079CAE70192C6
:10402000009A40F2E24303FB02F901F031F801216A
:1040300005465846DAF810B000F0E6FD019A2B1854
:104040005B44002B01DB934201D24B44F9E7109A09
:10405000A8EB07081360054A4344A2FB0323627DD3
:104060009B0A0132E3826275B4E700BF5917B7D1EA
:1040700038B50446FFF75CFCF9F776F90246D8B18B
:104080000E4B0F491B78087811790E4D5B0000F03C
:10409000010003F00203034321F003010B430A492B
:1040A0002888508009781371012010709171204682
:1040B000BDE83840FFF748BC00DEE1E7A32600205A
:1040C000A4260020FA250020A126002008B500F033
:1040D00013FE02780346012161F301021A700020E9
:1040E00008BD00BF00207047704700BF30B40849CA
:1040F000084A094D094C0A4800230B8013700949EE
:10410000094A2B80237003700B70137030BC70470A
:10411000FA250020A5260020FC250020A42600204A
:10412000A3260020A2260020A1260020814207D03D
:1041300091F82A305B070BD50B4B188840B97047B4
:10414000094A0A4B128819781AB941B100DE03E016
:10415000064B1B78002BF9D16FF08B0070470122C2
:104160001A706FF00F007047FA250020A226002079
:1041700038B50D46F0B10446FFF774FD002834DB76
:10418000E2682389518B938301330B445383F9F7FE
:10419000EBF860B3037923F00303002243F002033A
:1041A000012101704280037182712846BDE83840C8
:1041B000FFF732BB91F92730002B0ADB0D48294667
:1041C00000F036FC00F02EFD95F846301B0708D4B1
:1041D00038BD094B1B88002BF0D1084B01221A7007
:1041E000ECE7BDE8384001F063B800DEC8E700DE68
:1041F000D0E700BF71400100FC250020A32600206D
:1042000070B505460120F8F76FFF40B300214177F4
:1042100095F82C6006F0070600F11C04304600F00B
:1042200049FC95F84630B2001B0742F001020DD55B
:104230001F21082000F0AAFC2246314605F1470064
:1042400000F068FFBDE8704000F0CABC08201B21E8
:1042500000F09CFC2046BDE8704000F0C1BC00DED0
:10426000D4E700BF38B50446FFF750FB244AA089C5
:1042700013880133138000F057FE94F82B2094F834
:104280002C00C2F3C00300F0070002F00702002177
:1042900000F082FD2046FFF7B3FF00F0F9FC60BBA1
:1042A00000F032FF258A034694F82C0001210D35D9
:1042B00000F007001D4400F0A9FC94F82C3003F036
:1042C0000703022B054416D0042B0CBF4FF4BC731C
:1042D000282394F82B00C0F3C00100F007001D4410
:1042E00000F090FC281A00F0E1FE21460548BDE8E8
:1042F000384000F09DBB1823EBE700DED0E700BF9D
:10430000FC2500201944010070B590F82B300546BB
:1043100003F007040E462046C3F3C00100F0CAFBB9
:1043200095F84630A200DB0642F001020CD51F21B1
:10433000082000F02BFC314605F1680000F042FF38
:10434000BDE8704000F052BC08201B2100F01EFCAC
:104350003046BDE8704000F049BC00BFF0B50546EE
:1043600083B001AA006B0F46696BF6F797FE95F8CC
:1043700046305A07064638D448B3019C95F8453074
:1043800095F8442004341C4412B9627885F844201E
:1043900033B12378012262F30103237095F845308D
:1043A00095F84420D31A63702846FBF7D5F9637853
:1043B00083422AD960700122237803F00F03002181
:1043C00043EA02132370A1703C6003B0F0BD43F0D8
:1043D000040385F8463000F08FFC0446237823F070
:1043E000100323703C6003B0F0BD43F0040385F874
:1043F000463000F081FC0446002EEFD0037843F0F5
:10440000100303703C6003B0F0BD32686B6BD21ACE
:1044100018BF0122D0E700BF2DE9F04383B0044666
:1044200000F040FCC0B2002800F0C88000F05AFC48
:10443000C5B200F03BFDFFF771FAB64A13880120C0
:1044400003441380F8F750FE0646002800F0FD8074
:10445000002D4CD1B04B94F846901F78C9F38009D9
:10446000002F40F0B680012201A920461A70FFF704
:1044700075FF00273D46A94B1B78002B00F08E806E
:10448000A748214600F0D4FA94F92730002B80F297
:10449000E180019994F846200B7862F3C3030B7016
:1044A00094F846300A78C3F3400363F382020A703B
:1044B0002046FFF729FF00F0EBFB002840F00C81BD
:1044C00000F00EFE00285FD0002D63D0A08A4FF6CA
:1044D000FF73984200F005812946FBF7D1F8002FC1
:1044E00040F0828003B0BDE8F043F8F739BE94F89D
:1044F0004630317F03F00102C1F38000904200F0AA
:10450000828082F0010262F3000313F0040884F851
:104510004630DAB240F0AB80D4E90C0101AAF6F7DC
:10452000BDFD0546002800F0B980019F94F8459034
:10453000043707EB09035B7853B194F84620D206A1
:1045400006D5A26F0132A267E26F42F10002E26774
:1045500094F844204B44DBB2934280F0BF8084F84F
:104560004530002594F92730327F002BC0F29A8025
:10457000D00600F1978017F80930C3F3001383F0D9
:1045800001035FFA83F88DE000F09EFD00F0A2FDCC
:10459000002D9BD147BB03B0BDE8F083E08900F05C
:1045A000C3FC94F82C0000F0070000F0ADFB5D4860
:1045B000214600F03DFA00F099FD6AE7FFF7AEF9F9
:1045C0005748214600F034FA03B0BDE8F04300F04C
:1045D00029BB013FFFB201A920461F70FFF7BEFEB5
:1045E000002F3FF44DAF44E7F8F798FD03233371F4
:1045F000A38A3068F3803146F8F7A2FD03B0BDE826
:10460000F043F8F7ADBDC3F34002C1F3C0018A42E5
:1046100000F08C80404A00271770434AC3F380099A
:1046200001A9012320461370FFF798FE3D46337F12
:10463000D9063FF520AF019B1A78D2063FF51BAF94
:104640005B78002B3FF41CAF15E700DE002D3FF434
:1046500001AF4CE700F0E6FA00F01AFB002873D136
:1046600094F8463069F3820384F8463028E713460D
:1046700023F0040384F8463000F03EFB94F9273021
:10468000002B0BDB327F12F0100508D10378C3F347
:10469000001383F001035FFA83F803E0327F4FF0E9
:1046A0000008454694F84690C2F3C002C9F340039F
:1046B0009A4219D00027184A1B4B0021117020463E
:1046C000012201A9C9F380091A70FFF747FEB8F16A
:1046D000000F7FF4D5AEAAE700DEF1E636D000DEAB
:1046E0003FE700DEA08AF7E60320F8F7FDFC38B3C9
:1046F00094F8463083F0020384F84630777F17B988
:104700005FFA83F9D7E794F8469019F0080F2CD197
:104710000127D0E7FA250020A5260020A2260020A8
:104720007140010065420100A42600200320F8F733
:10473000DBFC054600284DD04FF000084546D7E782
:1047400094F846900746B6E700DE89E70022606BE2
:10475000A4F8442004F13001F6F7A8FC019B1B6883
:104760002B60019B1D60019DFCE600F06FFD0028A1
:104770006CD000F093FD002856D1D4F85730D4F80F
:104780005B20134304D1337F03F00303032B35D0A5
:104790002F4B3048022221461A7000F049F900F0F0
:1047A00041FA00F075FA20BB00F09AFC58B1002DD8
:1047B0003FF4F1AEA08A4FF6FF7398421BD0294612
:1047C000FAF75EFF8EE600F07FFC00F083FC002D20
:1047D000F0D1E0E6204A214B94F84690157001A9EB
:1047E000012220461A70C9F38009FFF7B7FD2F4652
:1047F0001DE700DED8E700DEA08AE0E700F080FADF
:104800004278272A0146C3D8033206F11C0008F07B
:104810003BFFD4F85730013BC4F85730D4F85B3035
:1048200043F1FF33C4F85B30D4F857300133C4F898
:104830005730D4F85B3004F1570243F10003536062
:10484000034B94F8469001221A7061E700DE90E76E
:10485000A126002071400100A5260020A4260020EA
:1048600010B582B00446FFF7E7F9002809DB084AD3
:104870000849094800940023F8F7B2FD18B902B0BE
:1048800010BD00DEF3E77730F9D000DEF7E700BFB8
:1048900061230000714101002D4101004FF0805360
:1048A0000246D3F8A410013107D04FF08051D1F85F
:1048B000A00010F0010009D17047D3F8A8304FF6DE
:1048C000FF719BB28B42F0D100207047D1F8A43029
:1048D0001360D1F8A8301371C3F3072363F03F03CB
:1048E0005371D1F8903001331CD0D1F8943001339A
:1048F00018D0D1F89830013314D0D1F89C3001335E
:1049000010D0D1F89030C2F80630D1F89430C2F807
:104910000A30D1F89830C2F80E30D1F89C30C2F885
:10492000123008E00023C2F80630C2F80A30C2F89C
:104930000E30C2F812300120704700BF00234FF044
:104940008052036043608360C360D2F880300133DB
:1049500018D0D2F88430013314D0D2F88830013323
:1049600010D0D2F88C3001330CD0D2F880300B60EC
:10497000D2F884304B60D2F888308B60D2F88C301B
:10498000CB60704700230B604B608B60CB6070473F
:10499000054B4FF480320021C3F80815C3F84423B7
:1049A000C3F80423704700BF00B00040054B1878DF
:1049B000421C1A7018B9044B01221A60704701207A
:1049C000704700BFA626002000B00040074B1878B3
:1049D00048B10138C0B2187018B9054B01225A60AD
:1049E00070470120704700DE1878F2E7A626002005
:1049F00000B00040014BD3F80405704700B0004000
:104A0000024B00F5A87043F82010704700B000403A
:104A1000044BD3F8103123B1034A044B10681B68D0
:104A200018477047001000406C24002070240020BC
:104A3000024A034B11601860704700BF6C240020CD
:104A4000702400204FF080434FF0FF320021C3F864
:104A5000002EC3F8042EC3F8081EC3F80C2EC3F8AA
:104A6000101EC3F8142EC3F8182EC3F81C2EC3F85A
:104A7000202EC3F8242EC3F8282EC3F82C2EC3F8FA
:104A8000302EC3F8342E7047074B084810B44FF44B
:104A9000905100244FF41052C0F81845C3F8001884
:104AA000C3F8042810BC704700F00140001000401B
:104AB000704700BF054B02280CBF0421032140F2C0
:104AC0000122C3F81015C3F85026704700100040AB
:104AD000072819DC831EDBB2052B11D9002818DA50
:104AE000031D1BDA10F1080F1ADA10F10C0F19DA96
:104AF00010F1100F18DA10F1150FCCBFEC20D820F0
:104B00000A4BC3F80C057047084B0820C3F80C0586
:104B10007047064B0020C3F80C057047FC20EFE7F8
:104B2000F820EDE7F420EBE7F020E9E70010004083
:104B3000014BC3F80805704700100040084B00F017
:104B40007F00C3F85405D3F8182522F00072C3F88B
:104B50001825D3F8182542F00072C3F818257047BD
:104B600000100040084A00210123C2F82C15C2F8A9
:104B70003035C378C2F824358178038843EA01438D
:104B80001B02C2F81C3570470010004002F01C03E5
:104B9000A3F1080302F00302B3FA83F3013A5B09BD
:104BA0001B06022A98BF43F4801300F00F000A4A44
:104BB000184340F48070C2F81405D2F81805074B6A
:104BC0000340C2F81835D2F81835194341F4403182
:104BD000C2F81815704700BF001000400000F8FE32
:104BE000014BC3F80405704700100040014BC3F8A7
:104BF000040570470010004002280CBF282029201F
:104C0000704700BF012070472920704702280CBF61
:104C100005200A20704700BF014B01225A607047EF
:104C2000001000400B4B0C480C4910B44FF41064BA
:104C3000C3F8084501224FF480245A60DA60C0F8B6
:104C40004843074CC3F808450020C1F800020A6138
:104C500010BC704700F0014000B000400010004060
:104C6000C001700E094B0022C3F80021D3F80011D7
:104C7000C3F80421D3F80411C3F80C21D3F80C11A4
:104C8000C3F81021D3F81031704700BF0010004066
:104C9000034BD3F80001003818BF0120704700BF54
:104CA00000100040034BD3F80C01003818BF01205E
:104CB000704700BF00100040034BD3F85005B0FA16
:104CC00080F04009704700BF00100040044B40F2E4
:104CD0000312C3F83425C3F83805C3F83C157047F0
:104CE00000100040034BD3F80004003818BF012027
:104CF000704700BF00100040004870476C23002040
:104D00000048704768220020F0B41D4B1D4D1E4E18
:104D10001E4C1F4F0322C3F800222A78C6F868757C
:104D200002F10C03DBB2D000DB00910003F1804301
:104D300000F1804003F5F83300F5F83001F18041CF
:104D4000C6F86C0501F5104104EB82041148C3F864
:104D50001045C3F81405D1F840352D2B8ABFD1F882
:104D6000403501232D3BC1F840350132064B4FF44D
:104D7000106102F00102C3F804152A70F0BC7047FC
:104D800000100040A726002000F0014040910040A4
:104D90000C110040041000402DE9F041284E294C30
:104DA000294FDFF8A8E0DFF8A8800323C6F8003217
:104DB0002178CEF8688501F10C03DBB2DB00CD0071
:104DC00003F1804303F5F83305F1804507EB8107D4
:104DD00005F5F835CEF86C554FEA810CC3F810751F
:104DE00049F63465C3F814654AF2B813022A18BFAD
:104DF0001D460CF1804C42F2B84241F28833022841
:104E000018BF13460CF5104C124A2B44A2FB032387
:104E1000DCF84025B2EB931F85BF9809DCF84035DC
:104E200001231B1ACCF840350131084B4FF41062B6
:104E300001F00101C3F804252170BDE8F08100BF35
:104E400000100040A72600204091004000F00140E3
:104E50000C110040D34D62100449054B03204FF460
:104E60001062C1F80002C3F8082570470010004026
:104E700000F0014000207047034AD2F8003243F4AA
:104E80008873C2F80032704700100040014BD3F81D
:104E90004805704700100040034B0022C3F81C2156
:104EA000D3F81C31704700BF00100040034BD3F80B
:104EB0001C01003818BF0120704700BF00100040DF
:104EC000034AD2F8403623F0FF03C2F84036704759
:104ED00000100040034B0022C3F81421D3F8143112
:104EE000704700BF00100040034BD3F81401003896
:104EF00018BF0120704700BF00100040014BD3F8DD
:104F000010047047001000400449054B054A4FF457
:104F10008020C1F84803C3F80825704700B000405E
:104F200000F00140C001700E034B044A1B7803F5EA
:104F3000A87342F823007047A72600200090004085
:104F4000F0B4A2F574232F4DA3F51073AB420446C1
:104F500006D902F1E87202F5D432013902F5A572E0
:104F6000294B2A482A4D2B4E0127DF600027C3F822
:104F70000475A0FB02020427C3F81075900C0227E9
:104F8000C3F80875244AC3F84005C5F848154FF41E
:104F90008021C5F844134021C2F84065C2F8443569
:104FA000C2F804154CB34FF48013C2F804351B4A01
:104FB000012100240423D160C2F80445C2F8103551
:104FC000154BC2F8084511601549C3F850150C324D
:104FD000C3F8542502F5AF32124CC3F8584502F518
:104FE000FC7201F50041C3F85C2538310832C3F882
:104FF0006015C3F86425F0BC70474FF40013C2F885
:105000000435D4E7BFBDF07F0080004083DE1B4342
:1050100000B0004048B1004000F001400090004066
:105020000C11004040910040134A30B40123134C4E
:1050300053604FF48025D360C2F84035104BC4F85C
:105040004815C4F84453402104F5A474C3F84045FE
:10505000C3F84425C3F8041530B14FF48012C3F8E7
:105060000425012030BC70474FF40012C3F804251A
:10507000012030BC704700BF0080004000B00040FD
:1050800000F00140014BD3F84805704700B00040E4
:10509000002070470349044A01234B600B615360B1
:1050A0001361704700800040009000400449054BA8
:1050B000C1F844054FF08862C3F80425704700BF6B
:1050C0000080004000F00140014BD3F844057047D8
:1050D00000800040014B1860704700BF6422002030
:1050E000014B1868704700BF64220020024B4FF04C
:1050F0000062C3F80425704700F00140014BD3F86B
:105100004805704700800040014BD3F848057047C0
:1051100000800040244B30B40024C3F80045022432
:10512000A142C3F80045054634D003F580334FF063
:1051300000711E4CC3F804151B491D4BC1F80445F2
:10514000D3F81835DBB21F2B03D9FF2B29D0191F39
:1051500000E01B21144B1748C3F81815002416490A
:10516000C3F80855C3F80C05C3F81025C3F8141587
:10517000C3F80042C3F80041D3F80021C3F804414A
:10518000D3F80421C3F808410122D3F808111A60AA
:1051900030BC7047094B0A4C4FF00071C3F804153E
:1051A000CAE7FB21D6E700BF00F000400100000184
:1051B00000100040682200205821002000F001402B
:1051C0000100010130B41C4B1C4C1D4A0025C3F8E2
:1051D000005505460220C3F80005C3F80445D2F87F
:1051E0001835DBB21F2B03D9FF2B22D01A1F00E08A
:1051F0001B22114B1348C3F818250024C3F8085587
:105200000122114DC3F80C15C3F81005C3F814554D
:10521000C3F80022C3F80041D3F80011C3F80441D9
:10522000D3F80411C3F80841D3F808111A6030BC50
:105230007047FB22DDE700BF00F0004000000101E5
:1052400000100040682200205821002038B5114C81
:105250000223C4F80433D4F8043163B92025EFF3F2
:10526000118085F31288BFF36F8F05F01FFBD4F810
:105270000431002BF3D0074B074A02204FF40041C2
:10528000C3F80803C2F88011D3F80801B0FA80F01F
:10529000400938BD00F0004000E100E0034BD3F8C6
:1052A0000004003818BF0120704700BF00F0004024
:1052B000034B012100229960C3F80025704700BF0D
:1052C00000F000400139012905D80B200AB1EEF7A2
:1052D000E1BFEEF7EDBF00DE704700BF29B1013935
:1052E000012905D80B20EEF7F7BF1820EEF7F4BF21
:1052F00000DE0020704700BF88420BD0012803D099
:10530000022809D000207047A1F10200B0FA80F015
:105310004009704701207047A1F10100B0FA80F008
:1053200040097047012908D0022906D059B9074B16
:105330004FF08072C3F800217047044B4FF40062B5
:10534000C3F80021704700DE704700BF00E100E0B5
:1053500008B508F046F808BD032803D8054B185CCB
:1053600028B1704700DE034B185C0028F9D100DE3D
:10537000704700BF64EA0100013810B41C460428DD
:1053800006D8DFE800F008111A23030004292FD003
:1053900000DE10BC70470429FAD1194B9C6010BC88
:1053A00002210020F5F7EABE0329F1D1154B0121B6
:1053B0009C6010BC0846F5F7E1BE0429E8D1124B09
:1053C0009C6010BC02210120F5F7D8BE032908D04B
:1053D0000429DDD10D4B02219C6010BC0846F5F775
:1053E000CDBE0B4B9C6010BC01210220F5F7C6BE60
:1053F000084B9C6010BC02210320F5F7BFBE00BF24
:10540000F8030020E8030020D8030020B8030020A0
:10541000C8030020A803002001460020FFF7F0BACF
:10542000124B30B40121044600205960C3F80445F2
:10543000C3F80001C3F80401196005E0D3F80421A2
:1054400032B9D3F804251AB1D3F80021002AF5D0D7
:105450005960D3F80421002AE7D1D3F80455002D70
:10546000E3D0C3F8042530BC704700BF00E0004023
:1054700070B5114C0126D4F8045566600E20EEF785
:1054800017FFD4F8040140B10021C4F80411D5E994
:105490000E323046BDE870401847D4F8003143B1B1
:1054A000C4F80001D5E90E3205F12001BDE87040D5
:1054B000184700DE70BD00BF00E0004070B58CB042
:1054C0000E4615460146102268461C46F5F7B4FD07
:1054D00010220DEB02003146F5F7AEFD6846FFF7EE
:1054E0009FFF25B1102208A92846F5F7A5FD2CB18C
:1054F00008AD0FCD20606160A260E3600CB070BDAC
:10550000084B70B5C31A0D4607499B100446594312
:105510000648402206F0F8FF2B4601462046BDE82B
:1055200070401847B8240020B76DDBB6BCDA010024
:1055300073B50C4C0C4A4023041B00930D460B46DC
:105540000A49A41061430646094807F009F80146D4
:1055500028B130462B4602B0BDE87040184702B073
:1055600070BD00BFB8240020CDC50100B76DDBB60B
:10557000BCDA01000022F8B5012105461046EEF71D
:10558000B9FE104801F0FEF80446B8B901F01AF966
:105590002F690D49384604F0F5FE031E09DB01268C
:1055A0003E642D69084905F11C0004F0EBFE031E62
:1055B00002DA1C462046F8BDEE64FBE76FF00404F7
:1055C000F8E700BFF556010068EA01001FB50022A8
:1055D0000123CDE902236C46074A6B46CDE900441E
:1055E00006F0EDFF28B94FF480420023684601F031
:1055F000A7FE04B010BD00BFDFC5010010B5EFF37A
:105600001184202383F31288BFF36F8F074A136836
:1056100023F00201DB07116002D4012007F042F9F8
:1056200084F31188BFF36F8F10BD00BF08250020E1
:1056300030B4104B0C2202FB003301460020D3E9AA
:105640000E529863EFF31180202484F31288BFF385
:105650006F8F1C6C04F0C00444F002041C6480F3DF
:105660001188BFF36F8F1DB12B46034830BC18471C
:1056700030BC7047B8240020BCDA010010B4EFF34E
:105680001180202282F31288BFF36F8F17490B68B5
:1056900043F0020413F001030C601AD04FF0804372
:1056A000D3F80C14D3F80C3413F0010311D0EFF33A
:1056B000118182F31288BFF36F8F0D4A136C03F0D0
:1056C000C00343F00203136481F31188BFF36F8FAB
:1056D000012380F31188BFF36F8F1BB110BC002032
:1056E000FFF7A6BF10BC012007F0D4B808250020A2
:1056F000B824002010B1012804D07047034B1B6C64
:105700005B0701D1FFF794BF704700BFB8240020AA
:10571000024AC3B21C2000FB03207047B8240020BB
:10572000094BBFF35B8F53E8002F42F0010143E8C0
:1057300000100028F7D1BFF35B8F930702D401203C
:1057400007F0A8B8704700BF0825002010B5EFF398
:105750001184202383F31288BFF36F8F074A1368E5
:1057600023F001019B07116002D4012007F09AF891
:1057700084F31188BFF36F8F10BD00BF0825002090
:10578000F8B52A49BFF35B8F0546012251E8003F77
:1057900041E800200028F9D1BFF35B8F33B92449D9
:1057A00024484B60CB608A6004F0FFFD6B1E012B28
:1057B0003BD8012D07D14FF08043D3F81C3403F0C0
:1057C0000303012B31D007F00CFEA0B91A4B1E7851
:1057D0004FF080440223C4F808330127D4F818247A
:1057E000D4F81834D20308D4002EF7D00021212099
:1057F00007F0BAFEF2E70026EAE703F00303012B05
:105800000ED0D4F818354BB9D4F8042132B1C4F80D
:105810000431D4F80431C4F81875A760012DE3D120
:105820004FF080430222C3F80423F8BDB4240020C3
:10583000A4240020D4240020AC26002008B507486A
:1058400007F046FB38B10648EEF7C4FF0448EDF711
:10585000CBFB002008BD6FF01200FBE748DB010026
:10586000655801000A2838B5074D044604D1AB68D5
:105870000D215B6828469847AB6803485B68E1B236
:105880009847204638BD00BF48DB0100EFF3118286
:10589000202383F31288BFF36F8F0A4BD3F80011D4
:1058A00061B10021D3F80805C3F80011D3F8003125
:1058B000C0B282F31188BFF36F8F70476FF00A0098
:1058C000F7E700BF00D00040F0B503468478C67803
:1058D000EFF3118E202080F31288BFF36F8F1D78B5
:1058E00093F801C0641B3440A24288BFA2B2AF1833
:1058F000374028461F708EF31188BFF36F8F8F18C3
:105900008F4218D165450CD1EFF31181202080F32F
:105910001288BFF36F8F1878587081F31188BFF326
:105920006F8F1B79A41AA34228BF074B90B224BFE4
:1059300001221A60F0BD03EB000E01309EF805E075
:1059400001F801EB3040DBE700D00040DB432DE9FC
:10595000F04713F001050F46144604D02448FFF722
:10596000B3FFBDE8F087B2B3EFF31186202383F3D2
:105970001288BFF36F8F0D20EEF7AEFC80460D202E
:10598000EEF796FC86F31188BFF36F8FDFF864A003
:10599000194ECAF80051DAF800314FF400590123CA
:1059A000CAF800302546C6F88091DAF80031A3B174
:1059B000FFF76CFF031EA4BF05F1FF35ADB2C6F8BB
:1059C0008091A8BF7B55002DEFD1B8F1000F02D018
:1059D0000D20EEF75FFC2046C3E7EFF31180202394
:1059E00083F31288BFF36F8F04F060FFDDE700BF21
:1059F0002C25002000D0004000E100E070B50D46ED
:105A000014460CB9204670BD4FF0FF334FF0FF3203
:105A10000C4801F095FC224629460B48FFF754FF3D
:105A20000646084801F058FC3EB94FF0FF324FF0EF
:105A3000FF33064801F084FCE6E7A41BA4B235441A
:105A4000DFE700BF0C250020412500201C25002099
:105A500038B501221146174807F09BFB154D01226E
:105A6000002105F1100007F094FB40F207432B875B
:105A70004FF070632B620C2385F8243000240E4B0A
:105A800085F83540EC86D3F8042542F00102C3F8CE
:105A900004250121C3F80041D3F80021C3F8041301
:105AA000224619600D20EEF725FC0D20EEF7F2FBE3
:105AB000204638BD0C25002000D0004010B5FFF76F
:105AC000E5FE002820DB174B93F8222093F82140B5
:105AD00093F82310141B31EA0404C0B20DD193F8DB
:105AE000372093F8364093F83810141B31EA040439
:105AF0000BD10D4B01225A600EE09C18013211406F
:105B000084F8250083F8221010BD9C180132114042
:105B100084F83A0083F837100448BDE8104001F0DB
:105B2000DBBB00BF0C25002000D000401C2500205E
:105B30002DE9F043476840F20636D0063B7C87B03B
:105B400002EA060654BFC2F3401C4FF0030C01F0FA
:105B50001F05B6F5837F144645EA43158DF803C04B
:105B600044D00DD8062E16D005D8A6B1022E3FD0AF
:105B70006FF0150037E0B6F5807FF9D101260AE015
:105B800040F20222964235D0B6F5407F34D0B6F5C9
:105B9000007FEDD10226220330D57A6801238B40A5
:105BA000C2F80835B868A0BB05F01F036D092DD0F9
:105BB000012D77D13E4A02EB8302C4F30043D2F8B1
:105BC000001783F00103C4F3404444EA430421F482
:105BD000E16144EA8C0421F0070144EA06230B4307
:105BE000C2F80037002007B0BDE8F0830726D2E7EF
:105BF0000426D0E70526CEE70326CCE7630341BFA2
:105C000001237A688B40C2F80C35CBE74FF0A042F5
:105C1000D1E70DF10202294607F0B4F814F4403F31
:105C200080460CD1B868294607F0E1F8B8F1000FBA
:105C3000D8D19DF80210B86800F05AFFD2E74FF0B3
:105C4000000901ABCDE90199CDE90439CDF80C90FB
:105C5000B86803AA294606F06AFF4845C2DB14F477
:105C6000003314D0C4F300449DF803308DF80E3097
:105C700084F001048DF80C608DF80D40B8684B4637
:105C800003AA294607F006F80028CFDAAAE7CDE9EB
:105C900004330DF103030393B86803AA294606F001
:105CA00046FFF1E703F5E07350F82330FFDE00BF55
:105CB00000030050420970B5034602D0012A17D0F4
:105CC00070BD0D4E326951680029F9D003F01F03F1
:105CD00001250C689D400029F2D08A682A4002D034
:105CE0004B68304698472CB1236821461C46F2E7A2
:105CF000024EE7E72346F8E7F4DA0100D8DA0100BC
:105D000038B54568A86890B107F06BF8014670B9DE
:105D1000A86807F04AF8044658B902460649A86838
:105D200007F02DF8224605210620EEF7E3FA0020C1
:105D300038BD6FF00400FBE7B55C0100F0B54468C6
:105D40001646A068227C01F01F0587B045EA42157F
:105D500000286DD0B6F5001F04D1294607F09AF847
:105D6000002056E06268607CC2F8240501AA002089
:105D7000B6F5800F0190506037D1B3F1007F14BFAA
:105D8000052304238DF804300023CDE90423039375
:105D9000E36823FA01F111F001010DF103073AD193
:105DA000B6F1A07F37D105F01F036A0903F5E07350
:105DB00026D0012A3FD1214A52F82330DB072AD4CA
:105DC000A0683A46294606F0DDFF16301BD0029740
:105DD000A06803AA294606F0AAFE002819DBA068DD
:105DE0000122294607F005F8BAE7B3F1C06F05D0E4
:105DF000B3F1007F14BF01230223C3E70323C1E7EC
:105E00004FF0A042D8E7A068394600F077FE00289E
:105E1000DDDA07B0F0BDA0683A46294606F0B2FFC9
:105E20000028D5D19DF80310A06800F061FECFE7EF
:105E30006FF08500EDE751F82330FFDE00030050DE
:105E4000036803F01F025B09026004D0012B0348C2
:105E500018BF002070474FF0A0407047000300506B
:105E60002DE9F04F00EB8108464985B01646824681
:105E700040F2FF19D04503D1002005B0BDE8F08FF6
:105E8000DAF80030C3F3C72B1BF0080BC3F3C320B1
:105E9000C3F308046FD13C4A1B0E155C4C4508BF88
:105EA0004FF0FF340C2B69D8DFE803F007171D59BA
:105EB000205559686868685C6200C6F80C45621C29
:105EC00046D003A80394FFF7BBFF039B012707FA03
:105ED00003F3C0F80835384618E0C6F81445631CCB
:105EE00036D00027F7E7C6F80845E8E7C6F80845C2
:105EF0000027601C2CD003A80394FFF7A1FF039B8D
:105F00008446012000FA03F3CCF80C35DAF80030AF
:105F1000019303F4004CBCF1000F08BF834603A8B3
:105F200018BF01270394FFF78BFF039C019B00EB35
:105F30008400C3F3412CD0F800472B0243EA8C03C2
:105F400043EA0B030C40234343EA4703C0F80037FE
:105F50000AF1040A8EE7C6F80C450127C9E7C6F81E
:105F60001045BCE7C6F80845002DB8D10625B6E7B0
:105F7000C6F80C45F8E76FF015007EE76FF0850076
:105F80007BE700BFF0F8FCFFB30F02002DE9F04102
:105F9000044647680D4607F024FA88B14FF0200800
:105FA000EFF31186314688F31288BFF36F8F606874
:105FB00006F0A1FB50BB86F31188BFF36F8FEFE7AC
:105FC0001F4B1B78002BE9D04FF020086426606837
:105FD00006F091FB70B9012006F00BFC013EF6D1F2
:105FE0000021212007F0C0FAF0E786F31188BFF303
:105FF0006F8FF5E7EFF31186314688F31288BFF310
:106000006F8F606806F077FB0028EED0BB691D70CB
:106010006368BA691B680020C3F844250122C3F8ED
:106020004825C3F82001D3F82041C3F85801D3F81C
:1060300058019A6081F31188BFF36F8FBDE8F0813A
:10604000AC2600202DE9F041446805460121E068B6
:1060500006F082FB6B681A682369C2F82435617DFB
:10606000237D0B43A17D0B43C2F86C356F68D7E9E4
:10607000004313F0010318D0D5F8108004F10C018F
:1060800008F1080204F5907006F0F0FB061E07DA2E
:10609000224A2348012104F0D5FA3046BDE8F081B8
:1060A00098F8080000F05AFB01230822C4F80025E4
:1060B000BA69C4F8442501210022C4F84825A1602A
:1060C0006BB9D4F82031002BFBD0C4F82021D4F8D0
:1060D00020310123E3604FF48073C4F80433D4F813
:1060E0005831002BFBD00021C4F800156D682C68D6
:1060F000E86806F031FB0823C4F800352A7A52B963
:10610000EB69C4F834350123C4F83835C4F81021DC
:10611000D4F8102123600026BFE700BFC60D02009F
:1061200080DE010070B5012383400F4ABFF35B8F0F
:10613000DC4352E8001F01EA040542E80056002E45
:10614000F7D1BFF35B8F4FF4803282400748C0F82D
:106150000823BFF35F8FBFF36F8F03EA010000389E
:1061600018BF012070BD00BF842500200010014031
:1061700011B3BFF35B8F0123104A834052E800CF75
:106180004CEA030C42E800C10029F7D1BFF35B8F52
:106190000B4A4FF480338340C2F80433094BBFF3FA
:1061A0005B8F1B68BFF35B8FC340DB0742BF064BAF
:1061B0004FF40032C3F80021704700BF842500204F
:1061C000001001408025002000E100E00D4B186820
:1061D000010A0006BFF35F8F0B4BD3F80435181884
:1061E00041F10001B3F5801F0AD2084BD3E9002327
:1061F000904271EB030303D210F1807041F1000172
:10620000704700BF8C2500200010014008100020BE
:106210002DE9F04F85B016461F469DF840A0044674
:10622000FFF780FF0190FFF7D1FFB04271EB07034A
:106230005ED23E4B301A67EB0101984271F10001CA
:1062400009D36FF0150520460199FFF791FF284605
:1062500005B0BDE8F08F364B03EB0413D3E90223FE
:106260009F4208BF964254D032494FF4803804F11F
:10627000500508FA04F8AD00C1F848832046ADB2D5
:1062800006F097FA26F07F4B05F1804504F5A873D8
:1062900005F58835DC464FF003090293029A2CF08D
:1062A0007F4341F82230C1F84483D1F80435224AB3
:1062B0006FF00200C01A604420F07F40904228D95D
:1062C000286868B1D1F804350393A3EB0B0020F0E4
:1062D0007F40B0F5000F1CD9204606F06AFA039BF8
:1062E000BAF1000FADD109EB030C09F10109D5E7B3
:1062F000BAF1000FA5D10123104ABFF35B8FA34071
:1063000052E8000F184342E800010029F8D1BFF31A
:106310005B8F07490E98230101EB0412C8500F9BB5
:106320005360C2E9026700258DE700BF01008000CD
:10633000F00F002000100140FDFF7F0080250020AD
:106340007FB51C4C1C4BC4F80833C4F848331B4BB6
:1063500000254FF0FF304FF0FF31C4F80855C3E976
:1063600002014FF48033C4F80433154B02264FF476
:1063700000320121C4F804631120C3F880212A46A9
:10638000EDF7B8FF1120EDF785FF0E4A0123A3605A
:10639000236013600C4B0D4A0093CDE90155002397
:1063A0002846FFF735FF3046FFF7EAF9284604B0E4
:1063B00070BD00BF0010014003000F00F00F00206F
:1063C00000E100E084250020D1630100FFFF7F0091
:1063D000D0B522F07F44FFF7F9FE134AD2E900312D
:1063E000C01AC31841F10001C2E900310F4B00226D
:1063F0001A60A4F50013B3F5400F09D20C4B1B68CB
:106400001A0A1B061E190B4B42F10007C3E900676D
:10641000EFF31181202383F31288BFF36F8FBDE860
:10642000D04001F01FBF00BF0010002088250020D1
:106430008C250020081000202DE9F7432E4CD4F8BD
:10644000043399070BD5D4F8043143B12B4A002308
:10645000C4F80431D4F80431136801331360D4F85C
:106460000433DA0343D5BFF35B8F254B53E8002F8A
:1064700022F0010143E800100028F7D1BFF35B8F41
:10648000D30702D4D4F840318BB30025C4F840516F
:10649000D4F84031FFF79AFEEFF31182202383F303
:1064A0001288BFF36F8F174BD3E90267B042B9412F
:1064B00020D34FF0FF304FF0FF31C3E90201D3E9A1
:1064C00000981D604FF48033C4F84833C4F840513D
:1064D000D4F8403182F31188BFF36F8FB9F1000F08
:1064E00005D0CDF8008032463B460020C84703B0B7
:1064F000BDE8F083A946EDE7001001408C2500209F
:1065000080250020F00F002030B5104B1B680021C3
:10651000181841EB01040E4BB0F5000F74F10005A3
:10652000D3E9002385B00BD2821844EB0303CDE9F5
:106530000111084900910020FFF76AFE05B030BD47
:106540000548121843F10003F1E700BF8825002039
:1065500000100020D1630100FFFF7F0008B5FFF7A6
:1065600035FE034B1B68C01A024B186008BD00BF04
:106570000010002088250020024AD2F80034002BA9
:10658000FBD0704700E0014010B54FF08053D3F8C6
:106590003021082A4ED14FF080420021C2F80C1160
:1065A000C2F81011C2F8381502F54042D3F80414AD
:1065B000C2F82015D3F80814C2F82415D3F80C1427
:1065C000C2F82815D3F81014C2F82C15D3F81414F7
:1065D000C2F83015D3F81814C2F83415D3F81C14C7
:1065E000C2F84015D3F82014C2F84415D3F8241487
:1065F000C2F84815D3F82814C2F84C15D3F82C1457
:10660000C2F85015D3F83014C2F85415D3F8341426
:10661000C2F86015D3F83814C2F86415D3F83C14E6
:10662000C2F86815D3F84014C2F86C15D3F8443496
:10663000C2F8703506F0CDF818B1374B374AC3F8B9
:106640008C2606F0C6F818B1354BFB22C3F8182586
:1066500006F0BFF858B14FF080424FF08051D2F8A9
:10666000E43ED1F8581261F30303C2F8E43E06F0A9
:10667000B0F820B12B4B4FF40072C3F840264FF016
:106680008053D3F83031082B17D14FF08043D3F823
:106690000024D20744BF6FF00102C3F800244FF07A
:1066A0008053D3F83431042B81BF4FF01023D3F83B
:1066B00008224FF08043C3F858254FF01023D3F839
:1066C0000022002A03DBD3F80432002B22DA164919
:1066D00001234FF01020C1F804351224FFF74CFFBE
:1066E000C0F80042FFF748FFC0F80442FFF744FF3C
:1066F0000023C1F80435FFF73FFFBFF34F8F0B496D
:106700000B4BCA6802F4E0621343CB60BFF34F8FB8
:1067100000BFFDE710BD00BF0050004048810300EE
:1067200000F000400090024000E0014000ED00E079
:106730000400FA05014B1860704700BF9025002047
:1067400010B5054B1868144606F055F80028A4BF8C
:106750002070002010BD00BF90250020024A0123B8
:106760008340C2F80435704700F00140014B00201F
:106770001B68184794250020014B1B68184700BF71
:106780009425002010B50C4C237993B90123237173
:106790000A4B2060002818BF184600F049F850B98D
:1067A00023680748002BBDE8104008BF184600F0DA
:1067B0008FB86FF0770010BD942500206D67010041
:1067C0007967010008B5064B1B683BB10020EDF767
:1067D00083FD18B9BDE80840EDF75CBD08BD00BFFA
:1067E0009425002038B54FF080440123C4F80833C5
:1067F00063600023C4F80031D4F8003142F2107510
:10680000D4F80C24D4F80C34D20307D5DB0705D513
:10681000012005F0EEFF013DF2D138BD06F051F840
:106820000028FAD0014B00225A71F6E79C2500207F
:1068300010B508490C794CB9012308600B7106F0BA
:1068400040F808B9002010BD4C71FBE76FF07700ED
:10685000F9E700BF9C2500204FF080430022C3F8D9
:106860000021D3F80021094901221A60096811B1F9
:10687000C3F804237047D3F80021002AFBD000227C
:10688000C3F80021D3F80031704700BF9C250020D9
:1068900010B54FF08043D3F80423D20715D5D3F8B1
:1068A000002192B10022C3F800210121D3F8002178
:1068B000C3F8081306F005F8044B10B15A7922B951
:1068C0005971BDE810401B68184710BD9C25002079
:1068D000074A137943B90121106011714FF08042CA
:1068E0001846C2F8183570476FF07700704700BF40
:1068F000A425002010B54FF080431D4CD3F8181488
:10690000D3F8182411F4803F1AD002F00302012AB0
:1069100001D092B900224FF08043C3F8182500221D
:10692000C3F80421D3F8042101229A6022688AB9AD
:10693000D3F80421002AFBD014E005F0D3FFE9E7E7
:10694000D3F81424D107E5D5D3F81C249207F4D446
:1069500022681AB10222C3F8042310BDD3F804211F
:10696000002AFBD00022C3F80421D3F80431F4E755
:10697000A4250020F8B54FF08043194FD3F8044305
:10698000012504F01A04002604B9F8BDB4FA84F015
:10699000C0F11F00830003F580739BB203F18043B5
:1069A00005FA00F2196892B224EA02040029EBD039
:1069B0001E601B684FF08043022AC3F808230BD1E6
:1069C000D3F81814D3F81814890705D1C3F818554B
:1069D000C3F804239D60D7E73B68C0B29847D3E76C
:1069E000A4250020036803F01F025B09026004D0A5
:1069F000012B034818BF002070474FF0A04070479C
:106A000000030050034A430900F01F00D35C184400
:106A1000C0B27047BB0F0200024611F0010030B552
:106A200015D18B07C1F3400022D51249D1F82005BA
:106A300050604FF08052C1F82005D2F83021082A6A
:106A400008BFD1F82025003818BF012010E04FF012
:106A5000A0444FF08055D4F820351360C4F8203599
:106A6000D5F83051082D08BFD4F82045002BD8D0D8
:106A700030BD00BF00030050F7B504460846FFF7DD
:106A8000C1FF04EB40060D46B38ADB072AD520463A
:106A900006F02BF82946204605F097FF50B1204616
:106AA00005F0A9FF276807EB80000023C0F8103528
:106AB000C0F810352946204605F0C6FF0021B182F6
:106AC00001A80195FFF78EFF019B00EB8300074BA8
:106AD000D0F80027134043F00203C0F800370846FF
:106AE00003B0F0BD6FF01500FAE700BFF0F8FCFF4F
:106AF000014805F09EBE00BF0C04002010B50448FC
:106B00000C4605F078FE0028A4BF2070002010BDC0
:106B10000C0400202DE9F04F074689B057F8049B7C
:106B2000D9F80413C9B28346082241F0004148460F
:106B300005F0B3FF051E2FDA0023032106A8CDE9D7
:106B40000633FFF769FF634B01930DF118084FF00F
:106B5000000A019A604912F8013B0192DA0803F039
:106B600007038A5C22FA03F3DB071CD40AF1010352
:106B7000022B08F104084FF0010AEAD14FF000415E
:106B80000022484605F089FF032106A8FFF744FFCD
:106B90000028D8D125F000450124002D40F0848044
:106BA00009B0BDE8F08F4D4B53440293D8F8006014
:106BB000002EDBD0029B96FAA6F61C78B6FA86F673
:106BC00046EA44142046FFF71DFF0BEB4000F20895
:106BD000818A18F802000594C1F38203039300939D
:106BE00006F00706012303FA06F620EA060008F875
:106BF000020005A8FFF7F6FE059A039B02F5E07276
:106C000011F0100F50F82260C6F3014633D0009AFD
:106C10003846214605F0F9FE05A80594FFF7E2FE87
:106C2000059B03F5E073F6B250F82330C3F301433C
:106C30009E4207D10021204605F0B8FE314620468D
:106C400005F0B4FE05A80594FFF7CCFE059B0122D4
:106C500002FA03F3C0F820354FF08053D3F83031F7
:106C6000082B01BFD0F82035D0F82035D0F82035DA
:106C7000D0F820359AE7022E14BF022103212046C6
:106C8000039305F093FE039B032B03D0022E07D141
:106C9000012BD7D1009A2146384605F0B6FED1E740
:106CA000032ECFD1022BF4E795FAA5F3B3FA83F3C1
:106CB00004FA03F225EA020503F5A2720BEB430383
:106CC00059F82220B3F87C10C2F30142384605F08F
:106CD0009CFE62E7CB0F020060EB0100CB0F0200CD
:106CE00010B50446ECF74CFC0348044A012103F0BC
:106CF000A9FC204606F0F7F860DE0100110E020044
:106D00002DE9F843044600AF0D46EFF31188202328
:106D100083F31288BFF36F8F04282A4A98BF2A4B47
:106D20009668117C94BF53F82030284BE9468AB00E
:106D30006A462748CDE9073140F20133ADF82430E7
:106D4000244BCDE9050442F8103F234800234FF4BB
:106D50003151ECF7E3FCCD4645B1EB69C3F30803D1
:106D600023B11E4A1C48012103F06CFC2EB13046B1
:106D700006F040FB08B1037803B91948E9468AB028
:106D80006A46184B0790CDE9053640F20133ADF85D
:106D90002030154B42F8103F00230F484FF411519B
:106DA000ECF7BCFC2946CD462046FFF799FF88F357
:106DB0001188BFF36F8F3046EDF72CFBBD46BDE861
:106DC000F88300BFAC25002064EB0100210E020017
:106DD0002F0E02000500000160DE0100570E0200C8
:106DE000E7FC0100780E02000400000138B50A4BF0
:106DF00053F82040013053F82050A54200D838BD48
:106E0000606830B1037EDB0701D406F049F808342E
:106E1000F3E723689847FAE778EB010070B52D4B4C
:106E20002D4C2E4D012286B01A70AC421CD303208B
:106E3000FFF7DCFF0420FFF7D9FF294C294D264638
:106E4000AE4204F1300413D301F02EF8244CAC42CE
:106E50002AD301F03DF8EBF70FFE234A938923F084
:106E60000103938106B070BD54F8043B9847DCE7FA
:106E700054F80C3C059354F8103C049354F8143C1B
:106E8000039354F8183C029354F81C3C019354F8B3
:106E9000203C009354E90A2354E90C0100F09CFCC7
:106EA00054F8303C5E65CAE7D4E90A23B3F1FF3FEA
:106EB00008BFB2F1FF3F05D052EA0301206803D1B9
:106EC00000F0DAFC3034C2E70849183001F0E2F88B
:106ED000F8E700BFAC26002004DD010008DD01005A
:106EE00008DD010008DD01009010002013D501002D
:106EF00070B5002386B00122CDE90423114E124D56
:106F000001930F22CDE902321049142303FB0055EF
:106F100006EBC0164FF4A072044602FB00110C4BA6
:106F20000095304600F058FC337C2C7423F00403A9
:106F30003374084BEE60013403EBC4236B6006B07E
:106F400070BD00BF10100020AC2500204040002084
:106F5000B9CF0100403800207FB50020FFF746FF81
:106F60002E4B83F308882E4C2E4D636943F4007337
:106F70006361E02384F822300023E377237663768D
:106F8000A37684F82030626A42F4E022626284F8D8
:106F90002330EDF73BF9EDF727FA4FF0FF33A3620B
:106FA000E362EDF725FBEDF799FAECF743FA1E489B
:106FB0001E4C00F055FCEDF717FDAC422AD3012022
:106FC000FFF714FF0220FFF711FF00F065FF184BD9
:106FD000184C5C61184B0593002501231749009557
:106FE0004FF48062CDE90353CDE90155144B20469F
:106FF00000F0F2FB237C064623F0040320462374B2
:1070000006F02DFA2846FFF773FF0D4A3146204659
:10701000EDF7CEF954F8043B9847CEE74040002006
:1070200000ED00E004DD0100B011002000DD0100F2
:10703000AC25002090100020DA0E020080410020D4
:107040001D6E010038B5064C064DAC4201D3002040
:1070500038BDD4E90112204605F04DFF1434F4E7A1
:10706000C4040020C404002038B5064C064DAC42D0
:1070700000D338BD204605F046FF0028F9D11C3466
:10708000F5E700BF70040020C404002073B50C466F
:10709000EFF31181202585F31288BFF36F8FC56848
:1070A0005DB125602B68C360836901338361002073
:1070B00081F31188BFF36F8F11E052EA030603D109
:1070C00025606FF00B00F3E7CDE90023024608309E
:1070D00000F0F0FD18B9034B9B685B69236002B0B8
:1070E00070BD00BFAC2500202DE9F34104461746D2
:1070F0001E46EFF31188202383F31288BFF36F8FAE
:10710000304BC2689B6872B18068984217D057EACA
:10711000060216D188F31188BFF36F8F6FF00F004E
:1071200002B0BDE8F08193F90E1021610132C4E98B
:10713000023288F31188BFF36F8F0020F0E72169D6
:10714000F3E793F90E1090F90E30994230DA994234
:10715000A8BF194605F03BFF0546CDE900761A4861
:107160002246414600F0A6FD0028E6D0EFF3118646
:10717000202383F31288BFF36F8FA068D0B12368F8
:1071800021699C420AD04BB193F90E309942A8BFB5
:1071900019466FF07F039942B8BF194605F017FFF3
:1071A00040B10948314600F00DFD6FF00A00B7E725
:1071B0000025D2E7002DF4D186F31188BFF36F8F3D
:1071C000F3E700BFAC250020AD260020F8B58368AA
:1071D0000546002B3FD0234A926893423ED1C368B4
:1071E000012B03D9013BC3600020F8BDEFF31187E9
:1071F000202383F31288BFF36F8F0169806805F045
:10720000E6FE2C68A54207D10023C5E9023387F3C7
:107210001188BFF36F8FE7E7002CF5D0D4E9003277
:1072200013605A60237C002623F002032374C4E910
:107230000066A66004F1180000F0BCFFAC6094F991
:107240000E302B612046A66700F0B4FB0648394695
:1072500000F0B8FCC8E76FF01500C6E74FF0FF304C
:10726000C3E700BFAC250020AD26002073B515464E
:10727000EFF31186202282F31288BFF36F8F046828
:10728000B4B12368426823F00303944208BF43600B
:10729000036023689B0704D02046656806F0E1F987
:1072A0002C4686F31188BFF36F8F204602B070BD65
:1072B00055EA0302F5D000F10802CDE9005331464A
:1072C000104600F0F7FC0028EFD1024B9B685C6988
:1072D000EBE700BFAC25002070B5EFF3118620234B
:1072E00083F31288BFF36F8F0468A0421BD0D4B120
:1072F000D4E9003213605A60237C002523F0020396
:107300002374C4E90055A56004F1180000F052FF91
:107310002046A567656100F04DFB31460748BDE892
:10732000704000F04FBCD0E902329A4218BF0133DE
:10733000836086F31188BFF36F8F70BDAD26002088
:1073400013B5EFF31181202484F31288BFF36F8FFC
:10735000846844B1013C846081F31188BFF36F8F6E
:10736000002002B010BD52EA030406D181F3118857
:10737000BFF36F8F6FF00F00F3E7CDE900230246F4
:10738000014800F097FCECE7AD26002007B5064B5E
:107390000093064906484FF0FF334FF4806200F037
:1073A00073F903B05DF804FB90EB01008045002009
:1073B000101100202DE9F04FDFF89C8185B00446C4
:1073C0004FF0FF364FF0FF37EFF31189202383F39F
:1073D0001288BFF36F8FD4F884505DBB022104F193
:1073E0009C0005F0E2FE002800F0838004F1940B7D
:1073F000D4F894505D4500F08980002D00F086801F
:10740000D5E9003213605A602B7C4FF0000A23F05C
:1074100002032B74C5E900AAC5F808A005F11800FD
:1074200000F0C8FE0123AB67C5F814A0284600F0A1
:10743000C1FADDE7D4F888202B68C4F8843095427F
:1074400008BFC4F88830D4F89C3043F00203C4F875
:107450009C30EB6823F0040343F00103EB606B689E
:1074600089F31188BFF36F8F28469847EFF311898E
:10747000202383F31288BFF36F8FEB68D80623F0C5
:1074800001024ED4EA60EB689A071BD5D8F80000D9
:1074900023F00203EB60A8B10268002190B14368B9
:1074A0009D424ED10368002943D1D8F80420C8F882
:1074B0000030904201D1C8F80430002340F8083B66
:1074C000FFF70AFFD4F89C3023F00203C4F89C3085
:1074D000DB053ED4D4F88430003B18BF012389F388
:1074E0001188BFF36F8F002B3FF46EAF05F0A3FF41
:1074F0006AE7D4F89C30D90608D5C4F89C0089F313
:107500001188BFF36F8F05B0BDE8F08F0023CDE980
:107510000067029304F18C024946104800F0EEFC2B
:1075200052E723F01103EB6005F11000FFF7D4FEE2
:10753000A9E70B60D8F80430984208BFC8F80410D7
:10754000BBE701461AB1136810461A46A6E7134670
:10755000FAE70023C3E700BFCC250020AD260020BA
:10756000F8B5C3689A0704460E46C3F3400542D4F3
:107570005F0742D40B680BB983680B60E368D807D8
:1075800044BFA368336037684CBF0225012557B359
:107590001B4B9A68D7F880309A421ED105F021FF24
:1075A00080F00100C0B2D7F89C30D907C3F3800245
:1075B0001CD5F2B1F8B100232360D7F8883073B935
:1075C000C7E92144384605F04EFEE36843F0040362
:1075D000E3603368A3602846F8BD0020E3E71C6041
:1075E000C7F88840EEE76FF0150506E06FF012056A
:1075F00003E01B07DFD56FF00F0500233360EAE7D8
:10760000AC250020F8B5C36803F00503002B06463F
:107610000C4614BF012700271CD0856801220021D9
:1076200004F1100005F0B5FD1349204605F058FEA1
:10763000E36843F01003E360F3685B0712D5336837
:1076400023606BB9D5F8883033B9C5E921442846A1
:1076500005F009FE3846F8BD1C60C5F88840F6E71D
:107660003460F4E7D5F884302360D5F88830C5F865
:107670008440002BEBD1F0E7C1D101000146014865
:1076800005F059BE10110020F0B589B00446002065
:10769000C4E921000E9D04F18C00C4E9230004F12B
:1076A0009400C4E9250055B32879002840F2011060
:1076B00008BF0120C4F89C0000204FF0FF364FF0B7
:1076C000FF37CDE90330CDE90100CDE906670D4B69
:1076D0000094204600F0F4F855B1296811B1204615
:1076E00005F085FE6B791BB1A38943F00103A381EB
:1076F000204600F0C1F8C4F8804009B0F0BD012078
:10770000D8E700BFB573010037B501900846EFF325
:107710001184202181F31288BFF36F8FC16811F0AB
:107720001E0F16D153EA020508D101A9FFF718FF71
:1077300084F31188BFF36F8F03B030BD41F00801AF
:10774000C160019981620449103000F0A3FC01205E
:10775000EEE70020ECE700BFA5D20100014601489A
:10776000FFF7D2BF10110020F0B585B00C46019094
:1077700017461D46EFF31183202181F31288BFF3D2
:107780006F8F03A92046039305F01BFD55EA0703FD
:10779000039E09D101A92046FFF7E2FE86F3118876
:1077A000BFF36F8F05B0F0BDE368074943F00803EE
:1077B000E360019BA3623A462B4604F1100000F0FF
:1077C00069FC0120EAE700BFA5D20100014601489B
:1077D000FFF7CABF101100202DE9F04F85B0984681
:1077E00000F158030732C0E91633129B838122F05F
:1077F000070504230026037401EB0509119B83731D
:107800004FF0000A4FF0000B0F46C0E906664946EC
:10781000C0E908AB8660C6730446ECF7C1FA0730CE
:10782000109B20F00700A066C4E9187502930F9B17
:107830000193A9EB00090E9B00934A464346394643
:107840002046ECF799FD054B66659B6803B1DB6E3E
:10785000E366484605B0BDE8F08F00BFAC250020C8
:107860000123037483810023C0E91833C366014BED
:1078700098607047AC25002038B50446EFF31185B9
:10788000202383F31288BFF36F8F037C5B070FD530
:10789000183000F08FFC237C23F00403204623746F
:1078A00000F088F829460548BDE8384000F08AB95C
:1078B00085F31188BFF36F8F38BD00BFAD26002060
:1078C000F0B587B000250595109D04950F9D039593
:1078D0000E9D0295DDE912760D9D01950C9D00959A
:1078E0000446FFF779FFB6F1FF3F08BFB7F1FF3F4E
:1078F00005D056EA070305D12046FFF7BDFF204615
:1079000007B0F0BD3A46334604F11800014900F0D3
:10791000C1FBF4E713D50100094A93686FF00A012F
:107920009967084958674B6843F080534B600023C0
:1079300083F31188BFF36F8F9368986F704700BF10
:10794000AC25002000ED00E038B5184CA168E069D6
:107950000B68814214BF1A46002249680B605960C7
:10796000A368E1692AB9124AC3E900210B60E36107
:107970000AE092F90E5093F90E00854212DD51682B
:10798000C3E900210B605360A569094B9D4200D0FB
:1079900005B9E568A3689D4202D0284605F0FDFDC3
:1079A000656138BD8A42DED01268DBE7AC25002075
:1079B000C425002070B590F91020037C002A2FDB2D
:1079C000D9062DD11A4C63F07F032246037452F876
:1079D000183FE169934207D1C0E900210860E061E6
:1079E0000FE09942F8D01B68002BF5D093F90E6098
:1079F00090F90E50AE42F4DD5968C0E900310860DC
:107A00005860A569954200D005B9E568A3681A7C5D
:107A1000D20606D1DA897F2A03D9AA690AB9636135
:107A200070BDAB4202D0284605F0B7FD6561F7E7AF
:107A3000AC25002038B590F91020037C002A0146BF
:107A400004DA03F07F03037405F0F7FC0D4D2A46BA
:107A5000AB6852F8184F944200D004B9EC688B42DE
:107A600007D01A7CD20604D1DA897F2A01D9A2690B
:107A70002AB1A34202D0204605F08FFD23466B6158
:107A800038BD00BFAC2500202DE9F843002A027C58
:107A90000CBF4FF010084FF0080818EA020F044618
:107AA0000D4662D148EA0203D2090CD10374B8F141
:107AB000080F7BD1A36813B1204605F0C6FC04F182
:107AC000180620270FE003F07F03037405F0B5FCD0
:107AD000EDE785F31188BFF36F8FEFF3118587F31F
:107AE0001288BFF36F8F304600F064FB0B30F0D08C
:107AF000A66D04F15807B74211D04FF0000976B1D6
:107B0000304605F0A2FCC6F8789006F1180000F0A7
:107B100051FB3046FFF74EFFA66DB742EFD1274B22
:107B20009B689C4242D1EFF30587003F18BF0127B5
:107B3000DFF888904B4653F8186F9E4200D00EB97C
:107B4000D9F80C60D9F80830B34202D0304605F0BD
:107B500024FDB8F1100FC9F8146006D0204602F0D9
:107B60008EFE17B11648FFF77BFE144B9B68A342AD
:107B70001ED1EFF30583DBB9A289D20711D585F3B6
:107B80001188BFF36F8F83F31188BFF36F8F0423C6
:107B9000184602DFEFF31185202383F31288BFF329
:107BA0006F8F2846BDE8F843FFF7B6BE0027BFE752
:107BB00085F31188BFF36F8FBDE8F883AC250020F3
:107BC000B011002049B9EFF3058030B9054B5A696F
:107BD0009B689A4201D0FFF79FBE81F31188BFF3E3
:107BE0006F8F7047AC25002070B50F4D2B460646B1
:107BF00053F8184F9C4200D004B9EC68AB681A7C6B
:107C0000D20604D1DA897F2A01D9A2692AB1A34216
:107C100002D0204605F0C1FC23466B613146034883
:107C2000BDE87040FFF7CEBFAC250020AD26002098
:107C300070B5EFF31186202383F31288BFF36F8FA3
:107C40001A4CA168E0690B68814214BF1A460022F1
:107C500049680B605960A368E1692AB9144AC3E90D
:107C600000210B60E3610AE092F90E5093F90E00D7
:107C7000854216DD5168C3E900210B605360A56998
:107C80000B4B9D4200D005B9E568A3689D4202D028
:107C9000284605F082FC65613046BDE87040FFF77C
:107CA0003BBE8A42DAD01268D7E700BFAC2500207D
:107CB000C4250020F8B5DDE906670C461146EFF350
:107CC00005833BB1002383F31188BFF36F8F042337
:107CD000184602DF0D4B0E4A98681060EFF31182D0
:107CE000202282F31288BFF36F8F9D68284605F02B
:107CF000C5FB32463B4605F11800064900F0CAF9BB
:107D00002046BDE8F840FFF707BE00BFAC250020C5
:107D1000D425002013D50100F8B50446EFF31187F0
:107D2000202383F31288BFF36F8F037C03F01F02BD
:107D3000002A0CBF0126002649B235D103F07F038B
:107D4000037405F07AFB294D037C817363F07F0394
:107D50002A46037452F8183FE869934207D1C4E9F0
:107D600000200460EC610DE09842F8D01B68002B05
:107D7000F5D093F90EC08C45F6DD5968C4E90031A1
:107D80000C605C60AC69944200D004B9EC68AB68EC
:107D90009C4202D0204605F000FC6C6187F31188FC
:107DA000BFF36F8F3046F8BD9B071CD5856805F083
:107DB00044FB81732B689D4209D16B68C4E9005371
:107DC0001C606C60EAE76A689A42F6D01B68002B78
:107DD000F3D093F90E208A42F5DD5A68C4E90032E7
:107DE00014605C60DAE78173D8E700BFAC2500203F
:107DF000034648B9EFF3058232B9064A51699268E1
:107E0000914201D0FFF788BD83F31188BFF36F8FD4
:107E1000704700BFAC250020F8B550EA01030546C5
:107E20000C4603D105F007FB0020F8BDEFF31187E6
:107E3000202383F31288BFF36F8F134E134BB06868
:107E40001860FFF7F7FDB06811492A46234618303D
:107E500000F020F9B3681A7C5F6742F004021A74DC
:107E60006FF00A029A670B4A536843F080535360DD
:107E70000446002383F31188BFF36F8F05F094FB52
:107E8000201A20EAE070D0E7AC250020D42500209D
:107E900013D5010000ED00E0024B03F11802C3E925
:107EA00006227047AC250020EFF31181202383F3D5
:107EB0001288BFF36F8F054B9A68D37B013BD37356
:107EC00081F31188BFF36F8F704700BFAC2500208E
:107ED000EFF31180202383F31288BFF36F8F034BDE
:107EE0009A68D37B0133D373FFF77EBEAC250020A5
:107EF000014B9868704700BFAC250020D3B5DDE981
:107F00000667089CCDE90067FFF7D4FE1CB1034B60
:107F10009B685B69236002B0D0BD00BFAC25002028
:107F2000027C12F01F02034610D10A4988420DD08C
:107F30000949086868B1D9897F2909D893F90E20C1
:107F4000064B1B689A42B8BF00207047002070475C
:107F5000104670471010002010040020D825002083
:107F6000044BC01A044BC0105843044B01221A544E
:107F7000704700BF30120020ABAAAAAAAD2600208D
:107F8000F8B50B4B0B4D1E7C0B4F182303FB06550E
:107F90000446284600F00EF934B1BB5D0749E21AE9
:107FA000D317284600F076F80023BB55F8BD00BF74
:107FB000AC25002030120020AD260020617F01009A
:107FC000F8B5EFF31187202383F31288BFF36F8F87
:107FD000124E134BB5681868A84206D105F0DDFAB9
:107FE00087F31188BFF36F8FF8BD00221A60337CCE
:107FF0000C4AD35C002BF3D02846FFF791FF0446D0
:108000000028EDD02B7CDB06EAD1FFF79DFC7369DD
:10801000AB42E5D12046FFF7B3FFE1E7AC250020F6
:10802000D4250020AD260020024B1868984208BFD6
:10803000002070471404002008B50246FFF7F4FF43
:108040006FF00041C8B18A4215D2D0E90230B0F1D8
:10805000FF3F08BFB3F1FF3F03D16FF00040801A2C
:1080600008BD8B4270F1000001DB0548F7E79A423A
:1080700001D2981AF4E70020F2E78A42EDD3EFE745
:10808000FEFFFF7F024B186808B1FEF767BA704722
:108090001C040020B3F1FF3F08BFB2F1FF3F2DE900
:1080A000F84F04469A461546984679D00161EFF399
:1080B0001187202383F31288BFF36F8FBAF1000F6B
:1080C000DFF8E49023DBFFF7DDFF384B1A68003A56
:1080D00018BF012245194AF100035219D9E900518C
:1080E00043F10003551943EB010806460121DFF86F
:1080F000C090C4E90223FFF797FFD9F804A0D0B9D4
:10810000C4E9009ACAF80040C9F8044025E0D9E95A
:1081100000136FF00102521A4FF0FF3161EB0303BD
:10812000521B63EB0A03012A73F10001BCBF012259
:1081300000230021DBE7D0E9022ED4E9023C934280
:108140007CEB0E0B23DAD21A6EEB0C03C0E9022390
:108150004368C4E900031C604460FFF765FF844284
:108160000DD1124B1B68013309D111B9FFF78AFFFA
:1081700006463046FFF760FF0021FEF7C5F987F39A
:108180001188BFF36F8F28464146BDE8F88F9B1AD0
:108190006CEB0E025045C4E90232B1D00068AEE784
:1081A0000025A846EFE700BF481200201C0400206D
:1081B00014040020F8B50446EFF31186202383F35E
:1081C0001288BFF36F8F026872B3FFF72DFF184B51
:1081D0005B689C4208D0D2E90231D4E90275DB1910
:1081E00041EB0501C2E90231D4E9003200258442A5
:1081F00013605A60C4E900550ED000200D4A136880
:1082000023F001018C4204BF43F00103136086F3A5
:108210001188BFF36F8FF8BDFFF734FFFFF70CFF36
:108220002946FEF771F9E8E76FF01500E6E700BFB1
:1082300014040020DC250020EFF31182202383F3B7
:108240001288BFF36F8F064B1B6840F001001B1AAA
:108250005842584182F31188BFF36F8F704700BFB7
:10826000DC2500202DE9F047344E354DDFF8D49061
:10827000354F306000230C462B60D6F80080B8F1F3
:10828000000F10D14FF0FF3340462B60FFF7D4FEB4
:108290004146FEF739F984F31188BFF36F8FBDE8CB
:1082A000F047FFF78DBEFFF7BFFE6FF0004330B120
:1082B000D0E90212994272F10002B8BF0B46434561
:1082C000194684BF434641464FEAE37C38B1826891
:1082D000D0F80CE0D21A6EEB0C0EC0E9022ED9F8E1
:1082E0000020D218D9F8043043EB0C03C9E900236D
:1082F000A8EB010131604FF0000A4FF02008FFF7B2
:1083000093FE0028B9D0D0E902120A43B5D1D0E9D2
:1083100000210A60516002693860C0E900AA84F354
:108320001188BFF36F8F9047EFF3118488F31288A1
:10833000BFF36F8FC7F800A0E1E700BFE025002082
:108340001C04002048120020DC25002010B5EFF3AB
:108350001184202383F31288BFF36F8FFFF792FEFF
:10836000054AD2E90031C01841F1000184F31188B7
:10837000BFF36F8F10BD00BF481200202DE9F04100
:108380000446EFF31186202383F31288BFF36F8F27
:1083900003682BB186F31188BFF36F8FBDE8F081BE
:1083A000FFF74AFF07460028F4D1D4E90A586A1CAF
:1083B00048F10003022A73F1000324D305F0F8F812
:1083C000281848EB0101012871F1000141DB05F09B
:1083D000EFF86FF00203281848EB010183426FF0B9
:1083E00000438B413ADB05F0E3F86FF001022D18F2
:1083F00048EB0103521B4FF0FF3161EB03031949B6
:108400002046FFF747FE236B01332363236A63B1E2
:1084100086F31188BFF36F8F20469847EFF31186DC
:10842000202383F31288BFF36F8F54F8185FA5429F
:10843000B0D0002DAED0284605F046F80023AB673B
:1084400086F31188BFF36F8F2846BDE8F04105F031
:1084500006B86FF001024FF0FF33D0E73A464FF015
:108460000043CCE77D830100B3F1FF3F08BFB2F1C9
:10847000FF3FF8B5044616461D4618D0EFF31187A6
:10848000202383F31288BFF36F8FFFF793FEDDE99C
:1084900006010023C4E90A01236332462B46204625
:1084A0000349FFF7F7FD87F31188BFF36F8FF8BD1E
:1084B0007D83010070B50546EFF31184202686F315
:1084C0001288BFF36F8FFFF775FE20B184F3118818
:1084D000BFF36F8F70BD6B6A63B184F31188BFF314
:1084E0006F8F6B6A28469847EFF3118486F31288E2
:1084F000BFF36F8F05F1180005F020F80028E5D0D4
:1085000004F0ADFF21460248BDE87040FFF75ABBBA
:10851000AE260020F8B507460C46164604F061FF6B
:1085200008B10020F8BD0D4B9B68DD6E002DF8D022
:10853000221DF6D2EFF31184202383F31288BFF3B8
:108540006F8F47F004012846B04784F31188BFF3CA
:108550006F8F0028E5D040F8045BE3E7AC250020EE
:108560000146024A0020FFF7D5BF00BF2B9901004A
:108570000CB430B58BB004460D462022002102A871
:1085800005F090F802238DF80A30002D0C4B039370
:10859000069412DB01D06B1E1C440FAA0E9907949F
:1085A00002A8019200F09EF815B1069B00221A70F5
:1085B0000BB0BDE8304002B070470024EDE700BFCB
:1085C00023DA01002DE9F0410126B24201DCBDE8C9
:1085D000F08107463B461F4613F8014B002CF6D0AE
:1085E000252CF8D11D78252D07F10207F2D00023A4
:1085F000DFF8EC809C461C461F2C27D8A5F1200EE6
:10860000BEF1100F06D828FA0EFE1EF0010F53D14E
:108610002E2D3CD02E2D27D8242D33D02A2D36D0E8
:10862000BCF1000FD3D0B445D4D145F02007A7F159
:10863000650CBCF1020F0B6801D9612F42D10733E1
:1086400023F0070308330B600136BEE77F2CDFD928
:108650006C2D23D01DD8682D27D06A2D01D04C2D2C
:10866000DED144F4207408E0A5F1300EBEF1090F0C
:10867000EED80A2404FB03E3202417F8015B002D45
:10868000BAD1CDE7BCF1000F18D0B34218D0002307
:10869000F3E7742DF1D07A2DEFD0C1E7250648BF5E
:1086A00044F4007444F08004E7E7E50548BF44F46F
:1086B000007444F48074E0E70024DEE79C46E6E7BB
:1086C0006325B2E7692D02D007D8632D03D02506B4
:1086D00001D5A405B3D40433B5E7732DF6E700BF85
:1086E000892801002DE9F04F8378D0F8049093B0E9
:1086F0009C07CDE90812804615D50B920B46002544
:10870000187890B1252814D0013306934146C84704
:10871000002805F1010580F2F88398F8023043F053
:10872000040388F802304FF0FF35284613B0BDE847
:10873000F08F93F801A09A1CBAF1250F0692E5D0AC
:108740004FF0000B5E465F465C461F2C23D8AAF113
:108750002003102B22D8DFE803F01521211B212153
:10876000210B2121211321182121090044F00104AA
:10877000069B13F801AB0693BAF1000FE5D11BE09D
:1087800044F0020444F00404F2E744F00804EFE784
:1087900044F01004ECE77F2C00F2F680BAF12E0FC3
:1087A00000F0D38000F2AC80BAF1240F00F0D38047
:1087B000BAF12A0F00F0B480BBF1000F06D0099B7C
:1087C00008980B935A460BA9FFF7FCFE002E4AF0BF
:1087D0002003B8BF24F040040493A3F16503BCBF99
:1087E000A4B20026022B04D94AF02003612B40F0EA
:1087F0008C826FEA0A0A0AF0200307930B9B073367
:1088000023F0070303F108020B92049A612AD3E9CB
:10881000000104F0400340F0E480002B08BF4FF05B
:10882000FF36079B00930CAA334605F074F801301D
:10883000C3B2B3420393A8BF03F1FF364FF0010C5C
:108840007023CDE9043CDDF830A044F4C0540AF1B3
:108850000903122B0DD90AF16303C62B40F2F380F2
:108860000AF2E73340F2CE7293428CBF0423032313
:1088700005939DF83430D80700F1E780A20700F196
:10888000E780C4F3800B4FEA4B1B5FFA8BFB13F0BE
:108890000C0F00F0E980BBF1000F0CBF0323042391
:1088A000BB420EDA2007A7EB03070BD42F44414647
:1088B0002020C847002805F10105FFF62EAFBD4274
:1088C000F5D10027BBF1000F07D041465846C847F5
:1088D000002805F10105FFF620AF9DF83430AE4CBD
:1088E00013F0080FAD4B08BF1C462646324616F85B
:1088F000010B002840F0AF802C1B02EB040B7BE146
:10890000AAF13003092B3FD814F0400F4FF00A02B0
:1089100012BF02FB063602FB073744F0200427E7AC
:10892000BBF1000F7FF424AF0B9A600652F8043BB2
:108930000B9201D51E461BE7002BA7BF44F0200475
:108940001F465F4244F0280412E763063FF5EDAE90
:1089500044F040040CE7BBF1000F3DD014F0400A96
:10896000099B08980B930CBF3A4632460BA9FFF7B8
:1089700029FE0B9B53F8042B0B93BAF1000F01D087
:108980001646F5E61746F3E6BAF16C0F16D00CD88A
:10899000BAF1680F19D0BAF16A0F03D0BAF14C0FCF
:1089A0007FF40AAF44F42074E2E6BAF1740F3FF4A6
:1089B000DFAEBAF17A0F3FF4DBAEFDE6200648BF2A
:1089C00044F4007444F08004D2E6E30548BF44F464
:1089D000007444F48074CBE65E463446BB463746AA
:1089E000C6E6002B049B08BF0626652B0FD1721C20
:1089F000D2B244F480541346112A4FF0650E4FF062
:108A0000000228BF11239446CDF810E007E0049B34
:108A1000662B10D144F40054B44601221123CDE951
:108A2000002C0CAA00F01CFBC3B203930223DDF858
:108A300030A005930BE716F0FF02DCD16523049309
:108A400094460123EBE7022312E74FF02D0B1EE7BC
:108A50004FF02B0B1BE7079BC01A4146C0B2C8471B
:108A60000028BFF643AF58E614F4405F40F098800A
:108A7000039B4833002E6B4408BF0126133B039A27
:108A80001AB113F8012D302A78D014F0100F039B7F
:108A900018BF33461AF1040F75DBB24573DA53453C
:108AA00044F400547FDD0AF101069E1B2AEAEA73B2
:108AB0000133BBF1000F00D00133002E75D0721CC2
:108AC00013449F42CCBFFF1A002714F0090F03D1B3
:108AD0002F44BD426DD10027BBF1000F07D04146A6
:108AE0005846C847002805F10105FFF616AE2305D4
:108AF00011D541463020C8470028FFF60EAE079B2F
:108B0000C3F17800414600F0F800C847002805F19D
:108B10000205FFF602AE200704D4AB467D195D4581
:108B20004FD10027A1046AD52AEAEA73AAEB030A07
:108B30007642039A524584BF0CAA524403F1FF3394
:108B40008CBF507930209E4205F1010B41DC41463B
:108B50000493C8470028049B0AF1010AFFF6DDAD23
:108B60005A1C09D141462E200493C8470028FFF61D
:108B7000D4AD049B05F1020B5D46DAE7039A013A96
:108B8000D2B203927BE75E1E14F4006F059A14BF05
:108B90000523032313448CE7EB0E0200AFF301001F
:108BA000A10483D4F0E7002680E7E20648BF013342
:108BB00087E741462020C847002805F1010588DAEB
:108BC000ABE541463020C84700280BF1010BA6DA7F
:108BD000A3E541460393C8470028FFF69EADE6068D
:108BE0000AD5039B013307D105F1020B41462E2024
:108BF000C8470028FFF691AD5D465F4418E29DF836
:108C000035004146C8470028FFF687AD002E61DDDC
:108C100041462E20C8470028FFF67FAD01240CAB4B
:108C2000039AA242CABFE218302050794146C84791
:108C30000028A346FFF671AD0134A6420CABEFDA73
:108C4000AC1C5C44049B079A981A4146C0B2C847C2
:108C50000028FFF662ADBAF1000FB4BF2D202B2023
:108C60004146B8BFCAF1000AC8470028FFF655AD13
:108C7000059B042B3AD14FF47A76BAFBF6F505F151
:108C800030004146C0B2C847002804F10304FFF693
:108C900044AD06FB15AA6426BAFBF6F505F13000D3
:108CA0004146C0B2C847002804F10104FFF635ADC3
:108CB00006FB15AA0A26BAFBF6F505F13000414677
:108CC000C0B2C847002804F10104FFF626AD06FB38
:108CD00015AA13E0E40601D46C1CB3E741462E202C
:108CE000C847002805F10204ACDA16E5059B032B02
:108CF00004F10204CFD0059B012BDBD10AF1300037
:108D000004F1010B4146C0B272E7AAF16303122BD2
:108D100000F2E580DFE813F013005400E300E30005
:108D2000E300E3005400E300E300E300E300E300BA
:108D3000FC00DD00E300E3002900E300AB000B9B37
:108D40001A1D1B680B928DF8303001260DF1300A88
:108D500020072CD50AEB060B54465C4529D1A5EB20
:108D60000A0A04EB0A0BBF1B46E70B9B1A1D0B926A
:108D7000D3F800A0A94BBAF1000F08BF9A4614F02F
:108D8000400F14BF31464FF0FF31504604F0A2FCB3
:108D90000646DDE741462020C8470028FFF6BDAC67
:108DA000013CA642F6D32F443D1B2746D2E73C4662
:108DB000F7E714F8010B4146C8470028CDDAACE4C8
:108DC00021060B9B32D5A2052BD5073323F00703D1
:108DD000D3E9000103F108020B9224F0100B0029E3
:108DE0001FFA8BFB32DA404261EB41014BF4806B9E
:108DF0000CAC0A23224604F079FC1BF0400FA0EBD8
:108E0000040200F09C802BF0010396429BB240F3D9
:108E10009F80BAF1000F40F09D802BF011039BB2B0
:108E20001FE01A1D18680B92C117D6E71A1DE0053E
:108E300019680B9201D40846F6E7A2054BBF48B269
:108E400008B241F3C01141F3C031C6E750EA010353
:108E5000CED16306CCD5002ECAD124F01104A3B222
:108E60003246344640F206410B426FD126E024F0F0
:108E70001004A4B20A2314F0800C0B9A4CD014F402
:108E800000711DBF073222F0070202F10801101D18
:108E900019BF0B91D2E900010B90106850EA010252
:108EA00047D124F0160B62061FFA8BFB45D5002E26
:108EB00043D124F01704A3B23246344619075FD4D5
:108EC000D90704D5A74272DD3C1BA6183C46A34631
:108ED00050E044F0100410234FF0780ACBE74AF03A
:108EE0002003782B04D1CAF1780343F01003C2E7C2
:108EF00041462520C8470028FFF60FAC41465046A2
:108F0000C8470028FFF609AC0235069BFFF7F8BBFF
:108F100008234FF0000AAEE7111D0B9114F4807185
:108F20001068BBD014F400711ABFC0B2614680B2A1
:108F3000B4E724F006041FFA84FB0CAC5AE714468D
:108F40005B46D9068ED5BAF1000F05D10134B5E7DD
:108F50001446F6E73446F4E70234AFE741462020F2
:108F6000CDE90332C8470028FFF6D7ABDDE903326D
:108F70000BF1010B5F45F1DC2C1B04EB0B055C4690
:108F8000D90616D5414630200392C8470028FFF67F
:108F9000C4AB039ABAF1000F32D0023541465046B5
:108FA000C8470028039AFFF6B8AB2E441DE01646CA
:108FB0008DE740F206410B42F7D013F0020F14BFC9
:108FC0002B20202013F4806F039205F10105414608
:108FD00018BF2D20E4E7414630200392C8470028FF
:108FE000039A05F10105FFF698AB731B9A42F2DB79
:108FF00016460DF1300A2EB902EB050B3F1BFBE5BF
:109000000135D2E7013E41461AF806000392C847EF
:109010000028039AEFDAFFF780BB00BFF5F10100EB
:1090200041462020C847002805F10105FFF675AB31
:109030007B1B002BF4DC68E71FB502AB0093074AEB
:109040004FF0CC3304F031FCDDE90201C00840EA06
:109050004170C90805B05DF804FB00BFCDCCCCCC95
:109060002DE9F04F9BB00F0D0A939DF890300592BB
:109070000C93C1F30A52C1F31303C90F04460791BD
:109080007AB950EA03017CD1059930234B71079BD3
:109090000A6043F002030B71012630461BB0BDE8A5
:1090A000F08F40F2FF718A420AD10343079B059A71
:1090B00014BF43F0080343F0040313710026ECE7E8
:1090C000A2F2354A43F48015234301BF27F001077C
:1090D0007F057F0DB7FA87F704F001024FEA850894
:1090E0000CBF7F090127BAF1000F089248EA947873
:1090F0004FEA8406C0F2B680504600F0EDF9BAF1AE
:10910000030FC8BF0138049000F0F2F9049B7C30D3
:10911000A3EB0A0A824416A9184600F07DFA12ABA6
:10912000019310AB0093204653462946029716AA96
:1091300004F003FB049B152B04460D4600F28E80C1
:1091400014ABA94A009330464FF0CC334146DDE9D9
:10915000109A04F0AAFB149B159A9B0843EA8273A9
:1091600003EB8303B34210D14146304600F0C8F907
:10917000049B83428CBF4FF000084FF0010800278A
:1091800015E0DFF868A21D469EE7089B002B55D12D
:10919000013E48F1FF31F01B61F1000100F0B0F930
:1091A000049BDDF8208083428CBF002701270C9BA5
:1091B000002B40F0C880DDF828900026069609961E
:1091C0004FF00A0BDDE91001FFF736FFDDE912A3CE
:1091D000CDE90D01194650460F93FFF72DFF0A46C2
:1091E0000D990B9003468B420E9B72EB03010F9B74
:1091F00080F0C480204629460F92FFF71DFF0B9B8D
:109200000F9A13920BFB03F50D9B10930E9B11937A
:109210000B9B1293069B002E14BF4FF0000808F022
:10922000010801330BFB1046554514BF002707F01A
:109230000107F6B2069304460D46C3E7B01C48F199
:10924000000100F05DF9049B83428CBF00200120E7
:10925000B9EB00006AF10002CDE910024FF00008FE
:109260004746A4E7CAF1000B584600F03BF9BAF1B3
:10927000FF3F0CBF8146A0F10109ABEB090B0AEBE4
:1092800009035846049300F033F916A9A0F17D0AAA
:10929000584600F04DF912AB0193A9EB0A0A10AB46
:1092A0000093204629460297534616AA04F045FA31
:1092B000B9F1010F04460D460ED8089B13B94FF0C3
:1092C000010874E7109B119A013B42F1FF32CDE98E
:1092D00010324FF0010852E7B9F13E0FBED84FF0FF
:1092E000FF33A9F1200003FA09F203FA00F0C9F1F3
:1092F000200123FA01F102430A4303FA09F328EAA1
:10930000020826EA030656EA08060CBF4FF00108D9
:109310004FF0000833E700FB02F6A1FB0012013317
:1093200032448C4275EB0206F5D2049ADDF828909F
:109330001344259A1344D20F9342B8BF134699455C
:10934000A8BF994639E70A21002201230846E8E729
:109350000BFB01FEA0FB0B010CF1010C71448442DC
:1093600075EB010EF4D2CC450DDDB9F1000F02D141
:1093700054EA050107D0012309933BE70A200021A5
:109380004FF0010CEBE7002F32D04FF00A0B5046A4
:109390001946FFF751FE0BFB00F252450B910E9060
:1093A00026D1DDE91001FFF747FE8A460D902946D8
:1093B0002046FFF741FE0D9A0E9B1293CDE9102A2D
:1093C0000B9A1392069A002E14BF4FF0000808F073
:1093D000010801320BFB10469A46F6B20B9B06922F
:1093E00004460D46D3E700BFCDCCCCCCCCFBFFFF71
:1093F000B8F1000F05D0052E03D104F001060436A4
:10940000F6B2069BDDF810809844099B53B9DDE95C
:1094100012239D4208BF944204D1089B002B47D1E0
:10942000002F45D0042E94BF0026012630194FF09E
:109430000A0245F10001002301271446904271EB16
:10944000030537D2EEB1B9451BDA0C9B6BB1259AF7
:10945000DDF8289008EB07031344012BB8BF012364
:109460009945A8BF99464F450BDD05304FF00A02DC
:109470004FF0000341F10001E7F75CFA08F1010841
:10948000013F4F45A8BF4F463EB20FFA88F8059BF3
:1094900008FA87F706F10508013F98444FF00009E4
:1094A000B1450EDB059B1A461F60079B1371F4E55F
:1094B0000126BBE704FB03F5A2FB042301372B4481
:1094C000BCE70A220023E7F735FA303208F8012D0D
:1094D00009F10109E4E700BF014B5843800C7047D4
:1094E00041340100014B5843000D7047FB2E0B0027
:1094F000024B5843C00C0130704700BF4F9312001D
:109500000A4A70B503464FF0CC3600204FF0333591
:1095100006FB03F402FB0144A3FB023121449D42FC
:1095200075EB010401D30130F2E770BDCDCCCCCC9A
:109530002DE9F04F1A23354EB0FBF3FA03FB1A0363
:1095400089B004460D4606EB0A1653B9D6E9002346
:10955000C1E90023D6E90201C5E9020109B0BDE86D
:10956000F08F2B4A02EBC303D3E9008904AB0093CD
:10957000D6E902234046494604F097F906AB00932A
:10958000D6E9002383460F464046494604F08DF94C
:10959000DDE9066216EB0B0652EB07084FF00003FD
:1095A00028BF0123814633B1049B059A013342F160
:1095B0000002CDE9043220460391FFF799FF0746E8
:1095C0001A2000FB0AF0FFF793FF3F1A324643468A
:1095D00003990097484604F07FF94FEA141C0D4A9E
:1095E000640004F01E0352F82C40DC4004F0030435
:1095F000241841F10001C5E90041DDE90423009789
:109600003046414604F068F9A6E700BFA8DF010034
:10961000D8DE01009CEB01002DE9F04F1A27DFF89E
:10962000E4A000F11905B5FBF7F56F433A1A4FEACC
:10963000051B89B004460E460AEB05150AD1D5E98B
:109640000023C1E90023D5E90201C6E9020109B0FE
:10965000BDE8F08F2C4B03EBC203D3E9008904ABC8
:109660000093D5E902234046494604F01EF95AF812
:109670000B206B68013ACDE9020106A963F10003F2
:1096800000914046494604F010F9DDE906528A4649
:1096900002996D18039952EB01084FF0000328BF9F
:1096A0000123814633B1049B059A013342F1000244
:1096B000CDE904323846FFF71BFF07462046FFF787
:1096C00017FF3F1A2A46434600974846514604F082
:1096D00003F94FEA141C0D4A640004F01E0352F80B
:1096E0002C40DC4004F003040134241841F1000153
:1096F000C6E90041DDE9042300972846414604F00D
:10970000EBF8A2E778E00100D8DE0100F0EB010001
:10971000704700F0A0BF38B50278072A0C4603D87E
:10972000052A11D8012038BD083A012AFAD845780F
:1097300041681F2D28BF1F25601C2A462C4403F0BA
:10974000A3FF00236370EDE7E9F768F9EAE700EBB0
:10975000C100408840087047F8B50346FFF7F7FF9F
:10976000B0FA80F0C0F11F0003EB800CCA00DCF8F7
:109770001060171D0C4606328DB256B9012101FA50
:1097800000F0D9680143D960CCF81040DD539D52F8
:10979000F8BDF1000431585AD85303EBC0009E5273
:1097A000C5805D52F4E710B500EBC104E3888B423D
:1097B00002F104010AD1012303FA02F2C36823EA89
:1097C0000203C360002340F8213010BDA28840F896
:1097D000213000EBC20100EBC300CB808280F4E7B4
:1097E00008B50346FFF7B3FFB0FA80F2C2F11F02DB
:1097F0001846BDE80840FFF7D6BF2DE9F843B1FA97
:1098000081F3C3F11F0200EB82090646D9F81070FC
:109810000D4687B9C3F120034FF0FF349C40F36835
:109820001C4014D094FAA4F2B2FA82F2131D56F836
:109830002340214608E03C464FF0030821463046CD
:10984000FFF785FF854205D83046FFF7ACFF20467D
:10985000BDE8F88306EBC404B8F10108E488C9F850
:109860001040D7D0BC42E9D1D4E738B50446FFF761
:109870006EFF0D46034611462046FFF768FF03447E
:109880009BB204EBC5055A006A802046FFF75FFFD4
:10989000014424F8313038BD70B50446FFF757FF56
:1098A0000B4604EBC305511A9B1A89B203444E00C0
:1098B0009BB204EBC2006E805D00458024F832103C
:1098C00020461146FFF743FF014424F8313070BDB4
:1098D00070B509B9002070BD056801F007030B33AE
:1098E000CC0804EBD304AB689C4228BF1C4621463D
:1098F0002846FFF782FF06460028EBD0014628469F
:10990000FFF725FFA04207D932192846FFF7C4FF09
:1099100011462846FFF720FF05EBC6021046538884
:1099200043F0010353800430D5E71146FFF7D0BF61
:10993000043A2DE9F843CC1D114424F0070421F02A
:109940000706A6EB04084FEAD807B7FA87F2C2F178
:109950002405AD004FF000090735C2F12002ED08E3
:1099600004604946A760C4F80C90920004F110000E
:1099700003F098FEAAB2530043F0010363807B1BFF
:109980009BB204EBC5015800A4F80090488024F86D
:109990003520A6F8029024F8083004EBC7032946C6
:1099A0005A8842F001025A802046BDE8F843FFF78A
:1099B000D3BE2DE9F04F91B0994602F0040305465D
:1099C0000293C2F3C2030133AC07DDF868A004932D
:1099D0000E46104640F092812C1D8DBB01F007060B
:1099E000341DC6F1080600274FF0FF334FF004087E
:1099F00000F00201019309F1FF3203970097BB4683
:109A0000434605910DB1C4F800900498002809DC84
:109A10004846CDE90632E9F7D7F8DDE906320028F5
:109A200000F0B2800598002800F0CC80A4EB050C73
:109A30000120BCF5007FC0F0AD806FF0150003E0A1
:109A40000729D0D86FF01B0011B0BDE8F08F7A283D
:109A50005BD84B280FD8472857D829282ED8252837
:109A600050D052D8202818BF23280CBF4FF0010B2C
:109A70004FF0000B71E04C382E2846D8DFE800F09C
:109A80006D4545454545454545454545484545455B
:109A90004545454545564548485656566D486A45DC
:109AA0006D4518481845457F7C48454548457C002C
:109AB00000204FF0000B4FF0040835E02A38C0B208
:109AC000012101FA00F010EA0E0F46D110F0625C9D
:109AD0002CD110EA010B40D06046013C4444B4FB59
:109AE000F8F408FB04F425B1A3EB050CA444B44539
:109AF000A8D8002800F0818004995AF8049B013905
:109B000004917FE70199013901914FF0000B24E0A6
:109B100012F8010C6C2834D112F8023C00206C2B96
:109B20008346C8D14FF008084346D6E70AF1070A32
:109B30002AF0070A0734FAE802BC24F0070435B11A
:109B400006982044B0423FF67DAFC4E900BC08341B
:109B50004FF0000B4FF00808434612F8010F0028A1
:109B600064D0BBF1000F7FF472AF2528F5D1019BC3
:109B7000013301934FF0010B4FF00408ECE7584616
:109B800097E700208346A8E70599A4EB050C002978
:109B90007FF44FAF00990F293FF64FAFEDB1403141
:109BA0000DEB010ECCF3870C01990EF820CC0EF8CA
:109BB000101C70B16CF07F0C0EF820CC01370098AF
:109BC00001300090C5F10801043406914FF6DA7EA9
:109BD000C3E7039801300390F1E708B10136EEE7DF
:109BE000029902360029EAD14846CDE90632E6F765
:109BF000CDFEDDE906320644E1E7042B08D10AF187
:109C0000040015B1DAF80010216004348246A4E79C
:109C10000AF1070323F0070303F1080A1DB1D3E992
:109C20000001C4E900010834082396E7631BB3F57B
:109C3000806FBFF402AF1DB9A6F10804E01803E776
:109C4000029A28609B082B709DF80C30BAB1EB701B
:109C5000AF7037B108A80022C5F1010C009B9342F8
:109C60000FD1C5F101030DF120084FF0000A019357
:109C70000DF1300B009B534512D1601BE4E66B7075
:109C8000E6E710F8013B190608D50CEB040EB645C3
:109C900003F07F033FF6D6AE04F8013B0132DDE767
:109CA0001FB198F90020002A17DB029BD3B11AF8E4
:109CB0000B2004F8012B0022019B18191044B0421C
:109CC0003FF6C0AE98F8000004F8010B4946204664
:109CD000039203F0D9FC039A14440AF1010A08F133
:109CE0000108C7E798F80020029B55F8229045F834
:109CF00022304846E6F74AFE421CDDE76FF00D00D1
:109D0000A2E62DE9F04706460D46174698462BB3C6
:109D100098F8004093F80190DB78A40004EB43042A
:109D200098F802301C4444444FF0000ACA4509D355
:109D3000D8F8042008F1080339463046AC46BDE89F
:109D4000F047604714F8013B48F823402046E6F707
:109D50001DFE013004440AF1010AE7E76FF0150027
:109D6000BDE8F08730B502460024002012F8013B20
:109D700043B178B18C4207D1702B04D0A3F14005D8
:109D80003A2D07D8002030BDA3F140053A2D01D867
:109D90000134EAE7252B08BF80F00100E6E7002048
:109DA000704700F0CCBB0FB407B504A951F8040B01
:109DB000019100F0C4FB03B05DF804EB04B0704700
:109DC0000FB407B504A951F8040B0191FFF7E9FF9F
:109DD00003B05DF804EB04B0704710B503690246A8
:109DE00013F0080009D11368D4689C4297BF126A27
:109DF000E31AD31A01200B6010BD00231846FAE7BE
:109E000013B501A90446FFF7E8FF20B1019BE26802
:109E1000013B13440193206A019BC01A013802B030
:109E200010BD10B5044650182269236AD20702D526
:109E3000013B184010BD984228BFC01AFAE710B580
:109E400004460A46C168FFF7ECFF2369E06023F08F
:109E50000803236110BD38B50D46C2698B00016847
:109E600043F0020342F82130044601682A46FFF716
:109E7000D8FFE36861682060984202BF236943F01D
:109E8000080323612A462046FFF7CBFF606038BDF8
:109E90002DE9F74FD0F80CB0C669009216F82B20C8
:109EA00002F00302022A08BF56F82B209A4606EB5E
:109EB0008B030F4601934FF00001009B0CBFC2F3D0
:109EC0009D09894619600446CAF80010B9F1000FCF
:109ED00007D04946FFF7B3FFE368A3604FF00108DE
:109EE00004E001698A0705D44FF00008404603B03A
:109EF000BDE8F08F816906EB8B00884716F82B10C0
:109F000011F001080546EFD08B071DD51FB139466A
:109F10002046FFF7A0FF61682A462046FFF781FF31
:109F2000D4E902138B42606007D12A462046FFF72E
:109F300078FF4FF000080146A0602369216043F0DC
:109F40000803E1602361D1E701462046FFF777FF70
:109F5000E168A1601FB12068E16941F82090EA1929
:109F6000CAF8002021682046FFF75BFF22692060C5
:109F700042F00802226116F82B2022F0010206F8B6
:109F80002B20DDE900321A60A8E770B504461546BB
:109F9000FFF747FF2368834205D12369216023F03F
:109FA0000803236170BDE269AB0043F0020342F88D
:109FB0002130204661682A46FFF733FF6060F1E7F1
:109FC00038B503695B07044606D5456AFFF718FFF5
:109FD00085422CBF6562606238BD38B50D460446C7
:109FE0001C22002103F05EFBEB68A361AB68636198
:109FF0002B68E3616B682362002262622A6923B1E5
:10A00000591E194208BF42F001022261012204F1E7
:10A0100028000021BDE8384003F0BBB82DE9F04F1F
:10A020009846036A87B000258B4204460E46934645
:10A0300003950595AA4638D3EFF31189202383F3BE
:10A040001288BFF36F8F059A2AB129462046FFF781
:10A050009CFF0023059304A92046FFF7BEFE049948
:10A06000B14207462AD32268E36913F8221021F08F
:10A07000030103F8221003EB820A216832462046CE
:10A08000FFF7CFFEE3682060984212D0002789F3E3
:10A090001188BFF36F8F039929B162690AB1204615
:10A0A000904700230393002FC6D1504607B0BDE868
:10A0B000F08F236943F008032361E7E718B12046D6
:10A0C000FFF7C9FEE3E75BEA08031CD0019103F048
:10A0D00088F90199B8B9B9F1000F14D189F3118841
:10A0E000BFF36F8F5A46434604F12800FDF728F965
:10A0F000EFF31189202383F31288BFF36F8FB0FA37
:10A1000080F77F09C3E705AB03AA20462568FFF760
:10A11000BFFE0746BBE770B50446836908460D4697
:10A1200098470246EFF31186202383F31288BFF38A
:10A130006F8F2B7843F001032B7061682046FFF787
:10A1400070FE60602046FFF73BFF86F31188BFF387
:10A150006F8F70BD2DE9F843044600272026EFF3EA
:10A16000118586F31288BFF36F8F2369A2681907E0
:10A1700002D46368934200D2236A9B1A002B42D018
:10A18000E06910F8221011F0030300EB82093AD0C5
:10A19000022B04D150F822305FEA930805D1CB0797
:10A1A00020D4A369484698478046A1684246204685
:10A1B000FFF737FE0127A06041462046FFF73FFE2C
:10A1C0003B4685F31188BFF36F8F002BC7D137B1A2
:10A1D000B9F1000F03D104F12800FDF77DF84846DE
:10A1E000BDE8F88341F0020100F822104846A36957
:10A1F000D4F808809847414602462046FFF711FEF2
:10A200000023A060DDE79946DBE7F8B504468369E3
:10A2100008460D4698470646EFF31187202383F33F
:10A220001288BFF36F8F2B7823F001032B70236903
:10A230009B0705D5E268E36903EB82039D421AD1CF
:10A240002B7823F002032B70D4E90231994204D118
:10A2500032462046FFF7E5FDA06031462046FFF775
:10A26000EEFD87F31188BFF36F8F04F12800BDE87E
:10A27000F840FDF731B82B6860F39F032B60F0E7DF
:10A28000EFF31181202383F31288BFF36F8F0269EC
:10A290008368120702D442689A4200D2026AD31A33
:10A2A00081F31188BFF36F8F181E18BF012070470C
:10A2B000036800220BB9184670478B4210D10B6817
:10A2C00042B942680360914200D1436000230B60B1
:10A2D0000120704713604368994208BF4260F5E768
:10A2E0001A461B68E6E7038B13F0070306D10368E1
:10A2F000002B18BF032008BF00207047022B05D198
:10A30000408BB0FA80F0400980007047012B04D1E7
:10A310000368002B18BF0520EDE70020704710B53B
:10A320000C4600B111B96FF0150010BD081D00F00A
:10A33000C6F80028F9D1A368032BF6D9F3E72DE975
:10A34000F0410D4607461946281D90461E4600F06E
:10A35000C7F8044638B13346424629463846A44633
:10A36000BDE8F0416047BDE8F08110B4EFF3118221
:10A37000202484F31288BFF36F8F416110BC012148
:10A38000E8F738BE38B50C46054658B151B10B68F0
:10A3900043B14B6833B11C22002103F083F92C61D7
:10A3A000002038BD6FF01500FBE7F8B504460E46F7
:10A3B000FFF7B5FF051E3BDBEFF31182202383F38C
:10A3C0001288BFF36F8F638B278B4FF6FF718B4221
:10A3D00007F007072ED0062F2FD8DFE807F0182E3A
:10A3E000082E180418006FF08505002303E00133E0
:10A3F00063830225012382F31188BFF36F8FBBB102
:10A4000000233A4631462046FFF799FF10E000232B
:10A410003360636823B9C4E9006627B13D46E4E7C9
:10A420001E606660F9E702212046E8F7E3FD3D463D
:10A430002846F8BD6FF00A05D7E76FF00405D4E7AA
:10A4400010B5EFF31182202383F31288BFF36F8FCF
:10A45000048B04F00704022C0AD0012C0CBF6FF00F
:10A4600004006FF0850082F31188BFF36F8F08E05E
:10A47000438B013B9BB2438323B92146E8F7BAFDE6
:10A48000204610BD2046EEE738B5A8B1A1B1EFF3E4
:10A490001185202282F31288BFF36F8F048BFFF7A0
:10A4A00007FF30B104F0070085F31188BFF36F8F09
:10A4B00038BD6FF07700F7E76FF01500F8E7034657
:10A4C00058B1426802F00302012A03D0032A04D1E2
:10A4D000026812B10020986070476FF01500704755
:10A4E0004268816002F00302032A4FF00002034633
:10A4F0000CBF006810465A607047704703785B07CE
:10A500005FBF03684288C3F34A2303EB12105DBFA9
:10A51000173020F0070080080020704700207047A7
:10A5200002F053B90346BFF35B8F53E8000F421CA0
:10A5300043E800210029F8D1BFF35B8F70471FB5B6
:10A540000023CDE90201CDE900331A461946184629
:10A55000E9F764F905B05DF804FB0120E8F710BFE6
:10A56000002070474368DA7143681960436801222C
:10A570005A71E8F7F7BE70B515460C4669B1D2E9D5
:10A5800001369B1B99420AD813680A46014698195E
:10A5900003F07AF8AB682344AB60204670BD6FF0DF
:10A5A0001B00FBE770B50E4615461946044618B960
:10A5B000BDE87040E8F7E4BE33B1C2F34A2310307F
:10A5C000120D184403F060F8C4E900562046BDE8B7
:10A5D0007040E9F783B82DE9F3415F1C4FEA870823
:10A5E000064608F1170020F0070080080C461546C3
:10A5F000E8F748FF0023ADF805308DF807308DF8F7
:10A60000047068B10346019A43F8102FA8F10401C1
:10A610002A46294452F8045B43F8045F8A42F9D180
:10A62000A20102F4E07242EA482222F07F4222F4C0
:10A630007002002322F03F02314602B0BDE8F04133
:10A64000FFF7B0BF07B50123019201AAFFF7C3FFCF
:10A6500003B05DF804FB07B5CDE9002302236A4689
:10A66000FFF7B9FF03B05DF804FB1FB5CDE9012387
:10A67000069B039301AA0323FFF7ADFF05B05DF826
:10A6800004FBF8B506460D4614461F4604B9F8BD4E
:10A69000214628463A46B047241A0544F6E710B545
:10A6A000426881680446D2E900230068FFF7E9FFA9
:10A6B000636800221A6010BD38B54B681A68CB6811
:10A6C0009A4205460C4602D10846FFF7E8FF636848
:10A6D000BFF35B8F53E8002F511C43E800100028A4
:10A6E000F8D1BFF35B8FA3689D54002038BD0A28C2
:10A6F00038B504460D4602D10D20FFF7DDFF29468F
:10A700002046FFF7D9FF002038BD2DE9F04305466C
:10A7100089B008460E8891F80090D1F808800C4660
:10A720001746E9F7CDF8011EC6F38216C9F3C20930
:10A730001FDB4846E8F7E4FF03462146608851F8EE
:10A74000102B0296C2F34A22002A01EB0204C0F346
:10A750000B1008BF00210022CDE90507CDE9031445
:10A76000CDE9002241462846E9F7D6F809B0BDE810
:10A77000F0830023E1E743681B685B6800201961F0
:10A78000704743681B681A685268536070472DE928
:10A79000F04143681B685A68012111751D68D5E9AD
:10A7A0000136D3E900482F681CB96B681C60BDE80E
:10A7B000F081214630464246B847241A0644F3E762
:10A7C00043681B681868E9F7EFB970B543681D68FE
:10A7D0006B6818690C46E8F7AFFD214603460F2267
:10A7E0002868BDE870401847F0B587B01F4604469A
:10A7F0000D46164600F0AAFA022302930DF1160345
:10A800000193BDF83030ADF81600009332463B4658
:10A810002946204601F03FFC07B0F0BD2DE9FF417D
:10A820001F460D4616460446EAF7D4FF8046E6F773
:10A83000ADF8BDF82830009380B2CDE901803B46E9
:10A8400032462946204601F026FC04B0BDE8F081DE
:10A8500002F028BF02F018BF01460068E9F740BACD
:10A8600008B5E9F799FABDE80840E9F7C3BD0A461B
:10A870000121FFF7E7BE00210120E9F731BA6FF0AF
:10A880008500704761B662B680F31188BFF36F8FA1
:10A89000704772B6002383F31188BFF36F8FBFF345
:10A8A0004F8F30BF62B6BFF36F8F704772B6002311
:10A8B00083F31188BFF36F8FBFF34F8F20BF80F3F7
:10A8C0001188BFF36F8F62B67047202809D9B0F1A5
:10A8D000004F08D80138B0FA80F0C0F11F004000E6
:10A8E0007047082070473E20704708B5D1E9043111
:10A8F0009847002008BD08B5E9F764FF002008BDAF
:10A900007047BFF35B8F50E8003F013340E80032EF
:10A91000002AF8D1BFF35B8F70470023038243699D
:10A92000C3607047C1698968E9F7B8BFEFF3118266
:10A93000202383F31288BFF36F8F00230B604368DB
:10A9400033B9C0E9001182F31188BFF36F8F7047EC
:10A9500019604160F7E710B50346EFF3118120223B
:10A9600082F31288BFF36F8F006828B15C680268B9
:10A970001A60A04208BF5A6081F31188BFF36F8F3D
:10A9800010BD08B501460830FFF7BBFF084608BDFB
:10A99000034618465B68002BFBD17047426810B530
:10A9A0002AB10B461C465B68002BFBD162604160FC
:10A9B00010BD10B5044628B901F10800FFF7A1FF4A
:10A9C000084610BD034618465B68002BFBD1FFF715
:10A9D000E5FF2046F5E710B508B14B6843604C68C9
:10A9E000002308464B60E9F7D7FF204610BD92B21E
:10A9F00081600160C2808280704783680B4403607D
:10AA0000704703680B6043684B6083688B607047D6
:10AA10008388026819448180D018704730B48488D4
:10AA20000568A3188380281930BC02F02DBE10B52C
:10AA3000838802685C1C8480D154D01810BD30B566
:10AA4000838802689D1CD4188580D154090A6170DE
:10AA500030BD034600689A88401A114418609980F6
:10AA600070470268531E036083880133838002F8B5
:10AA7000011C70478288521A03468280006808448D
:10AA800018607047034600689A88521A01449A80F9
:10AA90001960704710B503681C780121FFF7EAFFC1
:10AAA000204610BD10B503681C880221FFF7E2FFA5
:10AAB000204610BDF0B41346DA028768066907D550
:10AAC00013F4402F1EBF43F3000202F44022534010
:10AAD000346801258D4023F48012DB074CBF2C43E2
:10AAE000AC4334603B68F0BC184710B50C460178A5
:10AAF00022788A4288B00ED06946EAF72DF804A978
:10AB00002046EAF729F810220DEB0201684602F010
:10AB1000D1FD08B010BD012A06D0022A07D072B9B3
:10AB200040886388C01AF4E740686368FAE7102237
:10AB3000611C013008B0BDE8104002F0BBBD6FF0F1
:10AB40001500E6E7042A0AD0102A0DD0022A4FF099
:10AB5000000315D103700B88438001207047012347
:10AB600003700B684360F8E7022300F8013B01F132
:10AB7000100351F8042B40F8042B9942F9D1ECE76B
:10AB800018467047012310B50621044600F8013B22
:10AB9000F8F792FB18B9A37963F03F03A37110BDD6
:10ABA0000B6803608B8883808B798371037823F033
:10ABB0000203037070470078C0F34000704738B557
:10ABC0000446807AE9F740FE6169054649B1637A37
:10ABD000DB0704D4C3691B6820469B6898470023A1
:10ABE000636121462846BDE8384002F0AEBA2DE93F
:10ABF000F0410C4601F10C08054600F10C014046FD
:10AC000017461E46FFF7FDFE6269E3682F829B1A16
:10AC100013FA87F36B8201236B7239464046FFF7C4
:10AC200029FFE3687360628A0023E36072816382B4
:10AC300034602846BDE8F08138B5D1E90032DA60E9
:10AC40000B684A895A820C4605460868E9F7A4FE53
:10AC500020461022002102F025FD2846BDE838409C
:10AC6000FFF7ADBF438A23B9C068B0FA80F040094E
:10AC70007047002070470F2806D80D280BD80528EC
:10AC800014BF022003207047132804D01A2814BFD1
:10AC9000022001207047012070477047FFF7D2BCA7
:10ACA0000B6803608B8883808B7983717047FFF713
:10ACB000D2BC10B50346BFF35B8F53E8000F40EAE8
:10ACC000010243E80024002CF7D1BFF35B8F10BDD5
:10ACD0000023E8F723BDBFF35B8F50E8003F0B4034
:10ACE00040E80032002AF8D1BFF35B8F704770470D
:10ACF00038B504460D46EAF703FA5F3005D1294618
:10AD00002046BDE83840EAF731B938BD10B50288B1
:10AD100043889A4218D8052A16D9B3F5486F13D834
:10AD20008488B4F5FA7F0FD2C188A1F10A0292B2E9
:10AD300040F67640824207D804FB0333B3EB810F21
:10AD400034BF0120002010BD0020FCE70020704728
:10AD500000207047EAF744BE70B506460D464FF036
:10AD6000FF304FF0FF31EAF739FC044668B10321A8
:10AD70000C30FFF74DFE0680857021460022BDE8AD
:10AD8000704040F20640EAF783BD6FF0680070BD86
:10AD9000C368187808B1EAF77FBE1846EAF710BF13
:10ADA00038B54FF0FF3105464FF0FF30EAF716FC9B
:10ADB000044668B102210C30FFF72AFE2B8803807D
:10ADC00021460022BDE8384042F21600EAF760BD95
:10ADD0006FF0680038BD2DE9F047814688464FF096
:10ADE000FF304FF0FF319DF820A017461E46EAF7CE
:10ADF000F5FB0546A0B107210C30FFF709FEB9F8B5
:10AE00000030038080F80280C7700671A0F805A0AA
:10AE100029460022BDE8F04742F23200EAF738BD89
:10AE20006FF06800BDE8F08770B506460D464FF03C
:10AE3000FF304FF0FF31EAF7D1FB044618B9BDE807
:10AE40007040EAF789B803210C30FFF7E1FD068076
:10AE50008570214642F22100BDE87040EAF7C6BC89
:10AE6000033138B5C9B205460E20EBF7BFFB03210D
:10AE700004460C30FFF7CCFD01230370A0F801500D
:10AE8000204638BD70B505460E460F200421EBF76D
:10AE9000ADFB042104460C30FFF7BAFD0122067019
:10AEA00042704580204670BD08B5072202F002FCC2
:10AEB000B0FA80F0400908BDFFF7C4BB00280CBF02
:10AEC00008460020704707B580B906216846F8F7A4
:10AED000F3F940B99DF80530684603F03F038DF85B
:10AEE0000530EBF7C3FB03B05DF804FB6FF0150012
:10AEF000F9E70120704710B50C4631B10020FFF78B
:10AF0000E2FF08B90123237010BD6FF01500FBE7C5
:10AF1000BFF35B8F0068BFF35B8F7047032808B5F2
:10AF200001D0EBF7B3FDBDE80840EBF7C7BDD0F8A3
:10AF3000B000003818BF01207047084689691160C9
:10AF4000C2691A60C27A0021183002F0ABBBBFF3AD
:10AF50005B8F0068BFF35B8F7047FFF77CBB837A22
:10AF6000072B01D1ECF786B870472438ECF7FCB812
:10AF7000036800220BB9184670478B4210D10B684A
:10AF800042B942680360914200D1436000230B60E4
:10AF90000120704713604368994208BF4260F5E79B
:10AFA0001A461B68E6E703697BB1BFF35B8F00F1CC
:10AFB0001003002253E8000F43E800210029F9D1D3
:10AFC000BFF35B8F08B1E9F7E7BC704710B50346E4
:10AFD00000F1C4021046FFF7BAFF80B1BFF35B8FE8
:10AFE000411C52E8004F844204D142E8001CBCF1ED
:10AFF000000FF6D1BFF35B8FECD1184610BD0346AE
:10B00000FBE70022BFF35B8F50E8003F40E80021E0
:10B010000029F9D1BFF35B8F13B11846ECF7BAB929
:10B02000704710B5837A023B0446062B25D8DFE82B
:10B0300003F00D0424242417220041720021ECF7B0
:10B04000FFF9BDE810400220EBF71CBE8378012B0E
:10B0500011D1403002F0AEF9BDE81040EAF788BDEA
:10B060000088FFF779FE38B9A37A072B03D10821AE
:10B070002046ECF7E5F9002010BD6FF07F00FBE7FC
:10B0800073B506460C46FFF796FD6D463146A8B1EE
:10B090006846FFF785FD29460020ECF769FD58B1A9
:10B0A0002388A0F88C306388A0F88E30A388A0F89D
:10B0B0009030E388A0F8923002B070BDFFF7FEFE3A
:10B0C0000346006800909A889B798DF80630ADF8A9
:10B0D0000420E0E738B5037A8B420446154615D1C3
:10B0E00000F170010722284602F0E4FA80B1E3780B
:10B0F000072243B904F17E01284602F0DBFAB0FAD8
:10B1000080F0400938BD04F17701F5E70020F9E748
:10B110000120F7E7F8B507460D464FF0FF304FF036
:10B12000FF31EAF75BFA0646D0B10E210C30FFF78B
:10B130006FFC0E220446002102F0B4FA3B88238003
:10B140002B8863806B88A380AB88E380EB882381A6
:10B1500031460022BDE8F84042F21300EAF798BBFE
:10B160006FF06800F8BD704710B50446FCF79CFE10
:10B17000234653F8402BD2F8B01061B92164D2F8BD
:10B18000B41061B9C2E92C33FCF7A2FE2068BDE817
:10B190001040ECF72BB98B42F6D00968EDE70B6055
:10B1A000C2F8B430F0E703682BB141681A68026056
:10B1B0008B4208BF4260704770472DE9F843446BEB
:10B1C0002CB154F8085905B1083D00270CB9BDE869
:10B1D000F883D4E900682EB3FCF766FED6F8B030E9
:10B1E00004F14001002263B1994233D1236C4ABB80
:10B1F000D6F8B420C6F8B030914201D1C6F8B430C8
:10B200002764FCF765FE04F130090022002348465C
:10B21000FCF72CF8064600BBD8F804300BB12046EA
:10B2200098472760E3680BB120469847D8F820304C
:10B230000BB120469847DDB1AB6803B1083B2C4603
:10B240001D46C3E71360D6F8B430994208BFC6F86C
:10B25000B420D5E71A461B68C5E7B36923B1F16985
:10B2600020686FF06D0298473046E9F795FBCCE710
:10B270002B46E4E7F8B50F460021054616460023A5
:10B280004FF480320846ECF723FF044620B92846E5
:10B29000ECF7EAFE2046F8BD04210C30FFF7B8FBBE
:10B2A000057047704680F5E7406B30B1838B8B4269
:10B2B000A0F1080001D08068F7E7704710B54AB9DF
:10B2C00089B2FFF7F1FF28B143689B6913B1BDE86C
:10B2D0001040184710BD38B50D460521FFF7E4FFB3
:10B2E00000231A462946ECF70DFF044610B1284604
:10B2F000E9F752FB204638BD406B30B183898B4261
:10B30000A0F1080001D08068F7E770477047034656
:10B31000006828B1596802681A60884208BF5A60FC
:10B3200070470346002003B970471A8A5B681044CF
:10B33000F9E710B5D4682378023113B921700120E0
:10B3400010BD8B42FBD0038A023B038200201061B8
:10B35000F6E7FFF777B908B503680A8A1868C9687D
:10B36000EFF708FD002008BD38B5054601F10C00D7
:10B370000C46FFF797FB2D68238AE2680146286890
:10B3800001F064F8002038BD38B504460D46EDF7ED
:10B3900003F930B1294604F15400BDE8384001F00A
:10B3A000C1BE38BD70B40668F2695AB3144654F889
:10B3B000983903B1983B002211467CB9438D408BEC
:10B3C0008B4201D890421FD9824238BF024699422F
:10B3D000306838BF194670BCEFF710BD844207D003
:10B3E000658D648BA94238BF2946A24238BF2246E8
:10B3F00033B1D3F8985005B1983D1C462B46DCE795
:10B400001D46FAE71146D9E770BC704773B514467C
:10B41000014605464FF49572206800F0FCFE207549
:10B4200030B92068294601F026F820B90823237591
:10B43000002002B070BD237AB3B1A3F118025342C9
:10B4400053419B000193638A0093AE68238AE268AC
:10B4500020682946B047002808DB238A98420CD18F
:10B46000002323750120E4E70223EBE710F1FF0F2F
:10B4700003D34042C0B22075DAE70E20FBE7F8B5EF
:10B480009368166805460F46144663B95068012153
:10B490000C30FFF7BDFAA0602B681B78002B14BF9F
:10B4A000022301230370A3681B78012B03D0022B16
:10B4B0001FD000201CE02B681B78002BF9D160689E
:10B4C00004210C30FFF7A4FAE06007802A68E368E3
:10B4D00052885A806168728D738B088A9A4294BF31
:10B4E000C0EB0200C0EB0300042894BF0020012041
:10B4F000F8BD2B681B78022BDBD1606812210C3061
:10B50000FFF786FAE06007802B68E268591C023278
:10B51000113351F8040B42F8040B9942F9D16168D8
:10B52000728D738B088A9A4294BFC0EB0200C0EB05
:10B5300003001228D9E7D0680378043113B90170E9
:10B54000012070478B42FBD091680B8A0020043B9E
:10B550000B82106170471FB5CDE9012300230093D2
:10B560001A46EEF75DFB05B05DF804FB2DE9F041EE
:10B5700004468868FFF7D5FE638D628B934228BF2F
:10B58000134683420D4626D3216501F108030027A7
:10B59000BFF35B8F53E8008F43E80072002AF9D1B4
:10B5A000BFF35B8FFCF780FC41462046ECF7F4FFCD
:10B5B000064638B1C5F808802765FCF789FC304697
:10B5C000BDE8F081618D638B994228BF19462846FA
:10B5D000EFF786FCF1E76FF07906F0E703680022E9
:10B5E00003B970478B420FD10B683AB942680360C8
:10B5F000914200D1436000230B60704713604368A1
:10B60000994208BF4260F6E71A461B68E8E7BFF3B5
:10B610005B8F50E8003F43F0080240E8002100291A
:10B62000F7D1BFF35B8FC3F3C00070472DE9F04142
:10B63000064690461F460D46B9B104220121EDF79A
:10B640008DF8044618B9BDE8F041EDF75DB8042166
:10B650000C30FFF7DDF90570A0F80180C7702146B6
:10B660003046BDE8F041FFF78FBEBDE8F08137B549
:10B670000C46054601F10C00FFF714FA228A0192EC
:10B68000E26800920346132212212846EDF7E2F801
:10B6900003B030BD37B50C46054601F10C00FFF78D
:10B6A00001FA228A0192E2680092002203461146C2
:10B6B0002846EDF7CFF803B030BD70B504460E460E
:10B6C000002200230846FBF7D1FD054658B101468C
:10B6D0002046ECF761FF044618B12946304601F0D8
:10B6E00034FD204670BD6FF00104FAE707B5CA6863
:10B6F0001388528800920C210D22EDF7B1FA03B0A5
:10B700005DF804FB07B5CB6800221B8800920A2174
:10B710000B22EDF7A5FA03B05DF804FB2DE9F0412B
:10B72000CB681F88BBB2162B04462AD90321EDF73C
:10B730005BF9064638B302210C30FFF769F94FF088
:10B740001708002580F80080457031462046FFF735
:10B750001BFE2368A4F81A8067851B68BFF35B8F04
:10B76000043353E8001F41F4803143E80012002AFB
:10B77000F7D1BFF35B8F2046FFF714FE2846BDE8E4
:10B78000F0810420FBE70E20F9E72DE9F04F064693
:10B7900085B0104690469946FFF7C3FD738B728DB6
:10B7A000934228BF134683428B4675D9736803932F
:10B7B0004046FFF7EDF84FF0000A04464046FFF719
:10B7C000B0FDE168228A658A6369778BCB1AAD1A6E
:10B7D000ED1A738D9F4294BFC0EB0700C0EB0300CE
:10B7E000854228BF054625BB98F80A00E9F72CF8E2
:10B7F00000220023FFF796F8044608B9574627E0D1
:10B8000001464046FFF7D5F84046FFF78AFDE1685C
:10B81000228A658A6369778DCB1AAD1AED1A738B0C
:10B820009F4294BFC0EB0700C0EB0300854228BFD6
:10B830000546CDF80090DBF8047003980A44ABB2DB
:10B840005946B847071E07DABAF1000F18BF574626
:10B85000384605B0BDE8F08F0E9BABB9394604F110
:10B860000C00FFF7D5F84046FFF75BFD738D728B38
:10B87000934228BF1346B9448342BA441FFA89F958
:10B88000BCD9AF429AD0B9E70F9A0E9B39462046F1
:10B8900098470028E2D1B1E70027D9E72DE9F34125
:10B8A0001768D7F804800023144613730146064630
:10B8B0009522404600F0AFFC0546207330B9314672
:10B8C000404600F0D6FD28B908232373002002B0BB
:10B8D000BDE8F081A068798D7A8B038A914294BF8C
:10B8E000C3EB0103C3EB0203012BEFDD02210C309C
:10B8F000FFF78EF8CDE900558046A388A26831464F
:10B900003846FFF742FF031E06DA13F1FF0F26BF8A
:10B910005B42DBB20E23D8E7A8F800300120D6E75F
:10B920002DE9F3411768D7F80480002314461373F8
:10B93000014606469522404600F06DFC0546207300
:10B9400030B93146404600F094FD28B908232373EE
:10B95000002002B0BDE8F081CDE900553146A38852
:10B96000A2683846FFF711FF002807DA10F1FF0F31
:10B9700026BF4042C0B20E202073E9E70120E8E76D
:10B98000F8B50546071F00F1480350F8044CBFF313
:10B990005B8F53E8001F21F0040143E80012002AE6
:10B9A000F7D1BFF35B8FFCB1EB6C83B9636873B104
:10B9B000201DFFF7ACFC064601463846FFF7D6FDD2
:10B9C00090B163683360A368666003B9A66005F14F
:10B9D00050013846FFF771FE30B104F10C013846D2
:10B9E000BDE8F840FFF769BEF8BD2DE9F041C46934
:10B9F000074644B154F8986906B1983E00221546AE
:10BA000007F104080CB9BDE8F081236D9BB905B9B5
:10BA10008AB94046FFF77BFC054658B101462046EF
:10BA2000FFF7A4FD0028EED07B682B60BB687D602B
:10BA300003B9BD60224636B1D6F8983003B1983BC1
:10BA400034461E46DEE73346FAE738B50546BFF30F
:10BA50005B8F0B68BFF35B8FDB0716D550F8040CC8
:10BA600098B1EB6C8BB90430FFF751FC044660B120
:10BA70000146281FFFF77AFD38B155F8043C5A6893
:10BA800022609A685C6002B99C6038BDEEF76AB8C3
:10BA900070B5CE6833889AB2162A04460D4606D889
:10BAA000002204231146EDF7B3FD002070BD1722DC
:10BAB00042834385FFF776FC2A8A002331462046DD
:10BAC000F1E708B500230A8AC968EDF7A1FD002057
:10BAD00008BDFFF7F6BFFFF7F4BFFFF7F2BFFFF7B0
:10BAE000F0BFFFF7EEBFFFF7ECBFFFF7EABFFFF7CE
:10BAF000E8BFFFF7E6BFFFF7E4BFFFF7E2BF70B5AF
:10BB00000D46EDF713FC044628B92846E8F744FF34
:10BB10006FF07F0070BD00F10C062946304601F041
:10BB200001FBE469C4B154F8985905B1983D00226D
:10BB3000104607E022467DB1D5F8983003B1983B16
:10BB40002C461D46831C01D1002AF4D131462046E3
:10BB5000FFF7B3FD0028EDD10020DBE738B505463F
:10BB60000C46FCF7A1F92846EDF7E0FB20B9FCF7FD
:10BB7000AFF96FF07F0038BD0023236083683BB9C5
:10BB8000C0E90144FFF731FFFCF7A2F90020F2E71A
:10BB90001C608460F6E710B50C46EDF7C7FB98B162
:10BBA000C3694BB153F8482CD168A142A3F1980363
:10BBB00009D0D3F89830F4E7406828B1C368A342AD
:10BBC00002D00068F9E7104610BD106000207047F1
:10BBD00010B5029CA36833B1B1F5807F28BF0E2158
:10BBE000CAB221469847A37DE268013BDBB2A37548
:10BBF00022B11BB92046BDE81040104710BD1060AF
:10BC0000918000207047BFF35B8F0068BFF35B8FAC
:10BC1000704708B5072201F04DFDB0FA80F04009E9
:10BC200008BDFEF70FBD0B6803608B8883808B799E
:10BC300083717047FEF70FBD10B50346BFF35B8FEE
:10BC400053E8000F40EA010243E80024002CF7D13A
:10BC5000BFF35B8F10BD70B50D46064611F8010BA2
:10BC6000EBF7B0FF044610B12C89EBF793FB6B891F
:10BC7000A34207D0EB686C8123B121463046BDE872
:10BC80007040184770BD10B502210C301446FEF705
:10BC9000BFFE63890380002010BD10B504210C3065
:10BCA0001446FEF7B5FE23890380E3894380002014
:10BCB00010BD10B502210C301446FEF7A9FE2389F1
:10BCC0000380002010BD10B504210C301446FEF78F
:10BCD0009FFE2389038063894380002010BD38B50F
:10BCE00000F10C04042120461546FEF791FE2B8935
:10BCF0000380EB8943802B7C33B94FF420512046DD
:10BD0000FEF79DFE002038BD42F60101F7E738B589
:10BD100000F10C04042120461546FEF779FE2B891C
:10BD20000380EB8943802B7C022B04D0032B09D0AA
:10BD30002B68598801E042F602012046FEF77FFE9B
:10BD4000002038BD42F60301F7E770B51446002520
:10BD500000F10C066268EBB29A4205F1010501D8C8
:10BD6000002070BDA268304632F81310FEF767FE5F
:10BD7000F0E7FFF7EABFF7B5089D06462F680C46C7
:10BD800051B973B9002308932A46E1B23046BC4644
:10BD900003B0BDE8F0406047B1F5807F28BF0E24B6
:10BDA000F0E7009313462A46B84708942F682346C5
:10BDB0002A462146EAE710B5144632B900F170016F
:10BDC000007AEDF757FD00B1846010BDF0B587B083
:10BDD0000D460C9C114606461A465DB983B9276884
:10BDE00000232246E9B23046BC460C9307B0BDE8BA
:10BDF000F0406047B5F5807F276828BF0E25EFE744
:10BE000003A8FEF7F4FDBDF81030012B08D800237D
:10BE100000932568224619463046A84707B0F0BD72
:10BE2000022103A8FEF72EFE0346BDF8102033F8CA
:10BE3000027B974228BF17460097256822460021BB
:10BE40003046A847394603A8FEF71CFEDBE738B5A5
:10BE500000F10C05062128461446FEF7D9FD23897A
:10BE60000380E3894380237C002B42F6010308BF53
:10BE70004FF42053838021680B781BB1022B06D02E
:10BE8000002038BD49882846FEF7D9FDF8E7102282
:10BE900001312846FEF7C2FDF2E738B500F10C0586
:10BEA000022128461446FEF7B3FD63890380A18969
:10BEB0002846FEF7C4FD042104F11000FFF7BCFE84
:10BEC000002038BD2DE9F041069CBFF35B8F06468C
:10BED0000D4604F1100353E8007F27F0040743E800
:10BEE0000072002AF7D1BFF35B8F3DB3EDF70CFD75
:10BEF000074680B16368B5F5807F28BF0E251BB16A
:10BF00002246E9B230469847BB6823B1196800223F
:10BF100004F114050BB9BDE8F081AB4206D123460C
:10BF200039463046BDE8F041EDF7B6BC21B10868AE
:10BF30001A460B460146EDE70846F9E763680BB180
:10BF400022469847A389002BE5D125682146304633
:10BF5000AC461A46BDE8F041604738B500F10C0424
:10BF6000042120461546FEF753FD2B8903806B897B
:10BF70004380E9680B782BB949882046FEF75FFDBE
:10BF8000002038BD102201312046FEF747FDF7E7BB
:10BF9000036800220BB9184670478B4210D10B681A
:10BFA00042B942680360914200D1436000230B60B4
:10BFB0000120704713604368994208BF4260F5E76B
:10BFC0001A461B68E6E708B5EDF754FC18B10023E4
:10BFD00003604360836008BD70B500F170060546DC
:10BFE0003146007AFEF7B4FE04463146287A1CB189
:10BFF000BDE87040FFF7E7BFEDF73CFC10B104600F
:10C000004460846070BD022A10B508D1002300F19D
:10C0100070011A46007AEDF78FFC022010BDFFF781
:10C02000DBFFFAE72DE9F84306460D464FF4702092
:10C030000021DDF8249017469846EDF7A3FA044650
:10C0400060B14560C7609DF820104A463046EDF764
:10C0500067FA054638B92046EDF7C0FA6FF00B05D0
:10C060002846BDE8F883002211460123EDF7F0FBD6
:10C07000A56028463A464946C047054618B12046BD
:10C08000EDF7ACFAECE721463046FFF767FD0546D1
:10C090000028E5D0F3E738B5BDF81010BDF818401A
:10C0A000059DA14210460CD84CB16DB1641A9C425A
:10C0B000A8BF1C46A4B22246294401F0E5FA204656
:10C0C00038BD6FF00604FAE76FF00D04F7E770B5BE
:10C0D000CC6886B02678BDF8285066B96488ADF87B
:10C0E0001640022402940DF11604CDE90054FFF726
:10C0F000D2FF06B070BD102602960134F5E7F0B508
:10C100000C4687B0C968054616461F46EDF7E8FBA2
:10C1100000B10089ADF81600022302930DF1160359
:10C120000193BDF83030009332463B462146284605
:10C13000FFF7B1FF07B0F0BD13B5044610B90020FA
:10C1400002B010BD00238DF80430006842F60303EE
:10C1500001A9ADF80630FEF7C8FC0028EFD1E3686E
:10C1600098880028ECD12046EDF72AFD013080B2F6
:10C17000E6E72DE9F041CC688AB0064698460846C5
:10C18000A3798DF814300D461746FFF7D5FFADF8AB
:10C1900015002468237893B96388ADF81730052318
:10C1A000029305AB0193BDF8403000933A464346F5
:10C1B00029463046FFF76FFF0AB0BDE8F081631CE7
:10C1C0000DF11702113453F8041B42F8041BA3426B
:10C1D000F9D11323E4E71FB5CDE901230023009330
:10C1E0001A46EDF71DFD05B05DF804FB13B50023FD
:10C1F00004468DF80430006842F6030301A9ADF847
:10C200000630FEF772FC18B92046EDF763FD0446D0
:10C21000204602B010BD4B8A12F0010FC3F30E038B
:10C2200004D013F0950F10D0486870B112F0020FCF
:10C2300004D013F4957F0AD0896841B1134013F4F8
:10C24000DE7F14BF052000207047022070470320C6
:10C250007047F8B50F4651684B8A03F094030646C1
:10C26000144613BB0122EDF747FD08B3A2891B2139
:10C2700002323046EDF754F90546E0B1A1890C30A1
:10C280000231FEF7C5FB20F8027BA289A16801F00C
:10C29000FBF9D4E9041228460123EDF7D9FA29461F
:10C2A0003046BDE8F840FFF72ABC4FF0FF30F8BD3C
:10C2B0006FF01500FBE76FF00B00F8E770B50B4669
:10C2C0000546144629B921462846EDF7BFFF28B98F
:10C2D00070BD4FF6FF72914207D1218163682246FB
:10C2E00028460021BDE870401847E28901339BB21F
:10C2F0009A422381E7D2F1E72DE9F04F89B0064653
:10C30000129F144611B913F0030807D07B683A4610
:10C310000021304609B0BDE8F04F184703F47F73A1
:10C32000D518C14642F6010AAC4207D13A46414609
:10C33000304609B0BDE8F04FFFF7C0BF3A7C6388D4
:10C34000ADF80830002A14BF52464FF42052ADF821
:10C350000220102200210DEB02001FFA83F83B6837
:10C36000B4F800B001938DF8009001F09BF901AB97
:10C370000693CDF80CD07B68ADF81CB03A4603A903
:10C380003046984704340028CED109B0BDE8F08F7C
:10C39000F0B58FB05389ADF80C309389ADF80E30FD
:10C3A0000546022304A816898DF810301446029021
:10C3B0000DF1110301F1100251F8047B43F8047BE5
:10C3C0009142F9D12168C1B9002142F6020310223D
:10C3D0000AA88DF80410ADF8063001F063F901AB3E
:10C3E000099302AB0C93ADF834606368224609A947
:10C3F0002846984728B90FB0F0BDFEF776FB002815
:10C40000E2D0218922462846FFF758FFF3E773B5AB
:10C4100004460D46FBF748FD29462046FFF7BBFBC7
:10C42000014620B902B0BDE87040FBF751BD466837
:10C430002046EDF7E5F9FBF74BFD2EB10023009503
:10C440001A460E212046B04702B070BDF7B50D4622
:10C45000044616461F46EDF757FA014628B10097E5
:10C4600033462A462046EEF753FC03B0F0BD0120C8
:10C470007047012070470120704713B5C06814460B
:10C4800068B100238DF8043001A94FF4C053ADF812
:10C490000630FEF72AFB10B9236801332360012020
:10C4A00002B010BD0021F8B54FF0FF324FF0FF335E
:10C4B00005460846EBF70CFE00F10C070446012187
:10C4C0003846FEF7A5FA0526067001213846FEF724
:10C4D0009FFA002306701A4621462846EBF712FE03
:10C4E00010B12046E8F758FA0020F8BD6FF085003B
:10C4F0007047002070470369C9B20C2202FB013368
:10C50000186C00F00700704770B50346C9B20069A7
:10C51000EFF31186202484F31288BFF36F8F0C256C
:10C5200005FB0104246C14F0C00401D0A24211D117
:10C5300005FB010001220264002086F31188BFF38D
:10C540006F8F30B95B680C2202FB01335B68984740
:10C55000002070BD4FF0FF30EFE78022FFF7D4BF1F
:10C56000F8B5069F04690546C9B2EFF3118C202087
:10C5700080F31288BFF36F8F0C2606FB0146306CE8
:10C5800000F0070EBEF1010F10D1376400268CF3C6
:10C590001188BFF36F8F3EB90C2041430C44C4E9AE
:10C5A0000E236B685B5898473046F8BD00F0C0001A
:10C5B00087420CBF6FF077064FF0FF36E7E713B501
:10C5C00080240094FFF7CCFF02B010BD10B40069C6
:10C5D000CBB21C2404FB0300002110BC1047104602
:10C5E000FAF77ABE00F097B9FAF784B943685B6846
:10C5F000D3F810350B600020704743685B6802EA8F
:10C60000010021EA0201C3F80805C3F80C15002057
:10C61000704743685B680020C3F80815704743689B
:10C620005B680020C3F80C15704743685B68D3F85B
:10C63000042521EA02001140C3F80805C3F80C15CF
:10C640000020704730B50369586800B30024884261
:10C6500019D108688CB99C685860A14200D19860D3
:10C66000002008602AB15A680A609A68596002B9C5
:10C67000996000200FE02846E9E720609868814231
:10C6800008BF9C60ECE705680446002DF3D1002A42
:10C69000E9D16FF0150030BDFAF73CBA30B5436808
:10C6A0001360057A446804EBC504A34202D36FF01B
:10C6B000010030BD5C798C4203F10803F0D1002009
:10C6C000F7E743681B68D3F88004C3F88004704719
:10C6D00042681368D3F8100150B1D2690020127873
:10C6E0000A70C3F81001D3F8102101221A607047B4
:10C6F0004FF0FF30704702680346D2F8580140B946
:10C700005B68DB0706D4D2F82001003818BF01208F
:10C7100070470120704743681B68D3F80423D20593
:10C7200017D5D3F82021A2B1EFF31182202181F394
:10C730001288BFF36F8FD3F8201131B10021C3F8F5
:10C740002011D3F820110121D96082F31188BFF3A1
:10C750006F8FD3F85831704713B501AA0446FFF71D
:10C760009DFF002805DB019B226819791868F9F7FD
:10C7700077FB02B010BD10B500220446012128202D
:10C78000E7F7B8FD2820E7F785FD2046BDE8104013
:10C79000F9F758BC10B50022044601210220E7F742
:10C7A000A9FD0220E7F776FD2046BDE81040F9F725
:10C7B00049BC00F150039B009BB203F1804303F599
:10C7C000883300221A601B68704708B5F9F7FEFC31
:10C7D00008BD4FF08053D3F83021082A03BFD3F8A7
:10C7E0003401B0FA80F04009002070470346002071
:10C7F000184700F051BB10B502461168B1B1BFF344
:10C800005B8FB1FA81F3C3F11F000123834021EA5A
:10C81000030352E8004F8C4204D142E8003CBCF1D3
:10C82000000FF6D1BFF35B8FE7D110BD6FF00B00A7
:10C83000FBE710B50368CB40DB0714D401238B4022
:10C840000268BFF35B8F43EA020150E8004F944255
:10C8500004D140E8001CBCF1000FF6D1BFF35B8FA0
:10C86000EED1002010BD6FF01500FBE770B50C464F
:10C870000021054608461646F9F762FF48B93378A5
:10C88000DB0003F1804303F5F833C3F81055C3F818
:10C89000144570BD10B1012802D07047FAF72AB8CC
:10C8A000F9F7DABF18B1012803D100F019B800F088
:10C8B00032B8704708B5F9F7EBFFBDE80840FAF762
:10C8C00059B84FF08053D3F83021082A06D1D3F855
:10C8D000340102288CBF00200120704700207047DF
:10C8E000F9F780BF38B54FF080440223C4F808330D
:10C8F0000123E3600023C4F80431D4F8043142F288
:10C900001075D4F81834DB0304D50120FFF771FF4C
:10C91000013DF6D138BDFFF7E5BFF7B5019001A89D
:10C92000DDE9084716461D46FAF75CF8019BB6F1AB
:10C93000000C18BF4FF0010C00EB83000B1E18BF5A
:10C940000123002D43EA4C030CBF4FF0000C4FF0C5
:10C950000C0C002C43EA0C030CBF4FF0000C4FF4FE
:10C96000E06C002F43EA0C03D0F800270CBF4FF017
:10C97000000C4FF4403C43EA0C0322EA030301B1EC
:10C9800009780EB13678760019430DB12D78AD00D7
:10C9900031430CB12478240229430FB13F783F047E
:10C9A0000C433C43C0F8004703B0F0BD1FB50DF188
:10C9B0000F03019300238DF80F1000931A461946B8
:10C9C000FFF7ABFF05B05DF804FB10B50446084661
:10C9D000FAF718F804EB4004207DC0F3401010BDB6
:10C9E00010B504460846FAF70DF804EB4004207D24
:10C9F000C0F3400010BD10B504460846FAF702F82F
:10CA000004EB4004A08A400B10BD70B504460846F4
:10CA10001646F9F7F7FF08300D4634F81030DA05FE
:10CA200009D5C3F3432304EBC302314654F8333032
:10CA3000526828469847A3682BB1E26831462846D9
:10CA4000BDE87040184770BD10B504460846F9F7B8
:10CA5000D9FF04EB4000838ADA051DD5C3F34321D7
:10CA600023F4F853838204F1120204F1720032F8C5
:10CA7000023F13F4807F03D0C3F3432399420BD0CA
:10CA80008242F4D104EBC10300225A6004F1780021
:10CA9000BDE81040FFF7CDBE10BDF0B5034600F570
:10CAA0008074002005460127844695420AD1D3F8B8
:10CAB0007C2132B10022C3F87C21D3F87C3140F0D4
:10CAC0000040F0BD25F0404607FA06F6314209D095
:10CAD000D4F800E0BEF1000F04D0C4F800C0D4F8D0
:10CAE00000E0304301350434DFE738B504460D4635
:10CAF000FFF76BFFA8B12046FFF772FF88B9204609
:10CB0000FFF779FF226801238340C2F808332368C6
:10CB100003EB8000D0F8103523F00303C0F8103584
:10CB200038BD28460021BDE83840FFF73FBF2DE95A
:10CB3000F043174685B004460846F9F763FFD7F877
:10CB400000800E460546B8F1000F1ED02046FFF7C4
:10CB500047FF18B12046FFF738FF20BB0023CDE97F
:10CB600000338DF80E308DF80F300DF10F02434673
:10CB70000DF10E013046FFF7D0FE04EB4502938A1B
:10CB800023F0020343F0010393827B689BB3314699
:10CB9000204693F80080D3F80490FFF721FF28B1D6
:10CBA000B9F1000F1FD06FF0150027E004EB45002E
:10CBB000838A23F4604323F020038382B9F1000FBA
:10CBC00011D0B8F1030FEED87B6821685B6893F849
:10CBD00000C04FEA8C031944B8F1000F11D1C1F81D
:10CBE0001085C1F8108504EB4502938A23F01C03DD
:10CBF00043EA88039382BB6843BB002005B0BDE8CD
:10CC0000F083D1F8102522F00302C1F81025226824
:10CC10001344D3F8102522F44F3222F44072C3F8A3
:10CC200010253202D3F8101502F47C5242EA084271
:10CC30000A43C3F8102504EB4C03A3F87C60838AF5
:10CC400043EA4C3343F020038382CCE7D3E90078F6
:10CC500031462046FFF7F8FE002FCED063689F4292
:10CC600006D004F17800FFF7C6FD002804DAC5E716
:10CC7000A3689845F5D1002004EBC003C3E901780F
:10CC800004EB4505C0B2AB8A43EA402343F480730A
:10CC9000AB82B2E72DE9F043054685B0084616465B
:10CCA0001F46F9F7AFFE0C46804626B32846FFF72D
:10CCB00097FE18B92846FFF788FE18BB05EB480910
:10CCC000B9F8143003F01C0313B17378012B19D099
:10CCD00001238DF80F300023CDE90063721CB31CD3
:10CCE0000DF10F012046FFF718FEB9F8143043F09C
:10CCF0000303A9F81430002F3FD021462846FFF740
:10CD00006FFE20B96FF0150005B0BDE8F0833E78E6
:10CD10002B6803EB86030022C3F81025C3F8102507
:10CD200005EB48024FEA860C938A23F4604323F014
:10CD300020039382787800B32968BF7861440004A7
:10CD4000D1F8103523F4991323F4F853C1F81035B2
:10CD5000230200F4403003F47C5303433805D1F838
:10CD6000105500F4801003432B43C1F81035938A0B
:10CD700043EA463343F0200393820020C4E7C0E92E
:10CD80000312704770B504461546FFF71EFE48B102
:10CD90000846F9F737FE04EB40040020A38A5B0B3A
:10CDA0002B7070BD6FF01500FBE738B590F88C4024
:10CDB00005469CB960222146143000F073FC2868B7
:10CDC000C0F87C41D0F87C3140F30730E7F762FAD5
:10CDD000012385F88C30AB67204638BD6FF07700B3
:10CDE000FBE790F88C00003818BF01207047F9F776
:10CDF00043BE2DE9F34104461746FFF7E6FD0D4615
:10CE00002668F0B12046FFF7EBFD8046C8B9204602
:10CE1000FFF7F1FD820002F5807346F80380F358B6
:10CE200023681344D3F8102542F00102C3F81025FB
:10CE300027B1226801238340C2F8043302B0BDE861
:10CE4000F081D6F80433002BA4BF4FF00043C6F89E
:10CE500004332846F9F7D6FD04EB4004A38AC3F354
:10CE60008203042B12D0052B12D001A80195F9F7EB
:10CE7000B9FD019BD0F81015D94001F00101023134
:10CE8000284602B0BDE8F041FFF790BD0321F7E767
:10CE90000221F5E7FFF729BE08B1E7F7B1BD7047FA
:10CEA00010B5436904463BB90020E268537843F06B
:10CEB00001035370404210BD98470028F4D0002869
:10CEC000B8BF4042E368FF28A8BFFF201870ECE716
:10CED00040B1C368587810F001001EBF1878B0FA4E
:10CEE00080F040097047EFF31183202383F3128809
:10CEF000BFF36F8FFEE710B400F10C04C0E90344E8
:10CF000010BCFCF715BD10B542696AB1836842EAEE
:10CF10000301890708D10169A2FB011424B95B1838
:10CF20002CBF0121002102D36FF0150005E0C16084
:10CF30009B1A02698A4201D8002010BDC2681A609B
:10CF40004269C36001319B1AF3E72DE9F0410546C0
:10CF50000F46EFF31188202383F31288BFF36F8FFE
:10CF6000C668F6B90468A0421BD0D4B1D4E9003237
:10CF700013605A60237CA66023F002032374C4E983
:10CF8000006604F11800FBF715F92046A6676761F3
:10CF9000FAF710FD414605F10800BDE8F041FAF747
:10CFA00011BE3E60AB69EF60013BAB6188F3118855
:10CFB000BFF36F8FBDE8F08110B52024EFF311832C
:10CFC00084F31288BFF36F8FFDF763FCF6E790F9E7
:10CFD0000E308B4201D0FAF79FBE00207047034607
:10CFE0000020C3E90200C3E900337047D0E90032F2
:10CFF00013605A60027C002322F00202C0E9003371
:10D000000274836070472DE9F84390469DF8202014
:10D01000099F04460D4602B14568A66804F1080957
:10D020004E4515D0A6B13046FFF7E0FF002406F1CB
:10D030001800FBF7BFF83046B467C6F81480FAF75B
:10D04000B9FC48463946FAF7BDFD2046BDE8F883ED
:10D05000A3B10820FBF784FA002832D00122C0F8DF
:10D0600004800260016801F003015DB922680A438F
:10D070000260626820606AB960600BE0C8F8003046
:10D080004046EFE72A68032A10D80160616839B981
:10D09000C4E90000002087F31188BFF36F8FD5E744
:10D0A0000A6802F0030202430A60E5E722F0030285
:10D0B0000A4302602A6802F0030240EA02032B607E
:10D0C000E8E76FF00B00E6E70023C0E9003300F16A
:10D0D0000803C0E90233704770B5EFF311852023D0
:10D0E00083F31288BFF36F8F846800F10806A642AD
:10D0F00013D094B12046FFF779FF04F11800FBF735
:10D1000059F800232046A3676361FAF753FC2946C8
:10D110003046BDE87040FAF755BD85F31188BFF37E
:10D120006F8F70BD07B50A46EFF31183202181F39D
:10D130001288BFF36F8F01930123009300231946D8
:10D14000FFF761FF03B05DF804FB07B50A46EFF394
:10D150001183202181F31288BFF36F8F0193002385
:10D1600000931946FFF74FFF03B05DF804FBEFF3A0
:10D170001183202282F31288BFF36F8F006818B1E9
:10D180000268920718BF406883F31188BFF36F8F5E
:10D1900070473AB18A4205D3C0E90212C0E90000E3
:10D1A000002070476FF015007047026801238B4024
:10D1B00022EA0303036022FA01F000F00100704745
:10D1C0007047F8B504460E460C300321FFF7EDFF1B
:10D1D000054630B1103420272046FAF7EBFF0B301C
:10D1E00001D02846F8BD336883F31188BFF36F8FF1
:10D1F000EFF3118387F31288BFF36F8F3360EBE790
:10D2000070B5C368C3F340069B07044616D485680F
:10D2100002210C30FFF7C9FF80B1D5F884206AB134
:10D2200094421DD122689EB9D5F88830C5F8842073
:10D230009C4201D1C5F8882000232360E36813F0E5
:10D240001F001EBF43F00203E36040F0020070BD08
:10D250003260D5F88820944208BFC5F88860EBE7B3
:10D2600016461268DBE738B5D8B150F88C4F8442C7
:10D2700017D0B4B1D4E9003213605A60237C002582
:10D2800023F00203C4E900552374A56004F11800DB
:10D29000FAF790FFA56765612046BDE83840FAF7C8
:10D2A00089BB38BD73B50446EFF31185202383F3A2
:10D2B0001288BFF36F8F0023A0F1100603210438FA
:10D2C0000193FFF772FF28B1A369019301A93046CA
:10D2D000FAF746F985F31188BFF36F8F02B070BD7E
:10D2E00038B504460D461022002100F0DBF96560D8
:10D2F00038BDEFF31183202282F31288BFF36F8FC2
:10D30000C06800F01F0083F31188BFF36F8F704770
:10D3100013B501900846EFF31184202383F312889C
:10D32000BFF36F8F01A9FAF71BF984F31188BFF3DC
:10D330006F8F02B010BD10B5FFF7EAFF041E08DDC5
:10D34000EFF31180202383F31288BFF36F8FFAF776
:10D350004FFD204610BD70B50D46EFF3118620231A
:10D3600083F31288BFF36F8FFAF74CF9044686F304
:10D370001188BFF36F8F38B14FF0FF324FF0FF339A
:10D3800005F11000F9F7DCFF204670BD08B5A022BA
:10D39000002100F087F908BD38B5302204460D465B
:10D3A000002100F07FF94FF480736560E36038BDC1
:10D3B000FFF79FBF37B50446EFF31183202282F3B6
:10D3C0001288BFF36F8F01A90193FFF7FAFE204681
:10D3D000019DFFF715FF85F31188BFF36F8F03B031
:10D3E00030BDEFF30580003818BF012070476FF0A3
:10D3F000570070470020704738B58589EFF31181D9
:10D40000202282F31288BFF36F8F037C13F008048D
:10D4100004D081F31188BFF36F8F38BD0122FAF772
:10D4200033FBEB07F9D584F31188BFF36F8F042327
:10D43000184602DFF1E7FAF7FBBBD0E900321360D0
:10D440005A600023C0E90033704708B5FFF7F5FFC5
:10D45000037C23F0020303740023836008BD10B52E
:10D46000EFF31184202383F31288BFF36F8FFAF751
:10D47000A1FA84F31188BFF36F8F10BD38B504464D
:10D480000D46FAF7D7FA237C43F002032374D5B193
:10D49000A5602B689D4209D16B68C4E900531C60EC
:10D4A0006C6010E06A689A42F6D01B68002BF3D0DB
:10D4B00093F90E1094F90E209142F3DD5A68C4E9F5
:10D4C000003214605C6038BD08B5EFF31181202292
:10D4D00082F31288BFF36F8F83680BB1FFF7B5FF3C
:10D4E00081F31188BFF36F8F08BD08B5037C13F07B
:10D4F000280F01460CD183680BB1FFF7A6FF0B7C08
:10D5000023F004030B740846BDE80840FAF752BA4A
:10D5100008BD38B50446EFF31185202383F3128844
:10D52000BFF36F8FFAF788FE18B9A4F11800FFF760
:10D53000DCFF85F31188BFF36F8F38BD08B5034654
:10D54000EFF31181202282F31288BFF36F8F0068FE
:10D55000834207D008B1FFF778FF81F31188BFF34A
:10D560006F8F08BD0020F8E738B50C460546FAF77E
:10D5700053FCB4F1FF3F08BFB5F1FF3F1FBF47F6B3
:10D58000FF7300224FF47A71E0FB01321ABFD80B0F
:10D5900040EA42404FF0FF3038BD08B5FAF7C0FC12
:10D5A000BDE80840FAF7ECBC08B5FAF7CFFE08BDB5
:10D5B000FAF7CCBEB3F1FF3F08BFB2F1FF3F70B541
:10D5C00006461D46144614D01A4316D0002B08DB1D
:10D5D000FAF7BCFE041941EB0501C6E900413046EB
:10D5E00070BD6FF001031C1B4FF0FF3363EB0501AF
:10D5F000F3E74FF0FF342146EFE70024FBE7B3F1F8
:10D60000FF3F08BFB2F1FF3FF8B5074616461C467C
:10D6100010D054EA020311D0FAF798FEB0420A463D
:10D62000A14103460AD2F31A64EB0204C7E90034AD
:10D630003846F8BD4FF0FF331C46F7E70023FBE701
:10D6400030B50023C0E90812002400F118020025BB
:10D65000C0E90622C0E90033C0E902450363436321
:10D6600030BD10B5014670B151F8040DEFF31184CF
:10D67000202383F31288BFF36F8FE5F719FA84F341
:10D680001188BFF36F8F10BD0A44914200F1FF3340
:10D6900000D1704710B511F8014B03F8014F9142CA
:10D6A000F9D110BD02440346934200D1704703F8FC
:10D6B000011BF9E710B501390244904201D1002065
:10D6C00005E0037811F8014FA34201D0181B10BDEB
:10D6D0000130F2E710B5024601448A42134603D0F6
:10D6E0001C780132002CF8D1181A10BD2DE9F8432E
:10D6F000C3F13709074688465FFA89F903F01F0529
:10D700001646384641462A460023E3F713F9D4B2B9
:10D71000092C3A4688BF4C44434688BFE4B2AA422B
:10D720004FF0000204F13004934106F8014B074624
:10D730008846E6D23046BDE8F8832DE9F04F89B03F
:10D740000518029304AB41EB010400939046284670
:10D75000D2E90023214600F0A8F806AB0093074663
:10D760008946D8E902232846214600F09EF8DDE9E3
:10D770000423841851EB0306069BD8E900124FF0EE
:10D78000000528BF0125ED18079B43F10003791818
:10D7900049EB0202B94272EB0902D8E9022134BF17
:10D7A00001200020A21846EB01018018029A41F1E5
:10D7B0000001A042A2F1410A71EB060234BF01222E
:10D7C00000225219CDE90653CDF800A043F1000321
:10D7D00000F082F8129BC3E90001D8E9022103910D
:10D7E00014990129DDE90653D8E900E027D103990E
:10D7F000CDF800A0A21A66EB0101774579EB000095
:10D8000034BF01200020101A61F10001844276EB40
:10D81000010234BF01220022AA1A63F1000300F0C2
:10D820005BF8139BC3E90001DDE90623CDF800A0F6
:10D830002046314600F050F809B0BDE8F08F17EBF4
:10D84000070B49EB090C14EB040846EB0601BB453A
:10D850007CEB090934BF0127002718EB070741F1CA
:10D860000008F3457CEB000C34BF01200020381A7F
:10D8700068F10001801A039A61EB02016D195B41A6
:10D88000A74278EB060234BF01220022AD1843F113
:10D890000003874278EB010834BF01220022AA1A54
:10D8A000029DA5F140050095B7E7F0B500240D46AF
:10D8B00006469446A0FB02012246E5FB0C12A44654
:10D8C000E3FB061CE5FB032412EB0C02059F44F16D
:10D8D0000004C7E90024F0BDF0B5059CC4F1400781
:10D8E000C4F1200602FA06F6A4F12005BB4022FA94
:10D8F00005F53343C4F120062B4301FA06F6A4F1E3
:10D900002005E04021FA05F53043BA402843E140C4
:10D9100010431943F0BD2DE9F0410446CE0FC1F389
:10D920000A55C1F3130154EA0107167140F2FF7062
:10D930006AD1002D70D12C462946002B15605FDB83
:10D940000C2B5FDCC3F10D05AD00012005F1FF3CA0
:10D95000A5F12107C5F1210620FA06F600FA07F71E
:10D9600000FA0CF03743061847EB0708D6F1000E13
:10D9700068EB480C013E48F1FF38264008EA0108F0
:10D98000B04277EB08080FDBC5F12008B5F120069F
:10D9900001FA08F824FA05F545EA08055CBF41FAE2
:10D9A00006F63543ED0703D52018044641EB070181
:10D9B00004EA0E0401EA0C019DF8186018460D25D2
:10D9C0000532C6F1270604F00F03240944EA017466
:10D9D000091163B9A8420DDA013DF4D21AE01DB96C
:10D9E0000125A5F2FF35A8E741F48011F9E7092BDD
:10D9F000C8BF9B193033A8425355B8BF2846EBE740
:10DA00000023D9E70D23D7E78542E8D146F0080681
:10DA100016710020BDE8F0818542E5D146F004068C
:10DA2000F6E7D1E9043293421EBF5A1C0A6118700E
:04DA3000704700003B
:08DA3400682FFE7F01000000D5
:10DA3C00254A00000000000000000000BCDA0100D4
:10DA4C00457001000000000000000000F4DA010045
:10DA5C0000000000D8DA01000000000010DB01001B
:10DA6C000000000048DB0100000000002CDB01007E
:10DA7C003D5801000000000041630100000000005F
:10DA8C003D32000000000000ED47000000000000E7
:10DA9C000000000064DB0100454A000000000000AB
:10DAAC00DD4C000000000000B92B0000000000005D
:10DABC00710D020074EA010040DD01002604002013
:10DACC00B82400207555010000000000AA0D0200CA
:10DADC008CEA010010DD01002A04002050250020F2
:10DAEC00015D010000000000B80D0200A0EA010079
:10DAFC0010DD01002C0400205C250020015D0100DC
:10DB0C00000000009A0D02000000000008DD01007A
:10DB1C00280400200C250020515A010000000000B0
:10DB2C00E50D0200B4EA01005CDD01002E040020CA
:10DB3C006825002077C7010000000000F30D0200EB
:10DB4C0010EB01005CDD0100300400207425002086
:10DB5C0095C701000000000064E6010070E90100B7
:10DB6C0034DD0100240400207C1D00200000000096
:04DB7C0000000000A5
:10DB8000B5C80100EDC701000000000077A8010042
:10DB900048DB010017C701000000000077A8010062
:10DBA0000000000077A801000000000077A8010035
:10DBB0008801002099C601000000000077A801003C
:10DBC0000000000077A801000000000077A8010015
:10DBD0000000000077A8010000000000D932010019
:10DBE0000000000077A801000C250020BD5A0100AC
:10DBF00000000000715401000000000077A801003F
:10DC00000000000077A80100000000003964010056
:10DC10000000000077A801000000000077A80100C4
:10DC20000000000077A801000000000077A80100B4
:10DC30000000000077A801000000000077A80100A4
:10DC400000000000093301000000000077A8010077
:10DC50000000000077A801000000000077A8010084
:10DC60000000000077A801000000000077A8010074
:10DC70000000000077A801000000000077A8010064
:10DC80000000000077A801000000000077A8010054
:10DC90000000000077A801000000000077A8010044
:10DCA0000000000077A801000000000077A8010034
:10DCB0000000000077A801000000000077A8010024
:10DCC0002CDB010017C701000000000077A801004D
:10DCD0000000000077A801000000000077A8010004
:10DCE0000000000077A801000000000077A80100F4
:10DCF0000000000077A801000000000077A80100E4
:04DD00006970010045
:04DD04008D7301001A
:10DD0800FD5901004D590100315B0100EDC50100CD
:10DD1800FBC5010013C601001FC601002BC6010088
:10DD28003D5D010045C60100000000002DD6000041
:10DD38003DD5000051D40000CD5501005BC5010060
:10DD4800BFC5010000000000F7C40100000000008A
:10DD580000000000D1C601008D5F0100C3C60100AC
:10DD680005000000AD8000000600000065AF00005F
:08DD7800040000000592000008
:10DD800001290000D1250000000000000000000073
:08DD900000000000000000008B
:10DD980058E5010004000000E8E10100050000006A
:10DDA80031F1010003000000080B0200030000002D
:10DDB800B8F8010003000000970602000300000005
:10DDC80094E8010003000000A4E70100030000003C
:10DDD80078E601000300000080E80100030000006D
:10DDE800E2F80100030000003D0D020003000000FE
:10DDF800CD0102000300000034030200030000000C
:10DE08006108020003000000530302000300000041
:10DE18006A0D0200030000009FF2010003000000E9
:10DE28008C0D020003000000C3F201000300000093
:10DE3800C7F2010003000000C8F30100030000005E
:10DE4800F9F701000300000058F801000300000082
:10DE580060F8010003000000DF0E0200030000006C
:10DE6800B1F10100030000006FF801000300000099
:10DE7800B0F2010003000000010E020003000000E0
:10DE8800CCE1010060010020B7F3010001000000AF
:10DEA00000000000600060000000000000000000B2
:10DEB000000103FF04FF020000010008120000003F
:10DEC0000000000000000000000000000000000052
:10DED0000338FDD87047000001000000000000007A
:10DEE0000500000000000000190000000000000014
:10DEF0007D00000000000000710200000000000032
:10DF0000350C000000000000093D0000000000008A
:10DF10002D31010000000000E1F5050000000000C7
:10DF200065CD1D0000000000F90295000000000012
:10DF3000DD0EE90200000000514A8D0E00000000D5
:10DF40009573C24800000000E941CC6B010000005D
:10DF50008D49FD1A07000000C16FF2862300000002
:10DF6000C52EBCA2B1000000D9E9AC2D7803000099
:10DF70003D9160E45811000031D6E275BC560000B6
:10DF8000F52E6E4DAEB10100C9EA26836778080010
:10DF9000ED95C28F055A2A00A1EDCCCE1BC2D3004D
:10DFA00025A4000A8BCA2204000000000000000023
:10DFB0000000000000000010000000000000000051
:10DFC000B9340332B7F4AD1410DB1AB30892540E0F
:10DFD0000D307D951447BA1A66088F4D26ADC66D73
:10DFE000F598BF85E2B74511CA96853D92BD1DEBF8
:10DFF000FCA11860DCEF52163C92AE220BB8C1B403
:10E00000839D2D5B0562DA1C304C7E8F4E8BB25B9C
:10E0100016F4529F8B56A512FBD4827643ED8AF0FC
:10E020008FE7F9311565191850F19BD94A13EEB4F1
:10E03000284CF0A686C1251F035FC270CB9E4916EF
:10E04000E642889C44EB2014B0650836AD6EA58589
:10E0500085F0CA14E2FD031A0B899979D5B13D09FF
:10E06000D8DA973A35EBCF10AC363F5E73BB38CF7A
:10E070003E6752FA44AFBA150100000000000000EC
:10E080000000000000000020345065C05FC9A652A7
:10E09000BB13CBAEC440C21806C8DF7100D5A87C44
:10E0A000F56F0FDA58FC27136E4756357D2420652F
:10E0B00002C7E768E48CA41DE9E60268D7CD3961A0
:10E0C0007977FCC2405BEF16798CDE43FFA751F9EC
:10E0D00091F3B278F5BDBE11E857E9D6E8BEE87B0A
:10E0E000B054AC8F848D751BEA23A499E9F9D38BC6
:10E0F000B7A3714061DA3E15CEE33ECB73F9480811
:10E100008C97B427D51B7010A2BFEFB9EB853215E1
:10E110004DB44DB49BBB6F1996B6076CF8E7EEADE6
:10E1200036D9B4F59135AE13222218AF4E6A684D38
:10E1300091DAAA3D4F40741E9FBD9EE006A1C09893
:10E1400057C2A7FDA40E90170E7D497173E3208F6F
:10E15000B220D87605143B12853D7434811343B048
:10E16000AD297A5F27F4351C7006002000010000FD
:10E170005BA50100FDA40100020000000BA7010047
:10E18000000000000000000000000000000000008F
:10E190009BF30100A3F30100000000000000000059
:10E1A00000000000E70B0200ABF30100AFF3010039
:10E1B000B3F30100BCE101009C1200202D3C0000E3
:10E1C000B41200201126002001000000CBA701009E
:10E1D000C1A701008FA7010083A701000000000074
:10E1E00077A701000000000064EC0100CFC001002F
:10E1F0000000000060EC0100000001005CEC010088
:10E2000073C1010000000000700100200000010047
:10E2100054EC01001DA801000000000000000000F7
:10E220000000010050EC010073C10100000000007B
:10E23000680100200000010048EC0100E9A701008E
:10E2400000000000000000000000010000000020AD
:10E250000000000000000B060200000060E2010068
:10E260000000000049F8010026000206000000201E
:10E2700051F8010022000B11794800000000000055
:10E2800001A9010078E2010094E2010047000000CA
:10E29000000000008049002078E20100A8E20100AF
:10E2A0002E00000000000000244E002078E2010053
:10E2B000BCE201000201000000000000F84E002056
:10E2C000B4000200B9000200BD000200C10002005B
:10E2D000C5000200C9000200CD000200D10002000A
:10E2E000D5000200D9000200DD000200E1000200BA
:10E2F000E5000200E9000200ED000200F10002006A
:10E30000F5000200F9000200FD0002001B010200FE
:10E310003601020046010200530102005C010200C6
:10E32000630102006A01020071010200790102002A
:10E33000530102008101020093010200A8010200C2
:10E34000BB0102000E030000756400000F04000012
:10E35000416400001A010000C54C000005040000E3
:10E360000D4D000013010000095000003E010000A7
:10E3700079520000011200009BAC01000A1E00004F
:10E38000EFAC0100FF010000ED5300003E01000072
:10E39000CD53000005040000594D0000100100009D
:10E3A000094E000002010000D96C000001120000BB
:10E3B0004D5D00000A1E000091AD01000309000040
:10E3C000694E0000040B0000B54F0000060A000073
:10E3D0007D6300000C050000D54D000078E20100CF
:10E3E000ECE3010047000000000000001450002092
:10E3F000160602002306020043060200370602004A
:10E400004E0602006506020075060200C107020002
:10E410008906020078E2010024E401000000000007
:10E4200000000000D450002078E2010038E4010030
:10E430002000000000000000FC50002067B1010037
:10E44000B9B1010000000000000000000000000061
:10E4500051840000000000000000000000000000E7
:10E4600000000000020201001DB7010004040100C9
:10E47000C58E000006060100058E0000080401009C
:10E48000F18C00000A02010005B701000C04010034
:10E49000EDB601000E040100CD8B00002004010048
:10E4A000398B000010040100498A000012020100AB
:10E4B0006FB601001E000400FBBA0100520200000A
:10E4C00095B6010001040200D59700000302020086
:10E4D00091BA010005010200C3BA0100070402005D
:10E4E000D3BA010009010200D7BA01000B000200F3
:10E4F000DBBA01000D000200DFBA01000F000200CC
:10E50000E3BA010021020200E7BA01001101020092
:10E51000EBBA010013000200EFBA01001704020079
:10E52000F3BA010019000200F7BA01001B02030050
:10E5300069B301001D0205000D88000023040300DB
:10E5400057B3010078E2010054E501002200000009
:10E5500000000000D45100207CEC0100CFC001007D
:10E560000000000078EC01000000010074EC0100E4
:10E5700073C10100000000009002002000000100B3
:10E580006CEC010000000000000000000000000032
:10E590000000000068EC0100FFC00100A99A000023
:10E5A00098020020000003000000000000000000AE
:10E5B000000000000000000000000000A5C40100F1
:10E5C000000000000000000000000000000000004B
:10E5D000456D70747920484349207061636B6574A0
:10E5E000000000004661696C656420746F207365EB
:10E5F0006E64206576656E743A2025640000000024
:10E6000062745F726563765F6661696C65643A2007
:10E6100025640000556E6B6E6F776E20484349206D
:10E6200074797065202575004C4C20696E69746999
:10E63000616C697A6174696F6E206661696C65648A
:10E640003A2025640000000042542043544C5220DC
:10E65000525820707269000042542043544C52209A
:10E660005258000062745F6863695F636F6E747212
:10E670006F6C6C657200000062745F63746C725F33
:10E680006863695F64726976657200005A657068D4
:10E690007972204F532076342E342E393900000001
:10E6A0004E6F2048434920436F6D6D616E64206852
:10E6B0006561646572000000496E76616C69642072
:10E6C00048434920434D44207061636B6574206C5E
:10E6D000656E6774680000004E6F20484349204112
:10E6E000434C20686561646572000000496E766184
:10E6F0006C6964204843492041434C207061636B3E
:10E700006574206C656E677468000000496E766100
:10E710006C6964204843492041434C204461746142
:10E72000206C656E67746800547820427566666573
:10E7300072204F766572666C6F770000496E766165
:10E740006C696420547820456E71756575650000AC
:10E7500068616E646C653A203078253034782C20FE
:10E760007374617475733A2025782C2074783A207C
:10E7700025782C2072783A2025782E0074797065DF
:10E780003A203078253032780000000072656A65E2
:10E790006374206F70636F64653A2030782530327F
:10E7A0007800000062745F63746C725F6863690074
:10E7B000574553545F544F504449522F7A657068FF
:10E7C00079722F7375627379732F626C7565746FCC
:10E7D0006F74682F636F6E74726F6C6C65722F6CE0
:10E7E0006C5F73772F756C6C5F7363616E2E630063
:10E7F000657272203D3D2030207C7C206572722045
:10E800003D3D202D31323000415353455254494F44
:10E810004E204641494C205B25735D2040202573E6
:10E820003A25640A0000000009706172616D313A96
:10E8300020257520706172616D323A2025750A00BD
:10E84000574553545F544F504449522F7A6570686E
:10E8500079722F7375627379732F626C7565746F3B
:10E860006F74682F636F6E74726F6C6C65722F6C4F
:10E870006C5F73772F756C6C5F636F6E6E2E6300C9
:10E8800062745F63746C725F756C6C5F636F6E6EE5
:10E890000000000062745F63746C725F6372797071
:10E8A000746F0000574553545F544F504449522FE2
:10E8B0007A65706879722F7375627379732F626CE1
:10E8C0007565746F6F74682F636F6E74726F6C6CA4
:10E8D00065722F6C6C5F73772F6E6F726469632F34
:10E8E0006C6C6C2F6C6C6C5F7363616E2E630000DC
:10E8F000300000000925733A2041637475616C2073
:10E900004556454E545F4F564552484541445F5326
:10E91000544152545F5553203D2025750A00000094
:10E92000574553545F544F504449522F7A6570688D
:10E9300079722F7375627379732F626C7565746F5A
:10E940006F74682F636F6E74726F6C6C65722F6C6E
:10E950006C5F73772F6E6F726469632F6C6C6C2FB2
:10E960006C6C6C5F63656E7472616C2E630000008A
:10E970000200000002000000000000000000000093
:10E980000000000000000103030303030300000074
:10E9900000000000000000004D0401000000000025
:10E9A0005D0401006D040100000000000505010088
:10E9B000000000007D04010000000000350501009A
:10E9C0008D04010015050100650501009D0401008D
:10E9D00085050100AD040100450501005505010054
:10E9E000000000007505010095050100A505010066
:10E9F000BD040100B505010000000000000000009A
:10EA000000000000000000002505010000000000DB
:10EA10000A030000000000000000000002020000E5
:10EA200000000000040300000201090300000000D0
:10EA300001030000000000000703000000000301C4
:10EA400000000000636F6D6D6F6E5F7072657061C6
:10EA500072655F6362000000707265706172655F6D
:10EA600063620000010304053155010001550100F6
:10EA7000000000007D560100FD550100800D0200E0
:10EA8000E9C50100E5C50100860D0200FFFF000099
:10EA90000003005088010020000000000100000079
:10EAA000FFFFFFFF00000050880100200000000071
:10EAB0000000000000800240010000000000000093
:10EAC000D4EA01000000000F00000000A926002089
:10EAD000A826002000800240E0EA010002000000B9
:10EAE00000EB010004000000F0EA01000401000056
:10EAF000258000002480000127800002268000037A
:10EB00002500000024000001270000022600000369
:10EB100000200040010000000000000030EB010078
:10EB20000000D60100000000AB260020AA2600202D
:10EB3000002000403CEB01000200000054EB01000B
:10EB4000020000004CEB0100020100000680000002
:10EB50000880000106000000080000010800000015
:10EB600003000000900E02009E0E0200B20E020092
:10EB7000C10E0200CD0E02003CDA010044DA0100B1
:10EB800084DA01008CDA0100B4DA0100BCDA010099
:10EB9000E20E020000010000000000000000000082
:10EBA0000000000000000000000000000000004025
:10EBB00095596959555554551555555604051541DE
:10EBC00010545540455155444045504450555545C5
:10EBD0000040004040044496655556554540455414
:10EBE000514115405591555555554051050100006D
:10EBF00054455454455505040010041014044000B5
:10EC00000000014055551541540400004400010026
:10EC10000000004041000044504445505400555508
:10EC200054556551004000400100000100050100FD
:10EC300011545151545555050015415000000440E0
:10EC400010010405000000000000012A0000012A54
:10EC5000000003280000002A0000002A000003280A
:10EC60000000001800000028000002290000052A0A
:10EC70000000052A000003280000011800000028F9
:10EC80005363616E20737461727465642C206669CD
:10EC90006C746572696E67206F6E2074656C656D4B
:10ECA000657472792073657276696365205555497C
:10ECB000442061336638633264302D366231652D0D
:10ECC000346137662D396333642D386532623566B9
:10ECD000316139643430005363616E207374617242
:10ECE00074206661696C65642028657272202564F1
:10ECF0002900446973636F6E6E65637465643A20BE
:10ED000025732028726561736F6E2030782530324C
:10ED100078202573290044657669636520666F75E0
:10ED20006E643A20257320285253534920256429C4
:10ED3000206E616D653D22257322206164766572C7
:10ED400074697365732074656C656D657472792080
:10ED5000736572766963650058656E6F6E53656E94
:10ED6000736F720041647665727469736564206EB6
:10ED7000616D65202225732220213D206578706514
:10ED80006374656420222573223B20636F6E6E6579
:10ED90006374696E6720616E7977617920285555B3
:10EDA0004944206D617463682069732061757468DB
:10EDB0006F726974617469766529004661696C6572
:10EDC0006420746F2073746F70207363616E2028E9
:10EDD0006572722025642900436F6E6E65637469E5
:10EDE0006F6E206372656174696F6E206661696C15
:10EDF000656420286572722025642900556E73753C
:10EE000062736372696265642066726F6D207465F7
:10EE10006C656D6574727920636861726163746595
:10EE20007269737469630044726F7070696E6720F1
:10EE30006E6F74696669636174696F6E2077697457
:10EE40006820756E6578706563746564206C656EA6
:10EE5000677468202575202865787065637465641B
:10EE600020257529007B2274656D705F63223A202E
:10EE7000252E32662C20227664645F6D76223A203D
:10EE800025752C2022736571223A2025757D0A0094
:10EE900054656C656D65747279206E6F746966690E
:10EEA000636174696F6E3A2074656D703D252E3212
:10EEB0006643207664643D25756D56207365713D0B
:10EEC0002575004741545420646973636F766572F9
:10EED000792066696E697368656420776974686F04
:10EEE00075742066696E64696E6720746865207445
:10EEF000656C656D657472792063686172616374B5
:10EF00006572697374696300446973636F766572CF
:10EF100065642074656C656D6574727920736572C3
:10EF200076696365202868616E646C6520257529A3
:10EF30000043686172616374657269737469632008
:10EF4000646973636F76657279206661696C656464
:10EF500020746F207374617274202865727220258A
:10EF6000642900446973636F766572656420746513
:10EF70006C656D6574727920636861726163746534
:10EF8000726973746963202868616E646C652025FA
:10EF90007529004343432064657363726970746F1D
:10EFA0007220646973636F76657279206661696C3B
:10EFB000656420746F2073746172742028657272A6
:10EFC0002025642900446973636F76657265642047
:10EFD0004343432064657363726970746F722028C1
:10EFE00068616E646C6520257529005375627363D2
:10EFF0007269626520746F2074656C656D657472EA
:10F00000792063686172616374657269737469639E
:10F01000206661696C656420286572722025642908
:10F02000005375627363726962656420746F207443
:10F03000656C656D65747279206E6F74696669635D
:10F040006174696F6E73004661696C656420746FEA
:10F0500020636F6E6E65637420746F2025732028A3
:10F06000657272203078253032782025732900436C
:10F070006F6E6E65637465643A2025730047415472
:10F080005420646973636F76657279206661696C78
:10F09000656420746F2073746172742028657272C5
:10F0A00020256429004741545420646973636F76B6
:10F0B000657279207374617274656420666F722062
:10F0C00074656C656D6574727920736572766963B9
:10F0D00065004D616C666F726D6564203132382D4C
:10F0E0006269742055554944204144206669656C25
:10F0F000642C20736B697070696E6700426C756573
:10F10000746F6F746820696E6974206661696C65DC
:10F110006420286572722025642900426C7565742C
:10F120006F6F746820696E697469616C697A65646F
:10F13000006172676F6E5F676174657761790068FF
:10F1400065617020636F7272757074696F6E2028CC
:10F150006E6F7420696E207573653F29206174207D
:10F160002570006865617020636F727275707469D4
:10F170006F6E2028627566666572206F76657266AE
:10F180006C6F773F2920617420257000686561707D
:10F1900020636F7272757074696F6E2028646F756A
:10F1A000626C6520667265653F2920617420257058
:10F1B000006F735F68656170002A2A2A20426F6FB2
:10F1C00074696E67205A6570687972204F532062A7
:10F1D00075696C642076342E342E302D3130333501
:10F1E000352D6766326235656364383636663020A1
:10F1F0002A2A2A0A00286E756C6C290028756E73FD
:10F2000069676E6564292063686172202A207573BE
:10F21000656420666F722025257020617267756DA8
:10F22000656E742E2049742773207265636F6D6D4F
:10F23000656E64656420746F206361737420697403
:10F2400020746F20766F6964202A2062656361757F
:10F250007365206974206D61792063617573652021
:10F260006D69736265686176696F7220696E20638B
:10F2700065727461696E20636F6E6669677572612D
:10F2800074696F6E732E20537472696E673A22250B
:10F29000732220617267756D656E743A2564006330
:10F2A000627072696E74665F7061636B616765003E
:10F2B0007379735F6765746F7074006C6F676769EB
:10F2C0006E67006C6F67006C6F675F6D676D7400D1
:10F2D0004D65737361676520282225732229206498
:10F2E000726F707065642062656361757365206913
:10F2F0007420657863656564732073697A65206C32
:10F30000696D69746174696F6E2028257529004DD7
:10F310006573736167652064726F707065642062E5
:10F3200065636175736520697420657863656564DC
:10F33000732073697A65206C696D69746174696F93
:10F340006E2028257529000D0A001B5B306D0025F5
:10F35000732E0025733A2000257320005B25303181
:10F36000306C755D20005B253032753A2530327582
:10F370003A253032752E253033752C253033755DA6
:10F3800020003C25733E200025732F002530327865
:10F390002000202020007C002563001B5B313B33D4
:10F3A000316D001B5B313B33336D0077726E00694A
:10F3B0006E6600646267006C6F675F6261636B65B5
:10F3C0006E645F75617274006C6F675F75617274F3
:10F3D0000072302F61313A20203078253038782083
:10F3E0002072312F61323A20203078253038782051
:10F3F0002072322F61333A2020307825303878005F
:10F4000072332F61343A20203078253038782072DA
:10F4100031322F69703A20203078253038782072C8
:10F4200031342F6C723A2020307825303878002023
:10F43000787073723A202030782530387800466131
:10F44000756C74696E6720696E7374727563746924
:10F450006F6E206164647265737320287231352F7A
:10F460007063293A2030782530387800556E68610D
:10F470006E646C6564204952516E3A202564002AFE
:10F480002A2A2A2A205553414745204641554C54A3
:10F49000202A2A2A2A2A0020204469766973696F63
:10F4A0006E206279207A65726F002020556E616C43
:10F4B00069676E6564206D656D6F72792061636345
:10F4C0006573730020204E6F20636F70726F6365E9
:10F4D00073736F7220696E737472756374696F6E83
:10F4E00073002020496C6C6567616C206C6F6164EF
:10F4F000206F66204558435F52455455524E20694F
:10F500006E746F205043002020496C6C6567616CFD
:10F5100020757365206F66207468652045505352CE
:10F52000002020417474656D707420746F206578BC
:10F53000656375746520756E646566696E656420C3
:10F54000696E737472756374696F6E002A2A2A2A51
:10F550002A204D5055204641554C54202A2A2A2A0B
:10F560002A002020537461636B696E672065727294
:10F570006F722028636F6E746578742061726561A4
:10F58000206D69676874206265206E6F74207661F3
:10F590006C696429002020556E737461636B696E19
:10F5A00067206572726F720020204461746120418F
:10F5B00063636573732056696F6C6174696F6E0065
:10F5C00020204D4D46415220416464726573733A68
:10F5D0002030782578002020496E7374727563742A
:10F5E000696F6E204163636573732056696F6C6148
:10F5F00074696F6E002020466C6F6174696E672DB0
:10F60000706F696E74206C617A79207374617465AF
:10F6100020707265736572766174696F6E206572B1
:10F62000726F72002A2A2A2A2A2042555320464104
:10F63000554C54202A2A2A2A2A0020205374616318
:10F640006B696E67206572726F7200202050726560
:10F6500063697365206461746120627573206572EB
:10F66000726F7200202042464152204164647265EC
:10F6700073733A2030782578002020496D707265C8
:10F6800063697365206461746120627573206572BB
:10F69000726F72002020496E737472756374696FA3
:10F6A0006E20627573206572726F720052657365A9
:10F6B0007276656420457863657074696F6E202882
:10F6C0000053707572696F757320696E746572721C
:10F6D00075707420284952512000535053454C20D6
:10F6E000696E20746872656164206D6F6465206462
:10F6F0006F6573206E6F7420696E646963617465F1
:10F70000205053500045534620636F756C64206E43
:10F710006F74206265207265747269657665642015
:10F720007375636365737366756C6C792E205368AB
:10F73000616C6C206E65766572206F636375722EE6
:10F74000002A2A2A2A2A2048415244204641554C60
:10F7500054202A2A2A2A2A00202042757320666112
:10F76000756C74206F6E20766563746F722074619F
:10F77000626C652072656164002020446562756773
:10F78000206576656E740020204661756C74206576
:10F790007363616C6174696F6E20287365652062A4
:10F7A000656C6F772900415243485F455843455087
:10F7B00054207769746820726561736F6E202578B4
:10F7C0000A002A2A2A2A2A204465627567206D6F5A
:10F7D0006E69746F7220657863657074696F6E20EE
:10F7E0002A2A2A2A2A002A2A2A2A2A202573202578
:10F7F0006429202A2A2A2A2A006D70750046616928
:10F800006C656420746F20616C6C6F63617465203B
:10F810006E6577204D505520726567696F6E2025A3
:10F82000750A00506172746974696F6E2025753AAB
:10F8300020636F686572656E636520636865636BDE
:10F84000206661696C65642E00464C4153485F3008
:10F85000005352414D5F30006E65745F6275660003
:10F860006E65745F6275665F73696D706C65007359
:10F870006F63007075626C69630072616E646F6DB6
:10F88000007075626C69632D69640072616E646FEB
:10F890006D2D696400253032583A253032583A25AA
:10F8A0003032583A253032583A253032583A2530DD
:10F8B000325820282573290062745F627566006DD6
:10F8C000616C666F726D65642061647665727469DF
:10F8D00073696E672064617461202575202F20256F
:10F8E000750062745F6461746100446174612062D8
:10F8F0007566666572206F766572666C6F77202814
:10F900006C696E6B207479706520307825303278A0
:10F910002900556E61626C6520746F206C6F6F6B8F
:10F9200020757020636F6E6E20776974682068613F
:10F930006E646C65202575004572726F7220776861
:10F94000696C65207570646174696E6720746865A0
:10F95000207363616E6E6572202825642900556EE0
:10F9600061626C6520746F206C6F6F6B75702063C3
:10F970006F6E6E20666F722068616E646C65202504
:10F9800075004861726477617265206572726F728A
:10F990002C20686172647761726520636F64653AD8
:10F9A00020256400436F756C64206E6F742073753E
:10F9B000626D69742072785F776F726B3A2025648C
:10F9C00000696E74657276616C2065786365656444
:10F9D00073207468652076616C69642072616E675B
:10F9E00065202575207573006C6174656E637920E0
:10F9F00065786365656473207468652076616C69F9
:10FA0000642072616E676520307825303478007329
:10FA10007570765F74696D656F7574206578636560
:10FA2000656473207468652076616C696420726116
:10FA30006E67652030782530347800556E61626CD1
:10FA40006520746F20616C6C6F63617465206275F2
:10FA50006666657200556E68616E646C65642065EB
:10FA600076656E7420307825303278206C656E2093
:10FA700025753A20257300657674206E756D5F6874
:10FA8000616E646C657320283D25752920746F6F45
:10FA9000206C617267652028257A75203E202575C7
:10FAA00029004E6F20636F6E6E656374696F6E2000
:10FAB000666F722068616E646C65202575007061E8
:10FAC000636B65747320636F756E74206D69736DFD
:10FAD0006174636800546F6F20736D616C6C2028D3
:10FAE000257520627974657329206576656E7420AA
:10FAF00030782530327800496E76616C6964204830
:10FB00004349206576656E742073697A65202825DF
:10FB1000752900496E76616C6964204C45206D65DD
:10FB20007461206576656E742073697A6520282576
:10FB3000752900574553545F544F504449522F7A0A
:10FB400065706879722F7375627379732F626C7543
:10FB500065746F6F74682F686F73742F6863695F63
:10FB6000636F72652E63006576745F666C616773A0
:10FB70002026202831554C203C3C202830292900C3
:10FB8000415353455254494F4E204641494C205B06
:10FB900025735D20402025733A25640A00496E765E
:10FBA000616C6964206275662074797065202575C2
:10FBB00000496E76616C6964204843492041434C9A
:10FBC000207061636B65742073697A6520282575E0
:10FBD000290041434C2064617461206C656E677438
:10FBE00068206D69736D6174636820282575202114
:10FBF0003D2025752900556E61626C6520746F206B
:10FC000066696E6420636F6E6E20666F7220686135
:10FC10006E646C652025750062745F6863695F655A
:10FC200076745F6765745F666C6167732868647279
:10FC30002D3E657674292026202831554C203C3CE9
:10FC4000202831292900556E6B6E6F776E20627502
:10FC500066207479706520257500556E68616E6444
:10FC60006C65642076656E646F722D737065636970
:10FC7000666963206576656E742030782530327849
:10FC8000206C656E2025753A202573004E6F206329
:10FC90006F6D6D616E642073656E7420666F722087
:10FCA000636D6420636F6D706C65746520307825BA
:10FCB000303478004F70436F6465203078253034DD
:10FCC0007820636F6D706C6574656420696E737401
:10FCD000656164206F662065787065637465642073
:10FCE00030782530347800756E6B6E6F776E005B00
:10FCF000305D00484349207472616E73706F727496
:10FD00003A20257300436F6E74726F6C6C657200DD
:10FD10004964656E7469747925733A2025730049C6
:10FD200064656E746974795B25645D3A202573009F
:10FD30004843493A2076657273696F6E20257320B7
:10FD40002830782530327829207265766973696F9A
:10FD50006E203078253034782C206D616E756661A8
:10FD600063747572657220307825303478004C4D9C
:10FD7000503A2076657273696F6E202573202830A3
:10FD80007825303278292073756276657220307854
:10FD900025303478005A657068797200556E61625A
:10FDA0006C6520746F2073656E6420746F206472BC
:10FDB0006976657220286572722025642900657253
:10FDC00072203D3D20300009436F6E74726F6C6C81
:10FDD000657220756E726573706F6E736976652CCF
:10FDE00020636F6D6D616E64206F70636F6465205A
:10FDF0003078253034782074696D656F757420779C
:10FE0000697468206572722025640A006F70636FE0
:10FE1000646520307825303478207374617475738C
:10FE200020307825303278202573004E6F207065A1
:10FE30006E64696E672063656E7472616C20636FB7
:10FE40006E6E656374696F6E00436F6E6E6563748A
:10FE5000696F6E206372656174696F6E2074696D7D
:10FE6000656F7574207472696767657265640046B2
:10FE700061696C656420746F20726573746172745B
:10FE800020696E69746961746F7200556E6578706F
:10FE900065637465642073746174757320307825AC
:10FEA000303278202573004E6F2070656E64696E65
:10FEB0006720636F6E6E20666F72207065657220BA
:10FEC0002573004E6F6E2D4C452063617061626C2E
:10FED0006520636F6E74726F6C6C657220646574FC
:10FEE000656374656421004E756D206F6620436FF5
:10FEF0006E74726F6C6C657227732041434C207076
:10FF000061636B65747320213D2041434C20627412
:10FF10005F636F6E6E5F747820636F6E7465787464
:10FF2000732028257520213D202575290041434C4B
:10FF30002042522F454452206275666665727320D6
:10FF40006E6F7420696E697469616C697A656400AA
:10FF500056656E646F722048434920657874656EFB
:10FF600073696F6E73206E6F7420617661696C6166
:10FF7000626C6500485720506C6174666F726D3A10
:10FF800020257320283078253034782900485720E0
:10FF900056617269616E743A202573202830782585
:10FFA00030347829004669726D776172653A202590
:10FFB000732028307825303278292056657273698D
:10FFC0006F6E2025752E2575204275696C6420257D
:10FFD00075004661696C656420746F2072656164A8
:10FFE00020737570706F727465642076656E646FCF
:10FFF0007220636F6D6D616E6473004661696C653C
:020000022000DC
:100000006420746F207265616420737570706F7204
:100010007465642076656E646F72206665617475C0
:10002000726573004843492064726976657220697D
:1000300073206E6F7420726561647900425420529F
:1000400058205751004843492064726976657220F0
:100050006F70656E206661696C656420282564296F
:1000600000556E657870656374656420484F53541D
:100070005F4E554D5F434F4D504C455445445F5086
:1000800041434B4554532C20737461747573203075
:10009000782530327820257300556E636C65617267
:1000A00065642070656E64696E672073656E745F49
:1000B000636D6400312E306200312E3100312E32FA
:1000C00000322E3000322E3100332E3000342E30EC
:1000D00000342E3100342E3200352E3000352E31D2
:1000E00000352E3200352E3300352E3400362E30BA
:1000F00000362E3100362E3200362E330053746116
:100100006E6461726420426C7565746F6F746820F0
:10011000636F6E74726F6C6C65720056656E646F9F
:100120007220737065636966696320636F6E7472B1
:100130006F6C6C6572004669726D77617265206CD8
:100140006F616465720052657363756520696D61E6
:100150006765007265736572766564006E52463538
:100160003178006E5246353278006E52463533781B
:10017000006E524635344878006E524635344C781D
:1001800000496E74656C20436F72706F72617469A0
:100190006F6E004E6F726469632053656D69636FA3
:1001A0006E647563746F72004E58502053656D69AC
:1001B000636F6E647563746F7273004573707265FC
:1001C000737369662053797374656D730062745F2D
:1001D0006863695F636F726500574553545F544F9E
:1001E000504449522F7A65706879722F7375627323
:1001F00079732F626C7565746F6F74682F686F7395
:10020000742F6863695F636F6D6D6F6E2E6300633B
:100210006D6420646973616C6C6F776564004F6E08
:100220006C792072616E646F6D20737461746963A0
:10023000206964656E7469747920616464726573A1
:100240007320737570706F7274656400496E7661A7
:100250006C696420696E70757420706172616D657F
:1002600074657273004661696C656420746F2072F6
:10027000656164207075626C696320616464726595
:100280007373005265616420537461746963204123
:10029000646472657373657320636F6D6D616E6402
:1002A000206E6F7420617661696C61626C650046D6
:1002B00061696C656420746F207265616420737479
:1002C0006174696320616464726573736573004E61
:1002D0006F20737461746963206164647265737301
:1002E00065732073746F72656420696E20636F6E2E
:1002F00074726F6C6C657200556E61626C6520740F
:100300006F20736574206964656E74697479206107
:1003100064647265737300556E61626C6520746FFE
:10032000207365742072616E646F6D206164647205
:100330006573730062745F696400556E65787065FB
:100340006374656420656E64206F662062756666FE
:1003500065720062745F7363616E004661696C650B
:100360006420726561642072656D6F7465206665D6
:1003700061747572657320282564290050485920DE
:10038000307825303278206E6F7420737570706FFE
:1003900072746564004661696C6564204C45205345
:1003A000657420504859202825642900556E6578C9
:1003B000706563746564206669727374204C32439F
:1003C0004150206672616D6500556E657870656399
:1003D000746564204C3243415020636F6E74696EC3
:1003E000756174696F6E004E6F7420656E6F75670E
:1003F0006820627566666572207370616365206649
:100400006F72204C32434150206461746100556E1C
:1004100065787065637465642041434C20666C6147
:1004200067732028307825303278290041434C20EA
:100430006C656E206D69736D617463682028257525
:10044000203E202575290028756E6B6E6F776E290A
:10045000006E6F207472616E736974696F6E20250F
:1004600073004572726F72207768696C65207265DF
:100470006D6F76696E6720636F6E6E20757365723F
:100480002066726F6D207363616E6E657220282521
:10049000642900496E76616C6964202825752920DD
:1004A0006F6C6420737461746500636F6E6E2025D9
:1004B00070206661696C656420746F206573746177
:1004C000626C6973682E205246206E6F6973653FB7
:1004D000006E6F2076616C69642028257529207371
:1004E00074617465207761732073657400696E634D
:1004F0006F6D70617469626C652068616E646C65B3
:100500002025750054696D656F7574206469736387
:1005100061726465642E204E6F20626C6F636B693C
:100520006E6720696E2073797377712E004661744F
:10053000616C206572726F7220282564292E204418
:100540006973636F6E6E656374696E6720257000F2
:10055000466F756E642076616C696420636F6E6EA1
:10056000656374696F6E2028257029207769746827
:10057000206164647265737320257320696E202581
:100580007320737461746520002A636F6E6E20732C
:10059000686F756C6420626520756E726566657241
:1005A000656E63656420616E6420696E697469615B
:1005B0006C697A656420746F204E554C4C004E6F08
:1005C000206275666665727320746F2063616E6366
:1005D000656C20636F6E6E656374696F6E2C20723C
:1005E00065747279696E6720696E203130206D7391
:1005F0000053656E64204C4520706172616D2075FA
:100600007064617465206661696C65642028657238
:10061000722025642900646973636F6E6E6563746C
:10062000656400646973636F6E6E6563742D636FD8
:100630006D706C657465007363616E2D6265666FC5
:1006400072652D696E6974696174696E6700696E9F
:100650006974696174696E672D66696C7465722D61
:100660006C697374006164762D636F6E6E6563747C
:1006700061626C65006164762D6469722D636F6ED2
:100680006E65637461626C6500646973636F6E6E3E
:10069000656374696E670062745F636F6E6E0055A8
:1006A0006E61626C6520746F20616C6C6F63617445
:1006B000652062756666657220666F72206F7020B5
:1006C000307825303278004E6F20617661696C6138
:1006D000626C65204C3243415020636F6E746578C4
:1006E0007420666F7220636F6E6E202570004578EF
:1006F00070656374696E672031207265662C2067AF
:100700006F7420256400616C726561647920686192
:1007100076652076696577206F6E202570004C32F3
:10072000434150206C656E677468206D69736D611C
:100730007463682028257520213D202575290049EE
:100740006E76616C6964206964656E742076616C94
:10075000756520696E204C3243415020504455004D
:10076000496E76616C6964204C4520636F6E6E2023
:10077000706172616D207273702073697A652028D0
:10078000257520213D20257A752900496E76616CFA
:100790006964204C4520636F6E6E207570646174CF
:1007A0006520706172616D207265712073697A6570
:1007B0002028257520213D20257A7529004E6F744B
:1007C00020636F6E6E65637465640052656A65636D
:1007D00074696E6720756E6B6E6F776E204C324356
:1007E00041502050445520636F6465203078253097
:1007F000327800546F6F20736D616C6C204C324303
:100800004150207369676E616C696E672050445572
:1008100000546F6F20736D616C6C204C32434150FB
:1008200020504455207265636569766564004967A8
:100830006E6F72696E67206461746120666F7220EA
:10084000756E6B6E6F776E206368616E6E656C207F
:1008500049442030782530347800636F6E666967CC
:100860000062745F6C3263617000415454206368AD
:10087000616E6E656C206E6F7420636F6E6E656363
:10088000746564004572726F72207369676E696E79
:100890006720646174610052616E206F7574206F0F
:1008A000662054582062756666657273206F7220E8
:1008B000636F6E74657874732E004661696C65644D
:1008C00020746F207375626D6974206174745F7435
:1008D000785F64657374726F795F776F726B3A20BB
:1008E000256400556E61626C6520746F20637265CB
:1008F00061746520657272207273702050445500D7
:10090000415454204D545520657863656564656491
:100910002C206D61782025752C2077616E746564BC
:1009200020257A7500556E61626C6520746F2063B6
:10093000726561746520636F6E6669726D205044E4
:100940005500556E61626C6520746F20637265613D
:100950007465207273702050445500546F6F20737B
:100960006D616C6C20415454205044552072656375
:10097000656976656400556E68616E646C656420B7
:1009800041545420636F64652030782530327800FC
:10099000496E76616C6964206C656E2025752066F1
:1009A0006F7220636F64652030782530327800558F
:1009B0006E61626C6520746F20637265617465207E
:1009C000555549443A2073697A6520257500556E5E
:1009D00061626C6520746F20637265617465205577
:1009E0005549443A2073697A65202564004E6F208A
:1009F000617661696C61626C652041545420636F5B
:100A00006E7465787420666F7220636F6E6E202539
:100A100070004E6F20617661696C61626C65204187
:100A20005454206368616E6E656C20666F7220633B
:100A30006F6E6E20257000556E61626C6520746F5C
:100A40002066696E6420415454206368616E6E654F
:100A50006C00476F74206572722025642C206E6FC5
:100A6000742063616C6C696E67204154542063622A
:100A7000004661696C656420746F2072652D737522
:100A8000626D69742025733A202564004E6F204101
:100A90005454206368616E6E656C20666F72204DE1
:100AA000545520257A75004E6F2070656E64696E0E
:100AB00067204154542072657175657374004469F0
:100AC00073636F6E6E656374696E67206661696CCF
:100AD00065642028657272202564290041545420E1
:100AE00054696D656F757420666F722064657669F0
:100AF00063652025732E20446973636F6E6E656392
:100B000074696E672E2E2E0062745F6174740075B6
:100B10006E61626C6520746F20736176652053434B
:100B20003A206E6F20636667206C656674004E6FB6
:100B300020737061636520746F2073746F72652019
:100B4000434343206366670052656164206D6574AA
:100B5000686F64206E6F7420736574004661696C01
:100B6000656420746F2072656164206174747269B9
:100B700062757465202570202865727220257A645C
:100B80002900496E76616C69642072656164206C2D
:100B9000656E6774683A20257A64004343432025D4
:100BA00070206E6F74207772697461626C65005397
:100BB0004320726573746F726520696E6469636146
:100BC00074696F6E206661696C656400556E6B6E4A
:100BD0006F776E20555549442074797065202575CE
:100BE0000050617273652065727200496E76616CA7
:100BF00069642064617461206C656E202575005005
:100C00006172736520657272206461740050617254
:100C10007365206572722063657000506172736540
:100C20002065727220636363005061727365206592
:100C30007272207363630050617273652065727213
:100C40002063706600496E76616C696420666F721D
:100C50006D61742025750042616420706565723A8B
:100C60002041545420726561642D62792D75756937
:100C700064207273703A20696E76616C69642041F9
:100C800054545220504455206C656E2025750049FF
:100C90006E76616C69642068616E646C65004261A7
:100CA0006420706565723A20415454207265616415
:100CB0002D62792D75756964207273703A204861D0
:100CC0006E646C6520307825303478206973206F2D
:100CD0007574736964652072657175657374656494
:100CE0002072616E6765203078253034782D307839
:100CF000253034782E2041626F7274696E672072DD
:100D00006561642E004661696C656420746F2075AE
:100D10006E737562736372696265202865727220F2
:100D200025642900496E76616C6964206461746190
:100D3000206C656E202575203E2025750062745F4D
:100D400067617474004E6F20617661696C61626CDA
:100D50006520534D5020636F6E7465787420666F04
:100D60007220636F6E6E2025700062745F736D7009
:100D700000636C6F636B40343030303030303000A3
:100D80006866636C6B006C66636C6B00636C6F63AE
:100D90006B5F636F6E74726F6C0072616E646F6D07
:100DA000403430303064303030006770696F403527
:100DB00030303030333030006770696F403530305C
:100DC0003030303030004661696C656420746F20CB
:100DD000616C6C6F63617465205050492043686199
:100DE0006E6E656C0075617274403430303238302C
:100DF0003030007561727440343030303230303011
:100E000000756172745F6E7266785F756172746589
:100E10000048616C74696E672073797374656D0A3C
:100E200000556E6B6E6F776E206572726F72003E4A
:100E30003E3E205A455048595220464154414C208C
:100E40004552524F522025643A202573206F6E2060
:100E5000435055202564004661756C74206475729A
:100E6000696E6720696E746572727570742068614E
:100E70006E646C696E670A0043757272656E7420E9
:100E80007468726561643A202570202825732900F2
:100E900043505520657863657074696F6E00556EB8
:100EA00068616E646C656420696E746572727570D9
:100EB0007400537461636B206F766572666C6F7734
:100EC000004B65726E656C206F6F7073004B6572BE
:100ED0006E656C2070616E6963006D61696E006F94
:100EE0007300737973776F726B71006E616E0002BD
:100EF000409D1A5F2B8E3D9C7F4A1E6BD1C2F8A38A
:100F000002409D1A5F2B8E3D9C7F4A1E6BD0C2F81B
:100F1000A3206D657373616765732064726F707071
:100F20006564202D2D2D0D0A1B5B306D001B5B3180
:100F30003B33316D2D2D2D200000000000010000FD
:100F40000000000000FFFFFFFFFFFF0000000000A7
:100F50000030313233343536373839616263646595
:100F600066000000000000001000800000805F9B11
:100F700034FB010400020000000200000000000039
:100F8000000500000000000000000000000000005C
:100F90000005030502000A6174745F74785F64657C
:100FA0007374726F795F776F726B5F68616E646C78
:100FB000657200000102030405060700203030308E
:100FC0003030303030303030303030000100000010
:100FD0000000000000000000000000000000000011
:100FE0000000000000000000000000000000000001
:100FF00000000000000000000000000000000000F1
:1010000000000000000000000000000000000000E0
:1010100000000000000000000000000000000000D0
:1010200000000000000000000000000000000000C0
:1010300000000000000000000000000000000000B0
:1010400000000000000000000000000000000000A0
:101050000000000000000000000000000000000090
:101060000000000000000000000000000000000080
:101070000000000000000000000000000000000070
:101080000000000000000000000000000000000060
:101090000000000000000000756200000000000079
:1010A0000000000000000000000000000000000040
:1010B0000000000000000000000000000000000030
:1010C0000000000000000000000000000000000020
:1010D0000000000000000000000000000000000010
:1010E0000000000000000000000000000000000000
:1010F00000000000000000000000000000000000F0
:1011000000000000000000000000000000000000DF
:101110000000000064DB01001F0000000000000070
:10112000FFFFFFFFFF1F00009F9D01001DA50100A5
:10113000B4E10100000000004CEC010000000200DE
:1011400058EC01000000020000000000F7A80100B8
:1011500000000000000000000060004000000000EF
:10116000000000000000000000000000000000007F
:10117000000000000000000000000000000000006F
:10118000000000000000000000000000000000005F
:10119000000000000000000000000000000000004F
:1011A000000000000000000000000000000000003F
:1011B000000000000000000000000000000000002F
:1011C000000000000000000000000000000000001F
:1011D000000000000000000000000000000000000F
:1011E000000000000000000000000000F1640000AA
:1011F0000000000000000000000000009952000004
:10120000000000000000000000000000397600002F
:101210000000000000000000000000001571000048
:1012200000000000000000001D87000089960000FB
:101230000000000000000000000000002189000004
:1012400081B901004BBA0100D986000000000000FE
:101250000000000079930000000000000000000082
:1012600070EC010000002000000000000000000001
:10127000000000000000000007C0010000000000A6
:1012800000000000301600200000000001D4000023
:1012900000000000381600200000000021C90000F6
:1012A000000000004016002000000000853701000B
:1012B00000000000481600200000000049C60000A1
:1012C000000000002C1E002000000000FD3E010078
:1012D00000000000341E002000000000C5EC0000EB
:1012E000000000003C1E00200000000085370100C7
:1012F00000000000441E00200000000055EE000029
:10130000000000004C1E0020000000004DF5000011
:1013100000000000701F002000000000C01F00201F
:1013200000000000602000200000000010210020CC
:1013300000000000614801000000000020210020A2
:1013400000000000CD34010000000000402100201A
:101350000000000085370100000000004821002047
:10136000000000008537010000000000502100202F
:1013700000000000011B0000000000009C24002071
:1013800000000000BDBA000000000000942400200E
:1013900000000000BDBA0000000000008C24002006
:1013A0000000000035B80000000000008424002088
:1013B00000000000BDBA0000000000007C240020F6
:1013C0000000000035B80000000000007424002078
:1013D00000000000BDBA00000090D003FF00000034
:1013E000900200001404002014040020FFFFFFFFFF
:0413F00000000229CE
:1013F40000000000000000000000000000000000E9
:1014040000000000000000000000000000000000D8
:1014140000000000000000000000000000000000C8
:1014240000000000000000000000000000000000B8
:081434000000000000000000B0
:04143C0000000000AC
:101440007004002070040020B4520020000000004E
:101450000100000024000000000000008C040020B7
:101460008C04002060320020000000000100000019
:10147000A000000000000000A8040020A804002034
:10148000D8520020000000000300000010000000FF
:041490000000000058
:10149400C4040020C4040020000000000100000077
:1014A400D4040020D404002000000000FFFFFFFF4C
:1014B4000000000000000000EC040020EC04002008
:1014C4000000000000000000FC040020FC040020D8
:1014D40003000300100000000000000028E40100E5
:1014E4005C510020000000000000000020050020E6
:1014F4002005002003000300100000007586000092
:1015040044E501003C5200200000000000000000FF
:1015140044050020440500200300030000000000EF
:101524000000000098E20100B04E0020000000001E
:10153400000000006805002068050020010001008B
:10154400100000002970000014E40100D4500020B1
:1015540000000000000000008C0500208C05002025
:10156400020002000000000000000000DCE30100B3
:10157400A45000200000000000000000B00500207E
:10158400B00500200C000C0004000000C14B00005A
:1015940084E20100D44C00200000000000000000A0
:1015A400D4050020D4050020010001000000000043
:0C15B40000000000ACE20100FC4F002031
:0415C00015E015E03D
:04000003000042397E
:00000001FF
