:10000000D82A0020C91B0000D7A80000B51B00009B
:10001000B51B0000B51B0000B51B00000000000070
:10002000000000000000000000000000011C0000B3
:10003000B51B000000000000D11D0000B51B000032
:100040003D1E00003D1E00003D1E00003D1E000044
:100050003D1E00003D1E00003D1E00003D1E000034
:100060003D1E00003D1E00003D1E00003D1E000024
:100070003D1E00003D1E00003D1E00003D1E000014
:100080003D1E00003D1E00003D1E00003D1E000004
:100090003D1E00003D1E00003D1E00003D1E0000F4
:1000A0003D1E00003D1E00003D1E00003D1E0000E4
:1000B0003D1E00003D1E00003D1E00003D1E0000D4
:1000C0003D1E00003D1E00003D1E00003D1E0000C4
:1000D0003D1E00003D1E00003D1E00003D1E0000B4
:1000E0003D1E00003D1E00003D1E00003D1E0000A4
:1000F0003D1E00003D1E00003D1E00003D1E000094
:1001000010F8012B11F8013B012A28BF9A42F7D0C1
:10011000D01A7047034613F8012B002AFBD1181A96
:10012000013870472DE9F04383B00B78082B00AFFE
:100130000C4603D14649606806F0EAF92378092B9A
:1001400011D10023C7E900336468A3681B6D73B144
:100150003A46042120469847034658B13D4A3E4856
:10016000022109F06EFA0C37BD46BDE8F0836FF04E
:100170005703F3E7A3681B6D3BB13A1D02212046EC
:100180009847034620B1354AE9E76FF05703FAE78D
:100190003E68334CD7F804802378B6F1000918BFC5
:1001A0004FF00109B8F1000518BF012513B16378BC
:1001B0004B4520D0B6FA86F12A48490909F02EFAB3
:1001C000002E3ED02849294B6E468AB06A46284800
:1001D0000793284B0893284BCDE9050142F8103FBF
:1001E00000231D484FF4235100F060FF0123B54662
:1001F000237084F80190214C237813B16378AB42CB
:10020000B1D01F48294609F009FAB8F1000F1BD0F8
:1002100015491C4B6E468AB06A461B480793154B1E
:100220000893154BCDE9050142F8103F00230A4819
:100230004FF4235100F03AFF0123B5462370657057
:1002400091E71249124BBFE71049124BE2E700BF9A
:10025000DCD20000FED8000078D500001AD90000DA
:100260004214002070D60000E5D80000DAD8000063
:1002700036D90000000201030400000240140020EF
:1002800068D6000060E600004BD90000E3D800000B
:10029000EED80000F5D8000013B550480CF088FAED
:1002A00048B94F4A4F4801210AF03BFA6FF0120457
:1002B000204602B010BD49480CF07AFA08B94A4A03
:1002C000F0E746484FF40032102109F08CF904465B
:1002D00030B1464A03464348012109F0B2F9E7E745
:1002E0004348012109F09AF904460028E0D1414A27
:1002F0003A48182109F077F9044610B13E4A0346FE
:10030000E9E701463D4809F089F904460028CFD1C4
:100310003B4A344803210AF004FA3A493A480AF0C1
:100320002DFC044610B1394A0346D4E73849364813
:100330000AF024FC044610B1364A0346CBE736499E
:1003400031480AF01BFC044610B1344A0346C2E7A8
:100350000146334A2C4803F0E1F9044610B1314A12
:100360000346B8E7002328480122194603F02EFB74
:10037000044610B12C4A0346ADE703460246014647
:10038000009021480AF067FB1F4801210AF087FB13
:1003900026491D480AF0BDFE044610B1244A034612
:1003A00099E7194802F010F8044610B1214A0346B3
:1003B00091E7154802F048F8044610B11E4A03467A
:1003C00089E71E4A074803210AF0ABF94FF0FF31D5
:1003D0004FF0FF300CF02BFD6AE700BF50D2000059
:1003E0005ED9000078D5000075D900008AD90000D8
:1003F00070D6000007000200AFD9000068D60000E8
:10040000D2D900002C0100201005002003DA0000E2
:10041000140100202EDA0000FC0000205DDA00004C
:10042000D000002087DA0000B7DA000025010000C4
:10043000DFDA000011DB000042DB00006FDB0000B0
:100440002DE9F84F8A4600AF002974D004680E1FCA
:10045000361BF50826F0070604EB0608B8F802B0CC
:100460001BF0010B16D1E94688B06A46334BCDE943
:100470000531032342F8103F31485B464FF4C25127
:1004800000F014FECD468BF31188BFF36F8F042369
:10049000184602DF2946204609F0D5F8284434F8EA
:1004A0003030C01A854217D0E94688B06A46254BDD
:1004B000CDE9053A032342F8103F214800234FF4C9
:1004C000C25100F0F3FD0023CD4683F31188BFF342
:1004D0006F8F0423184602DFB8F8023023F00103BF
:1004E000A8F802302946204609F0ADF805EB0008CF
:1004F00004EBC8035B88DA0708D44146204609F0BC
:10050000EBF842462946204609F02BF9A65BAE1BC4
:1005100004EBC6035B88DB0709D43146204609F0AB
:10052000DBF82A463146204609F01BF935462946B4
:10053000204609F08DF8BD46BDE8F88FF1DB0000DC
:10054000C0D50000C8DB000008B5024809F016FC61
:10055000002008BD1EDC00000E4A9042034602D374
:100560000D4A904211D30D4A22B1934202D30C4A54
:1005700093420AD30B4A52B10B48834234BF012045
:100580000020934238BF002070470120704710467A
:10059000704700BF90D100004CF200000000000046
:1005A0000000000000000000000000002DE9F04FF6
:1005B0009BB000AF0446D7F890A0FA637B638B46EC
:1005C00049B903784678807800EB830020445E4583
:1005D00022D8A0EB040B0AF0010394F80280FB621E
:1005E000E3783B63B8F1000F0CBF4FF000090AF04D
:1005F000010913B11AF0020F17D1B9F1000F14D18C
:10060000FB6B1BB17A6B5946204698475D462846DE
:100610006C37BD46BDE8F08F451C2846FFF77AFDD4
:10062000013028440BF1010BD1E7CAF3C003FB6191
:100630002378BB629B00BB6163683B62BB6A04EBCF
:100640008301FB6B002B7DD15D468844B9F1000F1F
:100650001DD0A94E8B4699461BF8013B54F8230048
:10066000002808BF3046FFF755FDD7F89430013019
:100670004BB1D7F898304B4582BFD7F8943023F868
:10068000190009F10109C3450544E5D1D8461AF01E
:10069000050F0AF002030CBF4FF0020B4FF0010BE5
:1006A0000026FB633B6B9E42B1D298F8013054F8B0
:1006B00023A05046FFF750FFFA6908F102080346ED
:1006C00002B3B86318F8021C386A09F038FBBB6B38
:1006D000C0B1EA468AB06A46884B05933B6ACDE9C9
:1006E00006314FF40073ADF82030854B42F8103FCF
:1006F000844800234FF4125100F0D8FC023DD54647
:100700000136CFE723B1FB6A2BB9A5EB0B05F7E761
:10071000FB6B002BF4D07848BAF1000F18BF50469D
:10072000FFF7F8FCD7F8943053B1D7F898309945D3
:100730003FBFD7F89420431C22F8193009F1010972
:100740000544DDE7B9F1000F6CD04346102B28BFFC
:100750001023BB6397F8389007F148000026BA6B66
:1007600079620CF094FC796A00227A620AF0020243
:1007700001EB08033A610AF004027B61FA6002337C
:100780007A6A396B8A4266D36378F96A7B621AF0B7
:10079000020F4B44DBB20CBF72080022002940F06C
:1007A000A9801AF0040F14BF314600216370A170B4
:1007B000E270B9697A6BFB6B20469847051EFFF61D
:1007C00026AFBB6A23707B6A63703B6BE370314674
:1007D0007A6BFB6B84F8028007F158009847061E7D
:1007E000C0F2C4803A6BBB69386B03EB4203ABEBDE
:1007F0000301D7E90D23C91A7B6903EB4000FB6BAA
:1008000098470028C0F2B4802E4435184FF00008F5
:1008100007F1480AC84577D300217A6BFB6B08467D
:100820009847F4E6B8F1000F0CD01AF0040F0ED080
:100830004346102B28BF1023BB6397F8386007F19D
:1008400058008CE7C7F838804646C1468CE7C7F8A1
:1008500038804E4688E713F8015C13F8021C54F800
:100860002500BB60FFF778FE0246F869BB6838B127
:10087000386AC7E9013209F062FAD7E90132F0B902
:1008800012B3FA6A72B1B9F10F0F18D809F1280141
:1008900007F14000014409F1010201F8205C5FFA10
:1008A00082F90CE0FA6852B10F2E08D806F128013F
:1008B00007F14000721C0E1806F8105CD6B27A6A76
:1008C00001327A6202335BE73A69002ADBD10F2EEC
:1008D000F5D806F1280007F1400C6044721C00F8BE
:1008E000101C07F1680151FA82F20236F6B202F8E2
:1008F000105CE4E7002159E75ADC000061DC0000ED
:100900000400000168D5000018F80A3087F8473065
:1009100054F823B0D7F8943033B3D7F898309845CB
:1009200022D2D7F8943033F818607A6BFB6B012130
:1009300007F14700984700281ADB0E4B0544BBF12E
:10094000000F08BF9B4626B95846FFF7E3FB461C3D
:10095000B6B27A6BFB6B314658469847002807DBE6
:10096000054408F1010855E70026DEE735464EE666
:1009700005464CE65ADC0000014B1860704700BF8A
:10098000440100202DE9F047058B0446280717464F
:100990000CD501290CBF45F0100545F02005258335
:1009A00087F31188BFF36F8FBDE8F087022905F048
:1009B000070540F09480204609F073FC052864D8B0
:1009C00001A353F820F000BFA1090000DF0A0000D6
:1009D0008B0A00004D0A0000670A0000790A000037
:1009E00001F007035A1F012A1FD8002221F0070136
:1009F000062BD4F8008089B2C4E9002209D143460D
:100A000003E0628B013262831B68002BF9D141F055
:100A100002012183204609F044FC4FF00009002820
:100A20006DD041F02001218369E0042B0AD121F02F
:100A3000070189B22183204609F033FC10B141F04F
:100A4000200121834FF00008C14658E02369D3F804
:100A50000090238B23F0070343F0060323834FF01A
:100A6000000846464BE02369D3F80490238B23F01B
:100A7000070343F00403F1E72369D3F80890238BBD
:100A800023F0070343F00503E8E74FF00008C146F1
:100A9000E7E7012243F00803238387F31188BFF3BC
:100AA0006F8F002A3BD1B8F1000F4AD1B9F1000F86
:100AB00002D02D492046C847EFF31187202383F346
:100AC0001288BFF36F8F238B23F008039BB223831D
:100AD000D9063FD523F01002228303F0070566698B
:100AE000218B002EBFF67CAF0023D4F8008021F0CC
:100AF0000701C4E9003341F0010121839946238BAA
:100B000003F0070AAA4502D0A268002AC1D1B8F1B1
:100B1000000F02D1B9F1000FDAD00022BAE7A168C4
:100B20000029C0D00D680029BDD04F683346524619
:100B30002046B8471DB12B6829461D46F3E72B46D2
:100B4000FAE74146334652462046D8F8008009F07D
:100B5000D4FBA8E79A067FF523AF23F02002228377
:100B600003F0070527E700BF27A300002DE9F047A2
:100B7000DFF85480044607464FF0010994FAA4F5C3
:100B8000B5FA85F509FA05F32E0108EB05156FEAAC
:100B9000030A24EA03042B7B63B158F806301B696F
:100BA0006BB94644042273682846196807EA0A07A5
:100BB00009F047FD002CE1D13846BDE8F087284612
:100BC00098470028F6D1ECE750D6000010B50F4941
:100BD0000F4888B000220CF0CAF900220023CDE9AA
:100BE000062300240E23CDE90334CDE90144094B4B
:100BF000094900944FF44072084807F0EDFB08499A
:100C000006480CF036F8204608B010BD250C000050
:100C1000380A0020550F000098140020A805002075
:100C200020DD0000014807F097B800BFC80400208D
:100C30002DE9F047804621480F4609F0E2FC0646C0
:100C4000002833D000252846BDE8F087237B83B1F8
:100C50002368DB680BB120469847636883F80690E9
:100C600023681B69D3B9636804221968204609F018
:100C7000E8FC013610345445E8D3B8F1000FE2D057
:100C8000002DDFD02846FFF771FF0546002FF7D073
:100C900000214FF4A4700CF0CAF8F1E72046984701
:100CA0000028E0D009FA06F31D43E2E7044CDFF820
:100CB00014A005464FF00109DDE700BF100E00202B
:100CC00050D6000060D60000014B53F8200070475A
:100CD0008CD6000008B5034608462BB1044A1360C1
:100CE00000F056FC002008BD6FF01500FBE700BFC8
:100CF0004801002010B5044C237813B9034807F0CD
:100D00002BF80123237010BD44140020C8040020D8
:100D100010B504460B4809F074FC5CB1BFF35B8F5F
:100D2000094B53E8001F013943E80012002AF8D1AB
:100D3000BFF35B8F054808F04FF90548BDE8104048
:100D400007F00AB8080E00200C0E0020380A002018
:100D5000C8040020064BBFF35B8F002253E8000F4E
:100D600043E800210029F9D1BFF35B8F704700BF32
:100D7000080E002070B5FFF7EDFF084C084E054641
:100D8000B44200D370BD63685B792BB123685B68A4
:100D900013B12946204698471034F1E750D6000099
:100DA00060D6000010B5044C0449204609F0F3F861
:100DB000034B1C6010BD00BF2404002078D6000047
:100DC000000E00200D4A0E48002310B513700D4A86
:100DD00013600D4A4FF400411360FFF77BFFFFF7EC
:100DE000E1FF0A4B0A4918468B4200D310BD1A1A7C
:100DF0005C681211013222711033F5E745140020AE
:100E0000FFA50000080E00200C0E002050D60000A8
:100E100060D60000014600220148002309F0DCB83A
:100E200024040020014809F073B900BF2404002005
:100E3000024B0146186809F0C6B900BF000E002039
:100E4000014809F0FBB900BF2404002070B52A4B0B
:100E50001B78002B4ED0FFF7E5FF0446002846D153
:100E6000264B274D1B68002B19DD0CF038F84FF48A
:100E70007A76A0FB063206FB0121D5E90020DB0BC8
:100E800043EA41439B1A4FEAD13140F2E93261EB28
:100E90000001934271F1000101D3FFF76BFFD5E927
:100EA000003213F57A7342F10002C5E900320CB347
:100EB000BDE87040FFF7C4BF6B685B7923B12B6856
:100EC00021461B68284698471035B542F4D3204682
:100ED000FFF7AEFFBFF35B8F0A4B53E8001F0139EA
:100EE00043E80012002AF8D1BFF35B8FB8E7064D44
:100EF000064EEAE7002070BD44140020080E0020D2
:100F0000300A00200C0E002050D6000060D60000F1
:100F100070B50D4D297861B90120FFF789FE0B4CA2
:100F20000B4EB44206D3FFF791FF0028FBD10123FB
:100F30002B7070BD63685B791BB1236820469B688A
:100F400098471034EDE700BF4514002050D600004C
:100F500060D6000000212DE9F8430846FFF768FE3F
:100F6000044648B340F267684FF0000900F078FF8C
:100F70001A4B1B4A1B58136033B11A4B1B68092BC1
:100F800002DD194806F0E8FE184F002544B120465E
:100F9000FFF7ECFD044618B94FF0FF384FF0FF396A
:100FA000FFF754FF064628B9B5B90F4842464B46ED
:100FB00006F008FF3546E9E74FF0FF384FF0FF39FC
:100FC000D4E72B689B691BB100221146284698473D
:100FD0001035BD42F5D3E8E7054DFAE708000000FB
:100FE000040E00200C0E0020C804002060D6000073
:100FF00050D6000013B5184809F003FB174B1B78B7
:1010000073B1EFF31184202383F31288BFF36F8F42
:10101000FFF71CFF84F31188BFF36F8F02B010BD80
:101020000F4B1B68002BF9D050B900220023CDE9EB
:1010300000230C484FF40042002307F0A7FFEDE720
:101040000928EBD1074807F0C7FF074802B0BDE801
:10105000104006F081BE00BF0C0E00204514002099
:10106000040E0020380A0020C804002010B5064BEA
:101070001B68044698472146A060044809F029F8F7
:10108000BDE81040FFF7B6BF48010020240400204F
:10109000044A054B9B1AB1EBD30F34BF52F8310011
:1010A0000020704768D5000050D600002DE9F04FB1
:1010B0008FB004AFC1F34A26B8600D4690467B60FE
:1010C0000C0D002E61D04FF000090A234FF0040BE5
:1010D00007F1140AFE60C7E90799C7F82490009346
:1010E000CDF808B0CDF804A007F11C03F9684A4612
:1010F0004046FFF75BFAB0F5006F03461CD36C4621
:101100008AB0D8F8041004AB2448C3E9050140F2C2
:10111000FF71D9611A464FF400711984204B42F8CF
:10112000103F20484B464FF41251FFF7BFFFA54632
:101130002C37BD46BDE8F08FC0F30A0604F1170056
:10114000184420F0070080083B60FFF763FE66F359
:101150005325044680B13B68134A00F11001C7E9EA
:101160000839F961CDE901AB0A230093F96807F169
:101170001C034046FFF71AFA66F353257B68B968EB
:101180002A46204609F07DFAD2E704F1170020F044
:1011900007008008FFF73EFE0446EDE735DD00005E
:1011A0000400000180D5000055A600002DE9F04F95
:1011B00087B0DDE9127ADDE9106B054688461446F2
:1011C0009946BFB11021CDF800A03B465A460020F9
:1011D000CDF814A008F0DAFBB0F5006F01460BD390
:1011E000194A1A4840F2FF73022107B0BDE8F04FD8
:1011F00009F0A0BA3946384604F0070305F00704A1
:10120000E40044EA831444EA402444EA065406F124
:101210001700084420F0070080080391FFF7FAFD4B
:10122000054640B13FB10399CDF800A03B465A4670
:10123000103008F0ABFB4B4622464146284607B02B
:10124000BDE8F04F09F01DBA74DD000080D5000044
:10125000406820B1034BC01A40F3CF0070474FF0F5
:10126000FF30704768D500000EB403B503AB0146EC
:1012700053F8042B0448019300F050FF02B05DF8CE
:1012800004EB03B0704700BF97A70000CA0605D45F
:101290008B064CBF02490349FFF7E6BF704700BF0A
:1012A000ADDD0000ACDD00002DE9F04F8BB09946BC
:1012B000179B0793DDE918A39DF858801A9F0692A3
:1012C00004460D460593B8F1000F00F0BF80844B33
:1012D00013F80830089307F48073099309F0AFF905
:1012E00007F0020B024600287DD07E492046FFF71A
:1012F000BBFF0646BBF1000F08D017F0440F74D1B6
:1013000079492A462046FFF7AFFF064407F001035C
:1013100053B1764B764953F82820764B2046002A65
:1013200008BF1A46FFF7A0FF07F48073002B07F0F1
:10133000080318BF4FF00009002B00F082806E4BAD
:101340006E4953F828202046FFF78EFF0546069B7E
:101350002BB16B491A462046FFF786FF0544B9F1C9
:10136000000F0DD0089B002B6ED06649664BB8F17C
:10137000040F18BF19464A462046FFF775FF05447B
:1013800062483544079B1BB16149224608F0A6FC20
:10139000059B002B00F09080DDF814903946B9F1E0
:1013A000100F204628BF4FF01009FFF76FFF0026EF
:1013B000B54252DC002633461AF803205549204630
:1013C000FFF752FF0136102E4DD0710703D152495D
:1013D0002046FFF749FF4E453346EDD34F4920469F
:1013E000FFF742FFEEE7064684E74D4B18680028FA
:1013F0008BD04C4B4FF47A7B1B68B5FBF3F54FF465
:101400006163B5FBF0F100FB11550BFB05F54FF0E7
:101410003C0CB1FBF3F203FB1211B5FBF0FEB1FB88
:10142000FCF300FB1E550CFB13110BFB05F50091A3
:10143000B5FBF0F53C49CDE901E52046FFF714FF87
:1014400063E707F0080582E72F4994E7B9F1010F38
:101450000CBF2E483548454694E72F492046FFF7F4
:1014600003FF0136A4E7324920460026FFF7FCFEC1
:1014700033461AF803202F49A2F120035F2B28BF1F
:101480002E222046FFF7F0FE0136102E0DD07207F7
:1014900003D121492046FFF7E7FEB1453346E8D89E
:1014A0001D492046FFF7E0FEEEE7059BB3EB09037D
:1014B000CA4405937FF470AFB8F1000F0AD0FB0760
:1014C00004D50C4A0A492046FFF7CEFE394620468D
:1014D000FFF7DCFE20460BB0BDE8F04F09F04EB937
:1014E0001AF20000BDDD0000C1DD00009CD6000046
:1014F0005BD90000AFDD0000B0D60000E7DD0000E2
:10150000EDDD0000B4DD0000B8DD000097A70000AD
:101510001D210000F1DD0000F9DD0000F7DD000015
:10152000180E0020140E0020CBDD0000CDA7000017
:10153000FBDD0000FDDD000073B542F20F738B424E
:1015400028BF0B4605680F4A04460521684607F088
:10155000DBFD63680C495B6806460B22284609F0F0
:10156000FFF863683246694628465B6809F0F8F878
:10157000636806495B681B22284609F0F1F802B04F
:1015800070BD00BF9EE400000EF20000F2F100000A
:10159000074A00210123904206D8064A01B90123D7
:1015A0001360054B1860704740085B000121F2E7AB
:1015B00040420F00140E0020180E0020F8B5074F0F
:1015C0000D4604464618B44201D12846F8BD14F829
:1015D000011BBB6801485B689847F4E7A4D2000090
:1015E000014B036000207047F8D6000080B5054627
:1015F0000E461746984607F00BFA034600F030FCFB
:10160000DFF81890044649F8003042463046394623
:10161000A84754F8090000F0C5FB00BF080000000F
:1016200008B50348034A0021121A09F04CF908BD15
:10163000A8050020981400200748084A084908B562
:10164000121A09F042F90748074A0849BDE808405C
:10165000121A09F03AB900BF00000020A4050020CA
:101660004CF2000000000020000000204CF20000BE
:101670002DE9F047064600AF0C46002936D0E94672
:101680008AB0D1E90012A3686D462148E8464FF0C0
:10169000050ACDE90501CDE9072348F810AF1D483B
:1016A000424600234FF42151FFF700FDCD46D4E917
:1016B00003126369AD461848C5F810A0C5E90501D5
:1016C000C5E907231348002342464FF42151FFF791
:1016D000EDFCCD46E369114A0E48012109F02AF8D4
:1016E000A3690F4A0B48012109F024F8012E07D104
:1016F000EFF305830B4A0748103B314609F01AF80F
:101700002146304605F064FFBD46BDE8F08700BFC6
:101710003ADE0000B8D5000069DE000098DE000067
:10172000A7DE0000D5DE000030BFFFF7FDBF00BF21
:101730002DE9F0410B4EDFF8308006EB0807CC1B9B
:1017400005463246094920460BF0A1FCA019424645
:101750000021083C0BF0A9FCAC6707F10800BDE8CC
:10176000F08100BF000000000800000060D600000B
:1017700010B5204C2049214809F0B4F8A36A99011A
:1017800036D51E481E4909F0ADF81E20A36ADA01BD
:1017900004D51A481B4909F0A5F81F20154CA36A67
:1017A0001B0304D51548184909F09CF82120A36AA9
:1017B000590304D51148154909F094F822200D4C1D
:1017C000A36A9A0304D50D48114909F08BF8232028
:1017D000A36ADB0304D509480E4909F083F82420E5
:1017E000044A936A6FEA03436FEA1343936210BD9E
:1017F0001D20CBE700ED00E0E8DE0000B8D50000DA
:1018000000DF000013DF00002DDF00004BDF0000D1
:1018100070DF00008ADF000070B506460D46294CD7
:1018200029492A4809F05EF8A36ADB0647D527480C
:10183000274909F057F81120A36A1C0704D523484B
:10184000244909F04FF812201E4CA36A990712D5BB
:1018500021491E4809F046F8636BA26A120609D5B1
:101860001E4A1A48012108F065FF1EB1A36A23F041
:101870008003A3621320134CA36ADE0704D5134828
:10188000174909F02FF81420A36A9C0604D50F48C5
:10189000144909F027F815200A4B9A6AD10658BF57
:1018A0009A6A9A6A920642BF5A6A22F400525A62AF
:1018B0009A6A42F0FF029A6200232B7070BD1020DA
:1018C000BAE700BF00ED00E0B5DF0000B8D50000CA
:1018D000CBDF0000FEDF000011E0000029E0000087
:1018E0003FE000005EE0000070B506460D46284C63
:1018F0002849294808F0F6FFA36AD9043CD52648B0
:10190000264908F0EFFF1720A36A1A0504D52248DC
:10191000234908F0E7FF18201D4CA36A9B0512D548
:101920001D48204908F0DEFFA36BA26A100409D508
:101930001D4A1948012108F0FDFE1EB1A36A23F4D7
:101940000043A3621920124CA36A590504D512481A
:10195000164908F0C7FF1A20A36ADA050ED50E480B
:10196000134908F0BFFF1B20094A936A43F47F43E1
:10197000936200232B7070BD1620C5E7A36A9B04F9
:10198000F2D505480B4908F0ADFF1C20ECE700BF7D
:1019900000ED00E08DE00000B8D50000A3E00000FD
:1019A000FEDF0000B4E00000CDE00000E2E0000057
:1019B000FDE000005EE00000F0B56A4B8BB004462D
:1019C000586800AFC0F30803002585F31188BFF302
:1019D0006F8F02F07F46B6F17F4F07D102F00C0601
:1019E000082E0ED16049614808F07CFF60495F48CD
:1019F00008F078FF00210846FFF73AFE2C37BD4675
:101A0000F0BD16074CBF0C460125002CEED000227D
:101A1000FA71DA1E092A00F28580DFE802F0057B00
:101A20007E77838383838381524950484D4E08F0EB
:101A300059FF0023FB71F36A9A0705D54E494B48BD
:101A400008F050FF00232DE0F36A002B01DA4B4928
:101A5000F5E7F36A5B00F5D54949444808F042FFD1
:101A60007369A26943F480737361BFF34F8FBFF34F
:101A70006F8F32F8023C726922F480727261BFF398
:101A80004F8FBFF36F8F03F47F42B2F55F4F27D1C3
:101A9000DBB2022B24D123683A4A3448012108F0F2
:101AA00049FE2368FA79002AA8D107F1080604F153
:101AB000200C20686168324603C20834644516462B
:101AC000F7D17A6A002D4AD0C2F3080121B96FEA32
:101AD00052226FEA42227A6207F1080118468BE728
:101AE000204B9A6AD2B222B1F91D0120FFF794FE71
:101AF0000EE09A6A12F47F4F04D0F91D0120FFF71F
:101B0000F3FE05E09B6AB3F5803F9BD3FFF730FE01
:101B10000346C7E7F91D0020E8E7F91D0020EEE7BE
:101B200019498CE7194A1A4910F4F87F6E468AB0B1
:101B300018BF11466A46103B079316484FF40073CE
:101B4000ADF82030144BCDE9050142F8103F0748AD
:101B500000234FF41151FFF7A9FAB54672E76FF36E
:101B60000802B8E700ED00E043E10000B8D500004E
:101B70006EE10000AAE10000C1E10000E2E1000026
:101B8000F0E100000FE200002BE200002AE100007B
:101B900015E100004FE2000004000001044B5A6907
:101BA00042F010025A615A6922F008025A617047E5
:101BB00000ED00E0EFF30880EFF3098101B5724614
:101BC000FFF7FAFE01BD00BF0B4880F3088805F05F
:101BD000A9F8202080F3118808484FF400614018CC
:101BE00080F30988EFF314800221084380F31488FE
:101BF000BFF36F8F00F06CF8D82A0020981D0020EA
:101C00001EF0040F0CBFEFF30880EFF30980816929
:101C100011F8021C0229FFD001B5724608F057FEE8
:101C200001BD00BF40B2002807DB044A410901237F
:101C300000F01F00834042F82130704700E100E0CF
:101C400040B200280CDB4309064900F01F00203396
:101C50000122824041F82320BFF34F8FBFF36F8FE3
:101C6000704700BF00E100E0054B420900F01F0093
:101C700053F82220012303FA00F01040704700BF00
:101C800000E100E040B20028A8BF00F1604001F18F
:101C90000101B8BF064B4FEA4111ACBF00F56140EE
:101CA00000F00F00C9B2B4BF195480F80013704798
:101CB00014ED00E0044B054A23F07F039360BFF36B
:101CC0004F8FBFF36F8F70470000000000ED00E002
:101CD00008B5FFF7EFFF0B4AD2F8883023F4700302
:101CE000C2F88830EFF3148323F0040383F31488DD
:101CF000BFF36F8FFFF794FCFFF79EFC00F092F8A4
:101D000005F092FD00ED00E042F8203C009B42F817
:101D10001C3C0A49019B42F8183C029B42F8143CC7
:101D200021F001014FF0807342F8043C42F8081C96
:101D30000023203A0265C367704700BFED1500001D
:101D400000B50B4B98600B4B1546826F1A600E4620
:101D50002C4686F309880020034B98472046002133
:101D600000220023014C2047FBA80000ED150000D5
:101D700008140020400E0020014B10221A61704709
:101D800000ED00E0054B5A699B689A421FBF044A68
:101D9000536843F080535360704700BF081400201D
:101DA00000ED00E0084B9B6883420BD1EFF3058305
:101DB00043B1064B5A6842F080525A605A6A22F484
:101DC00000425A620AF05ABF0814002000ED00E0F9
:101DD00011498A684FF030001044EFF3098C80E815
:101DE000F01F202080F31288BFF36F8F0B4F4FF04E
:101DF00000664A698A603E60906F094C2060D06F2F
:101E00000023D36780F3118802F1300090E8F01FBF
:101E10008CF30988704700000814002004ED00E0EE
:101E2000400E0020044800232021C2180133302B2B
:101E300082F80013F9D1704700E100E008B5EFF334
:101E40000583064A103B02EBC30152F83300496890
:101E50008847BDE80840FFF795BF00BFF8D20000F3
:101E60000148006870470000400E0020024B034A02
:101E70000348012100F07AB800000420000000208F
:101E8000F8D6000008B503461048D0F89020C2F3F9
:101E90000722013A934207D90D480E4A012108F062
:101EA00049FC6FF0150008BDC0F898300A6822F0B0
:101EB0001F021A4342F01002C0F89C208A6842F0C8
:101EC0000102C0F8A0201846EDE700BF00ED00E0D9
:101ED00098D5000066E20000F0B50E4685B01F46BA
:101EE00004460025B5420DDA606810B397B1431E71
:101EF00018420AD0104A11482B46012108F01AFC5A
:101F00006FF01502104605B0F0BD1F28F2D9216808
:101F10000B42EFD12368019308F003FDA36801A9E8
:101F20000343D0B20393FFF7ADFF10F1160FE7D0D4
:101F3000421C01350C34D5E78CE2000098D5000036
:101F4000044B0522C3F89420BFF34F8FBFF36F8F6C
:101F5000704700BF00ED00E0BFF35F8F024B00222F
:101F6000C3F89420704700BF00ED00E010B5034CAB
:101F700001232278FFF7B0FF207010BD4714002026
:101F80002DE9F0435F486049D0F890300C68C3F306
:101F900007239C4285B000F2B280FFF7DDFF49685D
:101FA0000022944201F10C011AD1584F584D3C7057
:101FB0006846FFF715FB574C574E81464FF0000817
:101FC000C14520D13B784F490020D1F89020C2F381
:101FD00007229342C0F28D80FFF7B2FF002052E04B
:101FE000C0F8982051F80C3C23F01F03134343F032
:101FF0001003C0F89C3051F8043C43F00103C0F8D2
:10200000A0300132CDE7009800EB08114FEA081C20
:10201000CB682340B3F5000F4ED00BD8B3F5001FAB
:1020200034D0B3F5800F3CD0B3F5801F16D008F143
:102030000108C5E7B3F1007F46D0B3F1805F4BD014
:10204000B3F1807FF3D150F80C3088684A6808F00B
:1020500068FC40F0885040F4801009E050F80C30E3
:1020600088684A6808F05DFC40F0885040F43020F1
:10207000039001A93878CDE90123FFF703FF002879
:1020800033DA6FF0150005B0BDE8F08350F80C307E
:1020900088684A6808F045FC40F0885040F4002009
:1020A000E6E750F80C3088684A6808F03AFC40F0DF
:1020B000C06040F40030DBE750F80C3088684A68B4
:1020C00008F02FFC2843D3E750F80C3088684A68A2
:1020D00008F027FC3043CBE750F80C3088684A689A
:1020E00008F01FFC40F08850E3E73B7801333B7079
:1020F0009DE7C1F89830C1F8A000013365E74FF0C3
:10210000FF30C0E700ED00E004D7000047140020D6
:10211000000004110000F0FF00000410F0B587B0CB
:1021200007460E4614460021102268461D460AF056
:10213000BCFF02238DF802302A46054B019321464D
:102140006846CDE9047607F009F807B0F0BD00BF96
:1021500043A9000008B5024B1B689847002008BD42
:10216000440E0020034B044A1860937843F00203A6
:1021700093707047440E00205401002008B50649B2
:10218000064821F00701C1F1005202F5802207F054
:10219000BCFB002008BD00BF173E0020480E0020F9
:1021A00070B54169867A0B4D044659B1437ADB0715
:1021B00006D4242303FB0653DB691B689B689847FE
:1021C000002363612420214600FB0650BDE87040D7
:1021D0000AF079BCEC040020024B242202FB003000
:1021E000704700BFEC0400202DE9F04385B00546A0
:1021F0006846039190461C460AF073FEDDE90067CD
:10220000EFF31189202383F31288BFF36F8F6B8A5A
:10221000002B41D02A8A9A4225D900220023284641
:1022200005F064FD0446F0B189F31188BFF36F8FA8
:10223000039B002B41D032463B4668460AF076FEAF
:10224000A27A264B242101FB02332046DB691B685E
:1022500003A91D68DDE90023A847606170BB204623
:10226000FFF79EFF24E0698A4B1E6B8289F3118879
:10227000BFF36F8F2B7D2A8A2C6A1B3323F0030355
:10228000521A02FB0344154B154AEB1A9B10534399
:10229000A3722B7DE372CBE789F31188BFF36F8FB5
:1022A00023464246284605F021FD04460028BFD1BA
:1022B0000024204605B0BDE8F083636101230025BA
:1022C0002381039B6382E27A6560294604F118004A
:1022D0000AF0EBFE63692582E360EAE7EC04002084
:1022E000398EE338F8B5124D0024242600B9F8BD24
:1022F00000F108024768BFF35B8F52E8003F591EA8
:1023000042E8001CBCF1000FF7D1BFF35B8FDBB2DA
:10231000012BECD1837AC46006FB035344609B69B4
:1023200013B198473846E1E7FFF73AFFFAE700BFF5
:10233000EC040020044A0123C2F840354FF08042EB
:10234000C2F87835704700BF00E0014048B1054B46
:10235000054A1B68B3FBF2F35843044B43F00103F7
:10236000184770479C03002040420F0060D60000D1
:1023700008B5054A054B136010463F23536004F02F
:10238000A7FD002008BD00BF540E0020FFFF0F0076
:1023900008B50A480AF00CFA68B108480AF008FAC9
:1023A00048B1074A0548192108F02AFB054A0348A5
:1023B000022108F025FB002008BD00BF50D200001C
:1023C0000100160001001A0038B5044606F0FCFAB8
:1023D000204608F032FBA069C8B194F86C30DB07E6
:1023E0000DD5164A1648022108F025FB6FF0770537
:1023F000201D08F029FB06F0FBFA284638BD0AF03C
:10240000D7F938B90F4A0E48012108F014FB6FF0D4
:102410001205EDE7204600F091FF05460028E7D1C0
:102420000146242204F128000AF03FFE94F86C30A3
:1024300043F0010384F86C30DAE700BFDCE200000F
:1024400028D6000006E3000070B5044606F0BCFA8A
:10245000204608F0F2FA94F86C30DA070DD4264AD8
:102460002648022108F0E7FA4FF0FF35201D08F05A
:10247000EBFA06F0BDFA284670BDC3F340019B0796
:1024800007D51F4A1D48022108F0D5FA6FF07705DD
:10249000ECE7A06909F0E9F90646A06909F054FAE9
:1024A000054628B1174A1548012108F0C4FADDE7AE
:1024B000A36F4BB13146204608F090FC0546A0B111
:1024C000A06909F06DFAD1E7A06909F0E5F9A06704
:1024D0000028EFD10C4A0948012108F0ACFAA069A4
:1024E00009F05EFA6FF00B05C0E794F86C3043F02A
:1024F000020384F86C30B9E729E3000028D6000015
:102500004FE3000075E3000091E3000038B580213F
:102510000446806909F0E3F9054678B10146204692
:1025200001F01CFB044638B10648074A012108F0B7
:10253000B3FB2846FFF7D6FE204638BD6FF00B04EC
:10254000FAE700BF08D60000C0E3000038B5044633
:10255000806F08F012FA054608F00AFA204629466C
:1025600001F0FCFA044638B10448054A012108F09C
:1025700093FB2846FFF7B6FE204638BD08D600007C
:10258000E3E300002DE9F04F95B002AF00237B613B
:102590000B7E33F080050446884616460BD0B24ABF
:1025A000B248012108F078FB6FF0040528464C374B
:1025B000BD46BDE8F08F8AB10846FFF793FE98F854
:1025C0001930DA0705D49E07F0D598F81830002B9B
:1025D000ECD12046FFF7BAFF00F095BC4A7E00F12F
:1025E0002809900705D5802B09D14046FFF77AFED0
:1025F000DCE7910700F0C784002B40F0C484D307C8
:102600002AD5B8F81030082B13D1D8F80C2013684D
:10261000A3625368C9F804304146002008F0B4F9B9
:102620007861D8B19148924A012108F035FB786968
:1026300005E08E488F4A012108F02EFB4046FFF747
:1026400051FE484608F022FB0346A069002B00F02B
:10265000D584802100F0DBBCC7F81480FFF700FCB4
:1026600094F82850844A002315F0600F8350C5F376
:10267000411375D0032B40F006846FF08505FFF7FA
:10268000EFFB7D4B1B58002B41D0002D42D10AF0AF
:1026900026FC4FF47A72A0FB020302FB0131C30B4C
:1026A00043EA41437549BFF35B8F0868BFF35B8F13
:1026B00041F287321E1A9642714A40F2EC83BFF310
:1026C0005B8F51E8006F864204D141E8003CBCF1C9
:1026D000000FF6D1BFF35B8F40F0DD83BFF35B8F5C
:1026E00052E8003F42E800510029F9D1BFF35B8F67
:1026F00023B1644A5D48022108F01CF8624A5B4835
:10270000022108F0C9FAFFF7ABFB5B4B1D58002D07
:1027100000F0D8835D4A5548032108F0BDFA6E46A3
:1027200088B002AA5A4B53615A4B93614FF400731D
:102730009383594B42F8103F58494C484B46FEF79B
:10274000B5FC15F1860FB54640F0B183544A4748B1
:10275000032108F0A1FA786900287FF470AF70E7D0
:10276000484608F093FA94F82930002840F0518147
:10277000013B0A2B81D801A252F823F01D29000049
:102780007B2600008D2900007B260000A927000081
:102790007B2600007B2600007B2600001728000017
:1027A0007B260000D3280000A069618D03697F2982
:1027B00093F880303FF661AFA28D002A7FF45DAFC1
:1027C000E28D002A7FF459AFEE067FF456AF94F8FD
:1027D0003020022A02D14FF0FF3550E71D070BD5FC
:1027E000C9B208F08EFA054648B1638D2D4A1F48DC
:1027F000012107F09FFF42E7012384F8393094F864
:102800003030012B05D1638D1BB984F830300025A1
:1028100035E70123F9E7204608F018F9628DFF2A11
:1028200001463FF62AAFE38D002B7FF426AF94F8E4
:102830002830D8067FF421AF94F83030002BCAD06E
:10284000A2BB618D94F838308B42E0D0C9B22046EB
:1028500000F00CFF638D054678B3134A0090012108
:10286000024807F071FF0AE702E4000008D6000002
:102870003AE4000023E400000C000000600E002099
:102880005C0E00200FE5000023E500004CE5000091
:102890005BD900005CE5000003000001C01C800063
:1028A00063E500005CE400007EE40000D2B2204654
:1028B00008F0D3FA0028C4D18DE7002B14BF022200
:1028C000012284F8302005211A46204608F03BFCFE
:1028D0009DE705F01F05012D7FF4CFAEE38D002BA2
:1028E0007FF4CBAE628DFF2A3FF6C7AEA18DFF29E4
:1028F0003FF6C3AE94F83030022B7FF46CAFC9B210
:10290000D2B2204608F059FB811C05467FF4B7AED1
:10291000A54AA648032108F0BFF9B0E6E38DA68DCD
:10292000002B7FF4AAAE94F83030002B3FF453AF65
:10293000012B02D1002E7FF44EAF15F01F0517D0EA
:10294000022D7FF464AFB4F82AA0BAF1000F7FF42F
:102950005EAFF6B23146204601F068F9421C0546EA
:102960003FF48DAE52463146204608F097F986E690
:10297000002E7FF430AF638D012B7FF448AF94F8C5
:102980006C3066F3C30384F86C3040E7A38DE28DAE
:10299000DEB2002A7FF471AE628D022A11D105F0F9
:1029A0001F0535434FEA13217FF467AEA06901226A
:1029B00008F084F900287FF460AE012384F83930F0
:1029C00025E794F8301000293FF405AF012902D122
:1029D000002B7FF400AF15F01F050FD0022D7FF400
:1029E00016AF002A7FF413AF3146204601F0FCF801
:1029F000431C05463FF443AE0122B4E7002B7FF4AD
:102A0000EAAE012A7FF403AF94F86C3043F0080378
:102A1000B9E70A2B64D8DFE813F00B00630063000A
:102A20006300630063003A00630001026300160262
:102A3000E38D022B54D194F83030002B50D0012B71
:102A4000A18D01D100294BD115F01F050ED0022D0B
:102A500017D000260221204608F02CFB054618B1AD
:102A600031460C3007F0B3FF7D61D0E6002937D145
:102A700094F86C309E0806F00206C3F300131E4360
:102A8000E8E7C9B2204608F039FB0646E2E7668D62
:102A9000ED064FEA1621F6B208D0002307F128010F
:102AA0002046BB6208F049F9BD6ADDE701390E290D
:102AB00016D8DFE811F00F003300A1001500150053
:102AC0009D009D001500150015001500150015004E
:102AD00015004001204607F0B9FF18B101281AD0AF
:102AE0000025C1E7D4F870A0BAF1000FF8D0E68D48
:102AF0009AF800309E4228BF1E463146204608F014
:102B0000D9FA05460028AFD03246514605F10C00EF
:102B100007F04CFFA8E7D4F874A0E5E7204607F0DB
:102B200095FF751CF8600146EAB2204608F06DF981
:102B3000064630B91E4A1D482B46012107F0FAFD12
:102B4000CEE7D0F804A0E18DBAF80220914228BF68
:102B50001146204608F0AEFA05460028C0D0018A8A
:102B6000428A00F10C0B521AC1684069091A521AC4
:102B70009AF800108A4228BF0A465846514607F084
:102B800015FFF6684EB9298AE38D99427FF66CAF3E
:102B9000C91A584607F025FF66E770688268126B0D
:102BA00042B93668EEE700BFA1E4000008D6000095
:102BB000C7E40000F96890470028F2D0A0F1040AA9
:102BC0005AF8041F0029ECD00B78002BE9D06A8A50
:102BD000288AA2EB000C6A69E868801AACEB000254
:102BE00093428CBF92B21A46584607F0DFFEE7E7E1
:102BF000204607F02BFF73E732460321204607F0FB
:102C0000A3FF824600283FF46BAF08F03AF8E58D49
:102C10009AF81530C0B99AF8146087F8286087F8D8
:102C20002930DAF81030AE4228BF2E461B887B854B
:102C30003146204608F03EFA054600283FF450AFE2
:102C4000324607F1280161E7BA4A7B74DAF80830A6
:102C50001A40B94B4FF0000B9A4287F810B05AD186
:102C6000102107F1180009F044F8061E3ADB07F1BD
:102C70002802102EB14807F11801924628BF1026ED
:102C8000B34502F1020236D3B6000236F6B23E7404
:102C9000AE4228BF2E463146204608F00BFA0546C4
:102CA00000283FF41DAF022EB34600F10C0328BFED
:102CB0004FF0020B5A46A6EB0B06184607F110011F
:102CC000FB60D34607F072FE73080AEB5602934589
:102CD00027D1F0077FF5C8AE1AF80310F86807F09F
:102CE0006EFEC1E658367FF4FBAE954A9548012149
:102CF00007F0D2FFF4E611F8013B4FEA131C03F092
:102D00000F0310F80CC0C35C02F802CC02F8013CBF
:102D10000BF1010BB4E79AF814603E74DAF810A0D6
:102D2000B6E71BF8011BF868C7E9013207F04FFE50
:102D3000D7E90132CBE7204607F088FE20B1012811
:102D40007FF4CEAE636F00E0236F002B3FF4C8AE7C
:102D50005B88B3F5007F7FF6C3AE7B4BBB6200237D
:102D600087F82C30E36C04F14C0B9B4508BF002323
:102D70007A8D83B1597D0F2907D1197D0A447A854F
:102D800097F82C20013287F82C20226D9A4201D02E
:102D90001B68EDE77A8DE68D964228BF16463146D0
:102DA000204608F087F9054600283FF499AE97F8C9
:102DB000282000F10C0AB24228BF324607F1280150
:102DC000504607F0F3FD97F82830B34294BFF61A47
:102DD000B61B002E3FF448AEE36C5B453FF444AEB7
:102DE000002B3FF441AE5A7D0F2A11D11A7D19698B
:102DF000FB60B24228BF3246504607F0D7FDFB6861
:102E00001A7DB24294BFB61AB61B002E3FF42CAE08
:102E1000226D9A423FF428AE1B68E1E794F8303007
:102E2000002B3FF45DAEE18D01297FF459AE94F89B
:102E30003860204608F03EF9054600283FF414AEFD
:102E400031460C304BE705F01F05012D7FF448AEED
:102E5000204607F0EEFF00283FF442AEA38D426803
:102E6000FF2B3FF63DAE12799A42FFF439AEDAB24B
:102E70000F2A3FF635AEE18D01297FF431AE2344B0
:102E800093F83A60D5E707F11401204607F055FFA3
:102E90000546FFF7F4BBBFF35B8F52E8003F0133F9
:102EA00042E800310029F8D1BFF35B8F2BE40135F4
:102EB0007FF451AC94F83030244A2248032107F0C3
:102EC00039FC48E498F81930E28DD90708D4EAB9FA
:102ED0002046FFF71BFB00287FF4B3ABFFF779BB5D
:102EE000484607F0D3FE0028F1D1002AF0D0294649
:102EF000A06908F0E0FC0146786100283FF4A1AB2E
:102F0000204600F02BFE0546FFF750BB484607F071
:102F1000BDFE7D6918B92846FFF7E4F9D8E7002D12
:102F20003FF48FAB2946204600F018FE80B12846BA
:102F3000FFF785BB00FF0200000302001FF2000044
:102F4000EDE4000008D60000050F050071E5000063
:102F5000A069036993F8801011F004017FF439AB84
:102F600008F0BDFC054600283FF46BAB0146204647
:102F700000F0F4FD00283FF42CAB274A274801213C
:102F800007F08AFED3E752077FF55BAB002B3FF4D7
:102F90002CAB4046FFF7A6F994F83930002B3FF4EC
:102FA00005AB94F82930052B0CD1618DA069C9B20D
:102FB00007F0A7FE064628B1638D194A174801217C
:102FC00007F0B8FB94F82930032B11D1638D022B45
:102FD0000ED1A18DA0690D0A0022294607F06EFED0
:102FE000064628B10F4A0D482B46012107F0A2FBE7
:102FF000002384F839303546FFF7D8BAE38D002B2B
:103000003FF427AB7969003918BF0121C90108F0E5
:103010008CFBFFF7DEBA00BF92E5000008D6000087
:103020005CE40000B6E500000B78062B10B414D168
:103030000369D3F89C20EFF31184202383F31288D3
:10304000BFF36F8F4B6800201860506A58B9C2E90F
:10305000083384F31188BFF36F8F044810BC00223B
:10306000002309F090BC03605362F2E79004002053
:1030700030B589B000220023CDE9062300246FF08B
:103080000703CDE90334CDE901441A4B1A490094F2
:103090004FF48062194805F09FF91949174809F063
:1030A000E8FD184B18498B4207D3184B18490020EC
:1030B0008B4210D3002009B030BD03F11402BFF3DE
:1030C0005B8F52E8000F42E80045002DF9D1BFF3B5
:1030D0005B8F1833E7E703F11402BFF35B8F52E80D
:1030E000004F42E80005002DF9D1BFF35B8F183384
:1030F000DEE700BF6D31000098170020700A002045
:103100008DDB00008C050020A4050020A405002014
:10311000A405002038B50D4607F08BFE30B9114AE2
:103120001148BDE83840012107F0FBBAC46804B972
:1031300038BD2B78032B05D0052B0ED0022B08D0E1
:103140002468F4E7606883685B69002BF8D09847CF
:10315000F6E7606883689B69F7E760688368DB6906
:10316000F3E700BFDDE5000018D600002DE9FF41C0
:1031700020274FF0FF336B484FF0FF3201A904F0D6
:103180008FFC039B1B69D3F89C40236A93B1EFF338
:10319000118287F31288BFF36F8F216A29B1606AA9
:1031A0000B682362814208BF636282F31188BFF318
:1031B0006F8FC9B99DF80430062BDAD0072BD8D809
:1031C00001A252F823F000BF0D32000001320000CE
:1031D000353200001332000069320000573200001F
:1031E00073310000153300000B7ED1F81E205D0600
:1031F000204602D1FFF7C6F9C7E707F06CFEC4E727
:1032000000220121204607F09EFFB2E7002211466E
:10321000F8E794F86C3043F0040384F86C3094F8C9
:103220003030022B03D101A92046FFF773FF0022A3
:103230000321E7E794F86C3023F0040384F86C3042
:1032400094F83030022B03D101A92046FFF762FF2A
:1032500000220221D6E794F83030022B89D101A94F
:103260002046FFF757FF84E794F86C30A66923F0F7
:10327000040384F86C30D6F808803369BFF35B8FA1
:10328000D3F8A030BFF35B8F9A071ED5D8F83C3037
:1032900030469847D8F82430002130469847D8F86F
:1032A000403005463046984795B11F4A1F480121D6
:1032B00007F037FA00220421204607F044FF002DD2
:1032C0003FF457AF2A4607219CE74FF0FF35ECE764
:1032D0002946204600F0CAF9054608B1144AE5E738
:1032E000A06908F01BFB0346124A1048032107F0AF
:1032F00021FAA06908F012FB831E5842584194F845
:103300006C3084F8305023F0680343EA401384F8AB
:103310006C30CFE7084A0548012107F002FA029A0B
:1033200006216FE7900400200CE6000018D600008C
:103330003AE6000066E600007DE6000038B5024689
:103340000C490546806908F04FFB044630B10A4A33
:103350000A48012107F0E5F9204638BD85F8380014
:10336000284600F04FF804460028F5D0A86908F078
:103370006EFBF1E7293000008DE6000018D6000052
:10338000F8B501231D460C68002C35D063F07F0290
:10339000D6B202F07F02103224FA02F7FF0716D5E8
:1033A000046824FA02F7FF0708D433461348144A86
:1033B000012107F0BFF96FF01500F8BD05FA02F220
:1033C00024EA020404600C6824EA02040C60DC4075
:1033D000E6070ED5026822FA03F4E40700D4E5E715
:1033E00005FA03F422EA040202600A6822EA0402EF
:1033F0000A600133102BC6D10020DEE740D6000062
:10340000B4E600002DE9F04F8369026F1B6993F861
:103410008030C3F34113022B8FB083460ED0032BB1
:103420000ED0012B0CBF10230823D371DBF854807E
:103430000027B8F1000F05D14446DDE02023F4E772
:103440004023F2E7D8F80430D8F80C5002930C97D8
:103450000497BDB9049B029A09339BB293701B0A6F
:10346000D37017715388764A009376483B46032100
:1034700007F06AF9D8F80C40002C40F0D380D8F857
:103480000080D5E7686883681B6B00240D94002BCF
:1034900000F0B98021469847002800F0B480C5E9C3
:1034A0000344031F03933E46039A52F8043F0392DA
:1034B0000BB11A789AB9BE4240F2A280EB680D9A1D
:1034C0001343EB60686883689B6A002B00F09D8063
:1034D00098470446002800F09B805B4A80E05A78B9
:1034E0000B2A08BF9E70039B1B685A78042A10D1D0
:1034F000EA680D990A43EA60DA78002A60D19E7082
:103500002B690122B240134301362B61F6B200232E
:103510000D93039BD3F8009099F80130052BC3D18C
:10352000DBF8183008936FF012044FF0010A99F895
:10353000052099F8043043EA0223ADF82E300C9BA5
:10354000069399F90230069A002B5FFA8AF1BBBF05
:1035500041F080014BB24FFA8AF30793B9BF21F0D3
:103560008003103307935346DA40D2072FD40D9AC5
:10357000059222FA03F3DB0729D499F8063099F86B
:103580000320089800930DF12E03099108F042F8EA
:1035900009990446D8B9079B89F80210002BBCBFD3
:1035A00021F08001103101238B4006980599BDF868
:1035B0002E20A9F8042019431843CDE90C0173E724
:1035C000721E9A700DA90CA8FFF7DAFE9FE70AF1A8
:1035D000010ABAF1100FAAD1002C3FF465AF1B4AC3
:1035E0001848012107F09DF8D8F804305B79184A93
:1035F0001448012107F09EF820460FB0BDE8F08F77
:103600006FF01504EBE73E465CE76FF0850464E776
:103610000146686807F02FFC049B2D68034404935F
:10362000374616E7E368A36004F10C010CA8FFF726
:10363000A7FE08B924681FE76FF01504D4E700BFA0
:1036400019E7000040D60000F5E60000D1E60000D2
:103650003BE7000008B5034A0348032107F0CAFB13
:10366000002008BD68E7000000D600002DE9F04109
:1036700005460E4607F0EAF995F8383080463BB328
:10368000284607F0D6FB0746F8B10146284607F062
:1036900042FC10220446002105F13A0009F005FD24
:1036A000002385F83830FF6847B98CB1194A1A48A9
:1036B000012107F09FFB2046BDE8F0817868836810
:1036C0005B6A03B198473F68EEE76FF03C04EDE7B3
:1036D0001EB985F838600024EDE732464146284699
:1036E00007F093FB074690B10246284607F03DFCE1
:1036F00004460028DFD185F83860FC68002CEAD049
:10370000606883681B6A03B198472468F6E76FF026
:103710003C04D0E78EE7000000D60000F8B5044670
:103720000E465768154607F067FB94F86C30D907CA
:103730000BD53A4A3A48012107F05CFB6FF00F06BF
:10374000201D07F060FB3046F8BD012E07D1354A39
:103750003348012107F04EFB6FF08506F0E7FB7957
:103760009A0607D5A3691B6993F880309B0701D49B
:103770002D4AEDE7C6B9E36D53B9626DB2B9236F57
:103780006A685B7C0133DBB25371226F53741FE0B4
:103790009D4207D1254A2248012107F02BFB6FF0FB
:1037A0001506CDE71B68E7E7214AD1E7954222D10C
:1037B0002A68D3B9A36D62659D4200D1A26500233A
:1037C0002B606B685B791B4A1548022106F0B2FF3B
:1037D000A968B9B1204607F0D1F9064670B1164A7A
:1037E0000F48012107F006FBAAE71A60A26D954277
:1037F00008BFA365E3E713461268BFE7A86807F0B0
:1038000040FAB87100232B60A36D1BB9C4E91555AC
:10381000002695E71D60A565FAE700BFEBE700000D
:1038200000D600000DE80000ACE700003BE8000017
:1038300058E8000078E8000095E8000080B500AF87
:1038400088B06A46094BCDE905304FF40073ADF8F6
:103850001C30074B42F8103F064800234FF4E2515A
:10386000FDF724FC0020BD4680BD00BFCCE8000071
:103870000300000110D6000070B5054681B128464E
:10388000FFF7DCFF0024204670BD636828461968F6
:10389000FCF736FC0028F6D01834B442F5D3EEE736
:1038A000014C024EF9E700BF8C050020A405002062
:1038B00070B501F07F0311F0800F18BF10330125A0
:1038C0009D4090F83030022B044606D00C4A0D483B
:1038D000012106F026FF002070BD90F8386007F047
:1038E000B5F832460146204607F08FFA0028F2D09C
:1038F000C0680028EFD083681D42EDD10068F8E76A
:10390000EAE8000010D600002DE9F8430546084615
:10391000114616461F46FFF7AFFF044600284AD05F
:10392000284607F0A1FA95F86C30DA0702D5234A49
:1039300001210CE0D4F8048004F11409BFF35B8F7B
:103940006369BFF35B8FDB070CD51D4A02211D485D
:1039500006F0E7FE6FF00F04281D04F077F920460B
:10396000BDE8F883D8F804301BB1AB4201D0164A49
:10397000DEE73A463146284607F047FAC0B1002351
:10398000236003698BB9C0E90344BFF35B8F59E837
:10399000003F43F0010349E80032002AF7D1BFF3AA
:1039A0005B8F0024C8F80450D6E71C600461ECE784
:1039B0006FF03C04D0E76FF01204D0E7EBE70000B3
:1039C0000FE9000010D6000031E900002DE9F84FA2
:1039D000814600AF16469846002938D06FF085041E
:1039E0002046BD46BDE8F88F6C68B8F1000F04D0E2
:1039F000A8F1040B5BF8041FF9B9216833460022D3
:103A00004846FFF781FF0446E0B16B686D468AB017
:103A10001B686A4610490796CDE905134FF40073F9
:103A2000ADF820300D4B42F8103F0D4800234FF405
:103A30001151FDF73BFBAD46D2E72068FCF760FB78
:103A40000028D7D118355545CED30024C8E7054DF9
:103A5000DFF814A0F7E700BF66E9000004000001EA
:103A600010D600008C050020A40500202DE9F04FA1
:103A700083B000AF4C687B6097F830303B600E46F7
:103A80008146904606F0E2FFA3681B6B014633B9FE
:103A90006FF0150420460C37BD46BDE8F08F204678
:103AA00098470028F4D0051F002306F10C0A55F8AA
:103AB000041F09B10A781AB9BBB96FF03C04E9E7F1
:103AC0004A78042A13D183B98A7878688242EED181
:103AD000CA7838688242EAD10B790BB10123E6E754
:103AE0001B4A1C48032106F01CFE0024D2E7052ACD
:103AF000DDD1002BDBD0B8F1010F91F802B009D075
:103B0000B8F1020FEAD1D9F818005246594607F029
:103B1000BBFA04E0D9F81800524607F099FA0446B7
:103B20000028DBD06D468AB0F3686A460A490990DE
:103B3000CDE907B30623CDE9051842F8103F054843
:103B400000234FF44151FDF7B1FAAD46A2E700BFA3
:103B50009EE9000038D60000BBE900002DE9F041E5
:103B60000B7E0C465906054637D16BB306F0A7FF0E
:103B700040B11B481B4A012106F0D3FD4FF0FF3036
:103B8000BDE8F0812846D5F87080268AEF8D06F0D2
:103B90005DFFF8B1421E534253419B01228A9AB104
:103BA000BE42E98D324628BF3A4691420CD9B2FB5B
:103BB000F3F103FB11223AB994F91830002BBEBF80
:103BC000637E43F008036376A8692146BDE8F041AF
:103BD00007F005BE98F80730E0E76FF01500CFE773
:103BE00030D60000F7E9000070B5064680690C4643
:103BF00007F09BFD054638B10A4A0B4823460221CF
:103C000006F098FD284670BD14F0800F18BF24F010
:103C10008004736B4FF0010218BF1034A2401A43A6
:103C20007263EFE70BEA000030D6000070B505467E
:103C300080690E4607F0A3FD044638B1064A0748DE
:103C40003346022106F076FD204670BD314605F16F
:103C5000340007F0EEF9F7E722EA000030D6000062
:103C600070B50646EFF31181202383F31288BFF36A
:103C70006F8F1B4D2A6881F31188BFF36F8F5268D5
:103C800092F86C20D20705D4BDE8704021220023B1
:103C900004F0C6BAEFF3118283F31288BFF36F8F7B
:103CA0002C682CB1696823682B608C4208BF6B605C
:103CB00082F31188BFF36F8F44B1606804F108018B
:103CC000C36998470748214608F00DFE2B6833B1B9
:103CD00030460022BDE87040002304F069BA70BD90
:103CE000640E00206004002030B585B0CDE90012DC
:103CF000054600221448002303A903F03DFE0246B6
:103D0000E8B9039BDDE900015D60083383E8030047
:103D1000EFF31180202383F31288BFF36F8F039B8F
:103D20001A600A4A516861B9C2E9003380F3118808
:103D3000BFF36F8F06480022002304F039FA05B064
:103D400030BD0B605360F1E760040020640E00207A
:103D5000000000202DE9F04105691446AA6BD388C4
:103D6000528900AF9B1AE8468AB00E469BB26A465B
:103D70000D49CDE907430523CDE9051042F8103F71
:103D80000A484FF423510023FDF790F92246A86B0F
:103D9000C546314606F0FEFB10B1012385F83D30E3
:103DA000BD46BDE8F08100BF4CEA0000F8D5000038
:103DB00038B5034640681B695D68AC68A37A84F82F
:103DC000223094F82D3084F82330A376696849B105
:103DD000237C3BB906F0D2FE30B1064A06480121E9
:103DE00007F03BFA002038BD686806F04AFF2074EF
:103DF000F8E700BF6AEA0000F8D5000073B504696F
:103E00008DF807102025EFF3118685F31288BFF394
:103E10006F8F0122206C0DF1070106F09BFB86F3EA
:103E20001188BFF36F8F012816D008F01CFFE8B18E
:103E3000124BBFF35B8F012253E8001F002903D10F
:103E400043E800200028F7D1BFF35B8F04D10C4A70
:103E50000C48022107F001FA237F2BB12122002315
:103E600004F1480004F0A4F902B070BDA37E002B59
:103E7000DED00021212008F0DAFFC4E76C0E00201C
:103E800094EA0000F8D5000008B50369186900211C
:103E90000177883007F057FA012107F054FA034AF6
:103EA0000348BDE80840032107F0D7B9B3EA000092
:103EB000F8D500002DE9F04750F8483C00F14006E5
:103EC0005B680546002130461F6807F0BDF90028F1
:103ED00066D00121304607F0B7F9814630B1314A4A
:103EE0003148BDE8F047032107F0B7B955F8083C61
:103EF0005A89DB889A4203D115F82D3C002B4FD00C
:103F0000BFF35B8F56E8004F44F0200346E80032D1
:103F1000002AF7D1BFF35B8F14F0200440D13B6936
:103F20005B689B68402293F83610384607F0C7F864
:103F3000804650B93046052107F005FA284621226F
:103F4000BDE8F047002304F033B915F82C3C33B139
:103F5000428AC16855F8080C06F01CFB044621464D
:103F600008F10C0006F01CFD2CB104F03F04B4FA7B
:103F700084F94FEA591905F82D9C4146384607F057
:103F8000A2F868B10121094A074807F066F94046DE
:103F9000FEF7A8F930460521BDE8F04707F0D3B990
:103FA000BDE8F087CAEA0000F8D50000F8EA000092
:103FB00038B505690E492B6C0024C3E90144DC6067
:103FC000AB6B05F14800C3E90144DC6008F03FFE3B
:103FD00005F17800074908F00EFE074905F12800B1
:103FE00008F009FE284607F0CFF8204638BD00BF8C
:103FF000B53E00007D4200004943000040297FB5E6
:1040000039D00DD8102938D006D8012971D0082907
:1040100035D06FF015042BE02029FAD1042308E0F5
:10402000B1F5807F2DD0B1F5007F2CD08029F0D163
:10403000102304699BB2E1893AB30B4342F2A10118
:104040004FF40032E381CDE901120669ADF80C307E
:1040500043681C6806F188030021184607F0F4F84D
:10406000B0B9254A2548032107F0F7F86FF00C0492
:10407000204604B070BD0823DBE70223D9E7012303
:10408000D7E72023D5E74023D3E721EA0303D5E789
:104090000121184607F0D8F808B1194AE2E7236968
:1040A0005B689B680A2293F82610204607F007F801
:1040B0000546D8B10A2201A90C3006F077FC20464B
:1040C000294607F000F8044618B12846FEF70AF919
:1040D000CEE74FF0FF324FF0FF3306F18C0003F0D4
:1040E00071FE0B3008BF6FF08B04C1E76FF00B045B
:1040F000BEE70024BCE700BF0AEB0000F8D50000D3
:104100002BEB00002DE9F04383B00D460169D0F898
:1041100004800C692B7E02AF0646002A39D0298A1A
:10412000713250480CBF504A504A00910CBF0221D6
:10413000012106F009FB33692A7E5B689B6893F8CE
:104140003D309A4204D1042104F1880007F0FBF8C5
:1041500033692A7E5B689B6893F836309A4204D1B3
:10416000052104F1880007F0EEF833692A7E5B68C8
:104170009B6893F826309A4203D104F18C0003F037
:1041800047FE2946404606F0B6FF0437BD46BDE867
:10419000F0834A68926892F83D209A422AD1E94613
:1041A00088B002AA324B5361298A324B93614FF493
:1041B000007393830905304B42F8103F41F4E651F8
:1041C000EB682848FCF772FFCD462A8AE968A06BA5
:1041D00006F0C0F928B1236A1BB104F1280003F0EE
:1041E00077FF04F18800042107F0ADF804F17800AE
:1041F00003F06EFF33692A7E5B689B6893F8363064
:104200009A4215D1236A1BB104F1280003F060FF24
:10421000052104F1880007F096F8237FABB900234D
:1042200040F6CD4204F1480003F0C2FF012323779A
:1042300033692A7E5B689B6893F826309A42A0D146
:1042400004F18C0003F088FD9BE7236CDA885B891E
:104250009A42EDD00022002304F1480003F0A8FFA9
:10426000E6E700BFF8D500004CEB000070EB000063
:104270005BD90000AEDD00000300000138B550F846
:10428000783C5B681D6800F1100302460021184667
:1042900006F0DAFF30B9274A0321BDE83840264846
:1042A00006F0DBBF0121184606F0CEFF0028F2D150
:1042B00052F8401C8A8888890969121A92B28A1AAF
:1042C0003F2A01D81D4AE7E7BFF35B8F53E8002F71
:1042D00042F0100143E800100028F7D1BFF35B8FD4
:1042E000D30602D5164A0221D7E72B695B689B6883
:1042F000402293F83D10284606F0E1FE0446C0B186
:10430000438A402B28BF402343820146284606F0BB
:10431000DAFE70B12B695B689B6893F83D30064804
:10432000084A012106F006FA2046BDE83840FDF7AC
:10433000D9BF38BD91EB0000F8D50000BFEB0000FD
:10434000DDEB0000FDEB000038B550F8083C0446FA
:1043500033B92C4A2C48BDE83840012106F07DBF16
:1043600050F8283C5B6800F160051A6800238382DE
:1043700083830221284606F067FFB8B154E9023171
:1043800010699847637D1BB104F1500003F0A0FE53
:104390000521284606F058FF98B9637F6BB10022CB
:1043A000002304F1200003F003FF0AE00321284664
:1043B00006F04AFF0028E1D1E4E714F80D3C002B99
:1043C000EDD10221284606F03FFF38B12369DA8893
:1043D0005B899A4202D0204603F07AFE03212846E8
:1043E00006F032FF60B1A2699388918912695B1A65
:1043F0009BB29A4204D02046BDE8384003F068BE24
:1044000038BD00BF22EC0000F8D500002DE9F843CC
:104410000546D0F8108000AF1646EFF3118920232F
:1044200083F31288BFF36F8FD8F8400006F092F83C
:10443000044689F31188BFF36F8F10B1012388F808
:104440004530D8F840209388918912695B1A8AB068
:104450009BB2D31A6A460949CDE907630523CDE922
:10446000051542F8103F064800234FF42351FCF78E
:104470001DFE2046BD46BDE8F88300BF3AEC0000B3
:10448000F8D5000010B50469BFF35B8F04F1880311
:1044900053E8001F41F0080143E80012002AF7D159
:1044A000BFF35B8F226C9388918912695B1A9BB270
:1044B0009A420AD00548064A032106F0CEFE04F1CE
:1044C0002800BDE8104003F003BE10BDF8D5000081
:1044D00062EC000038B50469BFF35B8F04F1880516
:1044E00055E8003F43F0040345E80032002AF7D1C5
:1044F000BFF35B8FA36B5A89DB889A4208D00D48C3
:104500000D4A032106F0A9FE04F1280003F0E0FDA6
:104510000421284606F098FE50B90648074A0321B0
:1045200006F09BFE04F17800BDE8384003F0D0BDF2
:1045300038BD00BFF8D500007DEC000098EC00000D
:1045400070B506693469BFF35B8F04F1880555E8DF
:10455000003F43F0010345E80032002AF7D1BFF3E2
:104560005B8F0E480E4A032106F077FE0221284693
:1045700006F06AFE10B13046FFF7ACFF236A1BB9A4
:1045800004F1780003F0A4FD0123E37604F1480070
:104590000022BDE87040002303F00ABEF8D50000F9
:1045A000B4EC0000F8B5036900AF0C4603F1A005B8
:1045B000BFF35B8FD3F8A030BFF35B8FC3F38003EF
:1045C000994218D1184A194B6E4688B0002918BF75
:1045D00013466A461649CDE905134FF40073ADF84A
:1045E0001C30144B42F8103F134800234FF4E451A1
:1045F000FCF75CFDB546BFF35B8F5CB155E8003F4F
:1046000043F0040345E80032002AF7D1BFF35B8F83
:10461000BD46F8BD55E8003F23F0040345E80032ED
:10462000002AF3D0F6E700BF2CEE0000EFEC00000C
:10463000F6EC000003000001E8D500002DE9F0478A
:104640000546D0F808A0894690461F4606F01CFF94
:104650000446C0B1067DF30709D5037E1648174A04
:10466000012106F067F86FF07700BDE8F0873B4660
:104670004246494606F0C0FE40B9237E104A0E4825
:10468000012106F057F86FF01200EEE79DF8203098
:1046900084F8198026F00606678323772675DAF8F2
:1046A0001830214628469847227DB0FA80F35B09EE
:1046B00063F300022275D8E7E8D5000008ED00009A
:1046C00022ED000070B50546866806F0DDFE044662
:1046D000D0B1037DDB0708D4037E0D480D4A0121CC
:1046E00006F028F86FF0770070BD0146F3692846A0
:1046F000984738B1237D03F00103227D63F3000264
:104700002275F1E70346F8E76FF01200ECE700BF0F
:10471000E8D5000044ED0000F8B587680546FB6B5E
:104720000C469847286906F09DFED0B121462846E0
:1047300006F0AAFE0646B8B1037D9B0705D0037EAE
:104740000B4A0C48032105F0F5FF346824B1BB681F
:10475000314628469847044628463B6C98472046F1
:10476000F8BD4FF0FF34F7E76FF01204F4E700BF35
:104770005FED0000E8D500002DE9F341D0F8088096
:104780001746D8F83C3005460E4698470C4800229C
:1047900000233946FDF728FD044670B9094A0A4846
:1047A00000963B46012105F0CFFF2846D8F840305F
:1047B0009847204602B0BDE8F0810676F5E700BFD5
:1047C000EC04002080ED0000E8D5000010F0080F98
:1047D0000B4B42B20CD100F00F00002A4FF0140234
:1047E00002FB0033B4BFD3F80806D3F808077047BC
:1047F000002AB4BFD3F8A806D3F8A807704700BFB3
:1048000000700240F8B50246EFF31181202383F3D4
:104810001288BFF36F8F00F0080507F051F90124EB
:10482000844057066FEA04061BD0D5B9174F3B6882
:1048300023FA00F0C00714D533403B6053B2DB438A
:1048400022F08000DB0F00F2DA301B0103EB4003A3
:104850000F48C0F80038D0F8043843F00203C0F81D
:1048600004380C4803683340036035B90A480368CC
:10487000120654BF334023430360054BC3F86C4416
:1048800081F31188BFF36F8FF8BD00BFC80E002001
:1048900000700240CC0E0020D00E0020EFF31180FB
:1048A000202383F31288BFF36F8F0A4BD3F8001CC9
:1048B000032261B949F27531C3F8001CC3F8142D05
:1048C000C3F8001C80F31188BFF36F8F7047C3F8E3
:1048D000142DF7E700E00640EFF31180202383F367
:1048E0001288BFF36F8F0A4BD3F8001C61B949F2ED
:1048F0007532C3F8002CC3F8141DC3F8002C80F3E4
:104900001188BFF36F8F70470022C3F8142DF6E7AC
:1049100000E0064070B5024607F0D2F8EFF31185CB
:10492000202383F31288BFF36F8F531E0124062BBD
:1049300004FA00F40FD80E4E0E4B31681B680B437F
:10494000C34013F0010306D10B4802F594722143D2
:1049500040F822303160094A136823431360084B42
:104960008022C3F8042185F31188BFF36F8F70BDD7
:10497000C80E0020D00E002000700240CC0E002097
:1049800000E100E0F8B50306044623D410F0080760
:1049900020D100F00F02920002F1804202F51C3299
:1049A000D2F84434B3B1EFF31186202383F3128895
:1049B000BFF36F8F07F084F8084DC2F8A07401238D
:1049C00003FA00F12B6823EA01032B6086F31188B8
:1049D000BFF36F8F024BC3F81845F8BDD00E00200F
:1049E0000070024010B591F91800154B0A7E00289E
:1049F000B4BFD3F81045D3F8144502F00F020123D9
:104A0000934023420DD10E4A0028B5BFD2F81005BD
:104A1000D2F8140503430343B4BFC2F81035C2F8FB
:104A200014350B7E1A0709D4054AC2F80C3543F435
:104A30008073C2F80C35087EFFF7A4FF002010BD7C
:104A4000007002400B7E064A13F07F0F0BBF01235C
:104A500043F480735365C2F818350020704700BFD7
:104A60000070024070B506460D4606F00DFD044686
:104A700006F013FD28BB204606F032FD08B3802D5A
:104A800016D1437E9A0744BF0E4A15705B070FD5B7
:104A90000D4B1B7813B90D4B01221A65204606F009
:104AA0001BFD002201463046BDE8704006F031BDD6
:104AB0002846FFF72FFF20460121BDE8704006F091
:104AC000F0BC70BD4A1400204F140020007002405A
:104AD00038B50C4606F0D8FC054606F0DEFCB8B941
:104AE000284606F0FDFC98B14CB9437EDA070FD496
:104AF0009B0704D5074B1C70074B0122DA64204644
:104B0000FFF708FF28460121BDE8384006F0C9BC80
:104B100038BD00BF4A1400200070024008B5054AA5
:104B20000548032106F0D4FF07F018FE02F0DAFC76
:104B3000002008BDAEED0000F0D5000010B54468BF
:104B4000206801F0ADF8104B1860104B1B782BB1AA
:104B50000F4B00221868114606F0CFFC00220121FD
:104B60002720FDF78FF8201D02F08AFC04F10800D1
:104B700002F0C4FC07F0EBFD064A0748032106F0EB
:104B8000A7FF002010BD00BF800E00204C140020A5
:104B9000D40E0020B7ED0000F0D50000012810B5BC
:104BA00003461AD002280AD000BB144B0246014625
:104BB000186806F0A2FC124B01221A700CE0114B8F
:104BC000114C00221A70114BC4F800332720FDF756
:104BD00029F80123C4F8043510BD084B0022014612
:104BE000186806F08AFC064B0022E6E7084A0948E6
:104BF000BDE81040012105F09DBD00BFD40E00208E
:104C00004C1400204B14002000700240FDFFDF0117
:104C1000C3ED0000F0D500000146014808F01ABAC3
:104C2000D804002008B5054B1970054B1B7813B14B
:104C30000420FFF7F1FF002008BD00BF4D14002045
:104C40004E14002010B50469087E0D4A06F038FFA6
:104C5000012303FA00F013680343136003F0B4FE6A
:104C60004020FFF7D9FF4FF0FF324FF0FF3304F140
:104C70008401044803F010FB03F0BAFE002010BDCD
:104C8000C40E0020E40400202DE9F043064689B05C
:104C900007694D4A4D48032106F01AFF4C4B1E6030
:104CA00007F1840007F07EFE00220023CDE90623F1
:104CB00000246FF00703CDE90334CDE90144454BEF
:104CC000454900964FF40072444803F085FBDFF835
:104CD00010814449414807F0CCFFD8F81020424BDE
:104CE000134043F4820343F04003C8F81030C14638
:104CF00088F818404146304606F0D8FB3B4B3C4A0A
:104D0000054678B13B4A3148012106F0E1FE2846CC
:104D100009B0BDE8F083016919401143016108F150
:104D20002008E5E70134092C10D009EB4410082CC9
:104D3000817C41F040018174EDD1D9F810112E48E9
:104D400008402E490143C9F81011E8E72C4C2D4BBF
:104D50002269134043F4041343F040032361804667
:104D6000A14668F07F0121763046214606F09EFB81
:104D70001E4B1F4A05460028C4D108F10108B8F1AE
:104D8000090F17D009EB4810B8F1080F817C41F0EA
:104D90002001817408D1D9F810111748084017492B
:104DA0000143C9F8101103E0016919401143016181
:104DB0002034D6E797F8803023F0760343F076036B
:104DC00087F88030A3E700BFDAED0000F0D50000DF
:104DD000D40E0020B14E0000981B0020F80A0020DD
:104DE000F80F0020E2ED00000000BEFF0000F9FF18
:104DF00040000600EBED00000000F7FFFF01080097
:104E0000D80E00200000DEFF10B50C4620461146EB
:104E100006F068FB207E06F053FE0146034806F0CC
:104E200059FE0120FFF7F8FE002010BD1C110020E4
:104E300008B5064A0B7EC2F80C3543F48073C2F8FD
:104E40000C35087EFFF79EFD002008BD0070024073
:104E500010B50C7E4FF0FF324FF0FF33114802F0D7
:104E6000B1FF2046FFF7CEFC04F00F020123934070
:104E70000D4A14F0800F14BFD2F81015D2F8141593
:104E80006FEA030315BF0B400B40C2F81035C2F8A0
:104E90001435044802F060FF044B8022C3F804215B
:104EA000002010BDB80400200070024000E100E0C6
:104EB0002DE9F04FB44D85B004464FF0FF384FF068
:104EC000FF390022CDE900894FF0FF31AF4808F0EB
:104ED000C8F8AE484FF0FF3108F0BFF80746380772
:104EE00033D5AB4AAB48032106F0F2FDAA4842464F
:104EF0004B4602F067FFEFF31182202383F3128801
:104F0000BFF36F8FA54B1B787BB1D5F8003413F43A
:104F100000730AD10121C5F82C15D5F82C15D5F848
:104F20000014890548BFC5F82C3582F31188BFF3FA
:104F30006F8F994802F010FF01212046FFF732FBE6
:104F400000220321204606F0D8FAFE060DD5944A29
:104F50009048032106F0BCFD00212046FFF722FB0C
:104F600000220221204606F0C8FAB8060DD58D4A67
:104F70008848032106F0ACFD00212046FFF712FB14
:104F800000220221204606F0B8FAB9075CD4FA07DD
:104F900010D5BFF35B8F844B002253E8008F43E8AA
:104FA00000210029F9D1BFF35B8F0126B8F1000F72
:104FB00040F0AB8079072FD5D5F88004C0B28DF8CA
:104FC0000800D5F88414C9B28DF80910D5F88834D2
:104FD000D5F88C2443EA02239BB2ADF80A30D5F809
:104FE0009024D5F8946442EA0622ADF80C20D5F856
:104FF0009824D5F89C6442EA062292B26B4EADF832
:105000000E20002840F09A80052940F09780012169
:105010003170002A00F09E807B067FF54EAF20693C
:1050200084304FF0FF324FF0FF3302F09DFD604EB1
:105030003168002940F0CA805E4803F0F7F8206923
:10504000843002F003FE38E75B4BBFF35B8F002236
:1050500053E8008F43E800210029F9D1BFF35B8FAB
:105060004FF0010BB8F1000F91D098FAA8F3B3FA02
:1050700083F30F2B1E46C6BFA3F11006F6B246F00F
:1050800080060BFA03F328EA03083306314620466C
:105090001FD506F0F9F9824606F01EFA814650B98E
:1050A000464A3C483346012105F044FB3146204640
:1050B000FFF7D8FCD6E70021504606F0F2F90022AF
:1050C0004946204606F025FA802E08BFC5F850B0A4
:1050D000ECE706F0D9F9824606F0FEF9814650B9B0
:1050E000374A2C483346012105F024FB314620463F
:1050F000FFF7EEFCB6E75046002106F0D2F9002299
:105100004946204606F005FAF0E798FAA8F3B3FA04
:1051100083F30F2B1946C6BFA3F11001C9B241F0AA
:10512000800106FA03F30A0628EA0308204602D59E
:10513000FFF798FC3AE7FFF7CBFC37E7214900235C
:105140003370D5F87024097891420AD11E4B0022A1
:105150001A7013E003F07F03ADF80A30ADF80C20AD
:10516000F4E7194901220A7032704FF4A062ADF8D9
:105170000820D5F87024ADF80A20039302A9204630
:1051800006F0EEF948E700BF00700240D8040020A6
:1051900007EE0000F0D50000B80400204B140020FA
:1051A0001EEE000034EE00001C1100204F14002001
:1051B000C40E0020E4040020181100204CEE000072
:1051C00065EE00004D1400204E14002091FAA1F766
:1051D000B7FA87F70F2F3946C6BFA7F11001C9B23A
:1051E00041F08001204606F04FF9804690F8189073
:1051F0004FF0FF324FF0FF33134802F0E3FD484613
:10520000FFF700FB104802F0A7FD104B8022C3F807
:1052100004214146204606F094F90021404606F05C
:1052200040F9BFF35B8F0123BB40094ADB4352E8DF
:10523000000F184042E800010029F8D1BFF35B8F4E
:10524000326813403360F3E6B804002000E100E068
:10525000181100204FF08053D3F83031082B02BFD3
:10526000024B0022C3F81C2C704700BF00700240A4
:105270002DE9F04105464FF0FF324FF0FF33414832
:1052800002F0A0FD404B8022C3F884212720FCF7C8
:10529000EBFCA8B13D4F3E4B3C681B686FF30F041D
:1052A0001C434FF00108002C37D13A4E40F2FF1357
:1052B0003B602720C6F80445FCF7C2FCC6F8004353
:1052C000354A13788BB1334B0021C3F80811012103
:1052D000C3F80026C3F804165960D3F80811002952
:1052E000FBD00021C3F8081111702A4B0024C3F829
:1052F0000045FFF7AFFF234802F02EFD2146284668
:10530000FFF7E0F9F0B1254A2548012106F0E0FB5E
:105310006FF004052846BDE8F08194FAA4F6B6FAC9
:1053200086F60F2E3346C6BFA6F11003D8B243F05F
:105330008000030701D4FFF765FA08FA06F624EAAD
:105340000604B0E728468021FFF7BCF9054600288F
:10535000D9D1144B14491E68304605F073F810F18A
:10536000780F044603D1304605F048F80446002C77
:10537000D0DA0E4A0A482346012105F0DBF925461A
:10538000C8E700BFB804002000E100E0D00E002014
:10539000CC0E0020007002404814002082EE000075
:1053A000F0D50000800E0020700E0020A5EE000059
:1053B0002DE9F04FAD4BDFF8B8A2D3F85421AD4F33
:1053C00087B00AB30022C3F85421D3F80423910212
:1053D0001AD5D3F8C034002B14BF4FF001224FF47C
:1053E0008072A54B9B683BB99AF8000006F068FBF9
:1053F0000123834022EA03023B6813439F4A3B6038
:10540000136823F001231360984BD3F8604134B143
:105410000022C3F86021D3F86C44C3F86C44D3F87D
:1054200028214AB10022C3F82821954B187806F0AC
:1054300047FB012383401C439AF800509AF90080EF
:105440002A0700F10B81B8F1000FB4BF8D4B8E4BD2
:1054500005F00F02920013441A684AB300221A6042
:105460002846FFF7B3F9894B1A7800F00100504045
:105470001870FFF7EFFE864B28461A6806F020FBEF
:10548000C240D307064600F12381B8F1000F80F235
:105490000F81882D00F00C81784A01231168B340F8
:1054A0000B43136081238AF80030734802F054FCE8
:1054B0008CB13B68714ADFF8DC9124F001210B4389
:1054C0003B60136823EA01031360A4B24FF00108A4
:1054D000002C40F00381654BD3F800217AB1002401
:1054E000C3F800416C4B1C706C4A6D48032106F0F8
:1054F000EFFA684B22461868042105F0FEFF5B4B6B
:10550000D3F858212AB30022C3F85821D3F8004415
:10551000C3F80044E00505D55F4B012208201A704E
:10552000FFF77AFBA10505D55B4B002210201A700E
:10553000FFF772FB62050CD5574B1A784AB100226F
:105540001A704A4B0122C3F8082520209A65FFF7FC
:1055500063FB464BDFF838B1D3F85C31F3B1464B0F
:105560009B681BB99AF800305B0617D03F4B0022AE
:10557000C3F85C21DBF80030404A23F00113CBF87C
:1055800000303B6823F4803343F001033B60136831
:10559000042023F001131360FFF73EFBDBF800400B
:1055A0003B681C4000F03381304BD3F82C95B9F1A7
:1055B000000F40F02C8130480022002302F002FC52
:1055C000002840F0248114F001230CBF94FAA4F3C6
:1055D00093FAA3F3B3FA83F30293029B9DF8084076
:1055E0000F2BC8BF103C2B4BCCBFE4B244F080045F
:1055F0001868214605F048FF039005F071FF63B27B
:10560000049304F00803059363B2002B064680F26E
:105610009C80039B058A5B8BD0F80C80C3F30A0344
:105620009D4240F28C801D46002608F06043B3F195
:10563000005F06D041461B48DFF868802A4607F025
:1056400026FD002E00F0B380029B01229A40DBF879
:10565000003023EA0203CBF80030A8E0124B134AD3
:1056600033EA280328BF1346F6E600BF0070024065
:1056700049140020D00E0020B8040020C80E0020DD
:105680004A14002008710240307102404814002082
:10569000CC0E0020D40E00204B140020BCEE0000E5
:1056A000F0D50000840E0020507102402C710240A1
:1056B0006348314606F00EFA0220FFF7ADFAB8F162
:1056C000000FFFF6E9AE013D062D7FF6E5AEE9E6F7
:1056D000002DF4D15B4B0122DA64E3E694FAA4F5E1
:1056E000B5FA85F508FA05F345F080052946D9F89D
:1056F000000024EA030405F0C7FE05F0F1FE0646AB
:105700002846FFF763F8014606F10C0005F070F932
:10571000338A002B7FF4DCAE304605F0E5FE18B18D
:10572000304605F0E5FED3E6284606F0C9F9014605
:10573000434806F0CFF90220FFF76EFAC8E605F0FD
:10574000D3FE80F00106F6B26FE704F008023D4B8D
:10575000002A5FD0D3F8C03413F4803F08BF9946C5
:10576000328AF368758A03EB0208AD1A72699B1AD4
:10577000ED1A4D4553D2344A344800954B46012129
:1057800004F0E2FF294606F10C0005F009F9039B3D
:105790005B8BC3F30A034B457FF456AFF268716924
:1057A000738A521A9B1A328A93423FF44DAF4FF0DC
:1057B00080530121D3F83031082B02BF214B8222C4
:1057C000C3F81C2C029B3A688AF8004001FA03F3E4
:1057D00022EA03023A6004F008021A4B0ABB049A58
:1057E00004F00F04002A4FF0140202FB0432A9BF98
:1057F0000A3403EB8403C2F80087C2F80457AFBF32
:1058000043F82410C2F80086C2F80456596007B065
:10581000BDE8F08F04F5947253F82290A0E74D464E
:10582000B0E7049A002AB5BFC3F8A086C3F8A087E2
:10583000C3F8A456C3F8A457B4BF59629964E6E705
:105840001811002000700240C2EE0000F0D50000E8
:1058500010B5EFF31184202383F31288BFF36F8F09
:10586000164B1B7803F0FF02CBB11549D1F82C354C
:1058700013B30023C1F82C354FF08053D3F83031E7
:10588000082B0CD10F4BD3F8000CC02188B949F27A
:105890007530C3F8000CC3F8141CC3F8000C84F373
:1058A0001188BFF36F8F002A0CBF6FF00A00002031
:1058B00010BDC3F8141CF2E71A46F0E74B140020A1
:1058C0000070024000E0064073B5002200921146CD
:1058D00040230446FEF7B2FE024648B1604A6148E2
:1058E000012106F0F5F86FF00404204602B070BD07
:1058F0000090402320468021FEF7A0FE04460028A9
:10590000ECD15949594B4860C860012618688E602F
:1059100004F029FD051E07DA554A52482B46314648
:1059200004F008FF2C46E0E7EFF31185202383F312
:105930001288BFF36F8F4F4B4FF40062C3F80024FF
:1059400006F0B0F808B1FEF7A9FF4FF08053D3F886
:105950003031082B18D1EFF31180202383F3128804
:10596000BFF36F8F444BD3F8001CC022002970D1C5
:1059700049F27531C3F8001CC3F8142CC3F8001C9D
:1059800080F31188BFF36F8F3A4B0122C3F80025D3
:10599000D3F800241205FBD54FF40062C3F80024AD
:1059A0004FF08053D3F83031082B17D1EFF311802B
:1059B000202383F31288BFF36F8F2F4BD3F8001C83
:1059C000002949D149F27532C3F8002CC3F8141CE0
:1059D000C3F8002C80F31188BFF36F8F06F062F8D4
:1059E00030B1FEF779FF06F05DF808B1FEF756FF1B
:1059F0004FF08053D3F83031082B1E4B0AD140F2C0
:105A0000E372C3F800284022C3F80428BFF36F8F65
:105A1000BFF34F8F8022C3F81C250122C3F8302525
:105A2000164B40F2FF121A60154B00211960154BFE
:105A30001960154B1970FFF70DFC144B197006F027
:105A400031F808B1FEF748FF85F31188BFF36F8F77
:105A50004BE7C3F8142C93E70022C3F8142CB9E7E2
:105A6000E1EE0000F0D50000700E0020800E002056
:105A700003EF00000070024000E00640D00E00205E
:105A8000CC0E0020C80E0020481400204A1400202C
:105A9000084B70B5C31A0D4607499B10044659437D
:105AA0000648402206F05BF82B4601462046BDE83A
:105AB0007040184734110020B76DDBB618D20000D3
:105AC00073B50C4C0C4A4023041B00930D460B4647
:105AD0000A49A41061430646094806F06CF80146DD
:105AE00028B130462B4602B0BDE87040184702B0DE
:105AF00070BD00BF3411002023BC0000B76DDBB6C1
:105B000018D200000022F8B5012105461046FCF726
:105B1000B9F8104801F004FA0446B8B901F020FAC7
:105B20002F690D49384604F00BFC031E09DB0126E2
:105B30003E642D69084905F11C0004F001FC031EB8
:105B400002DA1C462046F8BDEE64FBE76FF0040461
:105B5000F8E700BF855C0000A4D700001FB5002255
:105B60000123CDE902236C46074A6B46CDE9004488
:105B700006F050F828B94FF480420023684602F03E
:105B800021F904B010BD00BF35BC000010B5EFF323
:105B90001184202383F31288BFF36F8F074A1368A1
:105BA00023F00201DB07116002D4012006F0C9FADC
:105BB00084F31188BFF36F8F10BD00BF84110020E4
:105BC00030B4104B0C2202FB003301460020D3E915
:105BD0000E529863EFF31180202484F31288BFF3F0
:105BE0006F8F1C6C04F0C00444F002041C6480F34A
:105BF0001188BFF36F8F1DB12B46034830BC184787
:105C000030BC70473411002018D2000010B4EFF3FC
:105C10001180202282F31288BFF36F8F17490B681F
:105C200043F0020413F001030C601AD04FF08043DC
:105C3000D3F80C14D3F80C3413F0010311D0EFF3A4
:105C4000118182F31288BFF36F8F0D4A136C03F03A
:105C5000C00343F00203136481F31188BFF36F8F15
:105C6000012380F31188BFF36F8F1BB110BC00209C
:105C7000FFF7A6BF10BC012006F05BBA841100201C
:105C80003411002010B1012804D07047034B1B6C65
:105C90005B0701D1FFF794BF704700BF34110020AC
:105CA000024AC3B21C2000FB0320704734110020BD
:105CB000F8B52A49BFF35B8F0546012251E8003F42
:105CC00041E800200028F9D1BFF35B8F33B92449A4
:105CD00024484B60CB608A6004F045FB6B1E012BAF
:105CE0003BD8012D07D14FF08043D3F81C3403F08B
:105CF0000303012B31D006F0B6FFA0B91A4B1E7872
:105D00004FF080440223C4F808330127D4F8182444
:105D1000D4F81834D20308D4002EF7D00021212063
:105D200007F085F8F2E70026EAE703F00303012B0A
:105D30000ED0D4F818354BB9D4F8042132B1C4F8D8
:105D40000431D4F80431C4F81875A760012DE3D1EB
:105D50004FF080430222C3F80423F8BD3011002025
:105D600020110020501100209614002008B507488B
:105D700006F01EFD38B10648FCF7F4F90448FAF7BE
:105D8000FBFD002008BD6FF01200FBE7A4D200006D
:105D9000955D00000A2838B5074D044604D1AB686C
:105DA0000D215B6828469847AB6803485B68E1B201
:105DB0009847204638BD00BFA4D200002DE9F0432B
:105DC000476840F20636D0063B7C87B002EA0606FA
:105DD00054BFC2F3401C4FF0030C01F01F05B6F591
:105DE000837F144645EA43158DF803C044D00DD88F
:105DF000062E16D005D8A6B1022E3FD06FF01500A2
:105E000037E0B6F5807FF9D101260AE040F20222A0
:105E1000964235D0B6F5407F34D0B6F5007FEDD14F
:105E20000226220330D57A6801238B40C2F8083558
:105E3000B868A0BB05F01F036D092DD0012D77D1E7
:105E40003E4A02EB8302C4F30043D2F8001783F00A
:105E50000103C4F3404444EA430421F4E16144EA09
:105E60008C0421F0070144EA06230B43C2F80037F3
:105E7000002007B0BDE8F0830726D2E70426D0E76C
:105E80000526CEE70326CCE7630341BF01237A68EA
:105E90008B40C2F80C35CBE74FF0A042D1E70DF1B3
:105EA0000202294606F0BDFB14F4403F80460CD1A7
:105EB000B868294606F0EAFBB8F1000FD8D19DF882
:105EC0000210B86801F0E4F9D2E74FF0000901AB25
:105ED000CDE90199CDE90439CDF80C90B86803AA51
:105EE000294606F073FA4845C2DB14F4003314D097
:105EF000C4F300449DF803308DF80E3084F00104A3
:105F00008DF80C608DF80D40B8684B4603AA294601
:105F100006F00FFB0028CFDAAAE7CDE904330DF134
:105F200003030393B86803AA294606F04FFAF1E782
:105F300003F5E07350F82330FFDE00BF000300508C
:105F4000420970B5034602D0012A17D070BD0D4E2C
:105F5000326951680029F9D003F01F0301250C684C
:105F60009D400029F2D08A682A4002D04B68304612
:105F700098472CB1236821461C46F2E7024EE7E71A
:105F80002346F8E750D2000034D2000038B5456807
:105F9000A86890B106F074FB014670B9A86806F0D5
:105FA00053FB044658B902460649A86806F036FB7A
:105FB000224605210620FBF765FE002038BD6FF064
:105FC0000400FBE7415F0000F0B544681646A06896
:105FD000227C01F01F0587B045EA421500286DD0EC
:105FE000B6F5001F04D1294606F0A3FB002056E0B9
:105FF0006268607CC2F8240501AA0020B6F5800F13
:106000000190506037D1B3F1007F14BF0523042302
:106010008DF804300023CDE904230393E36823FAC9
:1060200001F111F001010DF103073AD1B6F1A07FA2
:1060300037D105F01F036A0903F5E07326D0012A62
:106040003FD1214A52F82330DB072AD4A0683A46D0
:10605000294606F0E6FA16301BD00297A06803AA7C
:10606000294606F0B3F9002819DBA0680122294669
:1060700006F00EFBBAE7B3F1C06F05D0B3F1007FB5
:1060800014BF01230223C3E70323C1E74FF0A0425B
:10609000D8E7A068394601F001F90028DDDA07B039
:1060A000F0BDA0683A46294606F0BBFA0028D5D1D3
:1060B0009DF80310A06801F0EBF8CFE76FF08500C2
:1060C000EDE751F82330FFDE00030050036803F0D2
:1060D0001F025B09026004D0012B034818BF002097
:1060E00070474FF0A0407047000300502DE9F04F7B
:1060F00000EB8108464985B01646824640F2FF19FA
:10610000D04503D1002005B0BDE8F08FDAF80030AB
:10611000C3F3C72B1BF0080BC3F3C320C3F308045E
:106120006FD13C4A1B0E155C4C4508BF4FF0FF3445
:106130000C2B69D8DFE803F007171D592055596863
:106140006868685C6200C6F80C45621C46D003A80B
:106150000394FFF7BBFF039B012707FA03F3C0F883
:106160000835384618E0C6F81445631C36D00027B9
:10617000F7E7C6F80845E8E7C6F808450027601CB9
:106180002CD003A80394FFF7A1FF039B84460120B2
:1061900000FA03F3CCF80C35DAF80030019303F47D
:1061A000004CBCF1000F08BF834603A818BF0127AD
:1061B0000394FFF78BFF039C019B00EB8400C3F368
:1061C000412CD0F800472B0243EA8C0343EA0B032F
:1061D0000C40234343EA4703C0F800370AF1040A9E
:1061E0008EE7C6F80C450127C9E7C6F81045BCE79D
:1061F000C6F80845002DB8D10625B6E7C6F80C4507
:10620000F8E76FF015007EE76FF085007BE700BFD1
:10621000F0F8FCFF30F2000070B50369002403F5CC
:106220008C71C3E98614C3E94144C3E988444FF43F
:106230008072C3F81021C3F82822C3F80031C3F8D4
:106240000C414668094905460246306805F07DFD67
:10625000064970682A4605F078FD306805F070FD43
:10626000706805F06DFD204670BD00BF71620000D2
:106270002DE9F04F85B0044600AF88464FF48C7985
:10628000A3685B6C0BB120469847A3681B6C002B7E
:1062900000F0298120469847002840F32481A36814
:1062A0005B6B03BBD8F80430D8F81050D3F800B0BB
:1062B0005C4556D0012609FB0652B2F80431B2F80B
:1062C0000C11D2F810215B1A9BB2D31A542B4CD864
:1062D000A368DB6A0BB12046984709FB06560123E9
:1062E00086F8143103E0204698470028DAD1A368E5
:1062F0005B6A002B40F0A380D8F80420D8F8105037
:1063000013689C420ABF012300234FF48C7652F895
:1063100023207A6018BF002606F5807A4FF48C722D
:1063200006F58576AA442E4402FB03553146B5F89E
:106330000A21B5F806319B1A9BB2B3F5807F07F1AD
:106340000C0228BF4FF48073504604F0B4F80246A4
:1063500000287AD1A3681B6A002B91D02046984769
:106360008EE7D3F804B00026A5E7764206F48C76D3
:1063700006F5807A06F58276AA44B3F5807F354427
:1063800028BF4FF4807307F10C022946504604F0F1
:1063900092F80646A8B96D4688B023686A46544903
:1063A000CDE905134FF40073ADF81C30514B42F8A2
:1063B000103F4FF4E45103464F48FAF777FEAD46DD
:1063C00095E7A368F9689B69EBB1024620469847B8
:1063D000031E1BDA2946002250467B606D4604F0FE
:1063E000A0F88AB021686A4644487B680793CDE9E3
:1063F00005014FF400731384414B42F8103F002312
:106400004FF41151D8E76FF05703E3E71A462946D6
:10641000504604F086F8002808DA6D468AB02368F2
:106420006A4638490796CDE90513E2E7DBF80830FC
:10643000DB69002B3FF45BAF5846984757E720468F
:10644000984700283FF41CAF56E7A368F9685B69DA
:106450000BB320469847B0F1000B1FDA31460022FB
:10646000504604F05EF86D468AB021686A462648B8
:10647000CDF81CB04FF40073ADF82030204BCDE9BF
:10648000050142F8103F1C4800234FF41151FAF760
:106490000DFEAD46F4E66FF0570BDFE75A46314686
:1064A000504604F03EF8031E05DA184A124801214E
:1064B00004F040F9E4E695F81431002B3FF4E0AE27
:1064C000B5F80C21B5F804319B1AD5F810219BB210
:1064D000D21A552A7FF6D4AE786805F031FC002335
:1064E00085F81431CCE61437BD46BDE8F08F00BF07
:1064F00086EF000003000001D8D5000098EF0000EF
:1065000004000001A9EF0000CBEF0000DCEF000069
:10651000F0B583B04A68D2E90035984200AF04462E
:106520000E4602D0854230D11D4675B3A3681B6963
:10653000A3B139462046984790B9AB68DB683BB3B6
:10654000394628469847034628B36C468AB02968DE
:106550006A461B480793CDE9050109E06FF0570033
:1065600023686C468AB06A4616490790CDE9051340
:106570004FF400731384144B42F8103F00234FF480
:1065800012511248FAF792FDA5460C37BD46F0BDF0
:106590006FF05703D9E76C468AB03D6838793168A7
:1065A0006A460B4ECDE9070140F20241ADF82410D6
:1065B0000849CDE9056542F8101F4FF43351E0E773
:1065C00020F00000FAEF000004000001D8D5000020
:1065D00046F0000005000001F0B54B79012B5FD0BB
:1065E000032B40F092801024CD7915B1012D40F09D
:1065F0008C800A791AB1022A40F087800E220B683B
:10660000B3F5967F4ED0B3F5167F4ED0B3F5966FA7
:106610004ED0B3F5166F4ED0B3F5965F4ED0B3F5AE
:10662000165F4DD0B3F5615F4CD0B3F5964F4BD0AC
:10663000B3F5E14F4AD047F61226B34248D0B3F53E
:10664000164F48D04DF6C026B34247D0B3F5614F40
:1066500047D0B3F5963F47D0B3F5E13F46D0B3F509
:10666000613F46D02A4EB34246D0B3F5E12F46D023
:10667000B3F5612F46D0274EB34246D14FF0805339
:10668000476806693F68C7F8243543682C431B6890
:106690002243C3F86C2503C986E803000020F0BD3F
:1066A0000024A1E74FF4A033EAE74FF41C33E7E7F7
:1066B0004FF49E23E4E74FF41D23E1E7164BDFE799
:1066C000164BDDE7164BDBE7164BD9E7164BD7E742
:1066D0004FF40003D4E74FF41D03D1E74FF46503F3
:1066E000CEE74FF46B03CBE7104BC9E74FF0EB73EA
:1066F000C6E74FF06C73C3E74FF08063C0E74FF01D
:10670000E863BDE74FF07063BAE76FF08500C6E756
:1067100090D0030040420F0000B01300005027004B
:1067200000F03A0000A04E0000C0750000903A0151
:106730002DE9F041044647680D4606F094FA88B109
:106740004FF02008EFF31186314688F31288BFF32B
:106750006F8F606805F0B2FB50BB86F31188BFF302
:106760006F8FEFE71F4B1B78002BE9D04FF020080D
:106770006426606805F0A2FB70B9012005F088FC72
:10678000013EF6D10021212006F051FBF0E786F30F
:106790001188BFF36F8FF5E7EFF31186314688F369
:1067A0001288BFF36F8F606805F088FB0028EED079
:1067B0007B691D7063687A691B680020C3F84425F3
:1067C0000122C3F84825C3F82001D3F82041C3F8BB
:1067D0005801D3F858019A6081F31188BFF36F8F85
:1067E000BDE8F081961400202DE9F041436805468C
:1067F0000121D86805F0B6FB29692846FFF7ECFEB1
:10680000002856D16F68D7E9004313F0010318D070
:10681000D5F8108004F10C0108F1140204F5907011
:1068200005F073FC061E07DA234A2448012103F011
:1068300078FF3046BDE8F08198F8140000F05CFB6A
:1068400001230822C4F800257A69C4F844250121EF
:106850000022C4F84825A1606BB9D4F82031002B80
:10686000FBD0C4F82021D4F820310123E3604FF499
:106870008073C4F80433D4F85831002BFBD00021C6
:10688000C4F800156D682C68E86805F06BFB0823F8
:10689000C4F800352A7A52B9AB69C4F834350123FB
:1068A000C4F83835C4F81021D4F81021236000262C
:1068B000BFE76FF08506BCE78BF00000E0D5000075
:1068C00070B5012383400F4ABFF35B8FDC4352E86E
:1068D000001F01EA040542E80056002EF7D1BFF37D
:1068E0005B8F4FF4803282400748C0F80823BFF323
:1068F0005F8FBFF36F8F03EA0100003818BF0120DC
:1069000070BD00BFD41300200010014011B3BFF3CD
:106910005B8F0123104A834052E800CF4CEA030CFE
:1069200042E800C10029F7D1BFF35B8F0B4A4FF457
:1069300080338340C2F80433094BBFF35B8F1B687D
:10694000BFF35B8FC340DB0742BF064B4FF40032FF
:10695000C3F80021704700BFD4130020001001408D
:10696000D013002000E100E00D4B1868010A00067A
:10697000BFF35F8F0B4BD3F80435181841F10001BA
:10698000B3F5801F0AD2084BD3E90023904271EB84
:10699000030303D210F1807041F10001704700BF82
:1069A000DC13002000100140980B00202DE9F04F6F
:1069B00085B016461F469DF840A00446FFF780FFAD
:1069C0000190FFF7D1FFB04271EB07035ED23E4B5F
:1069D000301A67EB0101984271F1000109D36FF0A1
:1069E000150520460199FFF791FF284605B0BDE83F
:1069F000F08F364B03EB0413D3E902239F4208BF09
:106A0000964254D032494FF4803804F1500508FAC8
:106A100004F8AD00C1F848832046ADB205F018FB7C
:106A200026F07F4B05F1804504F5A87305F5883500
:106A3000DC464FF003090293029A2CF07F4341F8A1
:106A40002230C1F84483D1F80435224A6FF00200A5
:106A5000C01A604420F07F40904228D9286868B16D
:106A6000D1F804350393A3EB0B0020F07F40B0F581
:106A7000000F1CD9204605F0EBFA039BBAF1000F7A
:106A8000ADD109EB030C09F10109D5E7BAF1000F0B
:106A9000A5D10123104ABFF35B8FA34052E8000F3A
:106AA000184342E800010029F8D1BFF35B8F074982
:106AB0000E98230101EB0412C8500F9B5360C2E9EA
:106AC000026700258DE700BF01008000800B0020D9
:106AD00000100140FDFF7F00D01300207FB51C4C4B
:106AE0001C4BC4F80833C4F848331B4B00254FF047
:106AF000FF304FF0FF31C4F80855C3E902014FF4ED
:106B00008033C4F80433154B02264FF400320121C0
:106B1000C4F804631120C3F880212A46FBF7B2F8B9
:106B20001120FBF77FF80E4A0123A3602360136056
:106B30000C4B0D4A0093CDE9015500232846FFF781
:106B400035FF3046FFF7B4F8284604B070BD00BFEB
:106B50000010014003000F00800B002000E100E066
:106B6000D41300206D6B0000FFFF7F00D0B522F032
:106B70007F44FFF7F9FE134AD2E90031C01AC31867
:106B800041F10001C2E900310F4B00221A60A4F567
:106B90000013B3F5400F09D20C4B1B681A0A1B06F1
:106BA0001E190B4B42F10007C3E90067EFF3118197
:106BB000202383F31288BFF36F8FBDE8D04002F02B
:106BC000E1B800BF900B0020D8130020DC13002098
:106BD000980B00202DE9F7432E4CD4F80433990785
:106BE0000BD5D4F8043143B12B4A0023C4F8043147
:106BF000D4F80431136801331360D4F80433DA0392
:106C000043D5BFF35B8F254B53E8002F22F00101E2
:106C100043E800100028F7D1BFF35B8FD30702D4FD
:106C2000D4F840318BB30025C4F84051D4F840313A
:106C3000FFF79AFEEFF31182202383F31288BFF34C
:106C40006F8F174BD3E90267B042B94120D34FF0A1
:106C5000FF304FF0FF31C3E90201D3E900981D6016
:106C60004FF48033C4F84833C4F84051D4F840316D
:106C700082F31188BFF36F8FB9F1000F05D0CDF803
:106C8000008032463B460020C84703B0BDE8F08391
:106C9000A946EDE700100140DC130020D0130020CE
:106CA000800B002030B5104B1B680021181841EBF9
:106CB00001040E4BB0F5000F74F10005D3E9002379
:106CC00085B00BD2821844EB0303CDE901110849CA
:106CD00000910020FFF76AFE05B030BD054812188C
:106CE00043F10003F1E700BFD8130020900B002010
:106CF0006D6B0000FFFF7F0008B5FFF735FE034B0B
:106D00001B68C01A024B186008BD00BF900B002022
:106D1000D8130020024AD2F80034002BFBD0704771
:106D200000E0014010B54FF08053D3F83021082A1D
:106D30004ED14FF080420021C2F80C11C2F8101160
:106D4000C2F8381502F54042D3F80414C2F82015F1
:106D5000D3F80814C2F82415D3F80C14C2F8281577
:106D6000D3F81014C2F82C15D3F81414C2F8301547
:106D7000D3F81814C2F83415D3F81C14C2F840150F
:106D8000D3F82014C2F84415D3F82414C2F84815D7
:106D9000D3F82814C2F84C15D3F82C14C2F85015A7
:106DA000D3F83014C2F85415D3F83414C2F860156F
:106DB000D3F83814C2F86415D3F83C14C2F8681537
:106DC000D3F84014C2F86C15D3F84434C2F87035C7
:106DD00005F04EF918B1374B374AC3F88C2605F049
:106DE00047F918B1354BFB22C3F8182505F040F9D7
:106DF00058B14FF080424FF08051D2F8E43ED1F8C4
:106E0000581261F30303C2F8E43E05F031F920B1F2
:106E10002B4B4FF40072C3F840264FF08053D3F849
:106E20003031082B17D14FF08043D3F80024D2071C
:106E300044BF6FF00102C3F800244FF08053D3F831
:106E40003431042B81BF4FF01023D3F808224FF0C8
:106E50008043C3F858254FF01023D3F80022002AAE
:106E600003DBD3F80432002B22DA164901234FF05A
:106E70001020C1F804351224FFF74CFFC0F800427F
:106E8000FFF748FFC0F80442FFF744FF0023C1F8B2
:106E90000435FFF73FFFBFF34F8F0B490B4BCA6819
:106EA00002F4E0621343CB60BFF34F8F00BFFDE7F6
:106EB00010BD00BF005000404881030000F00040BA
:106EC0000090024000E0014000ED00E00400FA05FF
:106ED000014B1860704700BFE013002010B5054B50
:106EE0001868144605F0D6F80028A4BF20700020CA
:106EF00010BD00BFE0130020024A01238340C2F806
:106F00000435704700F00140014B00201B68184712
:106F1000E4130020014B1B68184700BFE413002056
:106F200010B50C4C237993B9012323710A4B2060CF
:106F3000002818BF184600F04BF850B923680748DE
:106F4000002BBDE8104008BF184600F091B86FF064
:106F5000770010BDE4130020096F0000156F0000DA
:106F600008B5064B1B682BB10020FAF77DFE08B967
:106F7000FAF758FE024B01221A7008BDE4130020F4
:106F80009414002038B54FF080440123C4F808332E
:106F900063600023C4F80031D4F8003142F2107568
:106FA000D4F80C24D4F80C34D20307D5DB0705D56C
:106FB000012005F06DF8013DF2D138BD05F0D0F8A3
:106FC0000028FAD0014B00225A71F6E7EC1300209A
:106FD00010B508490C794CB9012308600B7105F014
:106FE000BFF808B9002010BD4C71FBE76FF07700C7
:106FF000F9E700BFEC1300204FF080430022C3F8F4
:107000000021D3F80021094901221A60096811B151
:10701000C3F804237047D3F80021002AFBD00022D4
:10702000C3F80021D3F80031704700BFEC130020F3
:1070300010B54FF08043D3F80423D20715D5D3F809
:10704000002192B10022C3F800210121D3F80021D0
:10705000C3F8081305F084F8044B10B15A7922B92B
:107060005971BDE810401B68184710BDEC13002093
:10707000074A137943B90121106011714FF0804222
:107080001846C2F8183570476FF07700704700BF98
:10709000F413002010B54FF080431D4CD3F81814A2
:1070A000D3F8182411F4803F1AD002F00302012A09
:1070B00001D092B900224FF08043C3F81825002276
:1070C000C3F80421D3F8042101229A6022688AB906
:1070D000D3F80421002AFBD014E005F052F8E9E7C8
:1070E000D3F81424D107E5D5D3F81C249207F4D49F
:1070F00022681AB10222C3F8042310BDD3F8042178
:10710000002AFBD00022C3F80421D3F80431F4E7AD
:10711000F4130020F8B54FF08043194FD3F804431F
:10712000012504F01A04002604B9F8BDB4FA84F06D
:10713000C0F11F00830003F580739BB203F180430D
:1071400005FA00F2196892B224EA02040029EBD091
:107150001E601B684FF08043022AC3F808230BD13E
:10716000D3F81814D3F81814890705D1C3F81855A3
:10717000C3F804239D60D7E73B68C0B29847D3E7C4
:10718000F4130020036803F01F025B09026004D0BF
:10719000012B034818BF002070474FF0A0407047F4
:1071A00000030050034A430900F01F00D35C184459
:1071B000C0B2704738F20000024611F0010030B54D
:1071C00015D18B07C1F3400022D51249D1F8200513
:1071D00050604FF08052C1F82005D2F83021082AC3
:1071E00008BFD1F82025003818BF012010E04FF06B
:1071F000A0444FF08055D4F820351360C4F82035F2
:10720000D5F83051082D08BFD4F82045002BD8D030
:1072100030BD00BF00030050F7B504460846FFF735
:10722000C1FF04EB40060D46B38ADB072AD5204692
:1072300005F0AAF82946204605F016F850B1204678
:1072400005F028F8276807EB80000023C0F8103508
:10725000C0F810352946204605F045F80021B182D6
:1072600001A80195FFF78EFF019B00EB8300074B00
:10727000D0F80027134043F00203C0F80037084657
:1072800003B0F0BD6FF01500FAE700BFF0F8FCFFA7
:10729000014804F01DBF00BFA003002010B5044842
:1072A0000C4604F0F7FE0028A4BF2070002010BD9B
:1072B000A00300202DE9F04F074689B057F8049B42
:1072C000D9F80413C9B28346082241F00041484668
:1072D00005F032F8051E2FDA0023032106A8CDE9B8
:1072E0000633FFF769FF634B01930DF118084FF068
:1072F000000A019A604912F8013B0192DA0803F092
:1073000007038A5C22FA03F3DB071CD40AF10103AA
:10731000022B08F104084FF0010AEAD14FF00041B6
:107320000022484605F008F8032106A8FFF744FFAD
:107330000028D8D125F000450124002D40F084809C
:1073400009B0BDE8F08F4D4B53440293D8F800606C
:10735000002EDBD0029B96FAA6F61C78B6FA86F6CB
:1073600046EA44142046FFF71DFF0BEB4000F208ED
:10737000818A18F802000594C1F3820303930093F5
:1073800006F00706012303FA06F620EA060008F8CD
:10739000020005A8FFF7F6FE059A039B02F5E072CE
:1073A00011F0100F50F82260C6F3014633D0009A56
:1073B0003846214604F078FF05A80594FFF7E2FE61
:1073C000059B03F5E073F6B250F82330C3F3014395
:1073D0009E4207D10021204604F037FF3146204667
:1073E00004F033FF05A80594FFF7CCFE059B0122AE
:1073F00002FA03F3C0F820354FF08053D3F8303150
:10740000082B01BFD0F82035D0F82035D0F8203532
:10741000D0F820359AE7022E14BF0221032120461E
:10742000039304F012FF039B032B03D0022E07D11A
:10743000012BD7D1009A2146384604F035FFD1E719
:10744000032ECFD1022BF4E795FAA5F3B3FA83F319
:1074500004FA03F225EA020503F5A2720BEB4303DB
:1074600059F82220B3F87C10C2F30142384604F0E8
:107470001BFF62E748F200009CD8000048F20000C1
:1074800010B5174C23783BBB0278C2F34003920738
:107490000FD54FF08053D3F83021082A08D1D3F804
:1074A0003431022B02BF4FF080430122C3F838264B
:1074B00001234FF08042C2F88035037803F00103C6
:1074C000C2F878350020FAF7CFFB08B9FAF7AAFB23
:1074D00001232370002010BD6FF07700FBE700BF91
:1074E000951400204FF080434FF46072C3F80823D6
:1074F000014B00221A607047FC13002008B5FFF70B
:10750000F1FF03680BB1014A136008BDFC130020B2
:1075100010B54FF08043D3F80443620707D54FF40A
:10752000847005F008F910B11E4B1B689847A3063C
:1075300008D54FF48A7005F0FEF818B11A4B0020F8
:107540001B689847600608D54FF48C7005F0F3F877
:1075500018B1154B01201B689847210608D54FF438
:107560008E7005F0E8F818B1104B00201B689847A2
:10757000E20508D54FF4907005F0DDF818B10B4B1B
:1075800001201B689847A3050AD54FF4927005F0B7
:10759000D2F828B1054BBDE810401B6802201847FF
:1075A00010BD00BF0414002000140020FC130020B4
:1075B00010B50446F9F7ACFC0348044A012103F076
:1075C000B0F8204605F0FFF8B8D50000D6F000006E
:1075D0002DE9F843044600AF0D46EFF31188202350
:1075E00083F31288BFF36F8F04282A4A98BF2A4B6F
:1075F0009668117C94BF53F82030284BE9468AB036
:107600006A462748CDE9073140F20133ADF824300E
:10761000244BCDE9050442F8103F234800234FF4E2
:107620003151F9F743FDCD4645B1EB69C3F308038A
:1076300023B11E4A1C48012103F073F82EB13046D5
:1076400005F01AFB08B1037803B91948E9468AB076
:107650006A46184B0790CDE9053640F20133ADF884
:107660002030154B42F8103F00230F484FF41151C2
:10767000F9F71CFD2946CD462046FFF799FF88F310
:107680001188BFF36F8F3046FAF78CFBBD46BDE81B
:10769000F88300BF08140020A0D80000E6F0000026
:1076A000FCF0000005000001B8D5000024F1000046
:1076B000F4F0000045F100000400000138B50A4B69
:1076C00053F82040013053F82050A54200D838BD6F
:1076D000606830B1037EDB0701D405F051F808344F
:1076E000F3E723689847FAE7B4D8000070B52D4B4C
:1076F0002D4C2E4D012286B01A70AC421CD30320B3
:10770000FFF7DCFF0420FFF7D9FF294C294D26465F
:10771000AE4204F1300413D301F056F9244CAC42CC
:107720002AD301F065F9F8F7B7FD234A938923F0CE
:107730000103938106B070BD54F8043B9847DCE721
:1077400054F80C3C059354F8103C049354F8143C42
:10775000039354F8183C029354F81C3C019354F8DA
:10776000203C009354E90A2354E90C0100F0C0FDC9
:1077700054F8303C5E65CAE7D4E90A23B3F1FF3F11
:1077800008BFB2F1FF3F05D052EA0301206803D1E0
:1077900000F0FEFD3034C2E70849183001F00AFA63
:1077A000F8E700BF961400207CD4000080D40000CD
:1077B00080D4000080D40000280C002097CD000069
:1077C00070B5144E144D1549882386B003FB00662E
:1077D00001220023CDE904230F22CDE902320193D7
:1077E000142303FB00554FF4A072044602FB001162
:1077F0000B4B0095304600F07BFD337C2C7423F05E
:1078000004033374074BEE60013403EBC4236B6055
:1078100006B070BDA00B00200814002098250020A1
:1078200057C90000981D00207FB50020FFF746FFD4
:107830002E4B83F308882E4C2E4D636943F400735E
:107840006361E02384F822300023E37723766376B4
:10785000A37684F82030626A42F4E022626284F8FF
:107860002330FAF79BF9FAF787FA4FF0FF33A36258
:10787000E362FAF785FBFAF7F9FAF9F7A3FA1E487B
:107880001E4C00F079FDFAF755FDAC422AD30120D9
:10789000FFF714FF0220FFF711FF01F08DF8184BDE
:1078A000184C5C61184B059300250123174900957E
:1078B0004FF48062CDE90353CDE90155144B2046C6
:1078C00000F016FD237C064623F0040320462374B3
:1078D00005F007FA2846FFF773FF0D4A31462046A8
:1078E000FAF72EFA54F8043B9847CEE79825002083
:1078F00000ED00E07CD40000B00C002078D4000043
:1079000008140020280C0020A7F10000D826002031
:10791000ED76000038B5064C064DAC4201D3002090
:1079200038BDD4E90112204604F097FF1434F4E77F
:107930007C0400209004002030B585B0DDE90845C6
:10794000034B0293CDE9004504F045FF05B030BD7F
:107950002998000038B5064C064DAC4200D338BD1E
:10796000204604F09EFF0028F9D11C34F5E700BF43
:10797000600400207C04002073B50C46EFF31181F5
:10798000202585F31288BFF36F8FC5685DB1256030
:107990002B68C360836901338361002081F3118800
:1079A000BFF36F8F11E052EA030603D125606FF039
:1079B0000B00F3E7CDE900230246083000F008FF92
:1079C00018B9034B9B685B69236002B070BD00BFB0
:1079D00008140020F7B50D4604469DF82010EFF37B
:1079E0001187202080F31288BFF36F8F266AE0682A
:1079F000864240D22668B4421AD0CEB1304604F056
:107A0000B5FF06F1180001F065F954F8082F706908
:107A10002946002505F03BFB3046C6F8805000F0B3
:107A200057FD2046394600F05BFE284603B0F0BD06
:107A3000A268A9B1E069294605F029FBE369A268BB
:107A400013446269E361934201D12369E361236ACC
:107A500001332362002087F31188BFF36F8FE5E7BE
:107A6000A0692369984208BF6069801AA06129460D
:107A700005F00DFBEBE752EA03010BD007498968DB
:107A800004F108004D61CDE900233946224600F09B
:107A90009FFECBE76FF02200DDE700BF0814002057
:107AA000F7B504460846EFF31186202181F31288CA
:107AB000BFF36F8F216A00293BD0A268A16905F04E
:107AC000E6FAA369A268256813446269A361934238
:107AD00004BF2369A361236AAC4203F1FF3323622D
:107AE00036D02846002D34D004F040FF05F11800B0
:107AF00001F0F0F86969A268E06905F0C8FAE36985
:107B0000A26813446269E361934204BF2369E3619D
:107B1000236A0027013323622846C5F8807000F0ED
:107B2000D7FC04F10800314600F0DAFD384603B016
:107B3000F0BD52EA030111D00A4989684861CDE9D4
:107B400000233146224604F1080000F041FEEEE732
:107B5000002086F31188BFF36F8FE8E76FF02200F3
:107B6000F7E700BF081400202DE9F341044617464B
:107B70001E46EFF31188202383F31288BFF36F8F23
:107B8000304BC2689B6872B18068984217D057EA40
:107B9000060216D188F31188BFF36F8F6FF00F00C4
:107BA00002B0BDE8F08193F90E1021610132C4E901
:107BB000023288F31188BFF36F8F0020F0E721694C
:107BC000F3E793F90E1090F90E30994230DA9942AA
:107BD000A8BF194604F0DEFE0546CDE900761A4836
:107BE0002246414600F0F4FD0028E6D0EFF311866E
:107BF000202383F31288BFF36F8FA068D0B123686E
:107C000021699C420AD04BB193F90E309942A8BF2A
:107C100019466FF07F039942B8BF194604F0BAFEC7
:107C200040B10948314600F05BFD6FF00A00B7E74C
:107C30000025D2E7002DF4D186F31188BFF36F8FB2
:107C4000F3E700BF0814002097140020F8B58368FC
:107C50000546002B40D0234A926893423FD1C36827
:107C6000012B03D9013BC3600020F8BDEFF311875E
:107C7000202383F31288BFF36F8F0169806804F0BB
:107C800089FE2C68A54207D10023C5E9023387F39A
:107C90001188BFF36F8FE7E7002CF5D0D4E90032ED
:107CA00013605A60237C002623F002032374C4E986
:107CB0000066A66004F1180001F00CF8AC6094F9BD
:107CC0000E302B612046C4F8806000F001FC0648AD
:107CD000394600F005FDC7E76FF01500C5E74FF026
:107CE000FF30C2E7081400209714002073B5154632
:107CF000EFF31186202282F31288BFF36F8F04689E
:107D0000B4B12368426823F00303944208BF436080
:107D1000036023689B0704D02046656805F0A4F93A
:107D20002C4686F31188BFF36F8F204602B070BDDA
:107D300055EA0302F5D000F10802CDE900533146BF
:107D4000104600F045FD0028EFD1024B9B685C69AE
:107D5000EBE700BF0814002070B5EFF31186202375
:107D600083F31288BFF36F8F0468A0421CD0DCB18C
:107D7000D4E9003213605A60237C002523F002030B
:107D80002374C4E90055A56004F1180000F0A2FFB7
:107D90002046C4F88050656100F09AFB31460848DF
:107DA000BDE8704000F09CBCD0E902329A4218BF96
:107DB0000133836086F31188BFF36F8F70BD00BFFE
:107DC0009714002013B5EFF31181202484F3128857
:107DD000BFF36F8F846844B1013C846081F31188E4
:107DE000BFF36F8F002002B010BD52EA030406D12A
:107DF00081F31188BFF36F8F6FF00F00F3E7CDE9C8
:107E000000230246014800F0E3FCECE79714002051
:107E1000F8B50546EFF31187202383F31288BFF3EB
:107E20006F8F00232C68A5421AD0CCB1D4E9003260
:107E300013605A60237C002623F002032374C4E9F4
:107E40000066A66004F1180000F044FF6FF00A031A
:107E5000C4F880306661204600F03AFB0123E1E778
:107E60000022AA602BB139460448BDE8F84000F072
:107E700037BC87F31188BFF36F8FF8BD97140020CC
:107E80002DE9F04FDFF89C8185B004464FF0FF36B6
:107E90004FF0FF37EFF31189202383F31288BFF3EC
:107EA0006F8FD4F88C5065BB022104F1A40004F05C
:107EB0003AFE002800F0848004F19C0BD4F89C501A
:107EC0005D4500F08A80002D00F08780D5E9003202
:107ED00013605A602B7C4FF0000A23F002032B74CE
:107EE000C5E900AAC5F808A005F1180000F0F2FEE7
:107EF0000123C5F88030C5F814A0284600F0E8FA40
:107F0000DCE7D4F890202B68C4F88C30954208BF89
:107F1000C4F89030D4F8A43043F00203C4F8A4307D
:107F2000EB6823F0040343F00103EB606B6889F313
:107F30001188BFF36F8F28469847EFF311892023EC
:107F400083F31288BFF36F8FEB68D80623F001022A
:107F50004ED4EA60EB689A071BD5D8F8000023F0EE
:107F60000203EB60A8B10268002190B143689D4212
:107F70004ED10368002943D1D8F80420C8F8003056
:107F8000904201D1C8F80430002340F8083BFFF7C5
:107F9000E3FED4F8A43023F00203C4F8A430DB05D8
:107FA0003ED4D4F88C30003B18BF012389F31188EC
:107FB000BFF36F8F002B3FF46DAF04F07EFE69E7D7
:107FC000D4F8A430D90608D5C4F8A40089F31188E0
:107FD000BFF36F8F05B0BDE8F08F0023CDE90067D8
:107FE000029304F1940249460F4800F017FD51E74F
:107FF00023F01103EB6005F11000FFF7ADFEA9E7D8
:108000000B60D8F80430984208BFC8F80410BBE7EA
:1080100001461AB1136810461A46A6E71346FAE756
:108020000023C3E72814002097140020F8B5C36884
:108030009A0704460E46C3F3400542D45F0742D474
:108040000B680BB983680B60E368D80744BFA3686B
:10805000336037684CBF0225012557B31B4B9A6824
:10806000D7F888309A421ED104F0FDFD80F001005F
:10807000C0B2D7F8A430D907C3F380021CD5F2B13F
:10808000F8B100232360D7F8903073B9C7E92344CF
:10809000384604F072FDE36843F00403E36033689C
:1080A000A3602846F8BD0020E3E71C60C7F89040B5
:1080B000EEE76FF0150506E06FF0120503E01B0711
:1080C000DFD56FF00F0500233360EAE708140020C6
:1080D0000146014804F0ABBD580D0020F0B589B051
:1080E00004460020C4E923000E9D04F19400C4E975
:1080F000250004F19C00C4E9270055B32879002825
:1081000040F2011008BF0120C4F8A40000204FF085
:10811000FF364FF0FF37CDE90330CDE90100CDE95F
:1081200006670D4B0094204600F056F955B12968BA
:1081300011B1204604F09DFD6B791BB1A38943F07A
:108140000103A381204600F023F9C4F8884009B058
:10815000F0BD0120D8E700BF817E000037B5019057
:108160000846EFF31184202181F31288BFF36F8F4B
:10817000C16811F01E0F16D153EA020508D101A9FA
:10818000FFF754FF84F31188BFF36F8F03B030BD46
:1081900041F00801C160019981620449103000F08A
:1081A00009FD0120EEE70020ECE700BFBBCB00009B
:1081B00001460148FFF7D2BF580D0020F0B585B049
:1081C0000C46019017461D46EFF31183202181F3E1
:1081D0001288BFF36F8F03A92046039304F0AEFC0F
:1081E00055EA0703039E09D101A92046FFF71EFFA8
:1081F00086F31188BFF36F8F05B0F0BDE3680749C0
:1082000043F00803E360019BA3623A462B4604F166
:10821000100000F0CFFC0120EAE700BFBBCB00005C
:1082200001460148FFF7CABF580D00202DE9F04173
:108230000746EFF31188202383F31288BFF36F8F73
:1082400000263C68A74218D0BCB1D4E900321360C4
:108250005A60237C002523F002032374C4E90055EF
:10826000A56004F1180000F035FDC4F88050656188
:10827000204600F02DF90136E3E736B988F311887E
:10828000BFF36F8F3046BDE8F0810248414600F0F1
:1082900027FAF7E7971400202DE9F3411C4652EA2C
:1082A000040307460D4616461CD0EFF31188202321
:1082B00083F31288BFF36F8F0846FFF7C7FCCDE941
:1082C00000643A464146094800F082FA04464FF0FD
:1082D000FF324FF0FF332846FFF746FC204602B03E
:1082E000BDE8F0816FF00A04F8E700BF97140020A2
:1082F0002DE9F04F85B0984600F158030732C0E9E8
:108300001633129B838122F0070504230026037491
:1083100001EB0509119B83734FF0000A4FF0000B2E
:108320000F46C0E906664946C0E908AB8660C673D9
:108330000446F9F7FDF90730109B20F0070020678D
:10834000C4E91A7502930F9B0193A9EB00090E9BD8
:1083500000934A46434639462046F9F7D5FC054B7B
:1083600066659B6803B15B6F6367484605B0BDE80F
:10837000F08F00BF081400200123037483810023C1
:10838000C0E91A334367014B986070470814002016
:1083900038B50446EFF31185202383F31288BFF329
:1083A0006F8F037C5B070FD5183000F093FC237CA4
:1083B00023F004032046237400F08AF82946054878
:1083C000BDE8384000F08CB985F31188BFF36F8F9A
:1083D00038BD00BF97140020F0B587B00025059583
:1083E000109D04950F9D03950E9D0295DDE9127673
:1083F0000D9D01950C9D00950446FFF779FFB6F1A0
:10840000FF3F08BFB7F1FF3F05D056EA070305D18C
:108410002046FFF7BDFF204607B0F0BD3A46334681
:1084200004F11800014900F0C5FBF4E797CD000006
:108430000A4A93686FF00A01C3F880100849D867A8
:108440004B6843F080534B60002383F31188BFF3E4
:108450006F8F9368D3F88000704700BF0814002026
:1084600000ED00E038B5184CA168E0690B68814266
:1084700014BF1A46002249680B605960A368E1697D
:108480002AB9124AC3E900210B60E3610AE092F9BC
:108490000E5093F90E00854212DD5168C3E90021A8
:1084A0000B605360A569094B9D4200D005B9E56892
:1084B000A3689D4202D0284604F006FD656138BDE0
:1084C0008A42DED01268DBE7081400202014002066
:1084D00070B590F91020037C002A2FDBD9062DD12E
:1084E0001A4C63F07F032246037452F8183FE16987
:1084F000934207D1C0E900210860E0610FE0994292
:10850000F8D01B68002BF5D093F90E6090F90E504F
:10851000AE42F4DD5968C0E9003108605860A569D1
:10852000954200D005B9E568A3681A7CD20606D149
:10853000DA897F2A03D9AA690AB9636170BDAB429F
:1085400002D0284604F0C0FC6561F7E7081400205B
:1085500038B590F91020037C002A014604DA03F0B4
:108560007F03037404F0ABFB0D4D2A46AB6852F851
:10857000184F944200D004B9EC688B4207D01A7CA3
:10858000D20604D1DA897F2A01D9A2692AB1A3428D
:1085900002D0204604F098FC23466B6138BD00BF32
:1085A000081400202DE9F843002A027C0CBF4FF08C
:1085B00010084FF0080818EA020F04460D4662D171
:1085C00048EA0203D2090CD10374B8F1080F7BD139
:1085D000A36813B1204604F07AFB04F118062027A3
:1085E0000FE003F07F03037404F069FBEDE785F30C
:1085F0001188BFF36F8FEFF3118587F31288BFF3F4
:108600006F8F304600F066FB0B30F0D0A66D04F1A2
:108610005807B74211D04FF0000976B1304604F048
:1086200056FBC6F8809006F1180000F053FB304668
:10863000FFF74EFFA66DB742EFD1274B9B689C42D8
:1086400042D1EFF30587003F18BF0127DFF888907C
:108650004B4653F8186F9E4200D00EB9D9F80C6003
:10866000D9F80830B34202D0304604F02DFCB8F1FE
:10867000100FC9F8146006D0204602F03BF917B17C
:108680001648FFF779FE144B9B68A3421ED1EFF307
:108690000583DBB9A289D20711D585F31188BFF311
:1086A0006F8F83F31188BFF36F8F0423184602DFA7
:1086B000EFF31185202383F31288BFF36F8F2846D1
:1086C000BDE8F843FFF7B4BE0027BFE785F3118884
:1086D000BFF36F8FBDE8F88308140020B00C0020B2
:1086E00049B9EFF3058030B9054B5A699B689A4246
:1086F00001D0FFF79DBE81F31188BFF36F8F7047E4
:108700000814002070B50F4D2B46064653F8184F3D
:108710009C4200D004B9EC68AB681A7CD20604D144
:10872000DA897F2A01D9A2692AB1A34202D0204660
:1087300004F0CAFB23466B6131460348BDE8704034
:10874000FFF7CEBF081400209714002070B5EFF398
:108750001186202383F31288BFF36F8F1A4CA16810
:10876000E0690B68814214BF1A46002249680B6019
:108770005960A368E1692AB9144AC3E900210B6072
:10878000E3610AE092F90E5093F90E00854216DD7E
:108790005168C3E900210B605360A5690B4B9D42F2
:1087A00000D005B9E568A3689D4202D0284604F0D0
:1087B0008BFB65613046BDE87040FFF739BE8A42E9
:1087C000DAD01268D7E700BF081400202014002078
:1087D000F8B5DDE906670C461146EFF305833BB1BA
:1087E000002383F31188BFF36F8F0423184602DF41
:1087F0000D4B0E4A98681060EFF31182202282F32D
:108800001288BFF36F8F9D68284604F079FA3246CC
:108810003B4605F11800064900F0CCF92046BDE8BA
:10882000F840FFF705BE00BF0814002030140020F8
:1088300097CD0000F8B50446EFF31187202383F3AA
:108840001288BFF36F8F037C03F01F02002A0CBF56
:108850000126002649B235D103F07F03037404F0EA
:108860002EFA294D037C817363F07F032A4603743B
:1088700052F8183FE869934207D1C4E90020046028
:10888000EC610DE09842F8D01B68002BF5D093F90D
:108890000EC08C45F6DD5968C4E900310C605C609F
:1088A000AC69944200D004B9EC68AB689C4202D039
:1088B000204604F009FB6C6187F31188BFF36F8FCA
:1088C0003046F8BD9B071CD5856804F0F8F9817324
:1088D0002B689D4209D16B68C4E900531C606C6031
:1088E000EAE76A689A42F6D01B68002BF3D093F946
:1088F0000E208A42F5DD5A68C4E9003214605C60DB
:10890000DAE78173D8E700BF08140020034648B9AE
:10891000EFF3058232B9064A51699268914201D05B
:10892000FFF786BD83F31188BFF36F8F704700BFD9
:1089300008140020F8B550EA010305460C4603D19F
:1089400004F0BBF90020F8BDEFF31187202383F377
:108950001288BFF36F8F144E144BB0681860FFF786
:10896000F7FDB06812492A462346183000F022F974
:10897000B3681A7CDF6742F004021A746FF00A02CF
:10898000C3F880200B4A536843F080535360044679
:10899000002383F31188BFF36F8F04F09CFA201A31
:1089A00020EAE070CFE700BF081400203014002058
:1089B00097CD000000ED00E0024B03F11802C3E97F
:1089C0000622704708140020EFF31181202383F35F
:1089D0001288BFF36F8F054B9A68D37B013BD3732B
:1089E00081F31188BFF36F8F704700BF0814002018
:1089F000EFF31180202383F31288BFF36F8F034BB3
:108A00009A68D37B0133D373FFF77CBE0814002030
:108A1000014B9868704700BF08140020D3B5DDE90A
:108A20000667089CCDE90067FFF7D2FE1CB1034B37
:108A30009B685B69236002B0D0BD00BF08140020B2
:108A4000027C12F01F02034610D10A4988420DD061
:108A50000949086868B1D9897F2909D893F90E2096
:108A6000064B1B689A42B8BF002070470020704731
:108A700010467047A00B0020A403002034140020EF
:108A8000044BC01A044BC0105843044B01221A5423
:108A9000704700BF380D0020ABAAAAAA9714002087
:108AA000F8B50B4B0B4D1E7C0B4F182303FB0655E3
:108AB0000446284600F00EF934B1BB5D0749E21ABE
:108AC000D317284600F076F80023BB55F8BD00BF49
:108AD00008140020380D002097140020818A00001F
:108AE000F8B5EFF31187202383F31288BFF36F8F5C
:108AF000124E134BB5681868A84206D104F0E4F989
:108B000087F31188BFF36F8FF8BD00221A60337CA2
:108B10000C4AD35C002BF3D02846FFF791FF0446A4
:108B20000028EDD02B7CDB06EAD1FFF79BFC7369B4
:108B3000AB42E5D12046FFF7B3FFE1E70814002080
:108B40003014002097140020024B1868984208BF88
:108B500000207047A803002008B50246FFF7F4FF85
:108B60006FF00041C8B18A4215D2D0E90230B0F1AD
:108B7000FF3F08BFB3F1FF3F03D16FF00040801A01
:108B800008BD8B4270F1000001DB0548F7E79A420F
:108B900001D2981AF4E70020F2E78A42EDD3EFE71A
:108BA000FEFFFF7F024B186808B1FEF7A5B87047BB
:108BB000B0030020B3F1FF3F08BFB2F1FF3F2DE942
:108BC000F84F04469A461546984679D00161EFF36E
:108BD0001187202383F31288BFF36F8FBAF1000F40
:108BE000DFF8E49023DBFFF7DDFF384B1A68003A2B
:108BF00018BF012245194AF100035219D9E9005161
:108C000043F10003551943EB010806460121DFF843
:108C1000C090C4E90223FFF797FFD9F804A0D0B9A8
:108C2000C4E9009ACAF80040C9F8044025E0D9E92F
:108C300000136FF00102521A4FF0FF3161EB030392
:108C4000521B63EB0A03012A73F10001BCBF01222E
:108C500000230021DBE7D0E9022ED4E9023C934255
:108C60007CEB0E0B23DAD21A6EEB0C03C0E9022365
:108C70004368C4E900031C604460FFF765FF844259
:108C80000DD1124B1B68013309D111B9FFF78AFFCF
:108C900006463046FFF760FF0021FEF703F887F332
:108CA0001188BFF36F8F28464146BDE8F88F9B1AA5
:108CB0006CEB0E025045C4E90232B1D00068AEE759
:108CC0000025A846EFE700BF500D0020B0030020AC
:108CD000A8030020F8B50446EFF31186202383F3A0
:108CE0001288BFF36F8F026872B3FFF72DFF184B26
:108CF0005B689C4208D0D2E90231D4E90275DB19E5
:108D000041EB0501C2E90231D4E900320025844279
:108D100013605A60C4E900550ED000200D4A136854
:108D200023F001018C4204BF43F00103136086F37A
:108D30001188BFF36F8FF8BDFFF734FFFFF70CFF0B
:108D40002946FDF7AFFFE8E76FF01500E6E700BF43
:108D5000A803002038140020EFF31182202383F3AE
:108D60001288BFF36F8F064B1B6840F001001B1A7F
:108D70005842584182F31188BFF36F8F704700BF8C
:108D8000381400202DE9F047344E354DDFF8D490EB
:108D9000354F306000230C462B60D6F80080B8F1C8
:108DA000000F10D14FF0FF3340462B60FFF7D4FE89
:108DB0004146FDF777FF84F31188BFF36F8FBDE85D
:108DC000F047FFF78DBEFFF7BFFE6FF0004330B1F5
:108DD000D0E90212994272F10002B8BF0B46434536
:108DE000194684BF434641464FEAE37C38B1826866
:108DF000D0F80CE0D21A6EEB0C0EC0E9022ED9F8B6
:108E00000020D218D9F8043043EB0C03C9E9002341
:108E1000A8EB010131604FF0000A4FF02008FFF786
:108E200093FE0028B9D0D0E902120A43B5D1D0E9A7
:108E300000210A60516002693860C0E900AA84F329
:108E40001188BFF36F8F9047EFF3118488F3128876
:108E5000BFF36F8FC7F800A0E1E700BF3C1400200C
:108E6000B0030020500D00203814002010B5EFF39F
:108E70001184202383F31288BFF36F8FFFF792FED4
:108E8000054AD2E90031C01841F1000184F311888C
:108E9000BFF36F8F10BD00BF500D00202DE9F041D2
:108EA0000446EFF31186202383F31288BFF36F8FFC
:108EB00003682BB186F31188BFF36F8FBDE8F08193
:108EC000FFF74AFF07460028F4D1D4E90A586A1C84
:108ED00048F10003022A73F1000324D303F0FFFFDB
:108EE000281848EB0101012871F1000142DB03F071
:108EF000F6FF6FF00203281848EB010183426FF080
:108F000000438B413BDB03F0EAFF6FF001022D18B9
:108F100048EB0103521B4FF0FF3161EB03031A4989
:108F20002046FFF747FE236B01332363236A63B1B7
:108F300086F31188BFF36F8F20469847EFF31186B1
:108F4000202383F31288BFF36F8F54F8185FA54274
:108F5000B0D0002DAED0284603F0F8FE0023C5F8AF
:108F6000803086F31188BFF36F8F2846BDE8F0414B
:108F700003F0B7BE6FF001024FF0FF33CFE73A4680
:108F80004FF00043CBE700BF9D8E0000B3F1FF3FE1
:108F900008BFB2F1FF3FF8B5044616461D4618D08B
:108FA000EFF31187202383F31288BFF36F8FFFF74E
:108FB00091FEDDE906010023C4E90A01236332467C
:108FC0002B4620460349FFF7F5FD87F31188BFF3D1
:108FD0006F8FF8BD9D8E000070B50546EFF31184CC
:108FE000202686F31288BFF36F8FFFF773FE20B140
:108FF00084F31188BFF36F8F70BD6B6A63B184F324
:109000001188BFF36F8F6B6A28469847EFF311847E
:1090100086F31288BFF36F8F05F1180003F0D0FEBE
:109020000028E5D003F05DFE21460248BDE870400F
:10903000FFF756BB9814002073B50446EFF3118672
:10904000202383F31288BFF36F8F8368594003EAAC
:1090500002050A405340009300226B4608490192E2
:1090600003F0FEFEDDE9003223EA020304F10C0006
:10907000A3603146FFF734FB284602B070BD00BF45
:1090800017D00000F8B507460C46164603F0EBFD76
:1090900008B10020F8BD0D4B9B685D6F002DF8D026
:1090A000221DF6D2EFF31184202383F31288BFF33D
:1090B0006F8F47F004012846B04784F31188BFF34F
:1090C0006F8F0028E5D040F8045BE3E70814002028
:1090D0000146024A0020FFF7D5BF00BF23980000D9
:1090E00007B5064B0093064906484FF0FF334FF48F
:1090F0008062FEF7F3FF03B05DF804FBCCD80000FC
:10910000D82A0020580D00200CB430B58BB004468E
:109110000D462022002102A803F0C7FF02238DF88C
:109120000A30002D0C4B0393069412DB01D06B1E0A
:109130001C440FAA0E99079402A8019200F00EF8A1
:1091400015B1069B00221A700BB0BDE8304002B08A
:1091500070470024EDE700BF81D100002DE9F04FFA
:109160008BB04368009383789C078046924640F119
:10917000F98000250878002800F0F68025280AD01C
:109180004B1C019301354146009B98470028C0F2D3
:10919000E3800199EEE74E788B1C252E0193F1D0E8
:1091A0000027B9463C460A221F2C22D8A6F12003EC
:1091B000102B20D8DFE803F0141F1F1A1F1F1F0BEE
:1091C0001F1F1F121F171F1F090044F00104019BDE
:1091D00013F8016B0193002EE6D13AE044F002044B
:1091E00044F00404F3E744F00804F0E744F010040A
:1091F000EDE77F2C24D8A6F13003092B08D86006B0
:109200004EBF02FB073702FB093944F02004DEE7BA
:109210002A2E0DD161065AF8043B53D4002BA7BF68
:1092200044F020049946C3F1000944F02804CEE735
:109230002E2E05D1630600F1978044F04004C6E766
:109240006C2E2ED028D8682E32D06A2E37D04C2ED5
:1092500035D0002F46F02003B8BF24F04004A3F11E
:109260006502BCBFA4B20027022A01D9612B2BD111
:109270000AF1070A2AF0070A9C4E0AF1080A072792
:10928000210760D506EB070B34465C455DD1AE1B6C
:10929000A219A9EB070959E1742E98D07A2E96D01D
:1092A000D7E7260648BF44F4007444F080048EE7F4
:1092B000E00548BF44F4007444F4807487E744F444
:1092C000207484E71F4682E7A6F16302122A00F2A7
:1092D000D880DFE812F013004D00D600D600D6008B
:1092E000D6004D00D600D600D600D600D600E80045
:1092F000D100D600D6001A00D600A0005AF8043BD0
:109300008DF81030012704AEBAE75AF8046B784B99
:10931000002E08BF1E4614F0400F14BF39464FF010
:10932000FF31304603F0C9FE0746A9E7009B4146DE
:109330002020984700280FDB013CA742F6D34D447C
:109340002D1BA1469EE74C46F7E714F8010B009B46
:1093500041469847002898DA98F8023043F0040311
:1093600088F802304FF0FF3528460BB0BDE8F08F8B
:10937000220630D5A3052AD50AF1070A2AF00703E9
:109380009A4659685AF8080B24F0100B00291FFA66
:109390008BFB2FDA404261EB41014BF4806B04AC54
:1093A0000A23224603F095FE1BF0400FA0EB0402B7
:1093B00000F08E802BF001049742A4B240F38F801E
:1093C000002E40F08E802BF01104A4B21DE05AF85C
:1093D000040BC117D8E7E0055AF8041B01D408466E
:1093E000F7E7A2054BBF48B208B241F3C01141F301
:1093F000C031C9E750EA0103D1D16306CFD5002FB0
:10940000CDD124F01104A4B23A463B4640F20641C5
:109410000C4262D124E024F01004A4B20A2314F018
:10942000800243D014F400711FBF0AF1070A2AF02A
:1094300007029246516814BF5AF8080B5AF8040BF9
:1094400050EA01023ED124F0160B62061FFA8BFB94
:109450003CD5002F3AD124F01704A4B23A463B463B
:1094600021075AD4E10705D5994572DDA9EB03031D
:109470009F184B469B464AE044F010041023782680
:10948000CDE7782B04D1C6F1780343F01003C6E78B
:10949000009B4146252098470028FFF65DAF023526
:1094A0004146304670E608230026B8E714F4807180
:1094B0005AF8040BC4D014F400711ABFC0B211469C
:1094C00080B2BDE724F006041FFA84FB04AC68E711
:1094D00013465C46E10699D52EB90133C0E7134621
:1094E000F8E73B46F6E70233BAE700BFB8F1000001
:1094F0005ADC0000CDE902324146009B202098470B
:109500000028FFF629AFDDE902320BF1010BD94546
:10951000F0DCEB1A03EB0B055B46E10627D5CDE942
:1095200002324146009B302098470028FFF614AFD6
:10953000DDE902327EB901352F44791B8A4229DBED
:10954000144604AE9CBB2A44A9EB0309154691447A
:1095500042E017468EE7CDE90232023541463046F9
:10956000009B98470028DDE90232E5DAF4E640F294
:1095700006410C42E0D014F0020F14BF2B20202033
:1095800014F4806FCDE9023205F10105414618BFA0
:109590002D20E5E7CDE902324146009B3020984777
:1095A0000028DDE9023205F10105C6DAD4E6013C06
:1095B000CDE90232305D009B414698470028DDE945
:1095C0000232BFDAC8E6009B4146202098470028B7
:1095D00005F10105FFF6C0AEA9EB0503002BF2DC97
:1095E000D7E500BF7047F0B41346DA028768066912
:1095F00007D513F4402F1EBF43F3000202F44022AC
:109600005340346801258D4023F48012DB074CBFA2
:109610002C43AC4334603B68F0BC184703460A4611
:1096200000681979012303FA01F103691B681942E3
:1096300018BF82F0010283680AB1DB6818471B6912
:10964000FCE701F077B800EBC100408840087047A4
:10965000F8B50346FFF7F7FFB0FA80F0C0F11F003E
:1096600003EB800CCA00DCF81060171D0C460632B4
:109670008DB256B9012101FA00F0D9680143D960D1
:10968000CCF81040DD539D52F8BDF1000431585A1A
:10969000D85303EBC0009E52C5805D52F4E710B56D
:1096A00000EBC104E3888B4202F104010AD10123DB
:1096B00003FA02F2C36823EA0203C360002340F8FE
:1096C000213010BDA28840F8213000EBC20100EB30
:1096D000C300CB808280F4E708B50346FFF7B3FFF1
:1096E000B0FA80F2C2F11F021846BDE80840FFF749
:1096F000D6BF2DE9F843B1FA81F3C3F11F0200EBA5
:1097000082090646D9F810700D4687B9C3F12003C7
:109710004FF0FF349C40F3681C4014D094FAA4F23C
:10972000B2FA82F2131D56F82340214608E03C4667
:109730004FF0030821463046FFF785FF854205D8E4
:109740003046FFF7ACFF2046BDE8F88306EBC404C3
:10975000B8F10108E488C9F81040D7D0BC42E9D17B
:10976000D4E738B50446FFF76EFF0D4603461146B1
:109770002046FFF768FF03449BB204EBC5055A007F
:109780006A802046FFF75FFF014424F8313038BD7E
:1097900070B50446FFF757FF0B4604EBC305511A9B
:1097A0009B1A89B203444E009BB204EBC2006E8048
:1097B0005D00458024F8321020461146FFF743FF34
:1097C000014424F8313070BD70B509B9002070BD76
:1097D000056801F007030B33CC0804EBD304AB6836
:1097E0009C4228BF1C4621462846FFF782FF0646BA
:1097F0000028EBD001462846FFF725FFA04207D9F5
:1098000032192846FFF7C4FF11462846FFF720FF0C
:1098100005EBC6021046538843F001035380043021
:10982000D5E71146FFF7D0BF2DE9F84314464A4269
:1098300002EA010931EA020203460BD04A46042A31
:109840004F4628BF0422A1EB09096CB90025284620
:10985000BDE8F883042904D82146BDE8F843FFF7A2
:10986000B3BF00270422F0E71E68A9EB020204F050
:10987000070302F007010B330B44E10801EBD201AF
:1098800001EBD301B368994228BF19463046FFF770
:1098900030FF80460028D9D03D1D05EBC00509F1F9
:1098A000FF3335441D44B5FBF9F509FB05F5ED1B08
:1098B0002C442B1F07349B1B24F00704A41BB0EB84
:1098C000D30F4FEAD3074FEAE40408D201463A46E1
:1098D0003046FFF75DFF41463046FFF7B9FE394697
:1098E0003046FFF7B0FE3844844207D23046224665
:1098F000FFF74EFF21463046FFF7AAFE06EBC706EC
:10990000738843F001037380A1E7043A2DE9F8431B
:10991000CC1D114424F0070421F00706A6EB04082F
:109920004FEAD807B7FA87F2C2F12405AD004FF02D
:1099300000090735C2F12002ED0804604946A7601E
:10994000C4F80C90920004F1100003F0AEFBAAB230
:10995000530043F0010363807B1B9BB204EBC50102
:109960005800A4F80090488024F83520A6F802900A
:1099700024F8083004EBC70329465A8842F0010254
:109980005A802046BDE8F843FFF762BE2DE9F04F4C
:1099900091B0994602F0040305460293C2F3C20354
:1099A0000133AC07DDF868A004930E46104640F082
:1099B00092812C1D8DBB01F00706341DC6F10806EF
:1099C00000274FF0FF334FF0040800F0020101932D
:1099D00009F1FF3203970097BB46434605910DB14D
:1099E000C4F800900498002809DC4846CDE9063206
:1099F000F6F7B2FDDDE90632002800F0B2800598E6
:109A0000002800F0CC80A4EB050C0120BCF5007F01
:109A1000C0F0AD806FF0150003E00729D0D86FF0DB
:109A20001B0011B0BDE8F08F7A285BD84B280FD807
:109A3000472857D829282ED8252850D052D8202852
:109A400018BF23280CBF4FF0010B4FF0000B71E043
:109A50004C382E2846D8DFE800F06D454545454591
:109A60004545454545454845454545454545455692
:109A70004548485656566D486A456D45184818453C
:109A8000457F7C48454548457C0000204FF0000B51
:109A90004FF0040835E02A38C0B2012101FA00F085
:109AA00010EA0E0F46D110F0625C2CD110EA010BC7
:109AB00040D06046013C4444B4FBF8F408FB04F495
:109AC00025B1A3EB050CA444B445A8D8002800F0A8
:109AD000818004995AF8049B013904917FE7019928
:109AE000013901914FF0000B24E012F8010C6C28B1
:109AF00034D112F8023C00206C2B8346C8D14FF0C1
:109B000008084346D6E70AF1070A2AF0070A07348D
:109B1000FAE802BC24F0070435B106982044B042AC
:109B20003FF67DAFC4E900BC08344FF0000B4FF0A6
:109B30000808434612F8010F002864D0BBF1000F5B
:109B40007FF472AF2528F5D1019B013301934FF0CB
:109B5000010B4FF00408ECE7584697E700208346D6
:109B6000A8E70599A4EB050C00297FF44FAF0099F5
:109B70000F293FF64FAFEDB140310DEB010ECCF3A5
:109B8000870C01990EF820CC0EF8101C70B16CF007
:109B90007F0C0EF820CC0137009801300090C5F101
:109BA0000801043406914FF6DA7EC3E703980130CA
:109BB0000390F1E708B10136EEE702990236002979
:109BC000EAD14846CDE90632F6F7A4FADDE90632D5
:109BD0000644E1E7042B08D10AF1040015B1DAF8D4
:109BE0000010216004348246A4E70AF1070323F041
:109BF000070303F1080A1DB1D3E90001C4E900011C
:109C00000834082396E7631BB3F5806FBFF402AFF7
:109C10001DB9A6F10804E01803E7029A28609B0822
:109C20002B709DF80C30BAB1EB70AF7037B108A84B
:109C30000022C5F1010C009B93420FD1C5F1010335
:109C40000DF120084FF0000A01930DF1300B009B3D
:109C5000534512D1601BE4E66B70E6E710F8013B58
:109C6000190608D50CEB040EB64503F07F033FF64A
:109C7000D6AE04F8013B0132DDE71FB198F90020B0
:109C8000002A17DB029BD3B11AF80B2004F8012B32
:109C90000022019B18191044B0423FF6C0AE98F85C
:109CA000000004F8010B49462046039203F0EFF947
:109CB000039A14440AF1010A08F10108C7E798F869
:109CC0000020029B55F8229045F822304846F6F7CE
:109CD00021FA421CDDE76FF00D00A2E62DE9F04706
:109CE00006460D46174698462BB398F8004093F861
:109CF0000190DB78A40004EB430498F802301C4484
:109D000044444FF0000ACA4509D3D8F8042008F1AA
:109D1000080339463046AC46BDE8F047604714F8C2
:109D2000013B48F823402046F6F7F4F9013004449B
:109D30000AF1010AE7E76FF01500BDE8F08730B5DA
:109D400002460024002012F8013B43B178B18C4256
:109D500007D1702B04D0A3F140053A2D07D800207D
:109D600030BDA3F140053A2D01D80134EAE7252B97
:109D700008BF80F00100E6E7002070470FB407B588
:109D800004A951F8040B019100F048FC03B05DF800
:109D900004EB04B0704710B50369024613F00800E5
:109DA00009D11368D4689C4297BF126AE31AD31A88
:109DB00001200B6010BD00231846FAE713B501A976
:109DC0000446FFF7E8FF20B1019BE268013B134422
:109DD0000193206A019BC01A013802B010BD10B572
:109DE000044650182269236AD20702D5013B184065
:109DF00010BD984228BFC01AFAE710B504460A46BB
:109E0000C168FFF7ECFF2369E06023F008032361DA
:109E100010BD38B50D46C2698B00016843F00203DE
:109E200042F82130044601682A46FFF7D8FFE3686C
:109E300061682060984202BF236943F008032361F0
:109E40002A462046FFF7CBFF606038BD2DE9F74F6B
:109E5000D0F80CB0C669009216F82B2002F003026D
:109E6000022A08BF56F82B209A4606EB8B030F46B2
:109E700001934FF00001009B0CBFC2F39D0989467E
:109E800019600446CAF80010B9F1000F07D049461E
:109E9000FFF7B3FFE368A3604FF0010804E0016936
:109EA0008A0705D44FF00008404603B0BDE8F08FA4
:109EB000816906EB8B00884716F82B1011F001081A
:109EC0000546EFD08B071DD51FB139462046FFF759
:109ED000A0FF61682A462046FFF781FFD4E90213FC
:109EE0008B42606007D12A462046FFF778FF4FF08B
:109EF00000080146A0602369216043F00803E16087
:109F00002361D1E701462046FFF777FFE168A160B2
:109F10001FB12068E16941F82090EA19CAF80020D1
:109F200021682046FFF75BFF2269206042F00802AB
:109F3000226116F82B2022F0010206F82B20DDE921
:109F400000321A60A8E770B504461546FFF747FFD0
:109F50002368834205D12369216023F0080323612C
:109F600070BDE269AB0043F0020342F821302046A5
:109F700061682A46FFF733FF6060F1E738B503698F
:109F80005B07044606D5456AFFF718FF85422CBFDC
:109F90006562606238BD38B50D4604461C2200215A
:109FA00003F083F8EB68A361AB6863612B68E3613E
:109FB0006B682362002262622A6923B1591E19422A
:109FC00008BF42F001022261012204F128000021B1
:109FD000BDE8384002F09BBD2DE9F04F9846036A7A
:109FE00087B000258B4204460E469346039505959F
:109FF000AA4638D3EFF31189202383F31288BFF3E5
:10A000006F8F059A2AB129462046FFF79CFF00234F
:10A01000059304A92046FFF7BEFE0499B142074606
:10A020002AD32268E36913F8221021F0030103F810
:10A03000221003EB820A216832462046FFF7CFFE4A
:10A04000E3682060984212D0002789F31188BFF39B
:10A050006F8F039929B162690AB1204690470023A6
:10A060000393002FC6D1504607B0BDE8F08F236997
:10A0700043F008032361E7E718B12046FFF7C9FE64
:10A08000E3E75BEA08031CD0019102F0ECFD0199C3
:10A09000B8B9B9F1000F14D189F31188BFF36F8FEC
:10A0A0005A46434604F12800FDF78CFEEFF3118970
:10A0B000202383F31288BFF36F8FB0FA80F77F09F4
:10A0C000C3E705AB03AA20462568FFF7BFFE074696
:10A0D000BBE770B50446836908460D4698470246BB
:10A0E000EFF31186202383F31288BFF36F8F2B7851
:10A0F00043F001032B7061682046FFF770FE60603B
:10A100002046FFF73BFF86F31188BFF36F8F70BDCA
:10A110002DE9F843044600272026EFF3118586F346
:10A120001288BFF36F8F2369A268190702D463688E
:10A13000934200D2236A9B1A002B42D0E06910F8A8
:10A14000221011F0030300EB82093AD0022B04D154
:10A1500050F822305FEA930805D1CB0720D4A369D9
:10A16000484698478046A16842462046FFF737FE9A
:10A170000127A06041462046FFF73FFE3B4685F39E
:10A180001188BFF36F8F002BC7D137B1B9F1000F22
:10A1900003D104F12800FDF7DFFD4846BDE8F88350
:10A1A00041F0020100F822104846A369D4F8088063
:10A1B0009847414602462046FFF711FE0023A06063
:10A1C000DDE79946DBE7F8B50446836908460D46A6
:10A1D00098470646EFF31187202383F31288BFF3D5
:10A1E0006F8F2B7823F001032B7023699B0705D514
:10A1F000E268E36903EB82039D421AD12B7823F0D6
:10A2000002032B70D4E90231994204D13246204630
:10A21000FFF7E5FDA06031462046FFF7EEFD87F32E
:10A220001188BFF36F8F04F12800BDE8F840FDF7F7
:10A2300093BD2B6860F39F032B60F0E7EFF3118170
:10A24000202383F31288BFF36F8F0269836812079C
:10A2500002D442689A4200D2026AD31A81F311886A
:10A26000BFF36F8F181E18BF0120704703680022CC
:10A270000BB9184670478B4210D10B6842B942683F
:10A280000360914200D1436000230B6001207047BE
:10A2900013604368994208BF4260F5E71A461B689D
:10A2A000E6E7038B13F0070306D10368002B18BF02
:10A2B000032008BF00207047022B05D1408BB0FA65
:10A2C00080F0400980007047012B04D10368002B07
:10A2D00018BF0520EDE70020704710B50C4600B10F
:10A2E00011B96FF0150010BD081D00F0C6F8002868
:10A2F000F9D1A368032BF6D9F3E72DE9F0410D4618
:10A3000007461946281D90461E4600F0C7F8044629
:10A3100038B13346424629463846A446BDE8F041A6
:10A320006047BDE8F08110B4EFF31182202484F37C
:10A330001288BFF36F8F416110BC0121F6F722BB79
:10A3400038B50C46054658B151B10B6843B14B685E
:10A3500033B11C22002102F0A8FE2C61002038BD80
:10A360006FF01500FBE7F8B504460E46FFF7B5FFA2
:10A37000051E3BDBEFF31182202383F31288BFF32A
:10A380006F8F638B278B4FF6FF718B4207F00707A8
:10A390002ED0062F2FD8DFE807F0182E082E18042D
:10A3A00018006FF08505002303E001336383022565
:10A3B000012382F31188BFF36F8FBBB100233A46AC
:10A3C00031462046FFF799FF10E0002333606368B1
:10A3D00023B9C4E9006627B13D46E4E71E60666024
:10A3E000F9E702212046F6F7CDFA3D462846F8BDAA
:10A3F0006FF00A05D7E76FF00405D4E710B5EFF367
:10A400001182202383F31288BFF36F8F048B04F033
:10A410000704022C0AD0012C0CBF6FF004006FF06F
:10A42000850082F31188BFF36F8F08E0438B013BF7
:10A430009BB2438323B92146F6F7A4FA204610BD08
:10A440002046EEE738B5A8B1A1B1EFF3118520227F
:10A4500082F31288BFF36F8F048BFFF707FF30B1D1
:10A4600004F0070085F31188BFF36F8F38BD6FF0DC
:10A470007700F7E76FF01500F8E7034658B1426838
:10A4800002F00302012A03D0032A04D1026812B1A8
:10A490000020986070476FF0150070474268816037
:10A4A00002F00302032A4FF0000203460CBF0068CB
:10A4B00010465A60704770B50C8806468888241A82
:10A4C0003069A4B2844285B224BF641BA4B22D1BA0
:10A4D000A8B2984228BF18463368234413600B88FB
:10A4E00003440B8070BD70B4838985880669ED1ABA
:10A4F000ADB2731B934228BF134670BC0A46011DC0
:10A50000FFF7D9BF70B40E460146C58831F80A3F3F
:10A51000EC1AA3B2934228BF1346324670BCFFF731
:10A52000CABF10B54B880C88E41AA4B294420ED36B
:10A530001A4492B28B884A800A800069D21A92B279
:10A54000824201D2002010BD03448B80FAE76FF0F5
:10A550001500F8E72DE9F34106460F4615464FF082
:10A5600000082A4601A93046FFF7BDFF044640B166
:10A5700002463946019802F08AFD2D1BA04427446B
:10A58000EFD14246311D3046FFF7CBFF404602B0C7
:10A59000BDE8F0812DE9F34107460E4615464FF020
:10A5A00000082A4601A93846FFF7ACFF044648B127
:10A5B0002EB102460199304602F069FD26442D1B5A
:10A5C000A044EED1424607F10A013846FFF7A9FF41
:10A5D000404602B0BDE8F081704703785B075FBF7B
:10A5E00003684288C3F34A2303EB12105DBF1730A0
:10A5F00020F007008008002070470020704701F01D
:10A6000033BD0346BFF35B8F53E8000F421C43E8A2
:10A6100000210029F8D1BFF35B8F70471FB50023DD
:10A62000CDE90201CDE900331A4619461846F6F77E
:10A63000BDFD05B05DF804FB0120F6F769BB002005
:10A6400070474368DA7143681960436801225A71A0
:10A65000F6F750BB70B515460C4669B1D2E9013624
:10A660009B1B99420AD813680A460146981902F0C2
:10A670000EFDAB682344AB60204670BD6FF01B003D
:10A68000FBE770B50E4615461946044618B9BDE8F5
:10A690007040F6F73DBB33B1C2F34A231030120DC0
:10A6A000184402F0F4FCC4E900562046BDE87040AE
:10A6B000F6F7DCBC2DE9F3415F1C4FEA870806463C
:10A6C00008F1170020F0070080080C461546F6F741
:10A6D000A1FB0023ADF805308DF807308DF804702C
:10A6E00068B10346019A43F8102FA8F104012A46E5
:10A6F000294452F8045B43F8045F8A42F9D1A2016D
:10A7000002F4E07242EA482222F07F4222F4700210
:10A71000002322F03F02314602B0BDE8F041FFF7CE
:10A72000B0BF07B50123019201AAFFF7C3FF03B031
:10A730005DF804FB07B5CDE9002302236A46FFF765
:10A74000B9FF03B05DF804FB1FB5CDE90123069BFB
:10A75000039301AA0323FFF7ADFF05B05DF804FBE7
:10A76000F8B506460D4614461F4604B9F8BD214605
:10A7700028463A46B047241A0544F6E710B5426821
:10A7800081680446D2E900230068FFF7E9FF6368A7
:10A7900000221A6010BD38B54B681A68CB689A421F
:10A7A00005460C4602D10846FFF7E8FF6368BFF391
:10A7B0005B8F53E8002F511C43E800100028F8D1AC
:10A7C000BFF35B8FA3689D54002038BD0A2838B5BD
:10A7D00004460D4602D10D20FFF7DDFF2946204635
:10A7E000FFF7D9FF002038BD2DE9F043054689B0B9
:10A7F00008460E8891F80090D1F808800C4617465C
:10A80000F6F726FD011EC6F38216C9F3C2091FDB47
:10A810004846F6F73DFC03462146608851F8102B68
:10A820000296C2F34A22002A01EB0204C0F30B1085
:10A8300008BF00210022CDE90507CDE90314CDE9C9
:10A84000002241462846F6F72FFD09B0BDE8F08307
:10A850000023E1E743681B685B68002019617047CB
:10A8600043681B681A685268536070472DE9F041CD
:10A8700043681B685A68012111751D68D5E90136C6
:10A88000D3E900482F681CB96B681C60BDE8F081F3
:10A89000214630464246B847241A0644F3E7436847
:10A8A0001B681868F6F748BE70B543681D686B688A
:10A8B00018690C46F6F708FA214603460F22286865
:10A8C000BDE87040184702F0F0BB02F0E0BB014663
:10A8D0000068F6F7CDBE08B5F6F726FFBDE80840DC
:10A8E000F7F750BA0A460121FFF71BBF00210120EC
:10A8F000F6F7BEBE6FF08500704761B662B680F3B2
:10A900001188BFF36F8F704772B6002383F31188ED
:10A91000BFF36F8FBFF34F8F30BF62B6BFF36F8F40
:10A920007047202809D9B0F1004F08D80138B0FA93
:10A9300080F0C0F11F0040007047082070473E20A3
:10A94000704708B5D1E904319847002008BD08B523
:10A95000F7F700FC002008BDBFF35B8F50E8003F15
:10A96000013340E80032002AF8D1BFF35B8F704713
:10A97000002303824369C360704708B5014608306D
:10A98000FFF7EAFF084608BD10B508B14B68436001
:10A990004C68002308464B60F7F7A4FC204610BD26
:10A9A0008388026819448180D018704730B4848845
:10A9B0000568A3188380281930BC02F068BB10B565
:10A9C000838802685C1C8480D154D01810BD30B5D7
:10A9D000838802689D1CD4188580D154090A61704F
:10A9E00030BD83885B1A9BB283800068184470472F
:10A9F0008288521A034682800068084418607047B3
:10AA0000F0B41346DA028768066907D513F4402FBD
:10AA10001EBF43F3000202F4402253403468012574
:10AA20008D4023F48012DB074CBF2C43AC433460D1
:10AA30003B68F0BC1847FFF774BE4FF0FF324FF091
:10AA4000FF330430FDF790B8FDF700B990F86C00C3
:10AA5000C0F341107047F8B504461E460D46174630
:10AA6000FFF7EBFF94F86C309B0715D425B1012D4F
:10AA700010D06FF0150508E0216F0029F9D09DF87E
:10AA800018300F714E718B710025201DFFF7DCFF10
:10AA90002846F8BD616FF0E76FF00F05F5E738B5B0
:10AAA00004460D46FFF7C9FF94F86C3065F30413B4
:10AAB00084F86C30201DBDE83840FFF7C5BF90F822
:10AAC0006C00C0F3800070470246034652F8640FE2
:10AAD00090420BD100207047027A8A42FBD09A6ED6
:10AAE0008242F7D000680028F6D170470028F3D1E1
:10AAF000704738B504460D46FFF79FFF94F86C3059
:10AB0000DB0718D42B690BB9EB68BBB1636E1BB9BB
:10AB100004F16403C4E919332B6893B9A26E04F1FC
:10AB20006401C5E900121560A5661D46201DFFF7EA
:10AB30008BFF284638BD4FF0FF35F7E76FF015055E
:10AB4000F4E76FF07705F1E710B50446034654F8D3
:10AB50004C0FA0420DD100200DE0447D8C4204D169
:10AB6000032909D1047A944205D01C6D8442F2D0A5
:10AB700000680028F1D110BD0F29F5E72DE9F0415B
:10AB800005460C46061D4FF0FF324FF0FF333046AE
:10AB9000FCF7EAFF2F6F002F6DD095F86C30DB07C4
:10ABA00069D4EB6C1BB905F14C03C5E91333236879
:10ABB000002B63D1637D0F2B09D1237A012B0CD09D
:10ABC0002B6D05F14C02C4E900231C602C65637DEC
:10ABD000032B0FD04FF0000806E0E1682846FFF78E
:10ABE00088FF80460028EBD03046FDF72FF840461E
:10ABF000BDE8F081EA6C05F14C0090421ED10023C3
:10AC000029E091F815C0BCF1030F10D00133237275
:10AC10004B68C4E900131C604C60637A022B24D09B
:10AC2000032B25D0012BD5D1237ABB73D2E791F822
:10AC300008C00CF1FF3C6345E8D11268002ADED061
:10AC4000517D2B6D03290DD19A42137A02D01168E0
:10AC50000029D6D1013323722B6DC4E900031C6097
:10AC60002C65DAE79342E8D1C9E7237AFB73B1E7B1
:10AC7000237A3B74AEE74FF0FF38B5E76FF0770803
:10AC8000B2E70346006800B1187A70470346C088EF
:10AC900008B11878C0097047FFF743BD70B50C467E
:10ACA0001546F8F705FE40B1406883681B6823B17C
:10ACB0002A462146BDE87040184770BDF8B50446E5
:10ACC000866803690D461746BFF35B8FD3F8A03043
:10ACD000BFF35B8F9B070ED5B36A7BB1F36B9847CD
:10ACE000B36A29463A4620469847336C05462046C3
:10ACF00098472846F8BD4FF0FF35FAE76FF0850515
:10AD0000F7E770B50446866803690D46BFF35B8FAD
:10AD1000D3F8A030BFF35B8F9B070BD5F36B98473D
:10AD2000736A294620469847336C05462046984763
:10AD3000284670BD4FF0FF35FAE770B590F828301F
:10AD400003F01F03012B04460D4600F1280627D00F
:10AD5000022B11D04BB394F829102046FFF7B4FE14
:10AD60000246D0B13046FFF791FF78BB1369A3B11B
:10AD70002A68314620461EE0818DC9B2F8F798FD59
:10AD800002460028E7D03046FFF780FF01465068B2
:10AD9000836899B99B682A6863B96FF0850070BDB4
:10ADA000818DC9B200F087F8EAE790F8291000F029
:10ADB0009BF8E5E73146BDE870401847DB6813B102
:10ADC0003146984703462B600020E8E7D368002B04
:10ADD000E3D03146204698472860F5E710B5044691
:10ADE00019B9002084F8300010BDF7F7AFFB002838
:10ADF000F7D0F9E7FFF795BC4FF0FF324FF0FF3384
:10AE00000430FCF7B1BEFCF721BF21B101290DD000
:10AE100000231B68FFDE5430006848B143685B794B
:10AE2000934205D000680028F8D170475C30F3E702
:10AE3000704710B590F83030022B044609D1FFF767
:10AE400005FE94F8382001462046BDE81040FFF783
:10AE5000DCBFF8F7FFFB002010BD08B5FFF7D5FFFA
:10AE6000003818BF012008BD4FF0FF324FF0FF330C
:10AE70000430FCF779BE08B583681B6B0BB19847AB
:10AE80000346002023B153F8042B0AB1127802B90B
:10AE900008BD1044F6E710B51C46FFF7B6FF48B1F1
:10AEA0000122C06802FA04F320B10269134201D101
:10AEB0000068F9E710BD10B50C46FFF7BAFF48B1BE
:10AEC0000123C06803FA04F120B10369194201D1DA
:10AED0000068F9E710BDD1F81A0083681B6903B157
:10AEE00018476FF08500704738B50C46FFF7A1FF93
:10AEF00080B1C06870B14368DA681AB11179002373
:10AF0000994201DC0068F5E71568ED5CA54201D0C7
:10AF10000133F5E738BDF8B5CC6806460CB92046D4
:10AF200022E004F10C070125E268AAB165F07F0375
:10AF3000D9B203F07F031033DA40D2070ED4E368AE
:10AF4000EB40DB0705D5B0693A46E9B200F09CF862
:10AF500050B90135102DE7D12468DFE7B0693A46D2
:10AF600000F092F80028EAD0F8BD2DE9F3475768C1
:10AF7000002497F8058005460E46A1463B79A3427A
:10AF800003DC002002B0BDE8F0875FFA84FA3146A6
:10AF9000534642462846FFF77EFF014650B1CDF8A2
:10AFA0000090534601222846F8F760FD0028E9D1B9
:10AFB0000134E3E76FF03C00E4E72DE9F743804616
:10AFC0000D461746FFF777FF064628B96FF00104D4
:10AFD000204603B0BDE8F0830F2DF7D808EB050934
:10AFE000014699F83A4000972B4600224046F8F770
:10AFF0003DFD0028EAD100942B460222314640460E
:10B00000F8F734FD04460028E2D100972B460122D0
:10B0100031464046F8F72AFD04460028D8D170682A
:10B0200083685B6813B13A462946984789F83A70B5
:10B03000CEE711F0800F18BF21F0800102684FF0B9
:10B04000010318BF10318B4022EA030303607047ED
:10B0500037B58B7900938B880C461546CA7889786A
:10B0600000F01EFB70B994F90230A1782A68002B19
:10B07000B8BF21F080014FF00103B8BF10318B4001
:10B0800013432B6003B030BDF8B506460D46174696
:10B0900000F02FFB044658B929463846FFF7C9FF90
:10B0A00029463046F9F738FB044608B901F005FE99
:10B0B0002046F8BD0A468069802100F0FCBB436849
:10B0C0009869F9F759BB70B591F918304668002BAB
:10B0D00005460C4607DBC4F81A50B0692146BDE8A6
:10B0E000704000F07CBB3046FFF7E9FC0028F2D04E
:10B0F0004FF0FF3070BD806900F002BC0B0648BF06
:10B1000021F08001406B48BF1031C84000F00100C1
:10B11000704770B504460D46061D4FF0FF324FF0E4
:10B12000FF333046FCF720FD94F86C20C2F3400357
:10B13000920756BFE5616FF00F041C463046FCF7DE
:10B1400085FD204670BD82B0C3698DF80010019264
:10B150002BB102AB13E9060002B0F8F7C5BD02B08F
:10B16000704782B0C3698DF8001001922BB102AB19
:10B1700013E9060002B0F8F7B7BD02B07047704798
:10B1800003695B68D868704743680361037A63B1F9
:10B19000012B0CBF022303234375437A5A1E032A53
:10B1A00005D8DFE802F0050505050123F4E70023D3
:10B1B0000375837A062B09D0072B09D0052B0CBF0A
:10B1C000002303238375837EC37570470123F9E74A
:10B1D0000223F7E7036993F8440030B11A6C9388AF
:10B1E000918910695B1A9BB2C01A7047036993F882
:10B1F0003C007047036993F8442012B993F83C006F
:10B200007047012070470369C3E90812704702299B
:10B21000036907D0042907D0012907D11B691360EE
:10B22000002070471B7EFAE75B7EF8E76FF0850031
:10B230007047CB79026923B1012B02D06FF08500F2
:10B240007047937600207047BFF35B8F0068BFF3B1
:10B250005B8F084100F001007047FFF762BA036995
:10B260001B69BFF35B8F883353E8001F41F0020175
:10B2700043E80012002AF7D1BFF35B8F704710B587
:10B280000469A06B4289C3889A4202D14FF0FF3013
:10B2900010BD0122FFF77EF90028F7D004F17800F5
:10B2A000FCF716FF0020F3E7026913690B6053698E
:10B2B0004B600020704738B513464A7804694568EA
:10B2C0002069202A04D0222A16D06FF0850012E0CF
:10B2D000CA88072AF9D16BB1DB681A6842609A887C
:10B2E00002819B798372FFF74FFF2246082128468F
:10B2F000FFF737FF002038BDCB88002BE5D14B8806
:10B300008381C3F3400203F00103027643762246B1
:10B310000921ECE770B54B78212B12D1CD88036958
:10B3200040681E69072D28BF07252946FFF7C2FE82
:10B33000044620B12A46311D0C30FFF737FB20466A
:10B3400070BD0024FBE701238B40DB43BFF35B8F21
:10B3500050E8002F1A4040E800210029F8D1BFF33F
:10B360005B8F7047006902218830FFF7ECBF0069EE
:10B3700003218830FFF7E7BF03691869012188308E
:10B38000FFF7E1BF08B5036903F188020221104607
:10B39000FFF75AFF28B1996B4889C988401A18BF2E
:10B3A000012083F83C0003211046FFF74DFF40B118
:10B3B0001A6C908891891269401A80B2801A18BF5D
:10B3C000012083F8440008BD38B50446807AF6F7BA
:10B3D00003FF6169054649B1637ADB0704D4C36999
:10B3E0001B6820469B6898470023636121462846D6
:10B3F000BDE8384001F067BB30B50906847C0546DE
:10B4000014D414F0400016D0298AC3F30A00C1F303
:10B410000A01884220D802F00300022809D003283C
:10B420000AD0012811D004F0010004E014F020003B
:10B43000E9E7C4F3800030BD14F00200FBD013F440
:10B44000C05F0BD0C4F30010F5E714F0080207D07A
:10B4500013F4C05FEFD0F5E70020ECE70120EAE746
:10B460001046E8E7BFF35B8FD0F8A000BFF35B8F17
:10B4700000F001007047BFF35B8FD0F8A000BFF36E
:10B480005B8FC0F34000704701F00F0309060269AB
:10B4900048BF103352F823007047007DC0F30010FE
:10B4A0007047037D61F304130375704708B50269A3
:10B4B0001046FFF7D7FF60B9087E00F00F030006C3
:10B4C00048BF103342F82310084601F0E1FA00208B
:10B4D00008BD6FF00C00FBE700220023FCF706BC60
:10B4E00001F003BB01F0DCBA407EC0F3C00070473E
:10B4F000437E23F00803437670471FB504698DF837
:10B500000410CDE90220D4F8983001A9984704B07E
:10B5100010BD1FB50469034606208DF804002046BF
:10B52000CDE90213FFF79EFF40B1C1F81E20D4F809
:10B53000982001A91846904704B010BD4FF0FF3085
:10B54000FAE738B505460C462046FFF7C5FF014629
:10B5500000B938BD6FF070022846FFF7DAFFF3E755
:10B560002DE9F84306690746D6F80090D6F84080E2
:10B570000D464FF0FF324FF0FF3306F18400FCF729
:10B58000F3FA4046FFF7A8FF014618BB4846FFF70D
:10B59000A3FF044620BB99F8143023F0100389F868
:10B5A000143098F8143023F0100388F8143024BBBA
:10B5B000012286F8B020EDB12B68C6F8A8306B6880
:10B5C000C6F8AC3086F8B12038698430BDE8F8435D
:10B5D000FCF73CBB6FF067023846FFF79AFFD0E7F5
:10B5E000637EDB07D7D46FF0670221463846FFF74A
:10B5F00090FFCBE786F8B150E6E72DB10822294647
:10B6000004F10C00FFF7D2F9002221463846FFF77B
:10B6100080FFD9E72DE9F8430546D0F80890884621
:10B6200014461F46FFF730FF0646002835D0D9F8EC
:10B630003C302846984741463B8822463046FFF733
:10B64000DBFE804690B18BB92B6993F88030DB0725
:10B6500058BF402204F0030446BF4FF480624FF409
:10B6600000711146022C0DD0032C11D02846D9F8B8
:10B6700040309847B8F1000F14BF00206FF08500EC
:10B68000BDE8F883338A8B4228BF0B463B80EDE749
:10B69000338A934228BF1346F8E76FF01200EFE7B2
:10B6A0002DE9F3411F464B06D0F8088004460D46AD
:10B6B00016461BD0D8F83C3098472069FFF7DBFED0
:10B6C00088B19DF82030009329463B4632462046FB
:10B6D000F8F7B4FF0546D8F840302046984728468A
:10B6E00002B0BDE8F0814FF0FF35F4E76FF01505CB
:10B6F000F5E770B54B06866804460D4612D0F36B2D
:10B7000098472069FFF7AEFE48B129462046F8F772
:10B71000D9FF0546336C20469847284670BD4FF048
:10B72000FF35F7E76FF01505F7E770B58668054652
:10B73000F36B0C4698472869FFF79DFEB0B1214690
:10B740002846FFF7A1FE014698B1037DDB0710D51F
:10B75000437E03F00303012B0ED0F368284698477D
:10B7600004462846336C9847204670BD4FF0FF349E
:10B77000F7E76FF01204F4E76FF08504F1E7F8B52E
:10B7800087680646FB6B0C4698473069FFF773FEE7
:10B79000E0B121463046FFF777FE0546C8B1037D8C
:10B7A000DB0716D5437E03F00303012B14D00146BB
:10B7B0003B6930469847044618B92B7D60F3410336
:10B7C0002B7530463B6C98472046F8BD4FF0FF3450
:10B7D000F7E76FF01204F4E76FF08504F1E72DE965
:10B7E000F04186680769F36B05460C46984728695F
:10B7F000FFF741FE98B394F8188028464146FFF7BA
:10B8000043FE014670B3037DDA072BD518F07F0F96
:10B8100020D197F8B030EBB1637EDB0717D597F8EE
:10B82000B13033B1082207F1A80104F10C00FFF791
:10B83000BDF8002287F8B02021462846FFF769FEB0
:10B8400004462846336C98472046BDE8F0816FF0E7
:10B850006702F1E77368224628469847F0E74FF001
:10B86000FF34EEE76FF01204EBE770B5866805462B
:10B870000C46F36B984721462846FFF705FE48B172
:10B8800001F033F9B0FA80F464092846336C984724
:10B89000204670BD0124F8E708B503691B68002144
:10B8A0005A8BF8F769FF28B1437E23F0070343F072
:10B8B0000103437608BD08B539B903691B685B8B82
:10B8C000013A1A44B2FBF3F25A43F8F755FF28B194
:10B8D000437E23F0070343F00203437608BD08B517
:10B8E00061B903691B685A8BF8F746FF28B1437E9C
:10B8F00023F0070343F00403437608BD0022F3E777
:10B9000070B586680D46F36B044698472846F6F7EF
:10B91000E9FC2046336C9847002070BD70B58668FE
:10B920000546F36B98472869FFF7A5FD044620B14B
:10B9300033683BB12846984704462846336C9847FD
:10B94000204670BD0124F8E7F8B587680669FB6BEF
:10B95000044698472069FFF785FDD8B12069FFF7B5
:10B960008AFDD0B9FB6A20469847054668B9BFF3FF
:10B970005B8F06F1A00353E8001F41F0020143E88A
:10B980000012002AF7D1BFF35B8F20463B6C98472B
:10B990002846F8BD4FF0FF35F7E76FF07705F4E77D
:10B9A000F8B587680669FB6B044698472069FFF77E
:10B9B00062FDB0B13B6B20469847BFF35B8F0546F5
:10B9C00006F1A00353E8001F21F0020143E8001232
:10B9D000002AF7D1BFF35B8F20463B6C984728467F
:10B9E000F8BD6FF07705F7E72DE9F0410546D0F88F
:10B9F0000880066914460F4631B32AB3D8F83C30A4
:10BA000098472869FFF72EFDD8B9C6E9267428465D
:10BA1000D8F834309847044660B9BFF35B8FA0363E
:10BA200056E8003F43F0010346E80032002AF7D110
:10BA3000BFF35B8FD8F84030284698472046BDE8D2
:10BA4000F0816FF07704F5E76FF01504F6E7F8B5CD
:10BA500087680669FB6B044698472069FFF70BFD72
:10BA6000D0B92069FFF7FEFCC8B1BB6B20469847F0
:10BA7000BFF35B8F054606F1A00353E8001F21F0DA
:10BA8000010143E80012002AF7D1BFF35B8F204683
:10BA90003B6C98472846F8BD6FF00F05F7E76FF04D
:10BAA0007705F4E74FF08053D3F83021082A05D109
:10BAB000D3F83401003818BF0120704700207047C8
:10BAC000C343C3F3C01300F00F0000EB0310704733
:10BAD000FEF727BE01238B40BFF35B8F50E8002F9A
:10BAE0001A4340E800210029F8D1BFF35B8F70476B
:10BAF00000698430FCF7AAB8006984304FF0FF3247
:10BB00004FF0FF33FCF730B810B5807A0C46F6F7EB
:10BB100063FBC36921465868BDE8104000F0A5BE2C
:10BB200073B5807A16461D460C46F6F755FB21681C
:10BB3000C369CDE90065033121F00302586804218F
:10BB4000FBF7FAFE00B9206002B070BD0369C9B20C
:10BB50000C2202FB0133186C00F00700704770B52F
:10BB60000346C9B20069EFF31186202484F31288DA
:10BB7000BFF36F8F0C2505FB0104246C14F0C00487
:10BB800001D0A24211D105FB010001220264002074
:10BB900086F31188BFF36F8F30B95B680C2202FB0C
:10BBA00001335B689847002070BD4FF0FF30EFE72E
:10BBB0008022FFF7D4BFF8B5069F04690546C9B2D5
:10BBC000EFF3118C202080F31288BFF36F8F0C26C7
:10BBD00006FB0146306C00F0070EBEF1010F10D1DC
:10BBE000376400268CF31188BFF36F8F3EB90C20A9
:10BBF00041430C44C4E90E236B685B5898473046B8
:10BC0000F8BD00F0C00087420CBF6FF077064FF020
:10BC1000FF36E7E713B580240094FFF7CCFF02B0AE
:10BC200010BD10B40069CBB21C2404FB030000213A
:10BC300010BC10471046FCF78FB800F0BBBAFBF7FA
:10BC400029BA43685B68D3F810350B600020704751
:10BC500043685B6802EA010021EA0201C3F80805B3
:10BC6000C3F80C150020704743685B680020C3F8D8
:10BC70000815704743685B680020C3F80C157047CF
:10BC800043685B68D3F8042521EA02001140C3F839
:10BC90000805C3F80C150020704730B503695868D3
:10BCA00000B30024884219D108688CB99C68586098
:10BCB000A14200D19860002008602AB15A680A6049
:10BCC0009A68596002B9996000200FE02846E9E7B8
:10BCD00020609868814208BF9C60ECE705680446D4
:10BCE000002DF3D1002AE9D16FF0150030BDFBF72C
:10BCF000E1BA13B54FF080520829136E526E28BF77
:10BD0000082112BA00921BBA0C460A4669460193F2
:10BD100001F0BDF9204602B010BD30B54368136094
:10BD2000057A446804EBC504A34202D36FF0010016
:10BD300030BD5C798C4203F10803F0D10020F7E7B5
:10BD400083689B6A03B118477047836813B19B6C83
:10BD500003B11847704702690B4692E8030083E875
:10BD600003000020704743681B68D3F88004C3F8C1
:10BD70008004704742681368D3F8100150B192698B
:10BD8000002012780A70C3F81001D3F810210122A4
:10BD90001A6070474FF0FF307047002A0FDD42688D
:10BDA0001368D3F8100158B10020C3F8100192694C
:10BDB000D3F8100112780A70012018607047002033
:10BDC000704710B543681C680369EFF311802022A7
:10BDD00082F31288BFF36F8F9A68D17B39B9917360
:10BDE0009B680122DA734FF48003C4F8043380F3B4
:10BDF0001188BFF36F8F10BD03699A68D17B21B1A1
:10BE0000012191739B680022DA737047026991687F
:10BE10000346C87B40B15B681B68D3F8580118B172
:10BE200000230B6193689889704743681B68D3F8B7
:10BE30001001003818BF0120704743681B68D3F811
:10BE40000423D2065CBF1022C3F804237047436862
:10BE50001B68D3F80423D20644BF1022C3F808237A
:10BE6000704743681B684FF40072C3F8042370479F
:10BE700043681B684FF40072C3F80823704738B555
:10BE800043681D68D5F804335B02044605D4D5F831
:10BE9000040310F0100006D138BDFFF7B7FF0028EB
:10BEA000F5D00120F8E72046BDE83840FFF7BDBFD8
:10BEB0000369986801609B685A607047026803468E
:10BEC000D2F8580140B95B68DB0706D4D2F82001EC
:10BED000003818BF012070470120704710B4436834
:10BEE00002691B68D3F80413C90517D5D3F82011CC
:10BEF000A1B1EFF31181202484F31288BFF36F8F77
:10BF0000D3F8204134B10024C3F82041D3F82041B4
:10BF10000124DC6081F31188BFF36F8F9168D3F83F
:10BF2000584171B17CB100240C619168C97B19B989
:10BF30004FF48001C3F8081391688C7B1CB1002377
:10BF40008B7310BC7047D3F8241121B10021C3F8C2
:10BF50002411D3F8243192681368002BF1D0516872
:10BF600010BC184713B501AA0446FFF7D6FE0028F7
:10BF700005DB019B226819791868FAF7B7F802B057
:10BF800010BD10B50022044601212820F5F77AFEE5
:10BF90002820F5F747FE2046BDE81040FAF724BCFC
:10BFA00010B50022044601210220F5F76BFE0220A5
:10BFB000F5F738FE2046BDE81040FAF715BC2DE92C
:10BFC000F0410669B3689C89BFF35B8F94420546D4
:10BFD000A8BF14461033012753E8002F002A03D1CD
:10BFE00043E800700028F7D1BFF35B8F0CBF3B46DE
:10BFF00000232BD1B3682246986801F048F8EFF38C
:10C000001188202383F31288BFF36F8F6968084675
:10C01000FFF754FFB26840B91061044688F31188F5
:10C02000BFF36F8F2046BDE8F0810B689268C3F8BC
:10C0300044250022C3F84845C3F82021D3F8201135
:10C04000C3F85821D3F858219F60E7E71C46E9E779
:10C0500000F150039B009BB203F1804303F588334A
:10C0600000221A601B68704708B5FAF77DFC08BD0E
:10C070004FF08053D3F83021082A03BFD3F834019E
:10C08000B0FA80F0400900207047034600201847AE
:10C0900000F072BB10B502461168B1B1BFF35B8FFF
:10C0A000B1FA81F3C3F11F000123834021EA0303A6
:10C0B00052E8004F8C4204D142E8003CBCF1000F32
:10C0C000F6D1BFF35B8FE7D110BD6FF00B00FBE73C
:10C0D00010B50368CB40DB0714D401238B40026802
:10C0E000BFF35B8F43EA020150E8004F944204D152
:10C0F00040E8001CBCF1000FF6D1BFF35B8FEED11E
:10C10000002010BD6FF01500FBE770B50C46002154
:10C11000054608461646FAF7E1FE48B93378DB00D3
:10C1200003F1804303F5F833C3F81055C3F8144501
:10C1300070BD10B1012802D07047FAF7ABBFFAF713
:10C140005BBF18B1012803D100F019B800F032B874
:10C15000704708B5FAF76CFFBDE80840FAF7DABF98
:10C160004FF08053D3F83021082A06D1D3F8340198
:10C1700002288CBF00200120704700207047FAF78A
:10C1800001BF38B54FF080440223C4F808330123BF
:10C19000E3600023C4F80431D4F8043142F210758E
:10C1A000D4F81834DB0304D50120FFF771FF013DFB
:10C1B000F6D138BDFFF7E5BFF7B5019001A8DDE97D
:10C1C000084716461D46FAF7DDFF019BB6F1000C45
:10C1D00018BF4FF0010C00EB83000B1E18BF0123AA
:10C1E000002D43EA4C030CBF4FF0000C4FF00C0C39
:10C1F000002C43EA0C030CBF4FF0000C4FF4E06C32
:10C20000002F43EA0C03D0F800270CBF4FF0000CBE
:10C210004FF4403C43EA0C0322EA030301B10978DE
:10C220000EB13678760019430DB12D78AD0031434B
:10C230000CB12478240229430FB13F783F040C430A
:10C240003C43C0F8004703B0F0BD1FB50DF10F032C
:10C25000019300238DF80F1000931A461946FFF73B
:10C26000ABFF05B05DF804FB10B504460846FAF7CD
:10C2700099FF04EB4004207DC0F3401010BD10B5C1
:10C2800004460846FAF78EFF04EB4004207DC0F315
:10C29000400010BD10B504460846FAF783FF04EBD2
:10C2A0004004A08A400B10BD70B5044608461646EF
:10C2B000FAF778FF08300D4634F81030DA0509D562
:10C2C000C3F3432304EBC302314654F833305268BE
:10C2D00028469847A3682BB1E26831462846BDE856
:10C2E0007040184770BD10B504460846FAF75AFF6B
:10C2F00004EB4000838ADA051DD5C3F3432123F400
:10C30000F853838204F1120204F1720032F8023F02
:10C3100013F4807F03D0C3F3432399420BD08242AE
:10C32000F4D104EBC10300225A6004F17800BDE8A7
:10C330001040FFF7CDBE10BDF0B5034600F5807488
:10C34000002005460127844695420AD1D3F87C2176
:10C3500032B10022C3F87C21D3F87C3140F0004098
:10C36000F0BD25F0404607FA06F6314209D0D4F870
:10C3700000E0BEF1000F04D0C4F800C0D4F800E023
:10C38000304301350434DFE738B504460D46FFF786
:10C390006BFFA8B12046FFF772FF88B92046FFF770
:10C3A00079FF226801238340C2F80833236803EB36
:10C3B0008000D0F8103523F00303C0F8103538BDE5
:10C3C00028460021BDE83840FFF73FBF2DE9F04384
:10C3D000174685B004460846FAF7E4FED7F8008011
:10C3E0000E460546B8F1000F1ED02046FFF747FF66
:10C3F00018B12046FFF738FF20BB0023CDE90033FA
:10C400008DF80E308DF80F300DF10F0243460DF10F
:10C410000E013046FFF7D0FE04EB4502938A23F06D
:10C42000020343F0010393827B689BB331462046AD
:10C4300093F80080D3F80490FFF721FF28B1B9F1F9
:10C44000000F1FD06FF0150027E004EB4500838A32
:10C4500023F4604323F020038382B9F1000F11D04D
:10C46000B8F1030FEED87B6821685B6893F800C0D1
:10C470004FEA8C031944B8F1000F11D1C1F81085AF
:10C48000C1F8108504EB4502938A23F01C0343EAAC
:10C4900088039382BB6843BB002005B0BDE8F083EE
:10C4A000D1F8102522F00302C1F8102522681344A8
:10C4B000D3F8102522F44F3222F44072C3F810252D
:10C4C0003202D3F8101502F47C5242EA08420A43C1
:10C4D000C3F8102504EB4C03A3F87C60838A43EA7D
:10C4E0004C3343F020038382CCE7D3E90078314614
:10C4F0002046FFF7F8FE002FCED063689F4206D09B
:10C5000004F17800FFF7C6FD002804DAC5E7A36848
:10C510009845F5D1002004EBC003C3E9017804EB92
:10C520004505C0B2AB8A43EA402343F48073AB8233
:10C53000B2E72DE9F043054685B0084616461F468A
:10C54000FAF730FE0C46804626B32846FFF797FEE2
:10C5500018B92846FFF788FE18BB05EB4809B9F85B
:10C56000143003F01C0313B17378012B19D001238D
:10C570008DF80F300023CDE90063721CB31C0DF160
:10C580000F012046FFF718FEB9F8143043F00303FB
:10C59000A9F81430002F3FD021462846FFF76FFE40
:10C5A00020B96FF0150005B0BDE8F0833E782B6828
:10C5B00003EB86030022C3F81025C3F8102505EB12
:10C5C00048024FEA860C938A23F4604323F0200349
:10C5D0009382787800B32968BF7861440004D1F869
:10C5E000103523F4991323F4F853C1F810352302BE
:10C5F00000F4403003F47C5303433805D1F8105560
:10C6000000F4801003432B43C1F81035938A43EAAA
:10C61000463343F0200393820020C4E7C0E90312AD
:10C62000704770B504461546FFF71EFE48B1084630
:10C63000FAF7B8FD04EB40040020A38A5B0B2B70D3
:10C6400070BD6FF01500FBE738B590F88C400546DB
:10C650009CB960222146143000F027FD2868C0F8FC
:10C660007C41D0F87C3140F30730F5F7DBFA012349
:10C6700085F88C30AB67204638BD6FF07700FBE75C
:10C6800090F88C00003818BF01207047FAF7C4BD3D
:10C690002DE9F34104461746FFF7E6FD0D462668EF
:10C6A000F0B12046FFF7EBFD8046C8B92046FFF702
:10C6B000F1FD820002F5807346F80380F358236889
:10C6C0001344D3F8102542F00102C3F8102527B116
:10C6D000226801238340C2F8043302B0BDE8F08130
:10C6E000D6F80433002BA4BF4FF00043C6F8043340
:10C6F0002846FAF757FD04EB4004A38AC3F38203EC
:10C70000042B12D0052B12D001A80195FAF73AFD9F
:10C71000019BD0F81015D94001F0010102312846E3
:10C7200002B0BDE8F041FFF790BD0321F7E7022119
:10C73000F5E7FFF729BE00F180431A68002A1FBF02
:10C7400000221A601B68012008BF002070474FF0CC
:10C7500080434FF46072C3F8042370474FF0804366
:10C760004FF46072C3F80823704708B5FAF7D0FE9B
:10C77000BDE80840FFF7EDBC08B1F5F7E7BD70472D
:10C7800010B5436904463BB90020E268537843F092
:10C7900001035370404210BD98470028F4D0002890
:10C7A000B8BF4042E368FF28A8BFFF201870ECE73D
:10C7B00040B1C368587810F001001EBF1878B0FA75
:10C7C00080F040097047EFF31183202383F3128830
:10C7D000BFF36F8FFEE72DE9F04F89B0DDE91268F6
:10C7E000059243460546324606A80F4600F079FBFF
:10C7F000DDE90634CDE90234EFF311844FF020096E
:10C8000089F31288BFF36F8F05F10C0A05F1140B41
:10C81000059A149B39462846984730B184F311880D
:10C82000BFF36F8F09B0BDE8F08F56EA0806F5D068
:10C83000DDE9022306A800F079FBDDE9066852462F
:10C84000CDE9006821465846FBF7C2FFEFF311849B
:10C8500089F31288BFF36F8FDAE710B400F10C048C
:10C86000C0E9034410BCFDF750B838B50446EFF3F7
:10C870001185202383F31288BFF36F8FF3F7E0FD58
:10C8800004F10C0000F0B2FA30B1294604F11400B2
:10C89000BDE83840FBF724BF85F31188BFF36F8FE5
:10C8A00038BD10B542696AB1836842EA030189075D
:10C8B00008D10169A2FB011424B95B182CBF012126
:10C8C000002102D36FF0150005E0C1609B1A0269D8
:10C8D0008A4201D8002010BDC2681A604269C36054
:10C8E00001319B1AF3E72DE9F04105460F46EFF3BE
:10C8F0001188202383F31288BFF36F8FC668FEB9B7
:10C900000468A0421CD0DCB1D4E9003213605A6044
:10C91000237CA66023F002032374C4E9006604F1BB
:10C920001800FCF7D7F92046C4F880606761FBF770
:10C93000CFFD414605F10800BDE8F041FBF7D0BE50
:10C940003E60AB69EF60013BAB6188F31188BFF3D8
:10C950006F8FBDE8F08110B52024EFF3118384F3CD
:10C960001288BFF36F8FFDF7CFFFF6E7D0E90032F3
:10C9700013605A60027C002322F00202C0E90033F7
:10C9800002748360704713B501240094FBF722F80A
:10C9900002B010BD90F90E308B4201D0FBF74ABFB8
:10C9A0000020704703460020C3E90200C3E90033BA
:10C9B0007047D0E9003213605A60027C002322F0F5
:10C9C0000202C0E900330274836070472DE9F84326
:10C9D00090469DF82020099F04460D4602B1456807
:10C9E000A66804F108094E4516D0AEB13046FFF7EF
:10C9F000E0FF002406F11800FCF76CF93046C6F899
:10CA00008040C6F81480FBF763FD48463946FBF7C3
:10CA100067FE2046BDE8F883A3B10820FCF758FB69
:10CA2000002832D00122C0F804800260016801F0C1
:10CA300003015DB922680A430260626820606AB936
:10CA400060600BE0C8F800304046EFE72A68032A30
:10CA500010D80160616839B9C4E90000002087F38B
:10CA60001188BFF36F8FD5E70A6802F00302024313
:10CA70000A60E5E722F003020A4302602A6802F036
:10CA8000030240EA02032B60E8E76FF00B00E6E7E1
:10CA90000023C0E9003300F10803C0E90233704706
:10CAA00007B50A46EFF31183202181F31288BFF303
:10CAB0006F8F01930123009300231946FFF786FF30
:10CAC00003B05DF804FB07B50A46EFF3118320219C
:10CAD00081F31288BFF36F8F0193002300931946EF
:10CAE000FFF774FF03B05DF804FBEFF3118320221E
:10CAF00082F31288BFF36F8F006818B10268920743
:10CB000018BF406883F31188BFF36F8F70473AB145
:10CB10008A4205D3C0E90212C0E900000020704734
:10CB20006FF015007047026801238B4022EA03036F
:10CB3000036022FA01F000F001007047F8B50446E6
:10CB40000E460C300321FFF7EEFF054630B11034DE
:10CB500020272046FCF7BEF80B3001D02846F8BD50
:10CB6000336883F31188BFF36F8FEFF3118387F37B
:10CB70001288BFF36F8F3360EBE738B5E0B150F840
:10CB8000944F844218D0BCB1D4E9003213605A608B
:10CB9000237C002523F00203C4E900552374A5601B
:10CBA00004F11800FCF796F8C4F88050656120463F
:10CBB000BDE83840FBF78CBC38BD73B50446EFF3D5
:10CBC0001185202383F31288BFF36F8F0023A0F118
:10CBD0001006032104380193FFF7A5FF28B1A369CC
:10CBE000019301A93046FBF721FA85F31188BFF3C1
:10CBF0006F8F02B070BD38B504460D46102200217B
:10CC000000F053FA656038BD13B501900846EFF3A4
:10CC10001184202383F31288BFF36F8F01A9FBF7E0
:10CC200005FA84F31188BFF36F8F02B010BD10B501
:10CC3000FFF7EAFF041E08DDEFF31180202383F3E2
:10CC40001288BFF36F8FFBF761FE204610BD38B529
:10CC5000302204460D46002100F027FA4FF480737D
:10CC60006560E36038BDEFF30580003818BF012030
:10CC700070476FF0570070470020704738B58589BE
:10CC8000EFF31181202282F31288BFF36F8F037CB0
:10CC900013F0080404D081F31188BFF36F8F38BDFF
:10CCA0000122FBF77FFCEB07F9D584F31188BFF372
:10CCB0006F8F0423184602DFF1E7FBF747BDD0E989
:10CCC000003213605A600023C0E90033704708B592
:10CCD000FFF7F5FF037C23F0020303740023836056
:10CCE00008BD10B5EFF31184202383F31288BFF33E
:10CCF0006F8FFBF7EDFB84F31188BFF36F8F10BDCF
:10CD000038B504460D46FBF723FC237C43F00203B1
:10CD10002374D5B1A5602B689D4209D16B68C4E925
:10CD200000531C606C6010E06A689A42F6D01B6881
:10CD3000002BF3D093F90E1094F90E209142F3DDFD
:10CD40005A68C4E9003214605C6038BD08B5EFF37E
:10CD50001181202282F31288BFF36F8F83680BB199
:10CD6000FFF7B5FF81F31188BFF36F8F08BD08B5DA
:10CD7000037C13F0280F01460CD183680BB1FFF739
:10CD8000A6FF0B7C23F004030B740846BDE80840A3
:10CD9000FBF79EBB08BD38B50446EFF31185202391
:10CDA00083F31288BFF36F8FFBF7D6FF18B9A4F196
:10CDB0001800FFF7DCFF85F31188BFF36F8F38BDD4
:10CDC00008B50346EFF31181202282F31288BFF3E6
:10CDD0006F8F0068834207D008B1FFF778FF81F3B7
:10CDE0001188BFF36F8F08BD0020F8E770B50546C6
:10CDF000EFF31186202383F31288BFF36F8F04684B
:10CE00000020A54204D186F31188BFF36F8F70BD57
:10CE1000002CF8D02046FFF75AFF04F11800FBF76A
:10CE200059FF2046FBF754FB2C680120E9E738B591
:10CE30000C460546FBF77EFDB4F1FF3F08BFB5F198
:10CE4000FF3F1FBF47F6FF7300224FF47A71E0FBEC
:10CE500001321ABFD80B40EA42404FF0FF3038BDD4
:10CE60002DE9F04706460F4691469A46EFF31188A2
:10CE7000202383F31288BFF36F8F0068864206D0A9
:10CE800028B17368984214BF0568002568B900246A
:10CE9000B9F1000F02D051462046C84788F31188E7
:10CEA000BFF36F8F2046BDE8F0875146B847044670
:10CEB0000028EDD135B17368AB4200D02C6828460C
:10CEC0002546E3E72C46FAE708B5FBF7B9FDBDE8D0
:10CED0000840FBF7E5BD08B5FBF7C8FF08BDFBF749
:10CEE000C5BFB3F1FF3F08BFB2F1FF3F70B50646C3
:10CEF0001D46144614D01A4316D0002B08DBFBF74E
:10CF0000B5FF041941EB0501C6E90041304670BD8B
:10CF10006FF001031C1B4FF0FF3363EB0501F3E7D8
:10CF20004FF0FF342146EFE70024FBE7B3F1FF3F6A
:10CF300008BFB2F1FF3FF8B5074616461C4610D0B1
:10CF400054EA020311D0FBF791FFB0420A46A14117
:10CF500003460AD2F31A64EB0204C7E900343846E8
:10CF6000F8BD4FF0FF331C46F7E70023FBE730B571
:10CF70000023C0E90812002400F118020025C0E9CE
:10CF80000622C0E90033C0E902450363436330BDB4
:10CF90002DE9F3470446DDE90A9815460E4659B3D4
:10CFA00002F0010AFBF734FD0746EFF3118120235D
:10CFB00083F31288BFF36F8FA80744BF0023A360D9
:10CFC000A36803EA0600BAF1000F0CD086420CD128
:10CFD0006A0744BF8343A36081F31188BFF36F8F57
:10CFE00002B0BDE8F0870028F2D159EA080305D164
:10CFF00081F31188BFF36F8F0020F1E7C7E918654F
:10D000002246CDE9009804F10C00FBF7E1FB002873
:10D01000F2D1386EE4E710B50446D0E918020B6887
:10D0200012F0010F03EA000301D0984210D17BB146
:10D030002366520742BF4A681A434A6004F1180047
:10D04000FBF748FE0023C4F880302046FFF78FFE30
:10D05000002010BD0A46FBF7EFBF0A460021FBF790
:10D06000EBBF5200FFF794BF10B5014670B151F805
:10D07000040DEFF31184202383F31288BFF36F8F25
:10D08000F3F7DEF984F31188BFF36F8F10BD0A4404
:10D09000914200F1FF3300D1704710B511F8014BF8
:10D0A00003F8014F9142F9D110BD02440346934267
:10D0B00000D1704703F8011BF9E710B5024601449F
:10D0C0008A42134603D01C780132002CF8D1181A7A
:10D0D00010BDF0B5C3F137070446FFB203F01F03DC
:10D0E0001046082BE6B233D0102B3ED06508A408BA
:10D0F00044EA817445EAC1752D194FEA910242EB69
:10D100005102290941EA02716D1842EB1212290AF3
:10D1100041EA02616D1842EB1222290C41EA0241F8
:10D120006D1842EB1242AD1842F10002EC0844EADD
:10D130004274D10804EB8402A6EB4205EDB2092D3E
:10D140000CD90134A5F10A0541F10001EDB212E05C
:10D15000E40844EA417406F00705C908303554EA8A
:10D16000010200F8015BBCD1F0BD240944EA01745E
:10D1700006F00F050909092D84BFED19EDB2EDE7A1
:10D18000D1E9043293421EBF5A1C0A6118707047DD
:10D1900071230000000000000000000018D2000011
:10D1A00015790000000000000000000050D20000CF
:10D1B0000000000034D200000000000088D200000F
:10D1C000000000006CD2000000000000A4D20000AB
:10D1D0006D5D000000000000DD6A0000000000003E
:10D1E000CD0B0000000000007D21000000000000C9
:10D1F00000000000C0D2000000000000DCD20000EF
:10D2000071300000000000009123000000000000C9
:08D210004905000000000000C8
:10D2180041EF0000B0D70000A4D40000180400209B
:10D2280034110020055B0000000000006AEF0000D8
:10D23800C8D7000080D400001A04002088110020FC
:10D248008D5F00000000000078EF0000DCD70000D0
:10D2580080D400001C040020941100208D5F000081
:10D2680000000000CAEC000024D70000C0D4000071
:10D278001404002030000020B13F0000000000002E
:10D28800AAF00000F8D7000014D500002004002000
:10D298004403002083BF000000000000B8F0000035
:10D2A80050D8000014D5000022040020700300208C
:10D2B800A1BF0000000000001BEF00008CD7000099
:10D2C80048D700001604002090020020894C000076
:10D2D8000000000072F00000F0D70000000000001D
:10D2E8001E040020A01100201962000000000000A8
:10D2F8006BC700008BC0000000000000EDA8000014
:10D30800A4D20000DDBE000000000000EDA800006F
:10D3180000000000EDA8000000000000EDA80000DB
:10D3280064010020EFBC000000000000EDA8000030
:10D3380000000000EDA8000000000000EDA80000BB
:10D3480000000000EDA8000000000000EDA80000AB
:10D3580000000000EDA8000000000000EDA800009B
:10D3680000000000EDA8000000000000EDA800008B
:10D3780000000000EDA8000000000000D56B0000D0
:10D3880000000000EDA8000000000000EDA800006B
:10D3980000000000EDA8000000000000EDA800005B
:10D3A80000000000EDA8000000000000EDA800004B
:10D3B80000000000EDA8000000000000EDA800003B
:10D3C80000000000EDA8000000000000EDA800002B
:10D3D80000000000EDA8000000000000EDA800001B
:10D3E80000000000EDA8000000000000EDA800000B
:10D3F80000000000EDA8000000000000EDA80000FB
:10D4080000000000EDA8000000000000EDA80000EA
:10D4180000000000EDA8000000000000EDA80000DA
:10D4280000000000EDA80000B15300008BC0000010
:10D4380088D20000DDBE000000000000EDA800005A
:10D4480000000000EDA8000000000000EDA80000AA
:10D4580000000000EDA8000000000000EDA800009A
:10D4680000000000EDA8000000000000EDA800008A
:04D4780055790000E2
:04D47C00E19000003B
:10D48000BD5D000043BC000051BC000069BC000051
:10D4900075BC000081BC0000C95F00009BBC00009F
:10D4A000000000005D5B0000B1BB000015BC000087
:10D4B000000000004DBB0000000000000000000064
:10D4C0007FB20000FD3D00000000000033B200000C
:10D4D000A9B200000D440000553D00008544000045
:10D4E0006FB30000D5B10000D544000065B3000063
:10D4F00000000000EDB1000000000000000000008E
:10D50000F5B1000085B3000007B20000FD3F000048
:10D510000FB2000075BD00003167000067BD00005C
:10D52000D965000057BD0000BFBF00009BBD0000D3
:10D53000C3BD0000F9BD00000DBE00003BBE0000F1
:10D540004FBE00000DBE00002BBE000063BE0000F9
:10D5500071BE00007FBE000000000000B1BE0000F0
:08D560000000000000000000C3
:10D5680004DD0000030000005CEF00000300000081
:10D5780092DB00000300000028DD0000030000002B
:10D588002CDD00000300000031DE00000300000075
:10D5980062E2000003000000C1E200000300000096
:10D5A800C9E200000300000031EF000003000000A2
:10D5B800ACF100000300000016DC000003000000CE
:10D5C800D8E200000300000015DD000003000000A1
:10D5D8007FF0000003000000C6F000000300000018
:10D5E800AAED00000300000029EF0000030000007E
:10D5F800E2EC000003000000C3E8000003000000A4
:10D60800D4E500000300000093E9000003000000D7
:10D61800AAE6000003000000B6E3000003000000D3
:10D62800ADE30000030000003BEA00000300000037
:10D63800ECE90000030000005EE7000003000000C2
:08D6480043EA000003000000AA
:10D65000DCD600004C01002020DE000001000000AC
:10D660000338FDD87047000050D2000018000700B2
:10D6700050D2000010000000300600200001000021
:10D6800039A60000DBA5000002000000E9A70000A9
:10D69000000000000000000000000000000000008A
:10D6A00000DE000008DE00000000000000000000B6
:10D6B0000000000010DE000014DE000018DE000094
:10D6C0001CDE0000CCD600001C0E0020BD150000A2
:10D6D000340E00204614002001000000A9A800001C
:10D6E0009FA800006DA8000061A8000000000000D5
:10D6F00055A800000000000000000020000000000D
:10D7000000000B06020000000CD700000000000023
:10D71000B2E200002600020600000020BAE200008B
:10D7200022000B111C02002000000000CF0300208B
:10D73000300200200000000098D700007C04002088
:10D74000000000000000000000000000094E000082
:10D75000454C0000454A0000314E0000000000002A
:10D76000E5490000514E000051580000254C0000D2
:10D7700000000000C9580000715200003D4B00003D
:10D780001D4B0000F9BA0000F1BA000000000000D3
:10D79000010000009D4B000021BB000000000000C4
:10D7A00009BB0000C15A0000915A000000000000AF
:10D7B0000D5C00008D5B000050EF00003FBC0000DE
:10D7C0003BBC000056EF0000FFFF000000030050CC
:10D7D000640100200000000001000000FFFFFFFFC7
:10D7E0000000005064010020000000000000000064
:10D7F0006CD2000088D200000080024001000000CE
:10D800000000000014D800000024F400511400208F
:10D81000501400200080024020D8000002000000C8
:10D8200040D800000400000030D8000004010000CF
:10D83000258000002480000127800002268000034C
:10D84000250000002400000127000002260000033C
:10D850000020004001000000000000006CD8000023
:10D860000024F400731400207214002000200040F3
:10D8700078D800000200000090D8000002000000EC
:10D8800088D8000002010000068000000880000126
:10D89000060000000800000108000000030000006E
:10D8A0005DF100006BF100007FF100008EF10000DF
:10D8B0009AF1000090D1000098D10000D8D100006A
:10D8C000E0D1000010D2000018D20000AFF100003B
:10D8D00000010000000000000904646F776E6C6FA7
:10D8E00061640064656173736572746564006E6F72
:10D8F000726D616C0072656C656173656400466190
:10D90000696C656420746F207265616420445452B0
:10D91000202865727220256429004661696C65645F
:10D9200020746F2072656164205254532028657200
:10D93000722025642900445452202573202D3E2056
:10D94000455350424F4F54202573005254532025C5
:10D9500073202D3E20455350454E202573004553DE
:10D9600050424F4F54204750494F206E6F742072E1
:10D970006561647900455350454E204750494F201A
:10D980006E6F74207265616479004661696C6564CC
:10D9900020746F20636F6E666967757265204553EA
:10D9A00050424F4F5420286572722025642900464A
:10D9B00061696C656420746F20636F6E666967755A
:10D9C000726520455350454E2028657272202564AB
:10D9D0002900455350333220636F6E74726F6C2090
:10D9E0004750494F7320726561647920286E6F72C9
:10D9F0006D616C20626F6F742C2072756E6E696E33
:10DA00006729004661696C656420746F20616464F5
:10DA1000206C616E67756167652064657363726908
:10DA200070746F7220286572722025642900466127
:10DA3000696C656420746F20616464206D616E752B
:10DA40006661637475726572206465736372697070
:10DA5000746F7220286572722025642900466169FE
:10DA60006C656420746F206164642070726F6475EB
:10DA700063742064657363726970746F72202865C3
:10DA8000727220256429004661696C656420746F98
:10DA9000206164642046756C6C2D5370656564204C
:10DAA000636F6E66696775726174696F6E20286551
:10DAB000727220256429004661696C656420746F68
:10DAC0002072656769737465722055534220636CD8
:10DAD000617373657320286572722025642900467E
:10DAE00061696C656420746F207265676973746521
:10DAF000722055534244206D6573736167652063DE
:10DB0000616C6C6261636B202865727220256429E8
:10DB1000004661696C656420746F20696E69746980
:10DB2000616C697A65205553422064657669636546
:10DB300020737570706F727420286572722025646E
:10DB400029004661696C656420746F20656E6162AE
:10DB50006C65205553422064657669636520737552
:10DB600070706F72742028657272202564290045D8
:10DB70005350333220706173737468726F756768C5
:10DB80002072656164790065737033325F7573620A
:10DB9000640065737033325F706173737468726FA1
:10DBA000756768006865617020636F727275707464
:10DBB000696F6E20286E6F7420696E207573653FE3
:10DBC00029206174202570006865617020636F7280
:10DBD00072757074696F6E20286275666665722052
:10DBE0006F766572666C6F773F29206174202570AF
:10DBF000006865617020636F7272757074696F6E12
:10DC00002028646F75626C6520667265653F292007
:10DC10006174202570006F735F68656170002A2A47
:10DC20002A20426F6F74696E67205A657068797236
:10DC3000204F53206275696C642076342E342E3068
:10DC40002D31303335352D67663262356563643882
:10DC500036366630202A2A2A0A00286E756C6C290E
:10DC60000028756E7369676E656429206368617248
:10DC7000202A207573656420666F72202525702028
:10DC8000617267756D656E742E20497427732072FA
:10DC900065636F6D6D656E64656420746F2063618C
:10DCA000737420697420746F20766F6964202A2051
:10DCB00062656361757365206974206D61792063A5
:10DCC00061757365206D69736265686176696F72ED
:10DCD00020696E206365727461696E20636F6E6681
:10DCE000696775726174696F6E732E2053747269FF
:10DCF0006E673A2225732220617267756D656E74B6
:10DD00003A25640063627072696E74665F70616365
:10DD10006B616765007379735F6765746F7074001A
:10DD20006C6F6767696E67006C6F67006C6F675F29
:10DD30006D676D74004D65737361676520282225DA
:10DD40007322292064726F7070656420626563615C
:10DD500075736520697420657863656564732073E5
:10DD6000697A65206C696D69746174696F6E2028C9
:10DD7000257529004D6573736167652064726F7046
:10DD800070656420626563617573652069742065E0
:10DD90007863656564732073697A65206C696D6961
:10DDA000746174696F6E2028257529000D0A001BA7
:10DDB0005B306D0025732E0025733A2000257320FB
:10DDC000005B253031306C755D20005B253032758D
:10DDD0003A253032753A253032752E253033752C80
:10DDE000253033755D20003C25733E200025732FC0
:10DDF00000253032782000202020007C00256300A0
:10DE00001B5B313B33316D001B5B313B33336D00AA
:10DE10006572720077726E00696E660064626700F8
:10DE20006C6F675F6261636B656E645F756172746E
:10DE3000006C6F675F756172740072302F61313AE8
:10DE40002020307825303878202072312F61323A06
:10DE50002020307825303878202072322F61333AF4
:10DE600020203078253038780072332F61343A2002
:10DE700020307825303878207231322F69703A207E
:10DE800020307825303878207231342F6C723A2067
:10DE9000203078253038780020787073723A20204E
:10DEA000307825303878004661756C74696E67206B
:10DEB000696E737472756374696F6E2061646472E5
:10DEC00065737320287231352F7063293A203078BA
:10DED0002530387800556E68616E646C6564204941
:10DEE00052516E3A202564002A2A2A2A2A205553A4
:10DEF000414745204641554C54202A2A2A2A2A00C7
:10DF000020204469766973696F6E206279207A6592
:10DF1000726F002020556E616C69676E6564206DBC
:10DF2000656D6F7279206163636573730020204EA5
:10DF30006F20636F70726F636573736F7220696EA9
:10DF4000737472756374696F6E73002020496C6C12
:10DF50006567616C206C6F6164206F662045584373
:10DF60005F52455455524E20696E746F20504300E5
:10DF70002020496C6C6567616C20757365206F6645
:10DF80002074686520455053520020204174746508
:10DF90006D707420746F2065786563757465207585
:10DFA0006E646566696E656420696E73747275630C
:10DFB00074696F6E002A2A2A2A2A204D505520465D
:10DFC00041554C54202A2A2A2A2A002020537461C1
:10DFD000636B696E67206572726F722028636F6E63
:10DFE000746578742061726561206D69676874205A
:10DFF0006265206E6F742076616C69642900202050
:10E00000556E737461636B696E67206572726F72AF
:10E01000002020446174612041636365737320565E
:10E02000696F6C6174696F6E0020204D4D464152DE
:10E0300020416464726573733A203078257800203B
:10E0400020496E737472756374696F6E20416363E7
:10E050006573732056696F6C6174696F6E00202060
:10E06000466C6F6174696E672D706F696E74206C99
:10E07000617A79207374617465207072657365725A
:10E08000766174696F6E206572726F72002A2A2A37
:10E090002A2A20425553204641554C54202A2A2AE8
:10E0A0002A2A002020537461636B696E67206572B1
:10E0B000726F72002020507265636973652064611D
:10E0C000746120627573206572726F720020204245
:10E0D00046415220416464726573733A203078255A
:10E0E00078002020496D70726563697365206461F2
:10E0F000746120627573206572726F72002020490E
:10E100006E737472756374696F6E206275732065C7
:10E1100072726F720052657365727665642045781D
:10E1200063657074696F6E20280053707572696F33
:10E13000757320696E746572727570742028495207
:10E14000512000535053454C20696E20746872650D
:10E150006164206D6F646520646F6573206E6F74F9
:10E1600020696E64696361746520505350004553A3
:10E170004620636F756C64206E6F74206265207238
:10E18000657472696576656420737563636573731E
:10E1900066756C6C792E205368616C6C206E6576A8
:10E1A0006572206F636375722E002A2A2A2A2A203C
:10E1B00048415244204641554C54202A2A2A2A2AB2
:10E1C000002020427573206661756C74206F6E208C
:10E1D000766563746F72207461626C65207265612C
:10E1E000640020204465627567206576656E740062
:10E1F00020204661756C7420657363616C6174697D
:10E200006F6E20287365652062656C6F7729004109
:10E210005243485F455843455054207769746820FD
:10E22000726561736F6E2025780A002A2A2A2A2ACD
:10E23000204465627567206D6F6E69746F7220652A
:10E240007863657074696F6E202A2A2A2A2A002A48
:10E250002A2A2A2A20257320256429202A2A2A2AC4
:10E260002A006D7075004661696C656420746F20CA
:10E27000616C6C6F63617465206E6577204D5055DD
:10E2800020726567696F6E2025750A00506172748F
:10E290006974696F6E2025753A20636F68657265D1
:10E2A0006E636520636865636B206661696C656495
:10E2B0002E00464C4153485F30005352414D5F3071
:10E2C000006E65745F627566006E65745F62756688
:10E2D0005F73696D706C6500736F63005553422006
:10E2E00064657669636520737570706F72742069F8
:10E2F0007320616C726561647920696E697469610B
:10E300006C697A656400555342206465766963657B
:10E3100020636F6E74726F6C6C6572206973206E0F
:10E320006F7420726561647900555342206465768C
:10E3300069636520737570706F7274206973206EE5
:10E340006F7420696E697469616C697A65640055DF
:10E3500053422064657669636520737570706F72CF
:10E360007420697320616C726561647920656E61E7
:10E37000626C6564004661696C656420746F206539
:10E380006E61626C6520636F6E74726F6C6C657227
:10E390000042756666657220707265616C6C6F63B1
:10E3A0006174696F6E206661696C65640075736283
:10E3B000645F64657600757362645F6465736300AF
:10E3C0004661696C656420746F20656E7175657552
:10E3D000652053746174757320494E2062756666BA
:10E3E0006572004661696C656420746F20656E71AA
:10E3F0007565756520534554555020627566666590
:10E40000720043616E206F6E6C792068616E646C7F
:10E410006520636F6E74726F6C20726571756573C1
:10E420007473004D616C666F726D65642073657402
:10E430007570207061636B657400556E65787065EA
:10E440006374656420627566666572206C696E6BC4
:10E45000656420746F207365747570004661696C23
:10E46000656420746F2073657420646576696365E4
:10E47000206164647265737320307825780046618A
:10E48000696C656420746F2073657420636F6E66B9
:10E49000696775726174696F6E2025752C2025641B
:10E4A00000496E74657266616365206F7220616CED
:10E4B0007465726E61746520646F6573206E6F742D
:10E4C00020657869737400436F6E66696775726161
:10E4D00074696F6E2064657363726970746F722003
:10E4E0002575206E6F7420666F756E6400485749FD
:10E4F0004E464F206E6F7420696D706C656D656E51
:10E50000746564206F7220656E61626C656400538F
:10E510006B6970706564202564206D657373616735
:10E52000657300496E6469636174696E6720657222
:10E53000726F7220766961206572726E6F206973E6
:10E5400020646570726563617465640070726F74D5
:10E550006F636F6C206572726F723A0073657475C9
:10E56000703A006E6F7420737570706F72746564AA
:10E57000006E6F74207065726D69747465642069D3
:10E580006E20646576696365207374617465202507
:10E5900075004661696C656420746F20656E7175E5
:10E5A00065756520537461747573204F55542062EE
:10E5B0007566666572004661696C656420746F20DB
:10E5C000656E61626C6520544553545F4D4F444500
:10E5D00020257500757362645F6368390046616960
:10E5E0006C656420746F20676574206366675F6E76
:10E5F000642C206465737069746520636F6E66694E
:10E600006775726564207374617465004661696C36
:10E61000656420746F207365742064656661756C31
:10E62000742061646472657373206166746572201E
:10E63000627573207265736574004661696C656408
:10E6400020746F207365742064656661756C742036
:10E6500073746174652061667465722062757320DD
:10E6600072657365740041637475616C20646576CE
:10E6700069636520737065656420257500554443A2
:10E68000206572726F72206576656E7400466169EE
:10E690006C656420746F20696E69742064657669A6
:10E6A00063652064726976657200757362645F6386
:10E6B0006F726500456E64706F696E6720307825F3
:10E6C000303278206E6F742061737369676E656491
:10E6D000004661696C656420746F206173736967BB
:10E6E0006E20656E64706F696E742061646472651B
:10E6F00073736573004661696C656420746F20698B
:10E700006E697469616C697A6520636C61737320EA
:10E71000696E7374616E636500624E756D496E74E7
:10E72000657266616365732025752077546F746127
:10E730006C4C656E677468202575004661696C6570
:10E740006420746F20696E697420465320636F6E75
:10E7500066696775726174696F6E202575007573DF
:10E7600062645F696E6974004E6F20636F6E6669E4
:10E770006775726174696F6E2073657420284164D7
:10E7800064726573732073746174653F2900466118
:10E79000696C656420746F20726573657420636FA3
:10E7A0006E66696775726174696F6E004665617443
:10E7B000757265206E6F7420737570706F727465FA
:10E7C0006420627920636F6E74726F6C6C65720086
:10E7D000436F6E66696775726174696F6E20257527
:10E7E000206E6F7420666F756E640055534220640E
:10E7F000657669636520737570706F7274206973D4
:10E8000020696E697469616C697A6564005374612A
:10E81000636B2077617320636F6D70696C65642032
:10E82000776974686F757420486967682D537065DF
:10E83000656420737570706F727400465320636F47
:10E840006E66696720616C7265616479206F6E2005
:10E850004853206C69737400556E737570706F72D5
:10E8600074656420636F6E66696775726174696F41
:10E870006E20737065656400436F6E6669677572BC
:10E880006174696F6E2025752072652D696E7365E0
:10E8900072746564004661696C656420746F206100
:10E8A000646420636F6E66696775726174696F6E08
:10E8B00020737472696E6720646573637269707423
:10E8C0006F7200757362645F636667005553422020
:10E8D00064657669636520636C61737320257320BA
:10E8E0006E6F7420666F756E64004E6F20636F6E7E
:10E8F00066696775726174696F6E2073657420282C
:10E900004164647265737320737461746529004394
:10E910006C61737320696E7374616E636520616CE2
:10E920007265616479207265676973746572656484
:10E9300000436C61737320726567697374657265F7
:10E940006420746F206F7468657220636F6E7465E5
:10E95000787420617420646966666572656E7420DF
:10E960007370656564004661696C656420746F202E
:10E97000726567697374657220257320746F204611
:10E980005320636F6E66696775726174696F6E207C
:10E99000257500757362645F636C617373004E6FFD
:10E9A00020656E64706F696E74732C20736B697070
:10E9B00020696E74657266616365004661696C65A5
:10E9C0006420746F2068616E646C65206F70202510
:10E9D000642C206570203078253032782C20626DD0
:10E9E000203078253038782C2025640075736264D7
:10E9F0005F69666163650064657669636520697354
:10EA00002073757370656E64656400536574206867
:10EA1000616C7420307825303278206661696C65CD
:10EA20006400436C6561722068616C7420307825E5
:10EA3000303278206661696C656400757362645F6A
:10EA4000657000757362645F6D7367005541525461
:10EA5000206465762025702073697A6520256420FE
:10EA60006C656E677468202575004661696C656425
:10EA700020746F2061646420696E746572666163DE
:10EA80006520737472696E67206465736372697060
:10EA9000746F720052696E672062756666657220D7
:10EAA00066756C6C2C2064697363617264206461A8
:10EAB000746100436F6E66696775726174696F6E29
:10EAC0002064697361626C656400555342207375FC
:10EAD00070706F72742069732073757370656E64E3
:10EAE000656420284649584D453A207375626D6922
:10EAF00074207277757029004661696C65642074B2
:10EB00006F20656E71756575650055534220636FA2
:10EB10006E66696775726174696F6E206973206EC5
:10EB20006F7420656E61626C65640055534220739A
:10EB30007570706F72742069732073757370656E71
:10EB400064656420284649584D45290072657175F1
:10EB5000657374206570203078253032782C206CF5
:10EB6000656E2025752063616E63656C6C6564005D
:10EB70007265717565737420657020307825303248
:10EB8000782C206C656E202575206661696C656443
:10EB90000055534220636F6E6669677572617469D0
:10EBA0006F6E206973206E6F7420656E61626C6594
:10EBB00064206F722073757370656E6465640052B3
:10EBC000582062756666657220746F6F20736D6180
:10EBD0006C6C2C207468726F74746C6500525820D1
:10EBE0007472616E7366657220616C7265616479BE
:10EBF00020696E2070726F67726573730046616979
:10EC00006C656420746F20656E7175657565206E26
:10EC100065745F62756620666F72203078253032C9
:10EC200078004952512063616C6C6261636B2069AA
:10EC300073206E6F742073657400554152542064C4
:10EC400065762025702C206C656E2025642C207242
:10EC5000656D61696E696E672073706163652025FB
:10EC6000750074785F656E3A2074726967676572C3
:10EC7000206972715F63625F776F726B0072785F99
:10EC8000656E3A2074726967676572206972715F98
:10EC900063625F776F726B0072785F656E3A2074A3
:10ECA0007269676765722072785F6669666F5F7701
:10ECB0006F726B00436F6E66696775726174696F1E
:10ECC0006E20656E61626C6564006364635F61639E
:10ECD0006D5F7561727430006364635F61636D5F63
:10ECE0003000757362645F6364635F61636D0072BB
:10ECF0006573756D650053707572696F7573202546
:10ED000073206576656E740065702030782530322A
:10ED10007820616C726561647920656E61626C65F2
:10ED20006400456E64706F696E74203078253032EF
:10ED3000782076616C69646174696F6E20666169C0
:10ED40006C65640065702030782530327820616C05
:10ED500072656164792064697361626C65640065E1
:10ED60007020307825303278206973206E6F7420DF
:10ED700068616C7465647C64697361626C6564006D
:10ED80004661696C656420746F20616C6C6F6361AF
:10ED90007465206E65745F62756620257A642C2028
:10EDA00065702030782530327800756463007368B0
:10EDB0007574646F776E00496E697469616C697A05
:10EDC000656400556E6B6E6F776E20706F7765723D
:10EDD000206576656E7420256400507265696E69E1
:10EDE00074007564635F6E726678004661696C6575
:10EDF0006420746F20726567697374657220656E34
:10EE000064706F696E740053555350454E442073BF
:10EE1000746174652064657465637465640052454B
:10EE200053554D494E472066726F6D207375737050
:10EE3000656E640052656D6F74652077616B6575F2
:10EE40007020696E69746961746564006570203052
:10EE50007825303278207175657565206973206575
:10EE60006D70747900657020307825303278206FAD
:10EE70006B2C20717565756520697320656D7074E4
:10EE800079004661696C656420746F206469736100
:10EE9000626C6520636F6E74726F6C20656E647057
:10EEA0006F696E74004661696C656420746F2073CD
:10EEB000746F70204846584F202564005265736572
:10EEC000740062756666657220746F6F20736D6181
:10EED0006C6C3A20723A2025752C206C3A202575EE
:10EEE000004661696C656420746F20656E61626CB8
:10EEF0006520636F6E74726F6C20656E64706F69ED
:10EF00006E74004661696C656420746F207374616F
:10EF10007274204846584F2025640075736264401F
:10EF20003430303237303030007564635F6E726673
:10EF3000006E72665F757362645F636F6D6D6F6E96
:10EF400000636C6F636B40343030303030303000F1
:10EF50006866636C6B006C66636C6B00636C6F63FC
:10EF60006B5F636F6E74726F6C006770696F4035B2
:10EF700030303030333030006770696F40353030BA
:10EF800030303030300025733A2072696E675F622E
:10EF900075662066756C6C0025733A207278206562
:10EFA00072726F723A2025640025733A2072696E7E
:10EFB000675F6275665F7075745F66696E697368B6
:10EFC000206572726F723A2025640025733A2074AE
:10EFD00078206572726F723A2025640072696E67DC
:10EFE0005F6275665F6765745F66696E69736820E6
:10EFF0006572726F723A2025640025733A2066614B
:10F00000696C656420746F2067657420746865207E
:10F010007561727420636F6E6669673A20256400BB
:10F0200025733A206661696C656420746F2073658E
:10F030007420746865207561727420636F6E6669F0
:10F04000673A202564007561727420736574746971
:10F050006E67733A2062617564726174653D256400
:10F06000207061726974793D2564206465763D2560
:10F070007300756172742D62726964676530007522
:10F080006172745F627269646765004661696C658C
:10F090006420746F20616C6C6F63617465205050E4
:10F0A00049204368616E6E656C007561727440340E
:10F0B0003030323830303000756172744034303066
:10F0C000303230303000756172745F6E7266785F16
:10F0D00075617274650048616C74696E672073793C
:10F0E0007374656D0A00556E6B6E6F776E20657276
:10F0F000726F7200756E6B6E6F776E003E3E3E20D3
:10F100005A455048595220464154414C204552528C
:10F110004F522025643A202573206F6E20435055AE
:10F12000202564004661756C7420647572696E6791
:10F1300020696E746572727570742068616E646C9B
:10F14000696E670A0043757272656E742074687226
:10F150006561643A202570202825732900435055A5
:10F1600020657863657074696F6E00556E68616EB6
:10F17000646C656420696E74657272757074005396
:10F180007461636B206F766572666C6F77004B6598
:10F19000726E656C206F6F7073004B65726E656C7C
:10F1A0002070616E6963006D61696E006F7300733A
:10F1B0007973776F726B71002A666C6F61742A00C5
:10F1C000465320436F6E66696775726174696F6E2E
:10F1D00000455350333220506173737468726F75F9
:10F1E0006768005A65706879722050726F6A65634B
:10F1F0007400206D657373616765732064726F704E
:10F20000706564202D2D2D0D0A1B5B306D001B5B7E
:10F21000313B33316D2D2D2D2000000000000130D9
:10F22000313233343536373839414243444546006C
:10F230000001020304050607002030303030303072
:0CF2400030303030303030300001000041
:10F24C0000000000613C0000000000000001000014
:10F25C0000000000000000000000000000000000A2
:10F26C000000000000000000000000000000000092
:10F27C006CD2000000C20100000008000000000079
:10F28C000000000000000000000000000000000072
:10F29C000000000000000000000000000000000062
:10F2AC000000000000000000080200200000000028
:10F2BC00F40100200000000000000000000000002D
:10F2CC000000000000000000000000000000000032
:10F2DC000000000000000000000000000000000022
:10F2EC000000000000000000000000000000000012
:10F2FC00000000000000000000000000BC00002026
:10F30C00BC00002000000000010000000000000014
:10F31C0000000000B4030020E40000200000000006
:10F32C0000000000000000000000000000040100CC
:10F33C0000000000C0F100002203000000000000EB
:10F34C00000000000002010000000000D1F10000EC
:10F35C002403000000000000000000000001010078
:10F36C0000000000E3F100001E030000000000009C
:10F37C00000000000000000000000000D8D80000D1
:10F38C0004030000799D0000FBA50000C4D600001A
:10F39C0000000000000000004FA900000000000069
:10F3AC0000000000006000400000000000000000B1
:10F3BC000000000000000000000000000000000041
:10F3CC000000000000000000000000000000000031
:10F3DC000000000000000000000000000000000021
:10F3EC000000000000000000000000000000000011
:10F3FC000000000000000000000000000000000001
:10F40C0000000000000000000000000000000000F0
:10F41C0000000000000000000000000000000000E0
:10F42C0000000000000000000000000000000000D0
:10F43C00000000001036002000000000000000005A
:10F44C000000000000040000103A00200000000042
:10F45C00000000000000000000040000D8EC0000D8
:10F46C00000000005C020020000000006CD20000D4
:10F47C00CF030020D7030020E0030020E503002089
:10F48C00EA030020EE030020F3030020FA0300201F
:10F49C00030400200A0400201104002000000000D6
:10F4AC007FB10000B7B2000015B3000005410000A9
:10F4BC005FB2000079B3000000000000414500007D
:10F4CC00893E0000B13D00000000000081B1000049
:10F4DC000000000000000000000000000000000020
:10F4EC000000000000000000000000000000000010
:10F4FC000000000000000000000000000000000000
:10F50C0000000000000000000000000000000000EF
:10F51C0000000000000000000000000000000000DF
:10F52C0000000000000000000000000000000000CF
:10F53C0000000000000000000000000000000000BF
:10F54C0000000000000000000000000000000000AF
:10F55C000000000014030020140300200000000031
:10F56C00000000000E000000000000000000000081
:10F57C00000000000000000000000000000000007F
:10F58C000000000000100E00000103005C030020CE
:10F59C00000000000000000000000000000000005F
:10F5AC0000000000521400202000000000000000A9
:10F5BC0000C20100000103008803002000000000CD
:10F5CC00000000000000000000000000000000002F
:10F5DC007414002020000000000000000090D003F4
:10F5EC00FF00000090020000A8030020A8030020E8
:10F5FC00FFFFFFFF09020000000100C07D120100A7
:10F60C0002EF020140E32F05000404000000000893
:10F61C000B000202020000090400000102020000BB
:10F62C000524001001052401000104240202052414
:10F63C000600010705810310000A09040100020AF3
:10F64C00000000070582024000000705010240008F
:03F65C00000000AB
:10F65F00000000000000000000000000000000009B
:01F66F00009A
:10F67000000000000000000000000000000000008A
:10F68000000000000000000000000000000000007A
:10F69000000000000000000000000000000000006A
:08F6A000000000000000000062
:04F6A800000000005E
:10F6AC006004002060040020502F002000000000A7
:0CF6BC000800000010000000000000002A
:10F6C80000000000D02F002000040000000000000F
:04F6D800000000002E
:10F6DC0090040020900400200C0000000A000000A0
:10F6EC00D82E0020502F0020D82E0020D82E0020FD
:08F6FC00000000000000000006
:10F70400B8040020B804002001000000010000003B
:10F71400C8040020C804002000000000010000000C
:0CF72400D8040020D804002000000000E1
:08F73000E4040020E4040020C1
:10F738000000000000000000F4040020F404002091
:10F74800100010000A000000C9B3000038D70000FC
:04F75800D03300208A
:10F75C0087DB00000000000000000000000000003B
:10F76C000000000000000000C0D2000000000000FB
:10F77C00000000000000000000000000000000007D
:10F78C00000000000000000000000000000000006D
:10F79C00000000000000000000000000000000005D
:10F7AC00000000000000000000000000000000004D
:10F7BC00000000000000000000000000000000003D
:0CF7CC00BD030020000000000000000051
:10F7D800000000001C0200200000000000000000E3
:08F7E800000000000000000019
:04F7F00015E015E02B
:0400000300001BC915
:00000001FF
