:1000000028090120A549000087400300914900000C
:100010009149000091490000914900000000000052
:10002000000000000000000000000000DD490000AA
:100030009149000000000000C54B000091490000FC
:10004000354C0000C7400300354C0000354C000023
:10005000354C0000354C0000354C0000354C00009C
:10006000354C0000354C0000354C0000354C00008C
:10007000354C0000354C0000354C0000354C00007C
:10008000354C0000354C0000354C0000354C00006C
:10009000354C0000354C0000354C0000354C00005C
:1000A000354C0000354C0000354C0000354C00004C
:1000B000354C0000354C0000354C0000354C00003C
:1000C000354C0000354C0000354C0000354C00002C
:1000D000354C0000354C0000354C0000354C00001C
:1000E000354C0000354C0000354C0000354C00000C
:1000F000354C0000354C0000354C0000354C0000FC
:100100007BB972B90029BEBF00204FF0004106E064
:1001100008BF00281CBF6FF000414FF0FF3000F017
:1001200057B8ADF1080C6DE904CE002909DB002BAE
:100130001ADB00F069F8DDF804E0DDE9022304B021
:100140007047404261EB4101002B1BDB00F05CF883
:10015000DDF804E0DDE9022304B0404261EB410137
:10016000524263EB43037047524263EB430300F098
:100170004BF8DDF804E0DDE9022304B0404261EB16
:1001800041017047524263EB430300F03DF8DDF854
:1001900004E0DDE9022304B0524263EB43037047FD
:1001A00053B94AB9002908BF00281CBF4FF0FF31DE
:1001B0004FF0FF3000F00CB8ADF1080C6DE904CE43
:1001C00000F022F8DDF804E0DDE9022304B0704716
:1001D000704700BF10F8012B11F8013B012A28BF1E
:1001E0009A42F7D0D01A7047034611F8012B03F852
:1001F000012B002AF9D17047034613F8012B002A7E
:10020000FBD1181A013870472DE9F0478C468E460D
:10021000089E154604461946002B40F0D0807245D2
:1002200047D9B2FA82F74FB1C7F120030EFA07FCA3
:1002300020FA03F3BD4043EA0C0CBC404FEA154ED4
:10024000A8B2BCFBFEF8230C0EFB18CC08FB00F98F
:1002500043EA0C43994528D9EB1808F1FF3204D240
:10026000994502D9A8F102022B44A3EB0903A4B2D9
:10027000B3FBFEFC0EFB1C330CFB00F044EA034412
:10028000A04214D92C190CF1FF3304D2A04202D998
:10029000ACF102032C44241A43EA02401EB1FC4094
:1002A000002334607360BDE8F0874246DDE76346B3
:1002B000F1E7002A79D0B2FA82F3002B3FD0194639
:1002C000C1F1200302FA01F52EFA03F20EFA01FE43
:1002D00020FA03F343EA0E034FEA154E00FA01F445
:1002E000B2FBFEFCAFB20EFB1C201A0C0CFB07F895
:1002F00042EA004290455AD9AA180CF1FF3004D2C4
:10030000904502D9ACF102002A44A2EB08029BB24C
:10031000B2FBFEFC0EFB1C220CFB07F743EA024378
:100320009F4246D9EB180CF1FF3204D29F4202D90A
:10033000ACF102022B44DB1B42EA004202E0AEEBCE
:10034000020301224FEA154EAFB2B3FBFEFC200CB4
:100350000EFB1C330CFB07F840EA034398452AD9EF
:10036000EB180CF1FF3004D2984502D9ACF1020031
:100370002B44A3EB0803A4B2B3FBFEFC0EFB1C331F
:100380000CFB07F744EA0344A74216D92C190CF1D9
:10039000FF3304D2A74202D9ACF102032C44E41B80
:1003A00043EA00400F46114678E71F2188E7604680
:1003B000ABE76246BFE76046DBE76346EFE77345BE
:1003C00006D916B9002108466DE7C6E9000EF9E71F
:1003D000B3FA83F787B9734501D3824207D8841AE9
:1003E0006EEB030301209C461EB900215BE73846F3
:1003F000FAE7C6E9004CF8E7C7F1200CBB4022FA47
:100400000CF51D4320FA0CF12EFA0CF30EFA07FE40
:1004100041EA0E014FEA154900FA07F4B3FBF9F877
:100420001FFA85FE09FB18300B0C08FB0EFA43EA95
:1004300000439A4502FA07F240D9EB1808F1FF3061
:1004400004D29A4502D9A8F102002B44A3EB0A0377
:1004500089B2B3FBF9F809FB183308FB0EFE41EA39
:1004600003418E452CD9691808F1FF3304D28E451B
:1004700002D9A8F10203294443EA0040A0FB0298F4
:10048000A1EB0E014145CE46434602D306D14C4571
:1004900004D2B9EB020E68EB05030138002EA4D09C
:1004A000B4EB0E0261EB030101FA0CFC22FA07F334
:1004B0004CEA0303F940C6E9003196E74046C5E738
:1004C0004346D9E7000000002DE9F843D0E907389A
:1004D000856903EB08042F34A5420F46164619D848
:1004E000DFF86C80A3FB080117A3D3E90023FFF713
:1004F00057FE0346601BA0FB080123F07F4412A3B4
:10050000D3E90023FFF74CFE20F07F403C603060D1
:10051000BDE8F883DFF838900BA3D3E90023A5FBEF
:100520000901FFF73DFE20F07F440A480A2106A397
:10053000D3E90023E8FB0901FFF732FE20F07F40FA
:100540003C603060BDE8F8838D49FD1A070000006B
:1005500000CA9A3B00166BF1002800F03E812DE99D
:10056000F04FC54C94F85E30DA078DB000F1318160
:10057000627F94F8293004EB820204EB8303166A4D
:10058000D3F82C800EB3354615F8020BC0F380105B
:100590000DF088FC0368C6F802308388AB8033789E
:1005A0005B0606D5062128460CF0FCF8002800F072
:1005B0004681454615F8020BC0F380100DF072FC21
:1005C0000368C8F802308388AB80337813F00E0FCD
:1005D00040F08B8063691BB10C200DB0BDE8F08F3B
:1005E0000EF0E0F88146002800F032810EF0E6F8C7
:1005F0008246002800F0298110F0D0FA0546002834
:1006000000F02C81C06E4FF6FF73AB8405F1100B28
:10061000002800F01F8105F1600205F15C010CF07B
:10062000CDF8B5F8583023F4EF6323F0070343F413
:100630008C7343F00103A5F8583095F8373003F078
:100640003F0363F07F0385F8373095F8723023F06D
:10065000070385F8723095F83C3023F00F0300272C
:1006600085F83C304FF4C023C5F86E312846C5E903
:100670001277EF66A5F8707085F839706F85C5F848
:100680002E702F65A5F84071A5F87471A5F86A71F0
:1006900011F004FF85F84471C5F8489110F0F2FCA0
:1006A00095F87C3160F3020385F87C3110F0F0FCA2
:1006B00095F87C3160F3C50385F87C3195F84231BB
:1006C00067F3410385F8423105F1C40011F020FDC4
:1006D000C4E9159AC4F814B0C5E902772F702D61EA
:1006E00015F0BAF8002840F0AC80237E0121C3F356
:1006F00042030DF12B008DF82B300CF001FA02466D
:1007000000286CD0414630460FF072FE5B4A5C4BCD
:10071000B4F85C800721E0FB023100251846C4E9EB
:10072000025553A3D3E900232570FFF739FD60601C
:100730000DF07CFB00F10907B8F1000F07D1357807
:1007400005F00F05A5F10105B5FA85F56D09207EC7
:10075000636865F3000010F00105207646D0494A31
:100760000992002010600225474ADFF82081049397
:100770000BAE019305920321CDE90200069400908F
:100780003B46CDF81C8008962A460B950DF072FA70
:1007900031460EF09DF810BB3D4905914AF2D83321
:1007A0000093CDE90300CDE90100CDF81C80089647
:1007B00006943B46012203210B950DF03FFA31468A
:1007C0000EF086F858B994F85E3043F0010384F8CF
:1007D0005E3000200DB0BDE8F08F0FF0A3BD63695F
:1007E000002B3FF4F9AE0FF073FDF5E6254A2948DA
:1007F000049303F247130694029591211360A8FB1A
:10080000000301FB0831214B07931F4B05934FF663
:10081000FF7309924FF0020803930BAE14A3D3E9C0
:100820000023CDF82C800896FFF7BAFC3B46CDE9B3
:1008300000504246284603210DF01CFABFE7122063
:10084000CBE60FF045FD0320C7E648460DF0B0FFAC
:100850000720C2E605F16400E866DCE650460DF0CC
:10086000B3FF48460DF0A4FFF2E700BFAFF30080EE
:100870008D49FD1A070000000889002000CA9A3B34
:100880008C49FD1AFC8800206904010029DF000062
:100890008D010100002AE78470B5037E8AB0C3F39E
:1008A00042030D46044601210DF1230016468DF842
:1008B00023300CF025F93146024628460FF098FD0A
:1008C0001D4A1E4B0721E0FB0231184618A3D3E94D
:1008D0000023FFF765FC63689842054621D21B1A86
:1008E00000220192164A0293164BA21AA3FB02326F
:1008F0000221920900230A4409AE09911249059187
:10090000CDE9033303210696D2B2009318460DF0C9
:1009100007FA31460DF0DCFF38B9656000200AB0F7
:1009200070BDFBD9C21A0023DBE70C200AB070BDF2
:100930008D49FD1A0700000000CA9A3B8C49FD1A38
:1009400008890020ABAAAAAA29DF00000000000045
:100950002DE9F04F05468BB08B46012002219946C8
:10096000144616F00BFC00220221824601200BF0F7
:1009700079FF2F494FF4C07228460BF0FFFEC61CCA
:100980002C4B0093F6B201954B46324601210020D4
:100990000DF014FA10F0FD0F42D1274BA4FB0348D1
:1009A000204621A3D3E900234146FFF7F9FB089530
:1009B00006956B680493214B20F07F47A7FB03311A
:1009C000E01A1F4B07934FF007021E4B059302FBE3
:1009D00007114FF6FE7368EB010103934FF47A722F
:1009E0000023FFF7DDFBCDF800B0CDE901704B46E9
:1009F0003246012100200DF021F910F0FD0F0DD13C
:100A0000BAF1000F02D10BB0BDE8F08F0122022134
:100A100010460BB0BDE8F04F0BF024BF00DEEFE74F
:100A200000DEBAE7AFF300808D49FD1A0700000031
:100A300020200020750A010000CA9A3B8D49FD1A4A
:100A40005D0A0100A14A01002DE9F0418468A28CF1
:100A50004FF6FF739A428CB000F0DA8005462046CC
:100A600011F06EFF2B7D012B00F00081022B00F0B6
:100A7000D28033B994F8723003F01803182B00F0C9
:100A8000378194F84471002F40F0C8802B8AE68D9E
:100A900094F93720CDE90A77002B00F0C680002AB0
:100AA000C0F23C810023A4F87031AB7CA28D03F02E
:100AB0000303551C012BADB200F0D480B4F874319F
:100AC000002B00F0D980AB4240F252815B1B9BB2FD
:100AD000062BA4F874314FF000028CBF00230123D1
:100AE000E2851F4694F83C2063F3820284F83C20A0
:100AF00029460DF12702204611F00CFD743000F05C
:100B00003181B4F86E312BB1AB4240F2DA805B1B1D
:100B1000A4F86E31B4F86A312BB1AB4240F2E180F7
:100B20005B1BA4F86A31E58D17B9AE4200F0C780AF
:100B30000135ADB294F8B53013F001060AD1DDE904
:100B40000AC3002B4FD1BCF1000F00F003811E46F9
:100B5000194649E094F9372023F00103002A84F86C
:100B6000B530C0F2A38094F85800C0F3C00100F083
:100B7000070014F0F3FC014694F8583094F85960DB
:100B800003F003022832C3F34003D200DA40E38BC0
:100B900003F23F10B2F5A07F2CBF801800F5A070C3
:100BA00006F003022832D200C6F34006F240B2F546
:100BB000A07F2CBF831800F5A07358188E4A8F4B66
:100BC0000721E0FB0231184689A3D3E90023FFF790
:100BD000E7FA616820F07F408142DDE90AC380F0D6
:100BE000B380461A60600021A28C24690694CDE986
:100BF00003570332824D0291CDE900C6D2B20121E2
:100C0000002005950DF08CF810F0FD0F40F0B58038
:100C10000CB0BDE8F0813D2784F844713946204688
:100C20000CB0BDE8F04110F0EDBA002AB8BF84F86E
:100C3000B970AB7CA28D03F00303551C012BADB240
:100C400010D0B4F87031002B3FF438AFAB4240F213
:100C50009B805B1BA4F87031B4F87431002B7FF4D7
:100C600032AF3FE70023A4F874313BE70023A4F838
:100C70006E31A4F86A3104E7E38C052B8BBF40F298
:100C8000E2424FF4FA725A4303FB0222B4F8723183
:100C900042F2107101FB0323013BB3FBF2F39BB261
:100CA000A4F87431002B7FF40EAF1BE794F85900C1
:100CB000012100F0070014F053FC01465CE73D46BB
:100CC00038E70DF0C1FD0146002864D00023A4F8E8
:100CD0006E31A38CC3801B23037100680DF086FD69
:100CE00018E70023A4F86A31204611F0A5FC1AE7A2
:100CF000218DB4F86C218B1D9A42C4BF931F5B1ADF
:100D0000B4F86811CCBF9BB21346994256D0A4F8F0
:100D10006831A4F86A31A4F86E21B2E694F8B930CB
:100D2000002B3CD0013B84F8B93004F1C4084046A4
:100D300011F030FA002855D0404611F02BFA002867
:100D400042D00023E385ADE6091A6060A3BB51EAF7
:100D50000C021ED115B9002F3FF45AAF00263146C0
:100D6000334641E79DF82710204610F04BFA4FE735
:100D70000821204610F046FA4AE70DF0D3FD8442E0
:100D80003FF446AF00DE43E73E21204610F03AFA3A
:100D90003EE71E4628E70123A4F86E31BAE60AAA08
:100DA0000BA92846FFF790FBDDE90A231343BCD0CB
:100DB000237884F8B930B8E7002615E7B4F86E1147
:100DC00000297FF45EAEA4E70246D4E917010BF0D8
:100DD0000DFD0028B5D194F83C301B0744BF238D8E
:100DE000E3855FE6FF2010F0CFF9A5E7AFF30080C1
:100DF0008D49FD1A0700000000CA9A3B8C49FD1A74
:100E0000B50A0100000000002DE9F04F87B0B0F8EE
:100E10004071BDF84C900091CDE90423B0F8043145
:100E2000BDF840A01F44BFB20446A7EB090390F8E9
:100E30005800D4F8FC809EB2BDF844300193C0F352
:100E4000C001BDF84830039600F00700029314F08B
:100E500085FBE58C052D40F2BE8015FB06F5ADB295
:100E600040F2E24BBAF1050F40F2A98094F8592004
:100E700094F8581002F003032833C2F34002DB0059
:100E8000D34001F003022832B3F5A47FC1F340013F
:100E90004FEAC20222FA01F238BF4FF4A473B2F54E
:100EA000A47F2CBF9B1803F5A47303F2D513184439
:100EB000774A784B0721E0FB023118464FF0961332
:100EC000E3619623238470A3D3E90023FFF768F935
:100ED000564620F07F4040F2E2430BFB05F103FB56
:100EE00006F64B1E3344B3FBF6F31FFA83FB06FBF7
:100EF0000BF3994260605D4653D26548591AA1FBD5
:100F0000000161A3D3E90023FFF74AF920F07F40F5
:100F10008044B4F80421B4F84031A9EB07094D44EA
:100F2000ADB213442B44A4F84031638D13441D44E7
:100F300094F837306585DB0955D100DE002735464A
:100F4000019B2385029BA4F8723131462046A4F808
:100F500026A011F00BFB504B218D3344881DB3FBB1
:100F6000F6F39AB29042A4F86C2104D2C1F57F4105
:100F7000FA310A4492B2009BA4F8682113B100230D
:100F8000A4F8743143462A4639462046FFF7E0FC70
:100F900094F8423143F0010384F8423107B0BDE8D0
:100FA000F08F3B48C91AA1FB000137A3D3E9002306
:100FB000FFF7F6F820F07F40A8EB0008A9E74FF014
:100FC00096130AF10106E36196232384B6B20A2040
:100FD0004FF4FA7381E7039B013515FB03F5ADB2BE
:100FE0004FF4FA7B3EE7216CA36C294F01FB0233DF
:100FF000039A01FB1233A3640023C4F8C03014F039
:101000007DFC054694F8B800C0F3420014F078FC6B
:10101000054406FB05F5214B1E4805F5742505F230
:101020003F25A3FB0535AD0CA36C25640BFB05FB2D
:1010300072085B44963A934228BF1346C4E91123D1
:10104000049B40F2E24909FB03F307212365EBFB14
:1010500007010DA3D3E90023FFF7A2F8104B059A6F
:10106000A8EB0008A3FB0230800A09FB00F0A0FBFC
:10107000070105A3D3E90023FFF792F8751B20F0C1
:101080007F475DE7AFF300808D49FD1A0700000040
:1010900000CA9A3B8C49FD1A7FC3C90183DE1B43FA
:1010A0005917B7D1000000002DE9F04F0D4609682F
:1010B000B0F82EE0D1F800900146144651F82EAB5E
:1010C00052F8086B91F802C0834691B0D0F81E0028
:1010D000BBF822109BF81C70A4F808E082F802C04C
:1010E000DBF82A206260DBF83A20C4F82220ADF851
:1010F0003C109BF83E100E9084F8261010AB13E9BC
:10110000030004F122020C90ADF8341010460521C2
:101110000BF0F6FC94F8272000F03F0060F3050286
:1011200084F827209BF83F20C2F3040184F828109C
:10113000BBF83410E1820128C7F380170DD902F003
:101140001F021B3202F01F020B2A06D889B2063991
:1011500089B240F67A42914219D90021C9F80810A3
:1011600094F82C2061F3000284F82C200125DBF890
:101170000C408BF80450504659460DF02BFB20686C
:101180002571214611B0BDE8F04F0DF02FBB2A6844
:1011900000215160BBF836202283B4F81680BBF8DA
:1011A00032300A9340F2E242304602FB08F811F076
:1011B000F1F99BF83F1096F8B800490961F3430034
:1011C00086F8B80014F09AFB0B9096F8B800C0F3BC
:1011D000420014F095FB0B99084408FB00F0A64967
:1011E00000F5742000F23F20A1FB00104FEA5801E7
:1011F000800C9639206361639BF8311040F2E24223
:1012000001FB02F26264BBF83820A6F87221414665
:10121000304611F0ABF9994A9949C6F87811424421
:10122000B2FBF8F290B2A6F86C01218B01F1060C2A
:10123000604504DDC1F57F41FA31014488B2594669
:10124000A6F8680111F81C2FC907C2F3401200F17B
:101250000381BDF83410ABF823100C988BF81E7086
:101260004FF48071CBF81F00ABF81C10E18AABF88B
:101270002610218BABF82810B6F87211ABF82A10A3
:1012800096F8B8100B92C1F342018BF82C1030463F
:101290000FF090FC5946A082ABF8060050466F68EC
:1012A0000DF098FA0B9AA18AD7F800A0F9801C23B8
:1012B0003B71002A40F0BC803A77394650460DF029
:1012C00095FA94F849A094F848200AF0070A02F029
:1012D0000702012150460B9214F042F90B9A02F0DA
:1012E00003032833C2F34002DB00D3400AF00302B9
:1012F0002832B3F5A47FCAF3400A4FEAC20238BFCE
:101300004FF4A47322FA0AF2B2F5A47F2CBF9B1803
:1013100003F5A47303F2D513DFF868A1074603446D
:1013200059480721E3FB0A014FF09613C4E9033340
:101330004FA3D3E90023FEF733FF20F07F40706016
:10134000EB680A98226B40F2E24101FB003404F2A0
:10135000B3440221A41A0120A8EB020800220BF0DA
:1013600081FA48460FF010FAE41B41A3D3E90023A9
:101370000746A4FB0A01FEF713FFCDF80490AB6803
:101380004249009120F07F4ABA1C363BD2B2534406
:10139000012100200CF012FD01285FD099F81830CF
:1013A000DB0751D430460FF005FC364CA8FB04484F
:1013B0002FA3D3E90023834641462046FEF7F0FEE3
:1013C000AB68334A0792A3F13609324B069620F0F8
:1013D0007F47A7FB0331E01A2F4B05934FF4F873B7
:1013E0000893736804934FF0070303FB071168EB3E
:1013F000010100244FF47A7200230394FEF7D0FE1B
:101400000BF10305EDB2CDE90170CDF800A04B461C
:101410002A46012120460CF011FC10F0FD0F23D1CB
:1014200001220221104611B0BDE8F04F0BF01ABAAC
:1014300094F8273043F0400384F82730201D13F040
:101440001DFC0122208537E7002301220093184666
:1014500011460CF07DFCA5E700DEFAE60DF062FA1D
:1014600081459BD000DE99E700DED9E7AFF300802D
:101470008D49FD1A0700000083DE1B437FC3C901AD
:10148000404B4C0000CA9A3B8C49FD1A294B010085
:10149000794A01008D49FD1AA14A010000000000AF
:1014A0002DE9F04F8DB0484E484D82460CF0BEFC01
:1014B000F16807460CF0BCFC7168F76040A3D3E903
:1014C00000230446A1FB0501FEF76AFE20F07F43DE
:1014D0009C4257D30DF12F010DF12E000DF0E4F9D0
:1014E000DFF8E8803568A5FB085935A3D3E9002368
:1014F00028464946FEF754FECDF818A00446706809
:10150000334B0593A0FB08012DA3D3E900234FF033
:101510000008CDE90788FEF743FE2E4BCDF80C807E
:1015200024F07F44A4FB033120F07F40072202FB1C
:1015300004110490E81A69EB01014FF47A72002358
:10154000FEF72EFE9DF82FB09DF82EA0CDF800805E
:10155000CDE901403B465A46504603210CF06EFB54
:1015600010F0FD0404D06FF08B000DB0BDE8F08FDB
:1015700019481A4A002325F0FBFA90B930690DB0DA
:10158000BDE8F08F30680EA3D3E90023A0FB05016E
:10159000FEF706FE20F07F4138460CF049FC074676
:1015A00098E79DF82F209DF82E00009423460321F4
:1015B0000CF0CEFB6FF07300D7E700BFAFF30080F5
:1015C0008D49FD1A07000000B021002000CA9A3B97
:1015D000694E01008D49FD1A548C0020447B0B009C
:1015E00038B50F4D04460CF021FCA9680CF020FC26
:1015F000696803460B48B3FBF4F4A1FB00011C44EB
:1016000005A3D3E90023FEF7CBFD20F07F40844201
:1016100094BF0020012038BD8D49FD1A070000004D
:10162000B021002000CA9A3BF0B5C468636883B05B
:101630000546002B40D115F09DF9002015F0BEF9AC
:101640000021084615F0ACF900222521082015F0EC
:1016500013FA374B019301A815F0FAF9354940F216
:101660005B6015F0ABFA237AC3F3420262F3061310
:101670002372204614F0C8FA27682E68384613F003
:1016800027FF06446A6806F10901012015F0BEFB38
:1016900015F07CFC20460FF083F8811C3246C9B25D
:1016A000384613F017FF054698B9204613F0ECFEB4
:1016B00068B9002003B0F0BD93F82C309B07BAD076
:1016C0001D48214615F02AF915F022FAF1E700DE4F
:1016D000EFE71A4A1A491B4840F2114331F09BFACE
:1016E000194B0721A5FB030301FB05310EA3D3E929
:1016F0000023FEF755FD15490246154831F08BFAD7
:10170000002585F31188BFF36F8F0323184602DF8E
:101710001048214615F002F915F0FAF96FF08B0028
:10172000C8E700BFAFF3008000CA9A3B000000008A
:10173000D6BE898E55555500115601007CAA04006D
:10174000C8AA040020AA04008D49FD1A14AC0400A4
:10175000CCAA04000D5901002DE9F043C468A28A07
:101760004FF6FF739A4283B000F0FD80064614F0F6
:1017700071FC3389628B208C94F82710A3831A4460
:1017800092B2104480B2431C23840023638301F08F
:101790003F034906E28300F1A48094F828100093E7
:1017A00004F1290004F1220313F02AFA0546D4E9D2
:1017B0000C31A26BA08BA36303FB0022E36B8A4274
:1017C00094BF9B185B188B4228BF0B46626CE36387
:1017D000236C94F849101A4494F82C3061F30613E2
:1017E0000021C4E9101294F8622084F82C3012F021
:1017F000040200F0898015F0BDF8002015F0DEF835
:10180000201D15F025F92389A17A40F25B6043EA97
:10181000014115F0D3F9284613F06CFE21465848D3
:1018200015F07CF8A08915F0E5FA94F8482094F8B2
:101830004900C2F3C003002102F0070200F00700D4
:1018400015F022FA204614F09FFCD4F80080376887
:10185000404613F03DFE0744726807F1090100207D
:1018600015F0D4FA814615F065FB002015F07CFBDD
:10187000E36B94F8490003F12F02636C012100F03F
:10188000070003EB420515F035F94D44054494F883
:10189000490000F00700022834D004280CBF4FF4A0
:1018A000BC73282301211D4415F026F9284415F0A6
:1018B00033FBA18A03313A46C9B2404613F00AFE0F
:1018C0000546A8B1B37A13F002062BD000252D48A7
:1018D000214615F023F815F01BF9284603B0BDE8A2
:1018E000F083218D04F1220213F0CCF905465EE766
:1018F000204613F0C9FD00283CD10025284603B03E
:10190000BDE8F0831823CDE7D4E913010AF06EFF98
:1019100000287FF470AF94F8623043F0040384F839
:10192000623068E7184A194919484FF4AC7331F02E
:1019300072F918480721A5FB000301FB05310EA32E
:10194000D3E90023FEF72CFC13490246134831F07B
:1019500062F986F31188BFF36F8F0323184602DF05
:101960006FF08B05B3E70E48214614F0D7FF15F052
:10197000CFF8C2E700DEC0E700CA9A3B00000000D3
:10198000A1630100F1550100F8AA0400C8AA0400EF
:1019900020AA04008D49FD1A20AC0400CCAA040042
:1019A000115601000346024A0248012130F068BD89
:1019B000E2BB040038A2040008B521B1BDE808402C
:1019C0000846FFF7EFBF33F07CFE064B1860064B6E
:1019D00001221A70054A0648BDE80840032130F08C
:1019E00051BD00BF747A00207BA9002001BC040017
:1019F00038A204002DE9F04100AF23F065FD8046D8
:101A00003FF04AFE6D4604463FF04BFE88B06A4602
:101A10001F4B4FF40076CDE905301E4BADF81C602E
:101A20001D4842F8103F4FF4E65130F02DFD012CD7
:101A3000AD4626D0A31EDBB2022B27D840463FF08E
:101A400032FEDFF85880C8F8000020463FF029FE3B
:101A50008AB0D8F800306A4611490793114BADF8A7
:101A60002060CDE9051042F8103F0B484FF41351A8
:101A700030F00AFD0123AD460B4A1370BD46BDE8A8
:101A8000F0810A4A0448022130F0FCFC0023F3E70D
:101A900013BC04000300000138A20400587A00209F
:101AA0002BBC0400040000017AA900206CBC0400D7
:101AB000B0B588B002AF14220021381D47F0B5FF41
:101AC00003223023C7E90223012560233B61134928
:101AD000134B00950222381D07F00EFA044648B158
:101AE000104A03462946104830F0CAFC20461837F1
:101AF000BD46B0BD6D4688B002AA0C4B53610C4B7D
:101B000093614FF4007393830A4B42F8103F0648E9
:101B10004FF4E65130F0B8FCAD46E7E7B8A2040058
:101B2000B0A20400A2BC040038A20400C7BC040098
:101B3000E3BC04000300000110B50B460A4C0B483F
:101B40000B4A032130F09CFC206818B107F0A8FD77
:101B500000232360074A00231370074A1370BDE86F
:101B60001040FFF7A5BF00BF747A002038A2040020
:101B7000EFBC04007BA900207CA9002080B50129CE
:101B80000E4B0CBF012200221A700D4A0D4B00AF04
:101B900088B008BF13466A460B490C48CDE90513C7
:101BA0004FF40073ADF81C30094B42F8103F4FF46E
:101BB000E65130F069FCBD4680BD00BF7CA9002025
:101BC00014BD040022BD040034BD040038A204008A
:101BD0000300000113B50A4B187870B109488368F7
:101BE00004695B6801A9984720B9236801985840A7
:101BF000C0F3C020431E5842584102B010BD00BF80
:101C000085A90020FC9C04002DE9F041054686B022
:101C10000E46174698464FF0FF324FF0FF330D48FF
:101C200024F074FE0C4B1868596804AC03C40948CE
:101C300024F0DEFE0823029304AB0193BDF830309C
:101C400000933A4643463146284634F007FC06B036
:101C5000BDE8F081D01000207DA9002070B5174AA2
:101C600007CA86B003AB83E807001E46002556F876
:101C7000044B20683CF009FE50B9114A11482B462C
:101C8000012130F0FDFB6FF01204204606B070BD5C
:101C9000E2882068217942F4B01230F0D6FB044685
:101CA00038B1094A00902B460648012131F0C2FFA5
:101CB000EBE70135032DDAD1E7E700BF50A20400BE
:101CC00057BD040038A2040074BD04002DE9F041A2
:101CD000FFF7C4FF044650BB164E174F3378EBB9DD
:101CE000164B174D93F800801648002130F0D4FBB6
:101CF0003078134B0021884208BF3B46184630F02D
:101D0000CBFBB8F1000F0ED00121284630F0C4FB08
:101D100043F23430002130F0D2FBDFE70A4B3D467E
:101D200093F80080E0E784F001042146EDE7BDE888
:101D3000F08100BF86A90020A0A204007BA900209A
:101D400098A20400A8A204007AA900202DE9F04F6F
:101D50008DB002AF4FF0FF324FF0FF33B44824F0A4
:101D600007FFDFF8D08240463CF08FFD60B9B24AF1
:101D7000B248012130F086FB6FF01203B04AAF4841
:101D8000012130F07DFB08E0D8F80830AD491B6830
:101D90004046984703460028F0D1DFF8ACB2AB4A82
:101DA0009BF80010AA4B6C468AB0002908BF134666
:101DB00002AAA84951610521C2E9061340F2013384
:101DC0001384A54B42F8103F9C48DFF890A24FF4D3
:101DD000135130F059FB0026A5464FF42030002166
:101DE00030F06DFB9D483CF050FD00286CD19C4AC2
:101DF0009248012130F046FB00240021142207F113
:101E00001000F98047F011FE01237B61BB1DBB610F
:101E100002250C23FD6187F82030D8F8083085486A
:101E20005B6807F11001984707F10809034600288D
:101E300070D08C4A8148294630F022FB00250136BB
:101E40004FF0FF324FF0FF33874824F05FFD874BA0
:101E50001C805D805E60186859684A4603C28248EB
:101E600024F0C6FD002C4FF0640394FBF3F2B4BFE2
:101E7000644203FB124411B2AEBF23B2B4FBF3F2CF
:101E800003FB12436C468AB002AA79485562C2E944
:101E900007130623C2E905064FF4435142F8103FE9
:101EA000664830F0F1FA9BF80050A546002D40F04E
:101EB0008F80704B1B78002B5CD16F4A5F48334694
:101EC000032130F0DDFA88E7DAF808404E21E368B4
:101ED00050469847034628B1684A5848012130F0D7
:101EE000CFFA89E70C21236907F110025046984781
:101EF000034608B1624AF0E73B697C6903EB830360
:101F000003EB830342F2107294FBF2F404EB8304BC
:101F100024B272E7B7F906204FF4167382FB03234D
:101F20004946C7E902231BF013FA034600BBD7E971
:101F30000221120B42EA01520913C7E902214FF0B4
:101F4000FF3012F1004241F10001904273EB0101B8
:101F500002D24C4830F05FFEBD68002D7FF76EAFB7
:101F60004FF6FE739D42D4BFADB24FF6FF7566E7E4
:101F7000454A5FE72946182207F1100047F055FD52
:101F8000424B07F11001C7E9053928460823BB83F6
:101F90000AF014FA38B13E4A00903346274802212D
:101FA00031F048FE19E78AB0F868B7F908107B8964
:101FB00002AA384DC2E907130523C2E9055042F8C9
:101FC000103F4FF423511D4830F05EFAA54604E758
:101FD000314B18680028FFF600AF182301932F4BF0
:101FE000009308220023494615F0FCF90028FB68FD
:101FF00006DA02F031FE2A4A12580092294ACDE749
:102000008CB0B7F90800798902AA274DC2E90553B7
:10201000264B536241F29203936240F2035393853D
:10202000234BC2E9070142F8103F4FF47351CAE74E
:1020300090110020A49D0400AFBD040038A204004C
:10204000C6BD040040BB040086A9002084C1040072
:102050009FBD040001BE040004000001309E040086
:102060002FBE0400A3BE0400D01000207DA90020D4
:1020700017BF04007CA900203DBF040050BE04002F
:102080007ABE0400C1BE0400E5BE0400F0A2040054
:102090006BBF040091BF04001C0300205C7A002089
:1020A0000C000000BCBF0400F0BF040025C0040009
:1020B000070000012DE9F04786B002AFFFF7CEFD23
:1020C000B2483CF0E2FB002862D1B14AB14801219C
:1020D00030F0D8F9B04DB148A8623CF0D6FB0028EA
:1020E00062D1AF4AAB48012130F0CCF96FF0120455
:1020F000AC4AA8482346012130F0C2F90024AA4B7B
:102100001C7000237B60A9483CF0BFFB002840F016
:102110008E81A74BA74D6E4688B0002C18BF1D4678
:1021200002AAA54B9B48C2E905354FF4007393837F
:10213000A24B42F8103F4FF4E65130F0A5F9B546F6
:10214000002C40F08381204606F038FA044600282F
:1021500000F070819A4A03468E48012130F090F9D0
:102160006E468AB002AA974BD461C2E905354FF496
:1021700000731384944B42F8103F86484FF411517A
:1021800030F082F9B54600201037BD46BDE8F08733
:102190008E4A7E480B2130F058F908B18C4A95E7F9
:1021A0008C4B01221A7095E74FF47821A86A2960B8
:1021B0003A1D3AF0E2FB044630B1874A034601215A
:1021C000744830F05DF993E7BB68EB602846022362
:1021D0002B8200F003FE0446002889D101233A1D1A
:1021E0001946284631F068FC012802D13C79012CBF
:1021F0000CD97A4A6748032130F044F901230024BE
:1022000065483C713A1D194600F092FFFFF7E2FC69
:1022100000283FF474AF84F00108002C54D1654BC2
:10222000634D6E468AB002AA6D49D561C2E90513B5
:102230006C4B13626C4B42F8103F56484FF42351DD
:1022400030F022F9B546002C41D0684EDFF8A0915D
:10225000684825F01BF86848002130F01DF96348F4
:10226000002130F019F96248002130F015F94FF0E3
:10227000040A0121304630F00FF9002141F69A108E
:1022800030F01DF9FFF7A6FC014620BB304630F0C8
:1022900003F9584825F01AF8464A454B6D4688B070
:1022A000002C08BF134602AA5449C2E905134FF493
:1022B00000739383414B42F8103F4FF4E651354889
:1022C00030F0E2F8AD461AE7394B3A4DA9E7484EEF
:1022D000DFF81891BCE70021304630F0DDF841F618
:1022E0009A10002130F0EBF8FFF774FC0028D0D0F2
:1022F000BAF1010ABDD1FFF76DFCF0B90123264800
:1023000087F804803A1D194600F012FF002827DAEA
:10231000284A274B6D468AB0002C08BF134602AAF4
:102320003749D36140F201331384274BC2E90510CA
:1023300042F8103F4FF41151C1E74846012130F0F7
:10234000ABF841F69A10002130F0B9F84846002168
:1023500030F0A2F841F69A10002130F0B0F8CAE748
:102360006C4688B002AA274B0A48C2E905354FF4EB
:1023700000739383114B42F8103F4FF4E65130F055
:1023800083F80120A54600F0C1FB00BFFC9C0400BF
:1023900030C0040038A20400787A0020C09D0400F8
:1023A0009FC0040006C1040086A90020189D0400F7
:1023B0009FBD040084C104003FC20400030000016B
:1023C0004DC20400E1C3040004000001110001003B
:1023D00063C0040085A90020C8C0040057C10400E0
:1023E00091C104000002010304000002A0A2040045
:1023F00098A2040098150020A8A2040017C20400A7
:10240000BFC10400F2C10400B3689B6C1BB13A1D4C
:1024100004213046984740F6CD40002130F04FF877
:102420007B68002B7FF475AE013DEDD171E6514E16
:102430001F25F5E7504A5148032130F023F8FFF7F4
:1024400037FB0446002C00F0918089E608238AB00F
:102450007B600DEB03024A4B53614FF6ED610F2396
:10246000C2E90613474B136240F202439384464B82
:1024700042F8103F4FF43351404830F005F84348DC
:10248000B54623F04DF823F0B7F8044610B1404AA2
:10249000034661E63F4A394803212FF0F3FF02214A
:1024A0001122084614F06CFF3B4E002830600CDA15
:1024B00002F0D2FB394E04468359394A2F48012194
:1024C0002FF0DEFFA4596442BCE7042300931222DC
:1024D000FB18292114F0BCFF40B102F0BDFB2F4BCB
:1024E0001B58304A254802212FF0CAFF1422002130
:1024F0002D4847F09AFA2C4A2C4B42F8043C2C4CBD
:102500000220214634F00EF901281AD0E84688B09E
:1025100002AA284B1948C2E905344FF4007393838B
:10252000254B42F8103F4FF4E2512FF0ADFFC54666
:10253000306834F0F5F84FF0FF3333606FF0150476
:102540000EE66D468AB002AA1C4B0C48C2E905345F
:1025500041F29203D3614FF400731384184B42F895
:10256000103F4FF413512FF08FFFAD46154824F064
:10257000C3FA08E6189D04006CC2040038A20400E7
:1025800082C20400C1C20400050000011003002043
:10259000CBC2040007C304001C0300200C00000091
:1025A00032C3040059C30400607A00200200109274
:1025B00025C0040097C3040003000001BEC304004B
:1025C00004000001901100202DE9F84F8A4600AF69
:1025D000002974D004680E1F361BF50826F0070684
:1025E00004EB0608B8F802B01BF0010B16D1E9465F
:1025F00088B06A46334BCDE90531032342F8103FDA
:1026000031485B464FF4C25101F076F9CD468BF369
:102610001188BFF36F8F0423184602DF2946204636
:102620002FF04FFF284434F83030C01A854217D0BD
:10263000E94688B06A46254BCDE9053A032342F8BE
:10264000103F214800234FF4C25101F055F90023F7
:10265000CD4683F31188BFF36F8F0423184602DF42
:10266000B8F8023023F00103A8F8023029462046CA
:102670002FF027FF05EB000804EBC8035B88DA079F
:1026800008D4414620462FF065FF424629462046A1
:102690002FF0A5FFA65BAE1B04EBC6035B88DB0730
:1026A00009D4314620462FF055FF2A4631462046B0
:1026B0002FF095FF3546294620462FF007FFBD46EF
:1026C000BDE8F88F73C4040088A104004AC4040064
:1026D00008B5024830F092FA002008BDA0C40400FA
:1026E0000E4A9042034602D30D4A904211D30D4A3E
:1026F00022B1934202D30C4A93420AD30B4A52B1FD
:102700000B48834234BF01200020934238BF002091
:102710007047012070471046704700BFC49B0400FB
:1027200010FC040000000000000000000000000099
:10273000000000002DE9F04F9BB000AF0446D7F831
:1027400090A0FA637B638B4649B90378467880781A
:1027500000EB830020445E4522D8A0EB040B0AF076
:10276000010394F80280FB62E3783B63B8F1000F49
:102770000CBF4FF000090AF0010913B11AF0020F63
:1027800017D1B9F1000F14D1FB6B1BB17A6B59460D
:10279000204698475D4628466C37BD46BDE8F08F19
:1027A000451C2846FDF728FD013028440BF1010B9C
:1027B000D1E7CAF3C003FB612378BB629B00BB6116
:1027C00063683B62BB6A04EB8301FB6B002B7DD12A
:1027D0005D468844B9F1000F1DD0A94E8B4699463D
:1027E0001BF8013B54F82300002808BF3046FDF7D2
:1027F00003FDD7F8943001304BB1D7F898304B45F2
:1028000082BFD7F8943023F8190009F10109C345B4
:102810000544E5D1D8461AF0050F0AF002030CBFB3
:102820004FF0020B4FF0010B0026FB633B6B9E4207
:10283000B1D298F8013054F823A05046FFF750FF6A
:10284000FA6908F10208034602B3B86318F8021CDB
:10285000386A30F0B2F9BB6BC0B1EA468AB06A465A
:10286000884B05933B6ACDE906314FF40073ADF810
:102870002030854B42F8103F844800234FF412511A
:1028800001F03AF8023DD5460136CFE723B1FB6AA5
:102890002BB9A5EB0B05F7E7FB6B002BF4D07848C1
:1028A000BAF1000F18BF5046FDF7A6FCD7F89430D8
:1028B00053B1D7F8983099453FBFD7F89420431CBF
:1028C00022F8193009F101090544DDE7B9F1000FDB
:1028D0006CD04346102B28BF1023BB6397F8389069
:1028E00007F148000026BA6B796247F077F8796AF9
:1028F00000227A620AF0020201EB08033A610AF050
:1029000004027B61FA6002337A6A396B8A4266D3C9
:102910006378F96A7B621AF0020F4B44DBB20CBF9A
:1029200072080022002940F0A9801AF0040F14BF99
:10293000314600216370A170E270B9697A6BFB6B5C
:1029400020469847051EFFF626AFBB6A23707B6AB8
:1029500063703B6BE37031467A6BFB6B84F80280EB
:1029600007F158009847061EC0F2C4803A6BBB6955
:10297000386B03EB4203ABEB0301D7E90D23C91A14
:102980007B6903EB4000FB6B98470028C0F2B480E2
:102990002E4435184FF0000807F1480AC84577D390
:1029A00000217A6BFB6B08469847F4E6B8F1000FFC
:1029B0000CD01AF0040F0ED04346102B28BF102362
:1029C000BB6397F8386007F158008CE7C7F8388088
:1029D0004646C1468CE7C7F838804E4688E713F86C
:1029E000015C13F8021C54F82500BB60FFF778FE69
:1029F0000246F869BB6838B1386AC7E9013230F07D
:102A0000DCF8D7E90132F0B912B3FA6A72B1B9F160
:102A10000F0F18D809F1280107F14000014409F10E
:102A2000010201F8205C5FFA82F90CE0FA6852B109
:102A30000F2E08D806F1280107F14000721C0E186D
:102A400006F8105CD6B27A6A01327A6202335BE72A
:102A50003A69002ADBD10F2EF5D806F1280007F1DC
:102A6000400C6044721C00F8101C07F1680151FA18
:102A700082F20236F6B202F8105CE4E7002159E770
:102A8000DCC40400E3C404000400000108A1040045
:102A900018F80A3087F8473054F823B0D7F8943044
:102AA00033B3D7F89830984522D2D7F8943033F81A
:102AB00018607A6BFB6B012107F1470098470028EB
:102AC0001ADB0E4B0544BBF1000F08BF9B4626B92D
:102AD0005846FDF791FB461CB6B27A6BFB6B31464C
:102AE00058469847002807DB054408F1010855E7D8
:102AF0000026DEE735464EE605464CE6DCC404001B
:102B0000014B1860704700BF4003002008B5044621
:102B1000EFF31183202383F31288BFF36F8F1DF02F
:102B200079FC204602F09CFC024830F067F831F056
:102B3000DFFAFCE797C504002DE9F047858B0446D2
:102B4000280717460CD501290CBF45F0100545F0A4
:102B50002005A58387F31188BFF36F8FBDE8F08749
:102B6000022905F0070540F09480204630F0E6FA8F
:102B7000052864D801A353F820F000BF552B0000AE
:102B8000932C00003F2C0000012C00001B2C0000A7
:102B90002D2C000001F007035A1F012A1FD8002224
:102BA00021F00701062BD4F8008089B2C4E9002285
:102BB00009D1434603E0E28B0132E2831B68002B1C
:102BC000F9D141F00201A183204630F0B7FA4FF06D
:102BD000000900286DD041F02001A18369E0042B99
:102BE0000AD121F0070189B2A183204630F0A6FA6C
:102BF00010B141F02001A1834FF00008C14658E018
:102C00002369D3F80090A38B23F0070343F0060356
:102C1000A3834FF0000846464BE02369D3F80490A5
:102C2000A38B23F0070343F00403F1E72369D3F8F0
:102C30000890A38B23F0070343F00503E8E74FF068
:102C40000008C146E7E7012243F00803A38387F3A6
:102C50001188BFF36F8F002A3BD1B8F1000F4AD122
:102C6000B9F1000F02D02D492046C847EFF3118774
:102C7000202383F31288BFF36F8FA38B23F0080305
:102C80009BB2A383D9063FD523F01002A28303F0A1
:102C90000705A669A18B002EBFF67CAF0023D4F8F0
:102CA000008021F00701C4E9003341F00101A18354
:102CB0009946A38B03F0070AAA4502D0A268002A0E
:102CC000C1D1B8F1000F02D1B9F1000FDAD0002262
:102CD000BAE7A1680029C0D00D680029BDD04F68AF
:102CE000334652462046B8471DB12B6829461D463B
:102CF000F3E72B46FAE74146334652462046D8F8DA
:102D0000008030F047FAA8E79A067FF523AF23F05A
:102D10002002A28303F0070527E700BFC1310300AB
:102D200037B504460821C06A124D30F0C1FC0023BB
:102D30004FF6FF72ADF804306368ADF800208DF8EF
:102D40000620E26819182B401344181A6060684680
:102D5000ADF8021030F004FC6946204630F0C7FCA4
:102D6000211D204630F0D4FB63682B40A36003B0E4
:102D700030BD00BF0000FFFF2DE9F7430F4681463D
:102D80000821C06A144D30F093FC3C68241A804638
:102D90003C6004EA0506B4421CD3A0B210B903B0EB
:102DA000BDE8F08308236A462146484630F077FBA9
:102DB0000028F4D16946A0B230F066FC38B1BDF805
:102DC0000230BDF804203C602E4013441E44A4EBA6
:102DD0000804E0E70020E2E70000FFFF2DE9F047EC
:102DE00004468AB000F1140738463BF04AFEA06A58
:102DF0008368DB689847E06250B99F4A9F48012189
:102E000030F093FB6FF0150528460AB0BDE8F08757
:102E1000A06A8368DB6898470368013B1F2B01D9D0
:102E2000974AEBE7E368B3F5803F08D94FF4803267
:102E300000929248934A012130F0FCFEE2E7A06A3A
:102E4000216807AA39F099FD08B18F4AD6E7E568ED
:102E50002DB1089BB5FBF3F203FB12550DB18B4A64
:102E6000CCE7238A012B01D8894AC7E7E36A029598
:102E700093F805804FF0FF334FF0FF32384623F0D0
:102E800045FDE06A082130F013FCA9460646238A76
:102E90001FFA85FA534544D8238A4B4500F02D810B
:102EA00053450BD1029908234246891B204630F036
:102EB00004FB18B902A9204630F02AFB02A92046DB
:102EC000FFF75AFF0546002840F0B2800299616082
:102ED0004FEA11494FEA0949C4F80890A3688B42A8
:102EE0000DD8082303AA204630F0D9FAB8B903ABAD
:102EF00013F8012B904532D101300828F8D16368CE
:102F000002A96FF30F032046029330F001FBE36840
:102F100002994246204630F0D0FA00283CDA0546B5
:102F200086E0E1682B04891B13FA81F142460823ED
:102F30002046029130F0C1FA78B102A9204630F063
:102F4000E7FA09F1010902990823424620461FFACF
:102F500089F930F0B2FA00289ED0013597E7A088B1
:102F600003A930F091FB626810B9911B6160B5E76D
:102F7000BDF810A0BDF80E10E06AC4F808905144E6
:102F800030F096FB48448242A060EED1BAF1000FC7
:102F9000EBD06FF01C054BE000F08B8063684FF6C0
:102FA000FF7906EB0308E368CDF808801FFA88F282
:102FB0009B1B9A4223D3374A3048032130F0B5FA9D
:102FC0006168204630F0B3FA014680BB6368324A3C
:102FD000E06813400344A3EB460363601340A3601F
:102FE000204630F025FC002899D1E368A288A3EBA5
:102FF00046039A421CD1204630F096FB8FE7082307
:1030000005AA4146204630F04AFA002887D105A992
:103010001FFA88F030F038FB38B1BDF814304B455A
:1030200003D1BDF81830002B6AD0B044BBE70D4681
:10303000384623F0DDFC002D7FF4E6AE0123A374B7
:10304000E268238A0D4800920321144A30F0F2FD11
:1030500063689AB200920948114A1B0C032130F0B0
:10306000E9FDA3689AB2009204480E4A1B0C0321A2
:1030700030F0E0FDC8E600BFDFC5040030A1040069
:1030800001C604001EC6040047C604005FC6040053
:1030900073C60400E5C604000000FFFF96C60400E6
:1030A000ADC60400BFC60400E26AA36812681344F8
:1030B000A360D4E901318B4208D95B1A424620460D
:1030C00030F0FBF90028FFF62AAFEDD16168E36824
:1030D00001EB46029A4288D1124BA06801EA030232
:1030E000904282D0204630F022FA00287FF417AFB9
:1030F00062680C4B1A40A26077E76FF02C0597E7E7
:10310000094A0A48032130F010FA636802A96FF3F4
:103110000F032046029330F0FBF90299204630F06D
:1031200006FA60E70000FFFFD0C6040030A10400EB
:103130002DE9F04F1E46837C95B0044689469046A3
:1031400053B96B4A6B48012130F0EFF96FF00C0571
:10315000284615B0BDE8F08FC26A0821104630F04D
:10316000A7FAB1B20190104630F0A2FAE368019AD2
:10317000A3EB820383420746C0F0B6801EB1B8F1CC
:10318000000F00F0B180D4F804A0CDF810A005AA7B
:1031900004A9204630F002FB05460028D8D1BDF82E
:1031A00014304B4507D0DDF810A063685345EED1CD
:1031B000002E39D1CCE705A91FFA8AF030F064FA65
:1031C0000028F0D0BDF8183066B3B3422CD14FEAD6
:1031D0001A43BDF816A0CDF800801B049A44E36A98
:1031E0001B685B4203F020030293B346029B5B45DE
:1031F00028BF5B460CAA51462046039330F04FF996
:1032000000284DD1039B00981A460CA946F025FCD6
:1032100050B9039B009ABBEB030B1A449A440092EB
:10322000E4D195E7002B93D0002F3CD1BA4604F1AE
:10323000140B4FF0FF324FF0FF33584623F066FB7C
:10324000238A9D424DD0D4E901320AEB02018B4220
:103250002ED39BB263B3FF23ADF81E2000211822AA
:103260000CA88DF82230ADF81C90ADF8206046F027
:10327000DCFB0CA92046CDE90E8630F023FA074688
:1032800048B907A830F06CF907A9204630F02FFAAA
:10329000074600B93746584623F0AAFB3D4657E794
:1032A000C2DC054654E7019B1F441FFA87FABEE7BC
:1032B0002046FFF735FD3DB9ADF82490CDF82880C4
:1032C000ADF82C608DF82E5009A9204630F0B0FAE8
:1032D00007460028DFD19DF82E300135002BAFD0F6
:1032E000D8E76FF01B07D6E76FF0150530E700BF92
:1032F000CBC5040030A104002DE9FF471E46837CA6
:10330000BDF8309004460F4690464BB92848294AEC
:10331000012130F00AF96FF00C0004B0BDE8F0872D
:10332000C06A082130F0C4F9E368A3EB4003B3425C
:103330003AD3656801954FF0000A02AA01A9204618
:1033400030F02CFA0028E8D1BDF80830BB4206D195
:1033500002A9A8B230F098F950441FFA80FA019BF4
:1033600062689A4219D0CA4515D9BDF80C30C3B16C
:10337000CA4516D3BDF80A10B3426FF30F0528BF34
:10338000334642462944204630F089F80028C4D10B
:10339000BDF80C00C1E71D46CFE7BDF80830BB42C1
:1033A000E3D06FF00100B8E76FF01500B5E700BF9C
:1033B00030A10400CBC504002DE9F047DFF85480AC
:1033C000044607464FF0010994FAA4F5B5FA85F5CD
:1033D00009FA05F32E0108EB05156FEA030A24EA42
:1033E00003042B7B63B158F806301B696BB9464464
:1033F000042273682846196807EA0A0730F097FB29
:10340000002CE1D13846BDE8F087284698470028CF
:10341000F6D1ECE740A2040010B50F490F4888B080
:1034200000223BF075FF00220023CDE90623002493
:103430000E23CDE90334CDE90144094B0949009439
:103440004FF44072084823F083FF084906483BF0D8
:10345000A2FD204608B010BD71340000B01A002053
:10346000A137000048C500202016002013C7040023
:10347000014823F041BB00BF481100202DE9F0476F
:10348000804621480F4630F032FB0646002833D0F4
:1034900000252846BDE8F087237B83B12368DB68DD
:1034A0000BB120469847636883F8069023681B6930
:1034B000D3B9636804221968204630F038FB01361E
:1034C00010345445E8D3B8F1000FE2D0002DDFD01E
:1034D0002846FFF771FF0546002FF7D000214FF473
:1034E000A4703BF05AFEF1E7204698470028E0D050
:1034F00009FA06F31D43E2E7044CDFF814A0054681
:103500004FF00109DDE700BFB87A002040A20400B7
:1035100050A20400014B53F8200070472CA3040074
:1035200008B5034608462BB1044A136000F056FC68
:10353000002008BD6FF01500FBE700BF440300202A
:1035400010B5044C237813B9034823F0D5FA0123AE
:10355000237010BD87A900204811002010B5044633
:103560000B4830F0C4FA5CB1BFF35B8F094B53E8F2
:10357000001F013943E80012002AF8D1BFF35B8F26
:10358000054824F023FD0548BDE8104023F0B4BAF7
:10359000B07A0020B47A0020B01A00204811002030
:1035A000064BBFF35B8F002253E8000F43E8002176
:1035B0000029F9D1BFF35B8F704700BFB07A0020BC
:1035C00070B5FFF7EDFF084C084E0546B44200D336
:1035D00070BD63685B792BB123685B6813B12946C2
:1035E000204698471034F1E740A2040050A204009E
:1035F00010B5044C044920462FF01AFC034B1C6004
:1036000010BD00BF840E002018A30400A87A00207B
:103610000D4A0E48002310B513700D4A13600D4A71
:103620004FF400411360FFF77BFFFFF7E1FF0A4B08
:103630000A4918468B4200D310BD1A1A5C68121151
:10364000013222711033F5E788A90020EB3A03001C
:10365000B07A0020B47A002040A2040050A20400F6
:1036600001460022014800232FF003BC840E0020F5
:1036700001482FF09ABC00BF840E0020024B014687
:1036800018682FF0EDBC00BFA87A002001482FF089
:1036900022BD00BF840E002070B52A4B1B78002B82
:1036A0004ED0FFF7E5FF0446002846D1264B274DB4
:1036B0001B68002B19DD3BF0E3FD4FF47A76A0FB8D
:1036C000063206FB0121D5E90020DB0B43EA41432A
:1036D0009B1A4FEAD13140F2E93261EB000193428B
:1036E00071F1000101D3FFF76BFFD5E9003213F54B
:1036F0007A7342F10002C5E900320CB3BDE87040B4
:10370000FFF7C4BF6B685B7923B12B6821461B6848
:10371000284698471035B542F4D32046FFF7AEFF50
:10372000BFF35B8F0A4B53E8001F013943E80012D7
:10373000002AF8D1BFF35B8FB8E7064D064EEAE7E3
:10374000002070BD87A90020B07A0020A81A0020B0
:10375000B47A002040A2040050A2040070B50D4DC0
:10376000297861B90120FFF789FE0B4C0B4EB4425A
:1037700006D3FFF791FF0028FBD101232B7070BD0A
:1037800063685B791BB1236820469B6898471034B7
:10379000EDE700BF88A9002040A2040050A2040069
:1037A00000212DE9F8430846FFF768FE044648B3B8
:1037B00040F267684FF0000901F04EFA1A4B1B4ABD
:1037C0001B58136033B11A4B1B68092B02DD1948D3
:1037D00023F092F9184F002544B12046FFF7ECFD85
:1037E000044618B94FF0FF384FF0FF39FFF754FF88
:1037F000064628B9B5B90F4842464B4623F0B8F9FA
:103800003546E9E74FF0FF384FF0FF39D4E72B6832
:103810009B691BB100221146284698471035BD42CE
:10382000F5D3E8E7054DFAE708000000AC7A002080
:10383000B47A00204811002050A2040040A20400E5
:1038400013B5184830F053F9174B1B7873B1EFF3E9
:103850001184202383F31288BFF36F8FFFF71CFFBF
:1038600084F31188BFF36F8F02B010BD0F4B1B683C
:10387000002BF9D050B900220023CDE900230C48D9
:103880004FF40042002324F07BFBEDE70928EBD145
:10389000074824F09BFB074802B0BDE8104023F026
:1038A0002BB900BFB47A002088A90020AC7A002090
:1038B000B01A00204811002010B5064B1B680446C2
:1038C00098472146A06004482FF050FBBDE8104007
:1038D000FFF7B6BF44030020840E0020044A054BC6
:1038E0009B1AB1EBD30F34BF52F831000020704760
:1038F00090A0040040A204002DE9F04F8FB004AF67
:10390000C1F34A26B8600D4690467B600C0D002E30
:1039100061D04FF000090A234FF0040B07F1140A9D
:10392000FE60C7E90799C7F824900093CDF808B066
:10393000CDF804A007F11C03F9684A464046FEF79B
:10394000F9FEB0F5006F03461CD36C468AB0D8F878
:10395000041004AB2448C3E9050140F2FF71D961AA
:103960001A464FF400711984204B42F8103F20484A
:103970004B464FF41251FFF7BFFFA5462C37BD460B
:10398000BDE8F08FC0F30A0604F11700184420F0D8
:10399000070080083B60FFF763FE66F3532504468B
:1039A00080B13B68134A00F11001C7E90839F96199
:1039B000CDE901AB0A230093F96807F11C034046E7
:1039C000FEF7B8FE66F353257B68B9682A462046A1
:1039D00030F0CDF8D2E704F1170020F0070080089E
:1039E000FFF73EFE0446EDE728C70400040000018F
:1039F00040A10400413B03002DE9F04F87B0DDE911
:103A0000127ADDE9106B0546884614469946BFB127
:103A10001021CDF800A03B465A460020CDF814A056
:103A20002EF0F2FEB0F5006F01460BD3194A1A488A
:103A300040F2FF73022107B0BDE8F04F30F0F0B85C
:103A40003946384604F0070305F00704E40044EA69
:103A5000831444EA402444EA065406F1170008445B
:103A600020F0070080080391FFF7FAFD054640B1FA
:103A70003FB10399CDF800A03B465A4610302EF0D6
:103A8000C3FE4B4622464146284607B0BDE8F04FEC
:103A900030F06DB867C7040040A10400406820B151
:103AA000034BC01A40F3CF0070474FF0FF30704710
:103AB00090A004000EB403B503AB014653F8042BE9
:103AC0000448019301F026FA02B05DF804EB03B05C
:103AD000704700BF833C0300CA0605D48B064CBF69
:103AE00002490349FFF7E6BF704700BFA0C70400C3
:103AF0009FC704002DE9F04F8BB09946179B0793A1
:103B0000DDE918A39DF858801A9F069204460D46D9
:103B10000593B8F1000F00F0BF80844B13F8083014
:103B2000089307F4807309932FF0FFFF07F0020B4F
:103B3000024600287DD07E492046FFF7BBFF06469F
:103B4000BBF1000F08D017F0440F74D179492A4611
:103B50002046FFF7AFFF064407F0010353B1764B51
:103B6000764953F82820764B2046002A08BF1A468B
:103B7000FFF7A0FF07F48073002B07F0080318BFBE
:103B80004FF00009002B00F082806E4B6E4953F815
:103B900028202046FFF78EFF0546069B2BB16B4978
:103BA0001A462046FFF786FF0544B9F1000F0DD0F5
:103BB000089B002B6ED06649664BB8F1040F18BF06
:103BC00019464A462046FFF775FF054462483544CA
:103BD000079B1BB1614922462EF0BEFF059B002BBF
:103BE00000F09080DDF814903946B9F1100F2046AE
:103BF00028BF4FF01009FFF76FFF0026B54252DCD7
:103C0000002633461AF8032055492046FFF752FF95
:103C10000136102E4DD0710703D152492046FFF7CF
:103C200049FF4E453346EDD34F492046FFF742FF4B
:103C3000EEE7064684E74D4B186800288BD04C4BC6
:103C40004FF47A7B1B68B5FBF3F54FF46163B5FB6A
:103C5000F0F100FB11550BFB05F54FF03C0CB1FBEF
:103C6000F3F203FB1211B5FBF0FEB1FBFCF300FB1A
:103C70001E550CFB13110BFB05F50091B5FBF0F580
:103C80003C49CDE901E52046FFF714FF63E707F063
:103C9000080582E72F4994E7B9F1010F0CBF2E48C0
:103CA0003548454694E72F492046FFF703FF013684
:103CB000A4E7324920460026FFF7FCFE33461AF8F7
:103CC00003202F49A2F120035F2B28BF2E2220467C
:103CD000FFF7F0FE0136102E0DD0720703D12149F7
:103CE0002046FFF7E7FEB1453346E8D81D49204698
:103CF000FFF7E0FEEEE7059BB3EB0903CA4405932B
:103D00007FF470AFB8F1000F0AD0FB0704D50C4A5E
:103D10000A492046FFF7CEFE39462046FFF7DCFE73
:103D200020460BB0BDE8F04F2FF09EBFAEF7040069
:103D3000B0C70400B4C704003CA30400E9D90400E0
:103D4000A2C7040050A30400DAC70400E0C70400BF
:103D5000A7C70400ABC70400833C0300154F000055
:103D6000E4C70400ECC70400EAC70400C07A0020DE
:103D7000BC7A0020BEC70400B93C0300EEC70400B3
:103D8000F0C7040073B542F20F738B4228BF0B4695
:103D900005680F4A0446052168462EF065F86368F9
:103DA0000C495B6806460B2228462FF04FFF6368DC
:103DB0003246694628465B682FF048FF636806492B
:103DC0005B681B2228462FF041FF02B070BD00BF88
:103DD000ACCF0400A2F7040086F70400074A0021D4
:103DE0000123904206D8064A01B901231360054B0E
:103DF0001860704740085B000121F2E740420F0065
:103E0000BC7A0020C07A0020F8B5074F0D46044662
:103E10004618B44201D12846F8BD14F8011BBB680E
:103E200001485B689847F4E7189D0400014B036064
:103E30000020704798A3040070B5104B1C680D4615
:103E4000B4B10F4B196800238B4202DB6FF0010005
:103E500070BD224612F8106B864202D00133144620
:103E6000F2E7E0683AF011FD28B12C600020EFE79E
:103E70006FF00C00ECE76FF01200E9E75003002050
:103E800098A3040010B588B0436802938368C068A3
:103E9000CDE903320A680023CDE906230C4601AAC6
:103EA0000449059338F06DFD079808B9059B236018
:103EB00008B010BDB33D0300B0B582B03F494048E3
:103EC00002AF30F0EDFA0446A8B16D468AB002AAFE
:103ED0003C4B53613C4BC2E906344FF400731384EE
:103EE0003A4B42F8103F3A4800234FF41151FFF784
:103EF00003FDAD4632E03749314830F0D1FA04468F
:103F000030B16D468AB002AA2E4B5361324BE2E7C4
:103F100032492B4830F0C4FA044630B16D468AB0BD
:103F200002AA284B53612E4BD5E72E49244830F086
:103F3000B7FA044630B16D468AB002AA214B5361EC
:103F4000294BC8E70146294A1D4802F09DFC04465A
:103F500038B1274A1E4801212FF059FE2046BD46A0
:103F6000B0BD024623491648012302F083FD0446F2
:103F700008B1214AEEE701230093014602231048CD
:103F8000EF2230F00AFA04460028E7D10C4801F08D
:103F9000D1FA044630B16D468AB002AA094B53618A
:103FA000164B98E7064801F005FB04460028D5D0DB
:103FB0006D468AB002AA124BF1E700BFC803002089
:103FC000741400202DC804004AC804000400000135
:103FD00010A10400B00300205EC804009803002074
:103FE00076C804008003002089C804005403002020
:103FF00097C80400B3C80400BDC80400D8C80400B2
:10400000E7C8040010B5DFF824C086B04FF42814C8
:10401000CDE904C40824029404AC0194BDF8204006
:10402000009432F01BFA06B010BD00BF1800280043
:104030002DE9F0410C4B1C6805460E4617467CB135
:1040400000F0EEF863682046D3F8108032463B4615
:104050002946C047044600F0EDF82046BDE8F0814F
:104060006FF00104F9E700BFF07A0020002303603D
:10407000044B5A6812B9C3E90000704710605860D9
:10408000704700BFF47A0020014B1860704700BFF2
:10409000F07A00201FB5CDE90101039200F0C0F8CD
:1040A000074B1C6824B900F0C5F8204604B010BDC9
:1040B000636820461B6801A998472468F2E700BF9F
:1040C000F47A0020024B0022C3E90022704700BFAF
:1040D000F47A0020024B0022C3E90022FFF7F2BF6E
:1040E000FC7A00202DE9F74307460C4609B100236E
:1040F0000B601F4DDFF87C9000264D450FD31E4B03
:104100001D6885B355F8188C01AA41463846183DFC
:104110002FF0BDFE10B3D6B914BB2E461EE0D5F865
:10412000008001AA414638462FF0B1FE50B116B9C1
:1041300054B92E4606E03168002240462FF0A7FE13
:104140000028F5D11835D8E7019B2360F1E73168E5
:10415000002240462FF09BFE0028DDD1AD69D0E75C
:10416000019B2360D9E7304603B0BDE8F08300BF70
:1041700050A2040050A20400FC7A00202DE9F04770
:1041800084B002AF0446D7F8289078600D461646F2
:104190009846B9F1000F07D0D9F8001031BBD9F813
:1041A00004A0BAF1000F28D1391D2046FFF79AFF6D
:1041B00008B3D0F80C907868434632462946C84781
:1041C000C8B16D468AB002AA124BD061C2E905346B
:1041D0004FF400731384104B42F8103F0F48002334
:1041E0004FF41151FFF788FBAD4604E03A1D2FF064
:1041F0004EFE0028D3D1002007E0D9F80830009304
:104200007868434632462946D0470837BD46BDE860
:10421000F08700BF0FC904000400000198A104004A
:1042200003484FF0FF324FF0FF3322F06FBB00BF67
:10423000BC100020014822F0DBBB00BFBC100020F6
:1042400038B5094DFFF7ECFF2B785BB9FFF742FF5C
:1042500000F06AF8044608B901232B70FFF7EAFF63
:10426000204638BD0024F9E789AA00202DE9F04353
:10427000048F013499B006460F46A4B200F1080835
:10428000651EADB2B5F5004F4AD04A2305AA2946AE
:1042900040462FF011FC04F57F543F34A4B2814610
:1042A000214601230DF10B0240462FF005FCB9F128
:1042B000000F014610DC002810DC338FAB4209D11F
:1042C00032466B1E22F8383F4FF40041022340462D
:1042D000FEF72EFF2C46D3E7002808DC294640468F
:1042E0002FF0E6FB214640462FF0E2FBE5E7B9F16F
:1042F000490FEFD809F160030DEB0309002309F81A
:104300004C3C084A009703AB05A8CDF80C80ADF8EB
:104310001040FFF733FF0028DCD019B0BDE8F08370
:104320000020FAE7DB3E03007FB501236946032046
:104330000193FFF781FD044660BB02AA01A9032097
:104340002FF059FD044610B110F10C0F22D1039942
:10435000B1F5803F23D2009A0023946818460844A0
:1043600084421AD30133082BF9D10E4D69612B8396
:104370005368AB602846D368EB632FF046FE0446D3
:1043800040B9094E6E602846FFF770FE28466E6001
:10439000FFF77AFE204604B070BD9BB2E5E76FF0F0
:1043A0002004F7E7047B002068A4040080B50546DC
:1043B0000E461746984623F00DFB034600F04CFCD2
:1043C000DFF81890044649F8003042463046394636
:1043D000A84754F8090000F0DFFB00BF0800000008
:1043E00038B50C4615462FF045FE034B43F83050C8
:1043F00003EBC0035C6038BDE40C002008B5034843
:10440000034A0021121A2FF036FE08BD10150020B5
:1044100048BB00200748084A084908B5121A2FF07F
:104420002CFE0748074A0849BDE80840121A2FF039
:1044300024BE00BF000000200C15002010FC04006A
:10444000000000200000002010FC04002DE9F047CF
:10445000064600AF0C46002936D0E9468AB0D1E9BD
:104460000012A3686D462148E8464FF0050ACDE9E1
:104470000501CDE9072348F810AF1D484246002347
:104480004FF42151FFF738FACD46D4E9031263699E
:10449000AD461848C5F810A0C5E90501C5E90723D0
:1044A0001348002342464FF42151FFF725FACD4629
:1044B000E369114A0E4801212FF0B2FBA3690F4AAC
:1044C0000B4801212FF0ACFB012E07D1EFF3058340
:1044D0000B4A0748103B31462FF0A2FB21463046DD
:1044E00021F034FFBD46BDE8F08700BF43C904009A
:1044F00080A1040072C90400A1C90400B0C904006D
:10450000DEC9040030BFFFF7FDBF00BF2DE9F04159
:104510000B4EDFF8308006EB0807CC1B0546324611
:104520000949204645F05AFAA01942460021083CA4
:1045300045F07BFAEC6707F10800BDE8F08100BFA9
:10454000000000000800000050A2040010B5204C3C
:10455000204921482FF09EFDA36A990136D51E48B7
:104560001E492FF097FD1E20A36ADA0104D51A48D0
:104570001B492FF08FFD1F20154CA36A1B0304D588
:10458000154818492FF086FD2120A36A590304D548
:10459000114815492FF07EFD22200D4CA36A9A0385
:1045A00004D50D4811492FF075FD2320A36ADB03C4
:1045B00004D509480E492FF06DFD2420044A936A62
:1045C0006FEA03436FEA1343936210BD1D20CBE7EC
:1045D00000ED00E0F1C9040080A1040009CA040054
:1045E0001CCA040036CA040054CA040079CA040074
:1045F00093CA040070B506460D46294C29492A483D
:104600002FF048FDA36ADB0647D5274827492FF03E
:1046100041FD1120A36A1C0704D5234824492FF02B
:1046200039FD12201E4CA36A990712D521491E4854
:104630002FF030FD636BA26A120609D51E4A1A4894
:1046400001212FF0EDFA1EB1A36A23F08003A362CB
:104650001320134CA36ADE0704D5134817492FF023
:1046600019FD1420A36A9C0604D50F4814492FF0A5
:1046700011FD15200A4B9A6AD10658BF9A6A9A6AA8
:10468000920642BF5A6A22F400525A629A6A42F073
:10469000FF029A6200232B7070BD1020BAE700BFA2
:1046A00000ED00E0BECA040080A10400D4CA0400EA
:1046B00007CB04001ACB040032CB040048CB040023
:1046C00067CB040070B506460D46284C284929489A
:1046D0002FF0E0FCA36AD9043CD5264826492FF0E8
:1046E000D9FC1720A36A1A0504D5224823492FF0C4
:1046F000D1FC18201D4CA36A9B0512D51D482049EA
:104700002FF0C8FCA36BA26A100409D51D4A1948F2
:1047100001212FF085FA1EB1A36A23F40043A3629E
:104720001920124CA36A590504D5124816492FF0D6
:10473000B1FC1A20A36ADA050ED50E4813492FF0F2
:10474000A9FC1B20094A936A43F47F439362002328
:104750002B7070BD1620C5E7A36A9B04F2D50548EF
:104760000B492FF097FC1C20ECE700BF00ED00E0A8
:1047700096CB040080A10400ACCB040007CB04005E
:10478000BDCB0400D6CB0400EBCB040006CC040068
:1047900067CB0400F0B56A4B8BB00446586800AF95
:1047A000C0F30803002585F31188BFF36F8F02F073
:1047B0007F46B6F17F4F07D102F00C06082E0ED1CE
:1047C000604961482FF066FC60495F482FF062FC49
:1047D00000210846FFF73AFE2C37BD46F0BD16070C
:1047E0004CBF0C460125002CEED00022FA71DA1ED7
:1047F000092A00F28580DFE802F0057B7E7783835B
:1048000083838381524950484D4E2FF043FC00234F
:10481000FB71F36A9A0705D54E494B482FF03AFCD5
:1048200000232DE0F36A002B01DA4B49F5E7F36A28
:104830005B00F5D5494944482FF02CFC7369A26907
:1048400043F480737361BFF34F8FBFF36F8F32F800
:10485000023C726922F480727261BFF34F8FBFF322
:104860006F8F03F47F42B2F55F4F27D1DBB2022B8B
:1048700024D123683A4A344801212FF0D1F9236822
:10488000FA79002AA8D107F1080604F1200C206863
:104890006168324603C2083464451646F7D17A6A25
:1048A000002D4AD0C2F3080121B96FEA52226FEA03
:1048B00042227A6207F1080118468BE7204B9A6A78
:1048C000D2B222B1F91D0120FFF794FE0EE09A6AE0
:1048D00012F47F4F04D0F91D0120FFF7F3FE05E02D
:1048E0009B6AB3F5803F9BD3FFF730FE0346C7E7D3
:1048F000F91D0020E8E7F91D0020EEE719498CE7D3
:10490000194A1A4910F4F87F6E468AB018BF11464A
:104910006A46103B079316484FF40073ADF82030F9
:10492000144BCDE9050142F8103F074800234FF42E
:104930001151FEF7E1FFB54672E76FF30802B8E7E1
:1049400000ED00E04CCC040080A1040077CC040012
:10495000B3CC0400CACC0400EBCC0400F9CC0400B6
:1049600018CD040034CD040033CC04001ECC040068
:1049700058CD040004000001044B5A6942F01002B3
:104980005A615A6922F008025A61704700ED00E04E
:10499000EFF30880EFF3098101B57246FFF7FAFEE5
:1049A00001BD00BF0B4880F308881FF04FFB20209B
:1049B00080F3118808484FF40061401880F309889B
:1049C000EFF314800221084380F31488BFF36F8F44
:1049D00000F078F828090120E8F500201EF0040F07
:1049E0000CBFEFF30880EFF30980816911F8021C16
:1049F0000229FFD001B572462FF041FB01BD00BF77
:104A00000028ACBF00F16040064B4FEA4111ACBF3B
:104A100000F5614000F00F00C9B2B4BF195480F82E
:104A20000013704714ED00E0EFF30583103B2F2BCC
:104A300006D8044A02EBC30152F83300496808471C
:104A4000704700BFE40C002040B2002807DB044A96
:104A50004109012300F01F00834042F821307047D4
:104A600000E100E040B200280CDB4309064900F0F9
:104A70001F0020330122824041F82320BFF34F8FD3
:104A8000BFF36F8F704700BF00E100E0054B4209A4
:104A900000F01F0053F82220012303FA00F0104019
:104AA000704700BF00E100E0044B054A23F07F039C
:104AB0009360BFF34F8FBFF36F8F7047000000000C
:104AC00000ED00E008B5FFF7EFFF0B4AD2F88830A1
:104AD00023F47003C2F88830EFF3148323F0040347
:104AE00083F31488BFF36F8FFFF788FCFFF792FC06
:104AF00000F094F821F064FD00ED00E042F8203C65
:104B0000009B42F81C3C0A49019B42F8183C029B5E
:104B100042F8143C21F001014FF0807342F8043C4C
:104B200042F8081C0023203A0265C0F88030704724
:104B3000AD43000000B50B4B98600B4B1546C26FA0
:104B40001A600E462C4686F309880020034B9847CE
:104B50002046002100220023014C2047E3400300AF
:104B6000AD43000078A60020447B0020014B1022BA
:104B70001A61704700ED00E0054B5A699B689A4244
:104B80001FBF044A536843F080535360704700BF0F
:104B900078A6002000ED00E0084B9B6883420BD113
:104BA000EFF3058343B1064B5A6842F080525A60D6
:104BB0005A6A22F400425A623AF0F2B978A600200A
:104BC00000ED00E012498A684FF030001044EFF326
:104BD000098C80E8F01F202080F31288BFF36F8FCC
:104BE0000C4F4FF000664A698A603E60D06F0A4CF5
:104BF0002060D2F880000023C2F8803080F3118852
:104C000002F1300090E8F01F8CF309887047000033
:104C100078A6002004ED00E0447B00200448002337
:104C20002021C2180133302B82F80013F9D17047CC
:104C300000E100E008B5EFF30583064A103B02EB04
:104C4000C30152F8330049688847BDE80840FFF7C0
:104C500093BF00BFE40C00200148006870470000CB
:104C6000447B0020024B034A0348012100F07AB83C
:104C7000000004200000002084A4040008B50346BE
:104C80001048D0F89020C2F30722013A934207D986
:104C90000D480E4A01212EF0C3FF6FF0150008BD2C
:104CA000C0F898300A6822F01F021A4342F010023E
:104CB000C0F89C208A6842F00102C0F8A020184683
:104CC000EDE700BF00ED00E058A104006FCD040047
:104CD000F0B50E4685B01F4604460025B5420DDAF4
:104CE000606810B397B1431E18420AD0104A1148A9
:104CF0002B4601212EF094FF6FF01502104605B0EF
:104D0000F0BD1F28F2D921680B42EFD1236801932F
:104D10002FF00AFAA36801A90343D0B20393FFF767
:104D2000ADFF10F1160FE7D0421C01350C34D5E76A
:104D300095CD040058A10400044B0522C3F894202B
:104D4000BFF34F8FBFF36F8F704700BF00ED00E0E0
:104D5000BFF35F8F024B0022C3F89420704700BF5F
:104D600000ED00E010B5034C01232278FFF7B0FFFF
:104D7000207010BD8AAA00202DE9F0435F486049E9
:104D8000D0F890300C68C3F307239C4285B000F242
:104D9000B280FFF7DDFF49680022944201F10C0167
:104DA0001AD1584F584D3C706846FFF73FF8574CA2
:104DB000574E81464FF00008C14520D13B784F49FE
:104DC0000020D1F89020C2F307229342C0F28D80D8
:104DD000FFF7B2FF002052E0C0F8982051F80C3CD9
:104DE00023F01F03134343F01003C0F89C3051F825
:104DF000043C43F00103C0F8A0300132CDE7009835
:104E000000EB08114FEA081CCB682340B3F5000FF4
:104E10004ED00BD8B3F5001F34D0B3F5800F3CD083
:104E2000B3F5801F16D008F10108C5E7B3F1007F84
:104E300046D0B3F1805F4BD0B3F1807FF3D150F80F
:104E40000C3088684A682FF06FF940F0885040F4C1
:104E5000801009E050F80C3088684A682FF064F937
:104E600040F0885040F43020039001A93878CDE913
:104E70000123FFF703FF002833DA6FF0150005B0B8
:104E8000BDE8F08350F80C3088684A682FF04CF980
:104E900040F0885040F40020E6E750F80C30886875
:104EA0004A682FF041F940F0007040F40030DBE731
:104EB00050F80C3088684A682FF036F92843D3E759
:104EC00050F80C3088684A682FF02EF93043CBE751
:104ED00050F80C3088684A682FF026F940F0885066
:104EE000E3E73B7801333B709DE7C1F89830C1F8A8
:104EF000A000013365E74FF0FF30C0E700ED00E0B0
:104F000090A404008AAA0020000004110000F0FF11
:104F100000000410F0B587B007460E461446002185
:104F2000102268461D4644F080FD02238DF80230B1
:104F30002A46054B019321466846CDE904762DF0BB
:104F400031F807B0F0BD00BF4941030008B5024881
:104F50002CF06AFFFEE700BFCACD040008B5024B83
:104F60001B689847002008BD487B0020034B044A7B
:104F70001860937843F0020393707047487B0020D9
:104F8000F803002008B50649064821F00701C1F1E1
:104F9000005202F580222DF0F6FB002008BD00BF74
:104FA000673D01204C7B002003484FF0FF324FF05B
:104FB000FF3321F0ABBC00BF08040020014821F002
:104FC00017BD00BF0804002038B50546FFF7ECFF09
:104FD00008482A4608212DF065FB044628B925B16A
:104FE000FFF73AFE044B0C221A50FFF7E7FF20466A
:104FF00038BD00BF4C7B00200C00000010B50446FB
:10500000FFF7D2FF21460348FDF7DEFABDE8104066
:10501000FFF7D4BF4C7B002070B5A0FB015434B91E
:105020002846FFF7D1FF064640B9304670BDFFF76E
:1050300013FE054B0C221A500026F6E72A4621469D
:1050400044F0F3FCF1E700BF0C00000070B54169CB
:10505000867A0B4D044659B1437ADB0706D43023D8
:1050600003FB06539B6A1B689B6898470023636198
:105070003020214600FB0650BDE8704039F0D1BD1C
:1050800014120020024B302202FB0030704700BF98
:1050900014120020827A074B302101FB0233DA6AB6
:1050A00093F822301B33801A23F00303B0FBF3F094
:1050B000704700BF1412002038B5074B827A3024A5
:1050C00004FB02339B6AD3E901240C601568FFF7E7
:1050D000E1FF04FB005038BD141200202DE9F0431D
:1050E00085B005466846039190461C463AF0CAF8DA
:1050F000DDE90067EFF31189202383F31288BFF302
:105100006F8F2B8C002B43D0EA8B9A4225D900223B
:105110000023284621F0BCFC0446F0B189F3118835
:10512000BFF36F8F039B002B43D032463B4668464C
:105130003AF0CDF8A27A274B302101FB023320460A
:105140009B6A1B6803A91D68DDE90023A84760610D
:1051500080BB2046FFF77AFF26E0298C4B1E2B846C
:1051600089F31188BFF36F8F95F82230EA8BEC6AD0
:105170001B3323F00303521A02FB0344154B164A58
:10518000EB1A1B115343A37295F82230E372C9E75F
:1051900089F31188BFF36F8F23464246284621F0DA
:1051A00077FC04460028BDD10024204605B0BDE8A8
:1051B000F0836361012300252381039B6382E27AEC
:1051C0006560294604F1180044F02FFC63692582CC
:1051D000E360EAE714120020ABAAAAAAF8B5124DC0
:1051E0000024302600B9F8BD00F108024768BFF37B
:1051F0005B8F52E8003F591E42E8001CBCF1000FD3
:10520000F7D1BFF35B8FDBB2012BECD1837AC460A3
:1052100006FB035344605B6A13B198473846E1E7E5
:10522000FFF714FFFAE700BF14120020062800B5AC
:1052300008D9FFF711FD094B09221A504FF0FF3032
:105240005DF804FB30235843054BBFF35B8F1B58BD
:10525000BFF35B8F002BECD00020F1E70C000000C7
:10526000607B002030B530231049434308330B44A2
:10527000BFF35B8F1A68BFF35B8FB2B1BFF35B8F75
:10528000541E53E8005F954204D143E8004CBCF142
:10529000000FF6D1BFF35B8FEAD1012A05D130238D
:1052A00058430A1800230B50536030BD587B002030
:1052B00038B504461546FFF7B9FF01300DD0084A4E
:1052C00030236343D0184068086015B10C33134491
:1052D0002B6030235C43105938BD0020FCE700BF31
:1052E000587B002070B54FF0FF331D484FF0FF3260
:1052F0002FF01FF81B4B0025BFF35B8F1A68BFF31D
:105300005B8F82B10135072D03F13003F4D1FFF734
:10531000A3FC154B17221A504FF0FF3510482FF001
:105320000AF8284670BD30246C43BFF35B8F53E806
:10533000000F013043E800010029F8D1BFF35B8F73
:105340000A4E331932515A609A6204F10C0030440B
:1053500039F097FB04F12000304439F012FEDDE70C
:1053600044100020607B00200C000000587B0020CF
:105370002DE9F041164630240F4A444310191151CB
:105380004660C362B6B1F368A3B1FFF765FC0B4F8B
:105390000C3450F807801319054640F205123046C8
:1053A0002EF0B8FFB8F15F0F04D0EB595F2B08BFA8
:1053B00045F80780BDE8F081587B00200C00000014
:1053C0002DE9F0410546FFF731FF431C044621D08B
:1053D0003026DFF84C806E4306F10C0747444FF04F
:1053E000FF324FF0FF3338462EF0A3FF08EB0603E1
:1053F0005A68946844B1DB6A58F8060013F4404FC9
:105400000BD02946A047044638462EF094FF284684
:10541000FFF728FF2046BDE8F081A047F3E700BF73
:10542000587B0020044A0123C2F840354FF08042E7
:10543000C2F87835704700BF00E0014048B1054B25
:10544000054A1B68B3FBF2F35843044B43F00103D6
:1054500018477047240C002040420F0090A204001F
:10546000BFF34F8F0549064BCA6802F4E06213434D
:10547000CB60BFF34F8F00BFFDE700BF00ED00E042
:105480000400FA0508B5054A054B136010463C2395
:1054900053601EF0B1FE002008BD00BFA87C0020B4
:1054A0003FC00F0008B50A4839F0EFF968B1084865
:1054B00039F0EBF948B1074A054818212EF03FFFB3
:1054C000054A034819212EF03AFF002008BD00BF0D
:1054D000FC9C04000100160001001A00F7B5064606
:1054E0000D461446124F384639F0CFF9E0B1BB688B
:1054F000AAB21B68314638469847002802DB0020D4
:1055000003B0F0BD002CFBD1AC42F8D22F1B042F0E
:1055100028BF042737F0A2FF3A46019001A93019AD
:1055200044F05CFA3C44EFE76FF01200E8E700BF9C
:10553000349D040038B5044622F028FA20462EF0A7
:105540001EFFA069C8B194F87030DB070DD5164A6C
:10555000164802212EF011FF6FF07705201D2EF066
:1055600015FF22F027FA284638BD39F08EF938B9F0
:105570000F4A0E4801212EF000FF6FF01205EDE7F3
:10558000204600F091FF05460028E7D1014624227D
:1055900004F12C0044F049FA94F8703043F0010310
:1055A00084F87030DAE700BFEACD040008A20400F6
:1055B00014CE040070B5044622F0E8F920462EF01F
:1055C000DEFE94F87030DA070DD4264A2648022110
:1055D0002EF0D3FE4FF0FF35201D2EF0D7FE22F027
:1055E000E9F9284670BDC3F340019B0707D51F4A60
:1055F0001D4802212EF0C1FE6FF07705ECE7A0698F
:1056000036F09FFF0646A06937F00AF8054628B134
:10561000174A154801212EF0B0FEDDE7E36F4BB1CC
:10562000314620462FF06CF80546A0B1A06937F04E
:1056300023F8D1E7A06936F09BFFE0670028EFD19F
:105640000C4A094801212EF098FEA06937F014F8A1
:105650006FF00B05C0E794F8703043F0020384F854
:105660007030B9E737CE040008A204005DCE040014
:1056700083CE04009FCE040038B5802104468069A3
:1056800036F099FF054678B10146204601F0CCFA84
:10569000044638B10648074A01212EF08FFF2846FC
:1056A000FFF79CFD204638BD6FF00B04FAE700BF02
:1056B000E8A10400CECE040038B50446C06F2EF039
:1056C0008FFD05462EF058FD2046294601F0ACFA24
:1056D000044638B10448054A01212EF06FFF2846E0
:1056E000FFF77CFD204638BDE8A10400F1CE0400A0
:1056F0002DE9F04F95B002AF00237B610B7E33F0B4
:1057000080050446884616460BD0B24AB2480121AD
:105710002EF054FF6FF0040528464C37BD46BDE817
:10572000F08F8AB10846FFF759FD98F81930DA076B
:1057300005D49E07F0D598F81830002BECD1204600
:10574000FFF7BAFF00F095BC4A7E00F12C099007E4
:1057500005D5802B09D14046FFF740FDDCE79107D6
:1057600000F0C784002B40F0C484D3072AD5B8F8D2
:105770001030082B13D1D8F80C201368E36253685B
:10578000C9F80430414600202EF054FD7861D8B1AC
:105790009148924A01212EF011FF786905E08E4868
:1057A0008F4A01212EF00AFF4046FFF717FD4846B9
:1057B0002EF0FEFE0346A069002B00F0D584802168
:1057C00000F0DBBCC7F81480FFF746FA94F82C50C1
:1057D000844A002315F0600F8350C5F3411375D040
:1057E000032B40F006846FF08505FFF735FA7D4BFB
:1057F0001B58002B41D0002D42D139F041FD4FF410
:105800007A72A0FB020302FB0131C30B43EA41435E
:105810007549BFF35B8F0868BFF35B8F41F2873236
:105820001E1A9642714A40F2EC83BFF35B8F51E837
:10583000006F864204D141E8003CBCF1000FF6D174
:10584000BFF35B8F40F0DD83BFF35B8F52E8003F17
:1058500042E800510029F9D1BFF35B8F23B1644ABC
:105860005D4802212EF0DCF9624A5B4802212EF0ED
:10587000A5FEFFF7F1F95B4B1D58002D00F0D88312
:105880005D4A554803212EF099FE6E4688B002AA63
:105890005A4B53615A4B93614FF400739383594BA6
:1058A00042F8103F58494C484B46FEF725F815F191
:1058B000860FB54640F0B183544A474803212EF085
:1058C0007DFE786900287FF470AF70E748462EF0BF
:1058D0006FFE94F82D30002840F05181013B0A2BD7
:1058E00081D801A252F823F0895A0000E75700003E
:1058F000F95A0000E757000015590000E75700006B
:10590000E7570000E757000083590000E757000001
:105910003F5A0000A069E18D03697F2993F8803028
:105920003FF661AF228E002A7FF45DAF628E002ABF
:105930007FF459AFEE067FF456AF94F83420022A74
:1059400002D14FF0FF3550E71D070BD5C9B22EF03D
:105950006AFE054648B1E38D2D4A1F4801212EF00D
:105960005FF942E7012384F83D3094F83430012B8D
:1059700005D1E38D1BB984F83430002535E70123C8
:10598000F9E720462EF004FDE28DFF2A01463FF69E
:105990002AAF638E002B7FF426AF94F82C30D80604
:1059A0007FF421AF94F83430002BCAD0A2BBE18D34
:1059B00094F83C308B42E0D0C9B2204600F00CFF96
:1059C000E38D054678B3134A0090012102482EF07A
:1059D00031F90AE710CF0400E8A1040048CF040021
:1059E00031CF04000C000000B47C0020B07C00200B
:1059F0001DD0040031D004005AD00400E9D90400BD
:105A00006AD0040003000001C01C800033F00400D1
:105A10006ACF04008CCF0400D2B220462EF0AFFE35
:105A20000028C4D18DE7002B14BF0222012284F884
:105A3000342005211A4620462EF0FDFF9DE705F093
:105A40001F05012D7FF4CFAE638E002B7FF4CBAE0C
:105A5000E28DFF2A3FF6C7AE218EFF293FF6C3AE87
:105A600094F83430022B7FF46CAFC9B2D2B2204626
:105A70002EF035FF811C05467FF4B7AEA54AA64837
:105A800003212EF09BFDB0E6638E268E002B7FF463
:105A9000AAAE94F83430002B3FF453AF012B02D15F
:105AA000002E7FF44EAF15F01F0517D0022D7FF4A6
:105AB00064AFB4F82EA0BAF1000F7FF45EAFF6B277
:105AC0003146204601F018F9421C05463FF48DAEE0
:105AD0005246314620462EF073FD86E6002E7FF4B6
:105AE00030AFE38D012B7FF448AF94F8703066F34C
:105AF000C30384F8703040E7238E628EDEB2002A42
:105B00007FF471AEE28D022A11D105F01F053543F5
:105B10004FEA13217FF467AEA06901222EF060FDE9
:105B200000287FF460AE012384F83D3025E794F827
:105B3000341000293FF405AF012902D1002B7FF476
:105B400000AF15F01F050FD0022D7FF416AF002A0D
:105B50007FF413AF3146204601F0ACF8431C0546F4
:105B60003FF443AE0122B4E7002B7FF4EAAE012AF2
:105B70007FF403AF94F8703043F00803B9E70A2BC1
:105B800064D8DFE813F00B00630063006300630078
:105B900063003A006300010263001602638E022B69
:105BA00054D194F83430002B50D0012B218E01D1E8
:105BB00000294BD115F01F050ED0022D17D000265D
:105BC000022120462EF008FF054618B131460C3060
:105BD0002EF05EFB7D61D0E6002937D194F870305D
:105BE0009E0806F00206C3F300131E43E8E7C9B29D
:105BF00020462EF015FF0646E2E7E68DED064FEA59
:105C00001621F6B208D0002307F128012046BB6216
:105C10002EF025FDBD6ADDE701390E2916D8DFE833
:105C200011F00F003300A100150015009D009D002C
:105C30001500150015001500150015001500400190
:105C400020462EF0A5FB18B101281AD00025C1E787
:105C5000D4F874A0BAF1000FF8D0668E9AF800302C
:105C60009E4228BF1E46314620462EF0B5FE054610
:105C70000028AFD03246514605F10C002EF0F7FA5D
:105C8000A8E7D4F878A0E5E720462EF081FB751C44
:105C9000F8600146EAB220462EF049FD064630B9CA
:105CA0001E4A1D482B4601212DF0BAFFCEE7D0F841
:105CB00004A0618EBAF80220914228BF1146204606
:105CC0002EF08AFE05460028C0D0018A428A00F1E3
:105CD0000C0B521AC1684069091A521A9AF800103E
:105CE0008A4228BF0A46584651462EF0C0FAF66846
:105CF0004EB9298A638E99427FF66CAFC91A58460D
:105D00002EF0D0FA66E770688268126B42B9366886
:105D1000EEE700BFAFCF0400E8A10400D5CF040038
:105D2000F96890470028F2D0A0F1040A5AF8041F3D
:105D30000029ECD00B78002BE9D06A8A288AA2EBE4
:105D4000000C6A69E868801AACEB000293428CBFD1
:105D500092B21A4658462EF08AFAE7E720462EF00D
:105D600017FB73E73246032120462EF07FFB824665
:105D700000283FF46BAF2EF016FC658E9AF81530B4
:105D8000C0B99AF8146087F8286087F82930DAF8E3
:105D90001030AE4228BF2E461B887B8531462046F8
:105DA0002EF01AFE054600283FF450AF324607F1A8
:105DB000280161E7BA4A7B74DAF808301A40B94B17
:105DC0004FF0000B9A4287F810B05AD1102107F11A
:105DD000180037F03DF8061E3ADB07F12802102EB6
:105DE000B14807F11801924628BF1026B34502F1C9
:105DF000020236D3B6000236F6B23E74AE4228BF77
:105E00002E46314620462EF0E7FD054600283FF499
:105E10001DAF022EB34600F10C0328BF4FF0020B5A
:105E20005A46A6EB0B06184607F11001FB60D34655
:105E30002EF01DFA73080AEB5602934527D1F0079E
:105E40007FF5C8AE1AF80310F8682EF019FAC1E60B
:105E500058367FF4FBAE954A954801212EF0AEFBF3
:105E6000F4E611F8013B4FEA131C03F00F0310F89E
:105E70000CC0C35C02F802CC02F8013C0BF1010B30
:105E8000B4E79AF814603E74DAF810A0B6E71BF88D
:105E9000011BF868C7E901322EF0FAF9D7E901329F
:105EA000CBE720462EF074FA20B101287FF4CEAE65
:105EB000A36F00E0636F002B3FF4C8AE5B88B3F5BF
:105EC000007F7FF6C3AE7B4BBB62002387F82C308C
:105ED000236D04F1500B9B4508BF00237A8D83B1DD
:105EE000597D0F2907D1197D0A447A8597F82C200E
:105EF000013287F82C20626D9A4201D01B68EDE7D1
:105F00007A8D668E964228BF1646314620462EF080
:105F100063FD054600283FF499AE97F8282000F16C
:105F20000C0AB24228BF324607F1280150462EF033
:105F30009EF997F82830B34294BFF61AB61B002E8C
:105F40003FF448AE236D5B453FF444AE002B3FF475
:105F500041AE5A7D0F2A11D11A7D1969FB60B242F8
:105F600028BF324650462EF082F9FB681A7DB242B5
:105F700094BFB61AB61B002E3FF42CAE626D9A4247
:105F80003FF428AE1B68E1E794F83430002B3FF46F
:105F90005DAE618E01297FF459AE94F83C602046D5
:105FA0002EF01AFD054600283FF414AE31460C30A1
:105FB0004BE705F01F05012D7FF448AE20462EF07B
:105FC000CAFB00283FF442AE238E4268FF2B3FF607
:105FD0003DAE12799A42FFF439AEDAB20F2A3FF69B
:105FE00035AE618E01297FF431AE234493F83E60D3
:105FF000D5E707F1140120462EF031FB0546FFF7E7
:10600000F4BBBFF35B8F52E8003F013342E800313D
:106010000029F8D1BFF35B8F2BE401357FF451AC3D
:1060200094F83430244A224803212DF0F9FD48E445
:1060300098F81930628ED90708D4EAB92046FFF7DC
:106040001BFB00287FF4B3ABFFF779BB48462EF06B
:10605000AFFA0028F1D1002AF0D02946A06936F025
:1060600096FA0146786100283FF4A1AB204600F083
:10607000DBFD0546FFF750BB48462EF099FA7D69D7
:1060800018B92846FFF7AAF8D8E7002D3FF48FABE0
:106090002946204600F0C8FD80B12846FFF785BBA1
:1060A00000FF020000030200E8F70400FBCF040039
:1060B000E8A10400050F050071D00400A069036980
:1060C00093F8801011F004017FF439AB36F073FAC5
:1060D000054600283FF46BAB0146204600F0A4FDC6
:1060E00000283FF42CAB274A274801212EF066FAFE
:1060F000D3E752077FF55BAB002B3FF42CAB404658
:10610000FFF76CF894F83D30002B3FF405AB94F8A2
:106110002D30052B0CD1E18DA069C9B22EF083FA88
:10612000064628B1E38D194A174801212DF078FD64
:1061300094F82D30032B11D1E38D022B0ED1218E3B
:10614000A0690D0A002229462EF04AFA064628B117
:106150000F4A0D482B4601212DF062FD002384F8E3
:106160003D303546FFF7D8BA638E002B3FF427AB9E
:106170007969003918BF0121C90136F03BF9FFF7F1
:10618000DEBA00BF92D00400E8A104006ACF040088
:10619000B6D004000B78062B10B414D10369D3F8E1
:1061A0009C20EFF31184202383F31288BFF36F8FB9
:1061B0004B6800201860506A58B9C2E9083384F36C
:1061C0001188BFF36F8F044810BC0022002338F001
:1061D00049BC03605362F2E7E410002030B589B097
:1061E00000220023CDE9062300246FF00703CDE948
:1061F0000334CDE901441A4B1A4900944FF48062EC
:10620000194821F0A5F81949174838F0C4FE184B71
:1062100018498B4207D3184B184900208B4210D3E2
:10622000002009B030BD03F11402BFF35B8F52E8C8
:10623000000F42E80045002DF9D1BFF35B8F183302
:10624000E7E703F11402BFF35B8F52E8004F42E827
:106250000005002DF9D1BFF35B8F1833DEE700BFD7
:10626000D962000048C80020E81A0020DDD00400F0
:10627000F41400200C1500200C1500200C15002033
:1062800038B50D462EF067FA30B9114A1148BDE80D
:10629000384001212DF0BBBCC46804B938BD2B784F
:1062A000032B05D0052B0ED0022B08D02468F4E771
:1062B000606883685B69002BF8D09847F6E76068F0
:1062C00083689B69F7E760688368DB69F3E700BF71
:1062D000E2D00400F8A104002DE9FF4120274FF08F
:1062E000FF336B484FF0FF3201A920F0ABFA039B5C
:1062F0001B69D3F89C40236A93B1EFF3118287F3B3
:106300001288BFF36F8F216A29B1606A0B6823621C
:10631000814208BF636282F31188BFF36F8FC9B9EE
:106320009DF80430062BDAD0072BD8D801A252F8FA
:1063300023F000BF796300006D630000A1630000DB
:106340007F630000D5630000C3630000DF620000CC
:10635000816400000B7ED1F81E205D06204602D12C
:10636000FFF7C6F9C7E72EF048FAC4E7002201217B
:1063700020462EF060FBB2E700221146F8E794F8C1
:10638000703043F0040384F8703094F83430022BFA
:1063900003D101A92046FFF773FF00220321E7E79D
:1063A00094F8703023F0040384F8703094F834309B
:1063B000022B03D101A92046FFF762FF0022022130
:1063C000D6E794F83430022B89D101A92046FFF793
:1063D00057FF84E794F87030A66923F0040384F82B
:1063E0007030D6F808803369BFF35B8FD3F8A030E4
:1063F000BFF35B8F9A071ED5D8F83C3030469847DC
:10640000D8F82430002130469847D8F84030054667
:106410003046984795B11F4A1F4801212DF0F7FBE0
:106420000022042120462EF006FB002D3FF457AF3A
:106430002A4607219CE74FF0FF35ECE72946204626
:1064400000F0CAF9054608B1144AE5E7A06936F03C
:10645000D1F80346124A104803212DF0E1FBA06950
:1064600036F0C8F8831E5842584194F8703084F8CA
:10647000345023F0680343EA401384F87030CFE7C8
:10648000084A054801212DF0C2FB029A06216FE758
:10649000E410002011D10400F8A104003FD1040051
:1064A0006BD1040082D1040038B502460C49054680
:1064B000806936F005F9044630B10A4A0A480121DC
:1064C0002DF0A5FB204638BD85F83C00284600F09D
:1064D0004FF804460028F5D0A86936F024F9F1E712
:1064E0009561000092D10400F8A10400F8B50123E1
:1064F0001D460C68002C35D063F07F02D6B202F046
:106500007F02103224FA02F7FF0716D5046824FA36
:1065100002F7FF0708D433461348144A01212DF02F
:106520007FFB6FF01500F8BD05FA02F224EA0204C1
:1065300004600C6824EA02040C60DC40E6070ED517
:10654000026822FA03F4E40700D4E5E705FA03F44D
:1065500022EA040202600A6822EA04020A600133A5
:10656000102BC6D10020DEE720A20400B9D1040020
:106570002DE9F04F8369426F1B6993F88030C3F3B4
:106580004113022B8FB083460ED0032B0ED0012B6C
:106590000CBF10230823D371DBF858800027B8F113
:1065A000000F05D14446DDE02023F4E74023F2E765
:1065B000D8F80430D8F80C5002930C970497BDB962
:1065C000049B029A09339BB293701B0AD370177114
:1065D0005388764A009376483B4603212DF02AFBE8
:1065E000D8F80C40002C40F0D380D8F80080D5E7D4
:1065F000686883681B6B00240D94002B00F0B98041
:1066000021469847002800F0B480C5E90344031FE1
:1066100003933E46039A52F8043F03920BB11A7853
:106620009AB9BE4240F2A280EB680D9A1343EB6028
:10663000686883689B6A002B00F09D809847044639
:10664000002800F09B805B4A80E05A780B2A08BF44
:106650009E70039B1B685A78042A10D1EA680D9932
:106660000A43EA60DA78002A60D19E702B69012221
:10667000B240134301362B61F6B200230D93039B06
:10668000D3F8009099F80130052BC3D1DBF818300E
:1066900008936FF012044FF0010A99F8052099F859
:1066A000043043EA0223ADF82E300C9B069399F98F
:1066B0000230069A002B5FFA8AF1BBBF41F08001DD
:1066C0004BB24FFA8AF30793B9BF21F0800310331E
:1066D00007935346DA40D2072FD40D9A059222FA37
:1066E00003F3DB0729D499F8063099F803200898BA
:1066F00000930DF12E03099135F0F1FD099904463F
:10670000D8B9079B89F80210002BBCBF21F080018B
:10671000103101238B4006980599BDF82E20A9F869
:10672000042019431843CDE90C0173E7721E9A70D7
:106730000DA90CA8FFF7DAFE9FE70AF1010ABAF1EA
:10674000100FAAD1002C3FF465AF1B4A1848012155
:106750002DF05DFAD8F804305B79184A144801210D
:106760002DF05EFA20460FB0BDE8F08F6FF01504F3
:10677000EBE73E465CE76FF0850464E70146686836
:106780002EF00BF8049B2D6803440493374616E75C
:10679000E368A36004F10C010CA8FFF7A7FE08B999
:1067A00024681FE76FF01504D4E700BF1ED2040071
:1067B00020A20400FAD10400D6D1040040D2040083
:1067C00008B5034A034803212DF0A6FF002008BDA9
:1067D0006DD20400E0A104002DE9F04105460E460B
:1067E0002DF0D6FD95F83C3080463BB328462DF081
:1067F000B2FF0746F8B1014628462EF01EF81022D7
:106800000446002105F13E0043F00FF9002385F80E
:106810003C30FF6847B98CB1194A1A4801212DF064
:106820007BFF2046BDE8F081786883685B6A03B12E
:1068300098473F68EEE76FF03C04EDE71EB985F836
:106840003C600024EDE73246414628462DF06FFFBC
:10685000074690B1024628462EF019F80446002853
:10686000DFD185F83C60FC68002CEAD06068836862
:106870001B6A03B198472468F6E76FF03C04D0E741
:1068800093D20400E0A10400F8B504460E46576810
:1068900015462DF043FF94F87030D9070BD53A4ACE
:1068A0003A4801212DF038FF6FF00F06201D2DF022
:1068B0003CFF3046F8BD012E07D1354A334801214F
:1068C0002DF02AFF6FF08506F0E7FB799A0607D5D1
:1068D000A3691B6993F880309B0701D42D4AEDE72B
:1068E000C6B9236E53B9A26DB2B9636F6A685B7C97
:1068F0000133DBB25371626F53741FE09D4207D1C5
:10690000254A224801212DF007FF6FF01506CDE73B
:106910001B68E7E7214AD1E7954222D12A68D3B91B
:10692000E36DA2659D4200D1E26500232B606B6898
:106930005B791B4A154802212DF072F9A968B9B19B
:1069400020462DF0ADFD064670B1164A0F480121D4
:106950002DF0E2FEAAE71A60E26D954208BFE365FA
:10696000E3E713461268BFE7A8682DF01CFEB87174
:1069700000232B60E36D1BB9C4E91655002695E78B
:106980001D60E565FAE700BFF0D20400E0A1040055
:1069900012D30400B1D2040040D304005DD304003C
:1069A0007DD304009AD3040080B500AF88B06A4656
:1069B000094BCDE905304FF40073ADF81C30074B9F
:1069C00042F8103F064800234FF4E251FCF794FFD1
:1069D0000020BD4680BD00BFD1D3040003000001EC
:1069E000F0A1040070B5054681B12846FFF7DCFF31
:1069F0000024204670BD636828461968F9F7EAFB51
:106A00000028F6D01834B442F5D3EEE7014C024E1C
:106A1000F9E700BFF41400200C15002070B501F058
:106A20007F0311F0800F18BF103301259D4090F8AF
:106A30003430022B044606D00C4A0D4801212DF0BB
:106A4000E6F8002070BD90F83C602DF0A1FC3246C5
:106A5000014620462DF06BFE0028F2D0C0680028C9
:106A6000EFD083681D42EDD10068F8E7EFD3040052
:106A7000F0A104002DE9F8430546084611461646E4
:106A80001F46FFF7AFFF044600284AD028462DF0E6
:106A90007DFE95F87030DA0702D5234A01210CE01B
:106AA000D4F8048004F11409BFF35B8F6369BFF36A
:106AB0005B8FDB070CD51D4A02211D482DF0A7F87E
:106AC0006FF00F04281D1FF093FF2046BDE8F883E8
:106AD000D8F804301BB1AB4201D0164ADEE73A4683
:106AE000314628462DF023FEC0B100232360036900
:106AF0008BB9C0E90344BFF35B8F59E8003F43F013
:106B0000010349E80032002AF7D1BFF35B8F00246C
:106B1000C8F80450D6E71C600461ECE76FF03C0451
:106B2000D0E76FF01204D0E7F0D2040014D40400D0
:106B3000F0A1040036D404002DE9F04F83B000AF7B
:106B40004C687B6097F830303B600E46814690463B
:106B50002DF01EFCA3681B6B014633B96FF01504C2
:106B600020460C37BD46BDE8F08F204698470028E8
:106B7000F4D0051F002306F10C0A55F8041F09B1D3
:106B80000A781AB9BBB96FF03C04E9E74A78042ADD
:106B900013D183B98A7878688242EED1CA7838688E
:106BA0008242EAD10B790BB10123E6E71B4A1C486C
:106BB00003212DF02CF80024D2E7052ADDD1002B8B
:106BC000DBD0B8F1010F91F802B009D0B8F1020F93
:106BD000EAD1D9F81800524659462DF0E7FE04E0F4
:106BE000D9F8180052462DF0C5FE04460028DBD027
:106BF0006D468AB0F3686A460A490990CDE907B341
:106C00000623CDE9051842F8103F054800234FF44C
:106C10004151FCF771FEAD46A2E700BF76D40400F7
:106C200018A2040093D404002DE9F0410B7E0C4619
:106C30005906054637D16BB32DF0D3FB40B11B4845
:106C40001B4A01212CF0E3FF4FF0FF30BDE8F0813B
:106C50002846D5F87480268A6F8E2DF099FBF8B1FE
:106C6000421E534253419B01228A9AB1BE42698E11
:106C7000324628BF3A4691420CD9B2FBF3F103FBEE
:106C800011223AB994F91830002BBEBF637E43F04D
:106C900008036376A8692146BDE8F04135F00ABCD7
:106CA00098F80730E0E76FF01500CFE710A2040076
:106CB000CFD4040070B5064680690C4635F09AFBC7
:106CC000054638B10A4A0B48234602212CF0A8FF9A
:106CD000284670BD14F0800F18BF24F08004B36BF9
:106CE0004FF0010218BF1034A2401A43B263EFE71D
:106CF000E3D4040010A2040070B5054680690E4676
:106D000035F0A4FB044638B1064A07483346022151
:106D10002CF086FF204670BD314605F138002DF07D
:106D20001AFEF7E7FAD4040010A2040070B5064674
:106D3000EFF31181202383F31288BFF36F8F1B4D74
:106D40002A6881F31188BFF36F8F526892F8702020
:106D5000D20705D4BDE870402122002320F0AAB953
:106D6000EFF3118283F31288BFF36F8F2C682CB17D
:106D7000696823682B608C4208BF6B6082F31188BE
:106D8000BFF36F8F44B1606804F10801C36998478D
:106D90000748214637F016FE2B6833B130460022F3
:106DA000BDE87040002320F04DB970BDB87C0020D4
:106DB000E00F002030B585B0CDE900120546002275
:106DC0001448002303A91FF0A3FC0246E8B9039B63
:106DD000DDE900015D60083383E80300EFF3118013
:106DE000202383F31288BFF36F8F039B1A600A4A34
:106DF000516861B9C2E9003380F31188BFF36F8F26
:106E000006480022002320F01DF905B030BD0B60BC
:106E10005360F1E7E00F0020B87C00200000002064
:106E200073B504698DF807102025EFF3118685F3FB
:106E30001288BFF36F8F0122206C0DF107012CF037
:106E4000E5FA86F31188BFF36F8F012810D038F070
:106E50009CF8B8B10F4BBFF35B8F012253E8001FC2
:106E6000002903D143E800200028F7D1BFF35B8F4E
:106E7000237F2BB12122002304F1480020F0E2F807
:106E800002B070BDA37E002BE4D00021212038F099
:106E900084F9CAE7C07C002038B505690E492B6C1F
:106EA0000024C3E90144DC60AB6B05F14800C3E991
:106EB0000144DC6038F013F805F17800074937F039
:106EC000B2FF074905F1280037F0ADFF28462DF045
:106ED000D3FD204638BD00BFDB4C030051500300FA
:106EE000A34F030070B50B7892B006460C4607AD71
:106EF000032B31D8DFE803F0022A2C2E194928464B
:106F0000F9F772F9059563780493A3780393E3780E
:106F100002932379019363790093A379124A1E2186
:106F20000AA82AF0A1FF10AD0AAB32461C4603CCDA
:106F3000AC4210605160234602F10802F6D120688D
:106F40001060A3889380304612B070BD0749D6E721
:106F50000749D4E70749D2E7074A0A2128462AF019
:106F600083FFCFE732D5040054D5040039D504009F
:106F700040D504004AD5040037E504000E4B4029F3
:106F800070B528BF40210D4C46181D46B04203F194
:106F9000020304D1002305F81130074870BD0278C0
:106FA0001209A25C03F8022C10F8012B02F00F0268
:106FB000A25C03F8012CE9E78BAA002013F8040077
:106FC00010B586B0094B0A4803930024CDE9044468
:106FD00037F07FFF03AB0093064905480A234FF4BF
:106FE000A3621FF0C5FF204606B010BD77D5040090
:106FF000701B002048CC0020014601481FF0F8BF5C
:10700000701B002030B50378012B11D0022B21D04A
:107010006BB9154B0A4603F1100453F8045B42F8B0
:10702000045BA342F9D143881A0A8A70CB7030BD41
:107030000D4B0A4603F1100453F8045B42F8045B5D
:10704000A342F9D143681A0C180E4A700870C3F3B2
:107050000722EAE700F11003013913F8012901F8CA
:10706000012F9842F9D1E2E724F8040010B52EF080
:1070700029F937F08AFF044608B920F087FCBFF3EE
:107080005B8F064B1B68BFF35B8F0BB10A209847E1
:107090001CB9BDE8104020F08DBC10BDC47C0020A0
:1070A00038B5044608482DF06CF8054648B1631E13
:1070B000DBB21F2B96BF054A0021D15C0C302DF0AE
:1070C000DFF8284638BD00BF0413002034F8040060
:1070D0000F2810B50CD80D280CD90A482DF051F8FE
:1070E000044618B104210C302DF0CAF8204610BD1A
:1070F0001328F2D009B10448F0E7BDE8104002209F
:10710000FFF7CEBF6413002074120020C3681B7801
:10711000024A034802212EF045B900BF8FD5040072
:10712000E8A0040010B586B003AB00240093074923
:10713000074805944FF0FF334FF48062CDE90344D4
:107140001FF016FF204606B010BD00BF60D1002022
:10715000181C002038B5C5682B7893B9B5F80140E4
:107160000F21204602F0D4FBEB78054650B90A4ABD
:10717000118831B96FEA04506FEA10501080074A45
:10718000137038BD4372012102F0E0FA2846BDE8D1
:10719000384002F085BA00BF58A900200CAB00208F
:1071A00070B5C3681D78BDB9B3F801600F213046D2
:1071B00002F0AEFB044638B9084A094833460121BB
:1071C000BDE870402EF0EEB8294602F0BFFA204626
:1071D000BDE8704002F064BA70BD00BFB7D50400CE
:1071E000E8A0040010B5C368B3F8014001212046AF
:1071F00002F08EFB38B9064A064823460121BDE855
:1072000010402EF0CFB8BDE8104002F049BA00BFE0
:10721000DDD50400E8A0040010B501210C302DF0EC
:1072200061F80378034A0448BDE8104001212EF0BC
:10723000B9B800BF01D60400E8A00400014610B5AB
:1072400008482CF0A2FF0849084837F017FE031E33
:1072500006DA074A0748BDE8104001212EF0A2B81F
:1072600010BD00BF2402002058050020C01C0020D3
:1072700023D60400E8A0040010B5084C01460622FD
:1072800094F86E0002F05CFE38B994F86E00044980
:10729000BDE81040052202F053BE10BDD80000200A
:1072A000F9F70400024A034801212EF079B800BF23
:1072B00040D60400E8A00400B0B50B460D8A00AF2C
:1072C00004462946D868FFF759FE8AB06A46094B3A
:1072D000CDE9053440F20243ADF82430064BCDE948
:1072E00007504FF4325142F8103F04482EF06BF82B
:1072F000BD46B0BD5AD6040005000001E8A0040058
:1073000070B5C568B5F801600121304602F000FB98
:10731000044638B90D4A0E4833460121BDE8704095
:107320002EF040B82B783BB9D5F80330C0F899302F
:10733000D5F80730C0F89D30201D4FF480312EF075
:1073400033F82046BDE8704002F0AAB9DDD504004C
:10735000E8A004002DE9F84FD0F80C90018A99F8C4
:107360000040A30001338B4200AF63D96D468AB061
:107370006A463248CDE907310523CDE905044FF4CB
:10738000215142F8103F2E482EF01DF8AD46BD4663
:10739000BDE8F88F2B4A2A482B4601212EF002F82F
:1073A000013699F800309E42F1DA09EB86030F218D
:1073B000B3F80150B3F80380284602F0A9FA044656
:1073C0000028E7D000F1C00AB8F1000F06D06569C7
:1073D00045B91D4A1A4801212DF0E2FF204602F06E
:1073E0005FF9DDE7A2692B686361954208BFA3617D
:1073F000204602F06BF81FF07FFBC5F800B0236A4F
:10740000ABB9C4E90755BFF35B8F5AE8003F013BB6
:107410004AE80032002AF8D1BFF35B8F00212046F2
:1074200008F1FF3802F05EF81FFA88F8CCE71D601B
:107430002562E8E70026B346B3E700BF7CD6040028
:10744000E8A00400A7D60400C3D6040037B502EBB9
:10745000C303044608469A4202D16FF05E0010E072
:10746000114611F8085BA54211D1038A517899425F
:1074700009D90848084A009401212CF0DBFB6FF081
:10748000150003B030BD536898470020F9E70A465D
:10749000E1E700BFE8A00400DAD604002DE9F047D8
:1074A0000C4620F073FAE5682B78022B72D0042B7F
:1074B00007D03C4A3C4801212DF074FF6FF01504C1
:1074C0000EE0B4F81080B8F1020F0ED8374A4346E8
:1074D000354801212DF066FF2046FDF77FFE002490
:1074E00020F068FA2046BDE8F08768783E280CD185
:1074F000B8F1030F02D12E4A4346E9E7EB78012B9E
:1075000001D00A2B46D1032704E02DF037FF0746B0
:10751000F8073FD504F10C0601213046D4F814A039
:107520002CF0D8FE022130462CF0DCFE814600789B
:107530003E2807D1E3681B78012B01D00A2B06D126
:10754000032614E02DF01AFFC10706460FD4194A8E
:1075500019491A4841F28A132BF05DFB002383F38B
:107560001188BFF36F8F0323184602DF0226144AE7
:1075700099F80000062321462DF050FFB2070DD5E3
:107580006369A4F81080A5EB0A0513FA85F5E56098
:10759000BB07A4D52046FFF751FEA0E72046FDF724
:1075A0001DFEF5E7A2D70400E8A00400FCD6040005
:1075B00018D7040038D704006CD7040085D704001E
:1075C00094A5040010B5012104460C302CF08AFE6D
:1075D0002146034A0078BDE8104002232DF01EBF6B
:1075E000C4A5040073B53E482CF0E4FD0446002811
:1075F00073D000F10C0528462CF07CFE02280346CF
:1076000003D0042847D0374A03E0238A032B05D848
:10761000354A364801212DF0C5FE13E004212846E5
:107620002CF060FEFF23428806882376238AC6F367
:107630000B009A42608309D02C48009201212C4A09
:107640002CF0F8FA2046FDF7C9FD12E00F2102F0F8
:107650005FF9054610B9638B264ADAE702F07EF936
:10766000320B20762146284601F092FF284602F090
:1076700017F8214BD3F84C317BB32049204837F021
:10768000FDFB031E29DA1F4A1848012102B0BDE89C
:1076900070402DF087BE284602212CF023FE0546BF
:1076A00000783E2812D02DF069FE10F002060DD1B0
:1076B000154A1649164840F6BC432BF0ACFA86F33F
:1076C0001188BFF36F8F0323184602DF114A287811
:1076D000042321462DF0A2FEB4E702B070BD00BF26
:1076E000240200204BD80400B6D70400E8A0040010
:1076F000D7D70400FBD70400D8000020580500208D
:10770000C01C002023D6040038D704001DD8040074
:1077100085D70400D4A5040010B5012104460C301F
:107720002CF0E0FD2146034A0078BDE81040062316
:107730002DF074BEF4A50400F8B5012100AF044695
:107740000C302CF0CFFD0678114A0023214630463C
:10775000FFF77CFE5F3019D1258AE0682946FFF7E4
:107760000DFC6C468AB06A460A4BCDE9053640F2FC
:107770000243ADF82430084BCDE907504FF43251A5
:1077800042F8103F05482DF01EFEA546BD46F8BD47
:1077900024A604005FD8040005000001E8A004004E
:1077A0002DE9F74FDFF818A1BFF35B8F80468946BC
:1077B000174600235AE8004F4AE80032002AF9D160
:1077C000BFF35B8F264644B93E4A3F4843460121FA
:1077D00003B0BDE8F04F2DF0E5BD2046FDF75AFCA3
:1077E0003A4D4FF00C0B0BFB0050438843451FD024
:1077F0002046FDF74FFC0BFB00504388344A0093B2
:107800003148434601212CF015FABFF35B8F5AE84B
:10781000003F4AE80062002AF9D1BFF35B8F002BDA
:107820004BD01E46304603B0BDE8F04FFDF7D6BC46
:10783000A74208D020462CF09FFC3A8AF96804F150
:107840000C002CF014FD2046FDF724FC0C2707FB50
:1078500000504368ABB1B9F1000F12D12046FDF7DB
:1078600019FC07FB005001214268536803F01F0018
:10787000814010685B0900EB8300137ACBB12DF0D7
:1078800093FD2046FDF706FC0C2707FB005083689C
:10789000002BC7D02046FDF7FDFB784305F800908C
:1078A0002046FDF7F7FB07FB0055A8681FF024F9F9
:1078B000B8E7C9432DF08AFDE3E703B0BDE8F08FD8
:1078C0002002002091D80400E8A00400C87C002019
:1078D000B9D8040073B5C568B5F801600121304618
:1078E00002F016F8044640B9404A414833460121A7
:1078F00002B0BDE870402DF055BD2B781A2B00F179
:10790000040619D1C378012B50D14FF48041304681
:107910002DF04AFD42040FD4D4F88C300093694610
:10792000D4F894300193204602F04EFE204602B077
:10793000BDE8704001F0B4BE2B78BBBBB5F8033096
:107940002C4940F2E2425343C4F88830B5F8052090
:10795000A4F89020B5F80720A4F89220A3F5EA52E5
:107960000C3A8A4204D9244A214802212DF01AFDFA
:10797000B4F89030B3F5FA7F04D3204A1C480221B2
:107980002DF010FDB4F89230A3F10A0292B240F645
:1079900076418A4204D91A4A154802212DF002FD87
:1079A0006FF4805130462DF011FD17E0BFF35B8F6F
:1079B0006368BFF35B8FDB04F2D52B78202BEFD10C
:1079C00094F89830002BEBD0013B84F898304FF4BA
:1079D0002032002304F140001FF034FB2B78002BF1
:1079E000A4D1204602F0A0F9A0E700BFDDD5040035
:1079F000E8A0040095F03C00ECD8040013D9040082
:107A00003AD90400B0B53C2800AF04461AD101F0C1
:107A10006FFA6FF4807110302DF0D8FC0020FFF762
:107A20002BFC054630B9124A124801212DF0B8FC52
:107A3000BD46B0BD4472002101F088FE284601F029
:107A40002FFEF5E76D468AB06A460B4BCDE905304F
:107A50000A4B079340F20133ADF82030084B42F84F
:107A6000103F04484FF412512DF0ADFCAD46DFE756
:107A700066D90400E8A0040087D90400A1C7040067
:107A800004000001094BBFF35B8F1A68BFF35B8FE3
:107A900002F00B02BFF35B8F53E8001F43E80020A6
:107AA0000028F9D1BFF35B8F704700BFAC01002005
:107AB00010B5C1E900239DF808300B720C46FDF7A4
:107AC000E9FA034B0C2202FB00335C6010BD00BFDF
:107AD000C87C0020F8B502460B4610482CF051FB3C
:107AE0000446C0B104210C302CF0B0FB2046FDF759
:107AF000D1FA0B4D0C2707FB00500026468020468C
:107B0000FDF7C8FA07FB005086602046FDF7C2FA71
:107B100007FB00556E602046F8BD00BFD412002060
:107B2000C87C002011289ABF024B53F8200002485D
:107B3000704700BF10A50400A3D90400034B014601
:107B4000D3F8700182689268104700BFD800002007
:107B50002DE9F04F91B0042100AF4A482DF024FCEC
:107B60006D4688B06A46484B0593484B06934FF4E0
:107B70000073ADF81C30464C464B42F8103F464867
:107B8000464E4FF4E6512DF01EFC454BE17907F1CE
:107B90002008AD46012998BF1E4640462146FFF702
:107BA000A1F98AB06A463F4BCDF81C80CDE9053675
:107BB0003D4B08933D4B42F8103F37483C4EDFF8B1
:107BC000F4804FF423512DF0FEFBA246AD46012573
:107BD000E3799D420AF1070A3BDB94F86F100846EF
:107BE000FFF7A0FF6E468CB0B4F87250B4F8763050
:107BF0006A46DFF8C4C00993CDE907152F4B4FF44F
:107C00000075CDE905C0ADF82850234842F8103F73
:107C10004FF453512DF0D7FB94F87010B546084639
:107C2000FFF780FF8AB0B4F874306A46244CADF890
:107C30002450CDE90713234BCDE905404FF43351D0
:107C400042F8103F14482DF0BEFB4437BD46BDE856
:107C5000F08F51463846FFF745F9E9468AB06A4643
:107C600040F20133CDE905650797ADF820300A48A9
:107C700042F8108F4FF413512DF0A5FB0135CD467E
:107C8000A6E700BFAC010020AFD90400C1D90400B1
:107C9000D800002003000001E8A00400ABD90400D4
:107CA000A1C70400CCD904000002010304000002B3
:107CB000DBD9040004000001ECD904000600000137
:107CC0002ADA04000500000100487047E3BC040004
:107CD0000149024837F0D2B848050020181C00209E
:107CE00070B505460C4639B1CB684A699B1A032B1F
:107CF0000ED86FF0150509E04FF0FF304FF0FF315F
:107D0000FFF7E8FE044618B96FF06805284670BD15
:107D10002046FDF7BFF9174B0C2202FB0033A618D3
:107D2000032130465D802CF0C4FA0580238A033B92
:107D30008370012130462CF0C4FA40F635439D4251
:107D40000FD12046FFF7FAFE05460028DED00A4A8A
:107D50000346012109482DF025FB2046FDF73EFA98
:107D6000D4E70748214636F049FF0025FFF7B0FF6A
:107D7000CCE700BFC87C002051DA0400E8A0040072
:107D80002C0200202DE9F04786B0804600AF9146D6
:107D90000C4671B94FF0FF304FF0FF31FFF79AFEFC
:107DA000044660B96FF0680528461837BD46BDE83F
:107DB000F087887AFDF766F93C4B83426FD1012248
:107DC0000021384636F083FF2046FDF763F9DFF8DF
:107DD000E0A00C2303FB00A0876020462CF000FAF3
:107DE00001464046FFF77CFF054618B12046FDF7E7
:107DF000F5F9D9E74FF4A022002338461EF0B8FE6B
:107E0000064690B140F2E3132A4A2B492B482AF048
:107E100002FF2B48324641462AF0FDFE85F31188C9
:107E2000BFF36F8F0323184602DF2046FDF732F9B8
:107E30000C2358431AF800605EB36D468AB06A4658
:107E4000204B0796CDE905381F4B089340F20243BB
:107E5000ADF824301D4B42F8103F1D484FF432510D
:107E60002DF0B1FA2046AD46093EFDF7B7F9092ECF
:107E70000CD8DFE806F0050B0B08170B0B0B0B14E7
:107E80006FF06E0590E76FF00C058DE76FF004055D
:107E90008AE7B9F1000FA9D0C9F8004084E76FF074
:107EA000150581E76FF00B057EE700BFD4120020B7
:107EB000C87C002038D7040073DA040085D704009A
:107EC0007CDA0400C1DA0400A1C704000500000147
:107ED000E8A004002DE9F04F8DB05E4BB0F80190A2
:107EE000198849F4704291424FF0000602BF1E808B
:107EF000594B1E78C378012B08BF584B00F1040A78
:107F000000AF054650460CBF93F86E4000242DF09C
:107F1000D5F907F10808514680B340462DF0C3F962
:107F2000D5F81130C7F80130B5F81530A7F805308D
:107F30004FF0010BEB78012B37D007F110045146BD
:107F40002046FEF7CFFF6D4688B06A46444B454851
:107F5000CDE905344FF40073ADF81C30424B42F8C4
:107F6000103F4FF4E2512DF02EFA1321AD46484652
:107F70002DF086FA3437BD46BDE8F08F20462DF04F
:107F800008FB03460068B8609A889B796868A8F87F
:107F9000042088F80630BAF804209AF8063095F8DC
:107FA00004B03860BA80BB71C4E74046FFF764F99B
:107FB00004460028C1D00346B5F8012023F8702BF1
:107FC000B86898F80620B8F8041020679A7199806C
:107FD000B5F8173040F2E2425343C4F88830B5F8A0
:107FE0001930A4F89030B5F81B30A4F89230EB7833
:107FF000E3700022012B62721AD187F800B0BA88B0
:10800000BB793868A4F87B2084F87D30C4F8770009
:1080100000F06EFF237A1149C3EBC3035A18CB5803
:10802000C4F87E309388A4F88230937984F8843041
:108030000721204601F08AFB26B166720121204605
:1080400001F084FB204601F0C5FC204601F028FB2E
:1080500090E700BF58A900200CAB0020D8000020FA
:10806000E0DA0400E8A004000300000100B5C368E2
:10807000187889B020B109B05DF804EBFFF7C2BCF5
:10808000B3F80120ADF80120DA788DF800008DF802
:108090000320B3F80B20ADF81720B3F80D20ADF88E
:1080A0001920B3F80F20ADF81B205A7C8DF81D2045
:1080B000586801901A899B7A8DF80A30094BADF8FF
:1080C000082068461A689B88CDF80B20ADF80F3061
:1080D000CDF81120ADF81530FFF7FCFE09B05DF8C2
:1080E00004FB00BF0DF80400F0B5002285B0114676
:1080F00002AF40F60340FFF745FE044600285BD17F
:10810000FFF7C0FC21463A1D41F20300FFF73AFE9B
:108110000446002850D17A68B14DD168D1F80100E9
:10812000D1F8051005F1780303C31046FDF756F8A2
:1081300021463A1D41F20100FFF724FE04460028C3
:108140003AD17868C3685A7885F86F205A88A5F8BC
:1081500072201A7985F87020B3F80720A5F87420EA
:10816000B3F80530A5F87630FDF738F821463A1D0A
:1081700041F20200FFF706FE0446E8B9D7F804C052
:10818000DCF80C2005F18006531C41321868596850
:10819000344603C4083393422646F7D16046FDF7C0
:1081A0001DF895F87C305E060AD48E4A8E4801216F
:1081B0002DF0F6F86FF0120420460C37BD46F0BDE6
:1081C0003A1D002142F20300FFF7DCFD04460028BF
:1081D000F2D17A68854BD168D1F80100D1F8051049
:1081E00003C31046FCF7FAFF21463A1D42F2020093
:1081F000FFF7C8FD04460028DED17E68F468B4F8B5
:1082000001309AB292B1E27882B1A5F80431E378F4
:10821000032B06D0032200927348754A02212BF0EB
:1082200009FDE2787348114636F051FD3046FCF7FF
:10823000D5FF95F87C601F2316F02006A5F82031A5
:1082400019D14FF0FF304FF0FF31FFF743FC0446E8
:10825000002800F0728102210C302CF002F801237A
:10826000037046702146324640F66D40FFF78AFDA6
:1082700004460028A0D195F89C301C0712D53A1D61
:10828000002142F21C00FFF77DFD0446002893D137
:108290007868C368D3F80120D3F80530C5E93823DE
:1082A000FCF79CFF4FF0FF304FF0FF31FFF712FC5F
:1082B0000446002800F0418108210C302BF0D1FF4A
:1082C00095F8D83095F8D92013F0020F14BF2F235A
:1082D0000F2312F0090F18BF43F40063002203704C
:1082E0001B0A43708270C270027142718271C27146
:1082F000214642F20100FFF745FD044600287FF4C5
:108300005BAF95F87C30B5F8041198065DD4C9B917
:108310003A1D41F20500FFF735FD044600287FF4C1
:108320004BAFB5F804317C684BB9E368B3F8012072
:10833000A5F804219A882F48114636F0C8FC20463B
:10834000FCF74CFF4FF0FF304FF0FF31FFF7C2FB5F
:108350000446002800F0F18008210C302BF081FF4A
:10836000102303708823002243700226202382708A
:10837000C670027142718271C371214640F601409C
:10838000FFF700FD044600287FF416AF01463A1DB2
:108390004FF60140FFF7F6FC90B3174A124802214E
:1083A0002CF0FEFFEB79002B40F0B78000F0E6FCEC
:1083B000044600287FF400AF01F002FF04460028C5
:1083C0007FF4FAAEFFF7C4FBF6E60029BAD10B4AF8
:1083D000054801212CF0E4FF6FF00404ECE600BF37
:1083E000D8000020FCDA0400E8A00400B00100205E
:1083F00020DB0400E001002089DB040066DB0400D0
:108400007B68DC68B4F80130042B96BF584A5949A0
:1084100052F823106E468AB002AA5748D3614FF42F
:1084200000731384554BC2E9050142F8103F5448CC
:108430004FF413512CF0C7FFB4F80120B4F8033007
:10844000022AB54649D1052B47D84E4A52F8231087
:108450006E468AB002AA4C48D3614FF4007313846D
:10846000464BC2E9050142F8103F4FF4135144480E
:108470002CF0A9FF637994F806C0D4F80900032B07
:10848000B54698BF414AB4F8076094BF52F823102C
:1084900038496C468CB002AADFF8F4E0C2E9073C28
:1084A0004FF4007393853B4BC2E905E1C2E90960D3
:1084B0004FF4735142F8103F31482CF084FFA54629
:1084C0007868FCF78BFE3A1D00214FF60240FFF75B
:1084D00059FC044618B1304A60E72649B8E7786885
:1084E000C368B3F80130A5F8C130FCF777FE95F802
:1084F000C1305A077FF556AF3A1D21464FF603406B
:10850000FFF740FC08B1254A48E77868C3685B7804
:1085100085F8C030FCF762FE44E72E78002E7FF429
:1085200045AF95F8C1309B061FD54FF0FF304FF097
:10853000FF31FFF7CFFA044610B96FF068043BE64D
:1085400006210C302BF08DFED5F801300360144B62
:108550009B888380214632464FF60640FFF712FC87
:10856000044600283FF422AF26E66FF0850423E698
:1085700080A50400A3D90400ADDB040004000001C1
:10858000E8A0040068A50400C6DB040058A50400A8
:10859000DEDB0400070000010BDC040034DC040017
:1085A000D900002010B5FFF79FFD034B1B6813B1E6
:1085B000BDE81040184710BDE07C00202DE9F341D4
:1085C000314D0646D5F8700136F05FF950B92F4AA3
:1085D0002F4801212CF0E4FE6FF01204204602B077
:1085E000BDE8F0816FF0020105F1D4002CF0EEFE41
:1085F00001212CF0D9FE10EA010442D1254B1E6066
:108600000A4605F5987036F062FB234F05F5AA700F
:1086100036F0B4FA384636F05CFC38461F49009410
:108620006FF007034FF496621EF0A2FCD7F88800A3
:108630001B4936F0B0FCD5F870010769D7F8008007
:10864000B8F1000F15D1174B3B6083681B68984742
:10865000044628B986B902B0BDE8F041FFF744BD31
:10866000C7F80080104A0A48234601212CF09AFEE0
:10867000B4E76FF07704F5E705F1C4001EF072FC73
:10868000ACE76FF07704A9E7D80000205DDC0400B8
:10869000E8A00400E07C0020C01C002060D5002081
:1086A00075DC04009D7400007EDC040073B5C368B3
:1086B000D9789A781E8842EA0122ADF800205979CB
:1086C0001A7942EA0122ADF80220D9799A7942EA70
:1086D0000122ADF804201A7A5B7AB4B242EA03238D
:1086E00001212046ADF8063001F012F9054658B9CF
:1086F0001D481E4A012123462CF054FE022120462B
:108700002CF0FDFE02B070BD694601F05FFB38B988
:108710001E2120462CF0F3FE284600F0C1FFF1E7B1
:108720004FF0FF304FF0FF31FFF7D4F90446002837
:10873000F2D00E210C302BF094FD00230680C0F8FF
:108740000A30BDF800304380BDF802308380BDF8A8
:108750000430C380BDF806300381214642F2200078
:10876000FFF7BEFAD8E700BFE8A00400DDD504009B
:1087700038B5042104460C302BF0B4FD0346408884
:108780005D7818B119782246FFF70AF835B1044828
:108790001EF0B2F9BDE83840FFF79ABA38BD00BF05
:1087A00008020020B0B50321044600AF0C302BF0C6
:1087B00099FDE2680346B0F80100117840F63542B1
:1087C000904216D16C468AB06A46104B1048CDE9EB
:1087D0000531104B079340F20133ADF820300E4BBA
:1087E00042F8103F4FF412512CF0EDFDA546BD4666
:1087F000B0BD1D7810B12246FEF7D2FF002DF6D095
:1088000006481EF079F9FFF763FAF0E79ADC0400F6
:10881000E8A00400A1C70400040000010802002031
:1088200038B51FF0B3F8334DD5F85431002B5ED076
:108830000022002305F598701EF09AF9002856D101
:108840000022002305F5AA701EF022F9044668B93B
:10885000294A2A492A4840F6CC432AF0DCF984F315
:108860001188BFF36F8F0323184602DFD5F8483114
:108870009BB1244A244801212CF092FDBFF35B8F69
:10888000224B002253E8000F43E800210029F9D1D0
:10889000BFF35B8F08B1FCF7A1FC20462BF0A0FCD6
:1088A000C5F848012046FFF749F90346C8B1184A00
:1088B000154801212CF076FD16481EF01DF92046C2
:1088C000FCF7E8FB144B0C2202FB0033588818B16C
:1088D00022461F21FEF764FF2046FCF77FFCFFF7CE
:1088E000F7F9FFF7F5F9BDE838401FF063B801F07C
:1088F00081F8F8E7D800002038D7040083D50400B9
:1089000085D70400D2DC0400E8A004002002002087
:1089100051DA040008020020C87C002070B54FF036
:10892000FF320D464FF0FF3300210646FEF7D0FB25
:10893000044660B90A4A0B490B481A232AF06BF91E
:1089400084F31188BFF36F8F0323184602DF0221DF
:1089500004F10C002BF085FC06704570204670BDBC
:1089600012DE040083D5040085D70400F8B50A4D53
:10897000EF7906460024E3B29F4202D86FF001006F
:1089800007E0294630462CF0FAFD0735631C08B194
:108990002046F8BD1C46EEE7D800002070B5174E03
:1089A00006223146054641F058F810B34FF0FF302B
:1089B0004FF0FF31FFF78EF80446E0B1062229465A
:1089C0000C302BF054FC2146002242F20500FFF748
:1089D000D9F9044648B110F10D0F04D1084A0948ED
:1089E00002212CF0D4FD204670BD28683060AB8891
:1089F000B3800024F7E76FF06804F4E7400100203B
:108A000048DE0400F0A0040073B504460D4689B1A9
:108A1000174928462CF0B3FD60B9164A2968C4EB03
:108A2000C404A3181151AA889A80AA799A710020C7
:108A300002B070BD6E4630462CF027FC0028F7D1FE
:108A40003046FFF793FF0028F5DA0A4A0098B1791B
:108A5000C4EBC404A3181051B08898809971002DFC
:108A6000E5D012592A609A88AA809B79AB71DEE71B
:108A700000F80400D800002070B5044629BB38B3C4
:108A800027492CF07CFD18BB2046FFF76FFF00281C
:108A900040DA23786BB9234AD379002B3AD1206886
:108AA0001060A179A088917101219080D171184640
:108AB00070BD012B04D1A37903F0C003C02B07D0F4
:108AC000194A1A4801212CF062FD6FF01500EFE7FA
:108AD000144DEB79012B20D0BFF35B8FD5F8D43048
:108AE000BFF35B8FDB0707D4002CEED00C49204688
:108AF0002CF045FD0028E8D1EE792146731C304664
:108B0000EB71FFF781FF08B93046D1E7EB79013B04
:108B1000EB71CDE76FF07700CAE76FF00B00C7E7A6
:108B200000F80400D800002057DE0400F0A0040084
:108B30002DE9F341044640B91A4A1B4802212CF0A2
:108B400026FD002002B0BDE8F08101AA002141F21B
:108B50000900FFF717F9054608B1144AEDE7019E31
:108B60001349D6F80C8008F101070622384640F078
:108B700074FF28B10F490622384640F06EFF18B93D
:108B80003046FCF72BFBDCE7D8F80130C4F80130A5
:108B9000BB88A4F8053030462570FCF71FFB012088
:108BA000D0E700BF85DE0400F0A004009EDE0400D4
:108BB0000DF8040007F8040007B56846FFF7B8FF92
:108BC000044BD87118B169460020FFF71DFF03B0B0
:108BD0005DF804FBD80000202DE9F041304EF1791A
:108BE00088B0002954D196F8C24014F0010411D184
:108BF0002C4A2D4802212CF0CAFC0024F4711625C1
:108C000000240127F379E0B283422BD8002B3FD018
:108C100000203AE06A464FF60940FFF7B3F808B182
:108C2000224AE6E7DDF800C0DCF80C5095F8018038
:108C3000B8F1000F0ED0AB1C02AA123518685968A3
:108C4000174603C70833AB423A46F7D11868386075
:108C50009B88BB806046FCF7C1FAB8F1000FCDD10C
:108C6000134AC6E708AB05FB0033694653F8182CD6
:108C700033F8143CCDF80120ADF805308DF80070C4
:108C8000FFF7C2FE01340028BCD008B0BDE8F08177
:108C90000021084608B0BDE8F041FFF7EDBE00BF77
:108CA000D8000020BCDE0400F0A00400E8DE0400D0
:108CB00008DF04002DE9F0411D460E461746034625
:108CC00048B145B10A0311D54C0708D5284A2948AF
:108CD00001212CF05CFC6FF01500BDE8F0812CF058
:108CE00065FC0028F9D101232B70F6E7B107047861
:108CF00024D021492FB1B20603D591F8D8205006CF
:108D000032D5C4EBC40411F80480B8F1010F09D1C5
:108D10000134214418462CF041FC0028DDD185F8AF
:108D2000008002E0B8F1000FF9D02FB1B30642BFC6
:108D30002B7843F002032B700020CEE7720710D58A
:108D40000D49C4EBC4040F5D012F07D10134214448
:108D50002CF024FC0028C0D12F70E7E7002FE5D1CC
:108D6000FAE72CF023FCBEE76FF08500B5E700BF03
:108D700031DF0400F0A00400D800002038B5104D09
:108D8000EB7913B10024204638BDFFF715FF0446E8
:108D900028B10C4A0C4801212CF0F9FBF3E7EB79E0
:108DA000002BEFD1FFF718FF04460028F1D1681C13
:108DB000FFF7F4FD04460028E5D0044AEAE700BFC7
:108DC000D800002050DF0400F0A004006FDF040092
:108DD0002DE9F74F884601904FF0FF314FF0FF30FB
:108DE000FEF778FE044600284ED020210C302BF0F0
:108DF00038FA002120220646002740F016FED8F857
:108E0000005006F1010B3946D8F804309F4208D3D0
:108E1000019831700022214603B0BDE8F04FFEF703
:108E2000B1BF6A7895F800C0881C13181F2B5FFA31
:108E300080F915D9BCF1090FC9F11F0201D1002A2F
:108E40000CDC134A134801212AF0E1FE2046FCF70E
:108E5000C5F96FF0150003B0BDE8F08F4FF0080CB6
:108E60005FFA82FA0AF1010E0BF801E00131C9B292
:108E700058440BF801C0D144696840F0AFFD013798
:108E80005FFA89F10835BFE76FF06800E3E700BFDC
:108E900092DF040098A00400F7B5CDE9000169460F
:108EA00042F208009DF8207016461D46FFF790FF1D
:108EB000044668B97FB9BFF35B8F0C4B53E8001FC2
:108EC00041F0040143E80012002AF7D1BFF35B8FA1
:108ED000204603B0F0BD694642F20900CDE90065C5
:108EE000FFF776FF0028E6D00446F1E700010020F6
:108EF00000487047F00000202DE9F04FD0F81090A6
:108F0000DFF884A289B0B9F10004054602919346C6
:108F1000039318BF0124BFF35B8FDAF80030BFF36F
:108F20005B8F5A0740F18F81466873050CD56FF04F
:108F30001504029B002240F20110934540F08C8101
:108F4000204609B0BDE8F08FD0F81080B8F1000FCE
:108F500001D0B707EBD08D4F2878FB798342E6D953
:108F6000C0EBC0008A490722384440F076FD002853
:108F7000DDD0B00706D197F86F30082B02D8AB6868
:108F80009F2BD4D916F0300F74D0B8F1000FCED08B
:108F9000F10672D406F46036B6F5603FC7D02846B5
:108FA0002CF01BFB80460028C1D07A4EBFF35B8FAC
:108FB0003268BFF35B8FC2F30023D20500F1468114
:108FC0006A68CDE90533CDF81B30AB68ADF81030D9
:108FD00012F4004FEB68ADF8123014BF06230723DC
:108FE000D00348BF03F00503910348BF03F0FB0320
:108FF0008DF81D30BFF35B8F5AE8003F23F4807378
:109000004AE80032002AF7D1BFF35B8F2B783B761A
:1090100087F86E30224669685F480DF11503FFF747
:1090200049FE0446002884D15C4BB9F1000F30D0D2
:109030002A6911684AF8B31C9188998092799A71CB
:109040006B689A0727D0B9F1000F2BD013F0100FDF
:109050000CBF012304238DF814302B691A68CDF856
:1090600016209A88ADF81A209B798DF81C304FF0A5
:1090700000081AE0B8F1000F8CD1D5E902239A421A
:109080003FF655AF1F2A7FF652AFB3F5804F81D917
:109090004DE73F4ACDE79B0502D4039B002B3CD014
:1090A000022300E04B468DF814304FF0FF304FF0B4
:1090B000FF31FEF70FFD0446002800F0CA800F22A2
:1090C00004A90C302BF0D3F82146002242F206000E
:1090D000FEF758FE044600287FF42BAFB9F1000FCD
:1090E0001FD0686810F0030027D107462A480121E5
:1090F0002CF077FA0446002858D0294A2948012143
:109100002AF085FD002F3FF414AF3846002100F00F
:109110001DFB384600F0C4FA0BE703238DF814302A
:10912000A5E7129B039A0298CDF800805946FFF7F5
:10913000B3FE04460028D4D0FBE63C7E1449174811
:1091400087F86E40072240F088FC60B91649204637
:1091500000F078FE074610B96FF00B04E9E6052130
:1091600000F0F4FAC2E70D49204600F0AFFE0028F7
:109170007FF4DDAE387E094900F064FE0746002822
:10918000EAD00621ECE700BFAC010020D8000020A7
:1091900000F8040000010020F0000020F900002089
:1091A000ABDF040098A00400F9F7040017B13846BB
:1091B00000F076FA6B68BFF35B8F9F0728D056E804
:1091C000003F43F4007346E80032002AF7D1BFF3B2
:1091D0005B8FBFF35B8FB8F1000F22D056E8003FE2
:1091E00043F4806346E80032002AF7D1BFF35B8F77
:1091F0006B68BFF35B8F58071CD556E8003F43F4FC
:10920000805346E80032002AF7D1BFF35B8F90E627
:1092100056E8003F23F4007346E80032002AD6D017
:10922000F6E756E8003F23F4806346E80032002A60
:10923000DCD0F6E756E8003F23F4805346E80032DE
:10924000002AE2D0F6E76FF00A0472E66FF07704C6
:109250006FE66FF068046CE61988814204D15968A2
:1092600011B10978C90702D40132083365E605490E
:10927000054835F034FE4FF47022002302481DF0FB
:1092800019FF5DE6099300000801002010B51B4C92
:1092900020462CF0CCF9BFF35B8F2369BFF35B8FC3
:1092A000DA05C3F3002027D5BFF35B8F2369BFF333
:1092B0005B8F9B0516D504F109001149072240F088
:1092C000CCFB034614F8180993B90E49052200F0A7
:1092D00037FE044630B10021417200F037FA2046D3
:1092E00000F0DEF9BDE81040044800212CF079B907
:1092F000062204F12101EAE710BD00BFF0000020C2
:1093000000F80400F9F7040010B5FFF7BFFF0346AB
:1093100030B1044A0448BDE8104002212AF080BC64
:1093200010BD00BFC6DF040098A0040070B50C4B50
:109330001C68054644B154F8143C143C13B1697AD6
:10934000284698476469F5E7064C074EB44200D3B7
:1093500070BD236813B1697A284698471834F5E739
:10936000187D002060A0040078A0040010B5044619
:10937000FBF790FE044901EB001120462BF0DFFFC4
:10938000BDE81040FEF7A4BCE47C002070B5D1E934
:10939000015600220446C1E90122064835F02EFCA0
:1093A0003DB1314620462B466FF06D02BDE870405E
:1093B000184770BDB811002070B505460F4800224F
:1093C00000231DF0D5FBB8B90D4B1C6834B154F81F
:1093D0000C3C143C03B198476469F7E7094C0A4E0A
:1093E000B44204D32846BDE870401DF0BBBDA3685D
:1093F00003B198471834F3E770BD00BF6011002037
:10940000187D002060A0040078A004002DE9F04140
:10941000044620270025EFF3118287F31288BFF35B
:109420006F8FE16929B1206A0B68E361814208BF4F
:10943000236282F31188BFF36F8F71B1D1E90168A4
:109440000748C1E9015535F0D9FB1EB1002241465C
:109450002046B047FEF73CFCDDE7BDE8F08100BFE9
:10946000B811002070B5031D0446BFF35B8F53E8AD
:10947000002F42F4806143E80015002DF7D1BFF3BF
:109480005B8F52051BD4BFF35B8F6368BFF35B8FA9
:10949000DB0308D5E37893B9094A0A48BDE8704070
:1094A00002212AF0BDBB2CF00FF8034620B1064A7A
:1094B000044801212AF0B4FBA37A072BEAD070BD3F
:1094C0000DE00400B0A00400ECDF04000448B0F894
:1094D0000431002B00F5847008BF0020704700BFE6
:1094E000D800002030B50446FBF7B6FB0D4A0D4608
:1094F0000D490858D2F8881088428BB005D1204613
:109500000BB0BDE83040FFF781BF24342146104640
:1095100035F0B4FC1DB16946204635F0BFFC0BB0F8
:1095200030BD00BF602F00200800000038B50022C9
:1095300004468A4202D10024204638BD04F1C80303
:109540000120BFF35B8F53E8005F002D04D143E897
:10955000000CBCF1000FF6D1BFF35B8F02D0D0340A
:109560000244E6E7002CE6D0C8220021204640F065
:109570005CFA04F14000044935F0B1FC034904F100
:10958000240035F050FCD7E7A5A000005556030095
:10959000F7B516460D4601210446FFF7A3FF012E3D
:1095A00023D0022E52D123693BB13748374A0121DB
:1095B0002AF02DFB20462CF071F825612269138AD0
:1095C000012B5ED9D2681288043292B2934258D3EA
:1095D00043D92D48009201212D4A2AF02BFB204629
:1095E00003B0BDE8F0402CF059B8206940B9294AD1
:1095F000254831462AF00BFB20462CF04FF801E0BD
:109600002A8A2AB9284603B0BDE8F040FBF7E6BD38
:10961000018A438A47695B1AC168C91B5B1A9A426F
:109620000CD91D4A184831462AF0F1FA2169002266
:10963000204600F09DFF00232361E3E7E9680C303A
:109640002AF015FE2846FBF7C9FDB7E7134A0E4876
:10965000334601212AF0E4FACEE704F11003002298
:10966000BFF35B8F53E8001F43E800200028F9D1C7
:10967000BFF35B8F0122204603B0BDE8F04000F04D
:1096800077BF03B0F0BD00BFB0A0040026E0040027
:10969000A6E0040043E0040061E0040088E0040068
:1096A00008B500F1C803BFF35B8F53E8002F013A00
:1096B00043E800210029F8D1BFF35B8FAAB90B4B17
:1096C000984212D303F1D00290420ED2C01AD02396
:1096D000B0FBF3F203FB120038B905481DF00CFA99
:1096E000BDE8084003481DF03DBC08BD681D0020D2
:1096F000601100207805002010B504462BF0E1FF32
:109700001EF044F9104AD2F8241104F1BC0361B9E7
:10971000C4F8BC10D2F8281159B9C2E949331EF077
:1097200049F9BDE81040FEF7D3BA8B4205D009686D
:10973000EDE70B60C2F82831F1E71EF03BF9204657
:10974000FFF7AEFFEDE700BFD8000020F8B5867A3E
:109750008E4200AF04460D461BD1082E96BF534BD8
:10976000534B53F826306C4688B06A465149CDE9D0
:1097700005134FF40073ADF81C304F4B42F8103F07
:109780004E4800234FF4E451FAF7B6F8A546BD461B
:10979000F8BD81720EB92BF094FFA37A082B00F26A
:1097A000818001A252F823F0F59700004B98000049
:1097B0008F9700008F9700008F9700008F97000011
:1097C0008F970000CD9700008F9700000023C4E919
:1097D0000D33E378012BDAD1A378012B04BF0323E7
:1097E00084F898304FF42032002304F140001DF03B
:1097F00029FCCCE7082ECAD8DFE806F02005171CA4
:109800001C1C1720200004F14005284635F073FB8E
:1098100001212046FFF766FE20462BF03FFF002285
:10982000002328461DF046FCB1E7637A13B12046B9
:10983000FFF77CFD2046FFF733FFA8E7204A2B46C1
:109840001E4802212AF0ECF9A1E7637A3E2B0FD1E2
:109850006D4688B06A461B4BCDE90534032342F8B8
:10986000103F164800234FF4C451FAF745F8AD46AF
:10987000154D05F58476616911B9FEF729FA86E779
:10988000A2690B686361914208BFA3612046FFF79C
:109890007DFDB5F80431002B14BF304600201DF0CB
:1098A0002BF9E8E7094A2B46CAE700BF38A60400AF
:1098B000C1E00400CBE0040003000001B0A00400FC
:1098C000DCE00400F3E00400D80000201AE104000A
:1098D000F8B5074609480D4616462BF0F2FE044639
:1098E00050B183781F4203D1BDE8F840FFF7D8BEDE
:1098F0003146A8472046F7E7F8BD00BF681D0020A5
:10990000024900220120FFF7E3BF00BF9156030088
:1099100070B505460E480E462BF0D3FE0446A0B1A6
:10992000837A012B02D0073B012B0CD82388AB4252
:1099300008D1A3781E4209D1064A07482B460221C6
:109940002AF06EF92046FFF7ABFE0024204670BDDA
:10995000681D002036E10400B0A00400034BC01ACB
:10996000034B00115843C0B2704700BF681D002070
:10997000C54EECC470B51C46144305460E460DD0CA
:109980000F49FBF769F9D1F888400E4909588C4214
:1099900006D10D4A0D4802212AF039F9002213465A
:1099A0000B49002D14BF284608462AF0EAFB04465E
:1099B00018B1711D0C302AF049FC204670BD00BF63
:1099C000602F0020080000004DE10400B0A004005A
:1099D0001412002010B5044605481DF0C3FA2046B5
:1099E00000F00CFD2046BDE81040FFF79FBC00BF13
:1099F000680500202DE9F04F87B000AF0023FB6021
:109A00007B61BE4B1A8C3AB1BD4DD5F824413CB9AF
:109A10001C37BD46BDE8F08F1B68002BF4D1F7E77B
:109A200054F8BC3903B1BC3BB649002601E01C46E2
:109A30001346B5F80421002A00F07381D5F81021EF
:109A40004AB904F1BC06002BE2D0D3F8BC20002AAE
:109A5000EDD0BC3AEBE70A68002AF2D0D4F8A8208F
:109A6000002AEED0D4F8AC20002AEAD0D4F8B020F6
:109A7000002AE6D0A37A072B6CD120469047002815
:109A800068D0BFF35B8FD4F8C030BFF35B8F022B7D
:109A900060DC20462BF015FE04460028B8D0A37ADF
:109AA000072B40F03B81D4F8A830B5F8041107F13A
:109AB0001002204698478146002800F00E81B5F834
:109AC00004213B699A4208D30146D4F8AC6007F1FF
:109AD000140307F10C022046B0477B693B60B9F8DC
:109AE0001030D7F80C80002B00F001814846D7F8E1
:109AF00010A02BF03AFC7860002840F0FB80B5F80D
:109B00000431DFF804B2002B14BF584600200022B5
:109B100000231DF02DF878B97A48002200231CF0AC
:109B2000B7FF064600283BD1B5F80431002B18BF1B
:109B30005E4630461CF0E0FF6FF00B054846FBF731
:109B40004DFBB8F1000F00F0B38039682A4620467B
:109B5000C047ADE0D4F8BC3004F1BC02C6B9D5F8BA
:109B60002811C5F824318A4201D1C5F828310023D3
:109B7000C4F8BC302046D4F8B030984700288ED0C6
:109B8000A37A072B40F0CA802046FFF7B5FD86E791
:109B90003360D5F828319A4208BFC5F82861E6E756
:109BA0003B68C0F804808360B5F804B15348DA45D7
:109BB0004FF000024FF000034FF0000198BF1FFA72
:109BC0008AFBFBF78BFA804650B1FBF763FA4F4BE9
:109BD0005A4603EB0013494640462BF08BFB804668
:109BE000B5F8043194F8C4909A4584BF01237B6092
:109BF0007B6884F8C4309CBF09F102095FFA89F9D7
:109C000004F1C00ABFF35B8F5AE8003F01334AE812
:109C10000032002AF8D1BFF35B8F00233360A369C1
:109C2000002B5ED1C4E90566A378012B5CD108F155
:109C30000C0B042158462AF03CFB238809F0FD094F
:109C400043EA09330380B8F81030043B4380022113
:109C500058462AF036FB4046FDF770FF8146002843
:109C60005CD0BFF35B8F5AE8003F013B4AE800320B
:109C7000002AF8D1BFF35B8F314604F114002BF0BA
:109C8000ECFC234A23484B46012129F0C9FF4046FA
:109C9000FBF7A4FA20463146FFF778FBB5F804310C
:109CA0001948002B08BF00201CF026FF6FF00405A8
:109CB0006E4688B0184A0794CDE905256A46042304
:109CC00042F8103F13484FF401510023F9F714FEF6
:109CD0001321B54620462BF010FD2046FFF7E0FC8F
:109CE00096E61E60A6619FE76FF01509B9E76FF071
:109CF000790523E76FF0040520E700BFA4120020D8
:109D0000D8000020B8110020E0010020E47C0020F1
:109D100051DA0400B0A0040076E10400FDF7D8FF9A
:109D2000DBE79368FFDE00BF2DE9F04140F2E2433C
:109D3000D0F88860B6FBF3F60446B6B2031DBFF355
:109D40005B8F4268BFF35B8F920417D5B0F88C200D
:109D5000B24213D8B0F88E20B2420FD3D0E9241209
:109D600091420BD1BFF35B8F53E8001F21F40051E8
:109D700043E80012002AF7D1BFF35B8F104B1D6838
:109D800065B155F8047C143D37B1B4F89230B4F89D
:109D9000902031462046B8476D69F1E7094DDFF85C
:109DA0002880454501D3BDE8F0812F6937B1B4F86B
:109DB0009230B4F8902031462046B8471835F0E785
:109DC000187D002060A0040078A004002DE9F04177
:109DD000074608460D462BF02FFB064618B900260D
:109DE0003046BDE8F081144B1C6884B154F8083C3F
:109DF000143C0BB96469F8E72946384698470028AF
:109E0000EDD028462BF018FB0028F3D1E7E70B4CE8
:109E1000DFF82C804445E3D2E3680BB91834F9E746
:109E20002946384698470028D9D028462BF004FB0D
:109E30000028F3D1D3E700BF187D002060A0040004
:109E400078A0040038B505460C460E480121FFF7FE
:109E50006DFBB0B1057223680367A388A0F8743066
:109E6000A37980F8763001238370074BC0F8A830BF
:109E7000064BC0F8AC30064BC0F8B030054BC0F80C
:109E80008C3038BD681D0020F9A200004156030047
:109E9000355603001800280070B505460A480E46DE
:109EA0002BF00FFC044620B18378012B04D0FFF780
:109EB000F7FB0024204670BD324629462BF03DFCBE
:109EC0000028F7D12046F2E7681D0020F0B589B0E0
:109ED00000AF0D46FFF7E0FF044610B329463846B1
:109EE000FDF700F8A37A082B96BF0F4A0F4B52F8E4
:109EF00023306D468AB06A460D49CDE907730D4B94
:109F000009930D4BCDE9051442F8103F0B4800238F
:109F10004FF44251F9F7F0FC2046AD46FFF7C0FB85
:109F200001202437BD46F0BD38A60400C1E004007E
:109F300099E104000103020405000002B0A004003E
:109F4000F8B505460E480E4617462BF0BAFB0446F8
:109F500020B18378012B03D0FFF7A2FB00240DE092
:109F600036B1324629462BF0E8FB08B92046F3E724
:109F7000A37ABB42FAD1237AAB42F7D12046F8BD8F
:109F8000681D002070B58B78012B92B006460C46F8
:109F900042D191F8703007AD032B37D8DFE803F0DA
:109FA000023032341E492846F6F71EF9059594F81A
:109FB0007130049394F87230039394F873300293E1
:109FC00094F87430019394F87530009394F87630D7
:109FD000144A1E210AA827F047FF0AAB324610ADEB
:109FE0001C4603CCAC4210605160234602F10802CB
:109FF000F6D120681060A3889380304612B070BDFF
:10A000000949D0E70949CEE70949CCE7094A0A21BD
:10A01000284627F029FFC9E700238DF82830DCE720
:10A0200032D5040054D5040039D5040040D50400CD
:10A030004AD5040037E5040038B5044608460D4605
:10A040002BF0FAF948B3164B93F8D830990707D498
:10A05000E37883B129462046BDE8384000F0B4BA21
:10A0600094F899309A07F3D5BFF35B8F6368BFF319
:10A070005B8F5B04ECD4294620462BF07EFB58B95D
:10A080002B88A4F88C306B88A4F88E30AB88A4F8A9
:10A090009430EB88A4F8963038BD6FF01500FBE7DC
:10A0A000D8000020F7B510F8363C0446A0F1400671
:10A0B0000BBB30462BF0B4FB3A4B1D684DB155F845
:10A0C000103C143D1BB114F8371C304698476D699D
:10A0D000F4E7354D354FBD4205D3304603B0BDE8FA
:10A0E000F040FFF7DDBA6B681BB114F8371C30463F
:10A0F00098471835EFE710F83E3C012B31D1BFF3FC
:10A100005B8FA0F13C0555E8003F23F4005245E881
:10A1100000210029F7D1BFF35B8F990429D5E36CA7
:10A1200000936946636D01933046FFF785FF034650
:10A13000C8B9BFF35B8F55E8003F23F4805345E86F
:10A140000032002AF7D1BFF35B8FBFF35B8F55E876
:10A15000003F43F4006345E80032002AF7D1BFF323
:10A160005B8F03B0F0BD124A1248022129F058FD5E
:10A17000EBE7114A4FF4281369463046CDE9002336
:10A18000FFF75AFF034650B9BFF35B8F55E8003F16
:10A1900043F4805345E80032002AD4D0F6E7074A5A
:10A1A000E2E700BF187D002060A0040078A0040052
:10A1B000D2E10400B0A0040018002800F7E1040078
:10A1C00010B50E4834F0DAFC0D490C4834F016FD99
:10A1D0000C490A4834F012FD0B49084834F00EFDD2
:10A1E0002BF05FFF02F02EFA044628B92CF092FA09
:10A1F000044608B92BF0BDFB204610BDB811002065
:10A20000F47C0020007D00200C7D00200346024AE3
:10A210000248012129F004BDAAE20400F8A00400CC
:10A2200080B500AF88B06A46074BCDE905300323FF
:10A2300042F8103F054800234FF4C251F9F75CFB88
:10A240006FF00B00BD4680BDD2E20400F8A0040010
:10A2500008B5064A136823B9054850600A601846D5
:10A2600008BDFFF7DDFF6FF00B00F9E7207D002050
:10A2700084A6040070B5044652EA030008D0FAF739
:10A28000EBFC074D074ED5F888503058854201D178
:10A290000022134620460431BDE87040FFF76ABB38
:10A2A000602F00200800000038B5054618462B68CE
:10A2B000DBB19B7A072B18D10B7A012B07D00C4A04
:10A2C0000C48012129F0ACFC6FF0150038BDCB7AA9
:10A2D000072BF9D9C8618A6105F1300034F08EFC92
:10A2E00028462BF074FA0020F0E76FF07F00EDE7CE
:10A2F000F9E20400F8A004002DE9F84FD0F8B440CA
:10A3000000AF8846914644B14C3C236B63B920684A
:10A31000B4302BF07BFAE46CF5E7FDF7D9FC0026AE
:10A320003046BD46BDE8F88F04F1300A504634F09F
:10A33000AAFC05460028F0D02BF017F880B16C4637
:10A3400088B06A462A4BCDE90535032342F8103F11
:10A35000284800234FF4C251F9F7CEFAA546DEE7AC
:10A36000284629F03DFF256D06469DB9A38C058A38
:10A37000403B9BB23F2B03D8238D9D4228BF1D46F7
:10A38000042106F10C0029F094FF0580A38C438082
:10A3900004352565454520D8B6F810B0AB4506D143
:10A3A0000022002350461CF073FBFAF717FFA38C22
:10A3B000A3F140023F2A07D8AB4514BF00220E4A42
:10A3C000B26118BF1346F3612068B4302BF01EFA57
:10A3D000236B13B120462BF0FAF9236DC9F8003036
:10A3E000984534BFA3EB08010021216598E700BF21
:10A3F00011E30400F8A0040023590300F7B5284D29
:10A40000284F04460026BD4201D303B0F0BD298881
:10A4100020462BF07CFA6B68019001A920469847F2
:10A42000002838DB019B2A889A829A8403F1100263
:10A43000BFF35B8F52E8001F42E800600028F9D1AB
:10A44000BFF35B8FDE641E659E60A16B03F10802A3
:10A4500019BBC4E90D221C60DE6003F1300034F04A
:10A460008DFB019843681B6803B19847019BBFF3BC
:10A470005B8F103353E8001F41F0010143E80012E5
:10A48000002AF7D1BFF35B8F01984368DB6913B1F2
:10A4900000F1100198470835B5E70A60A263DAE7D2
:10A4A00048A0040060A0040073B50D4606460421D0
:10A4B00005F10C0029F016FF2B8A42889A420446C7
:10A4C00007D000921C4A1D48012129F0B3FB02B0BD
:10A4D00070BD43783BB91A4A1848012102B0BDE863
:10A4E000704029F094BB0378012BF0D0132B06D1D8
:10A4F000022AECD0022300931346124AE3E7124AE1
:10A500000E48022129F08CFB617835680222012077
:10A510002BF0E3F904460028D9D002210C3029F0B1
:10A52000A0FE0023037043702146284602B0BDE818
:10A5300070402BF003BA00BF29E30400F8A0040028
:10A540004AE304006BE3040096E3040008B50B8AB9
:10A55000032B06D8044A0548012129F058FB0020A6
:10A5600008BDFFF7A1FFFAE7BEE30400F8A004006E
:10A5700038B50B8A032B05460C4609D80F4A1048FC
:10A58000012129F044FB2046BDE83840FAF726BEF9
:10A59000042104F10C0029F0A5FE418828462BF087
:10A5A000DEF930B9074A06480B46022129F038FB8C
:10A5B000E9E7436821465B699847E4E7DCE3040088
:10A5C000F8A00400F9E3040070B5144A13780133CD
:10A5D0000C4613F0FF010CBF01230B461370064617
:10A5E00008BF1946082212202BF077F9054688B1DA
:10A5F00008210C3029F035FE2288028062884280D2
:10A60000A2888280E288C28029463046BDE8704038
:10A610002BF094B96FF00B0070BD00BF0DAB0020A4
:10A6200023281FD81A2804D8431E182B0ED9062019
:10A630007047A0F11B03082B1ED8DFE803F0051DAF
:10A640001B231D19251D0500032070470F4A0123F8
:10A6500083401A40C2B90E4A1A40002A0CBF062095
:10A660000120704700F07F03522B05D10020704776
:10A67000012070470520704710F0400F14BF0020E4
:10A68000062070470420704702207047AAAA8A0259
:10A69000545545012DE9F74F064608460C46FAF792
:10A6A000F9FC2E4F18234343FA180546916801918F
:10A6B000E168BFF35B8FB06DBFF35B8FC0070AD457
:10A6C000274A284801212BF077F96FF015094846F1
:10A6D00003B0BDE8F08FE068007810710022FA50F6
:10A6E0000B78D22B0FD13368214618682CF00FF865
:10A6F000814640B11C4A1B4801212BF05DF92046E0
:10A70000FAF76CFDE3E7182303FB0573D4F80C801C
:10A71000D4F814B0B4F810A09E6000231A46214665
:10A72000301DFFF7C1FD81460028D0D010F1690F20
:10A7300004D10E4A0B4801212BF03EF96269019BBE
:10A74000A4F810A0A8EB0B0812FA88F2E260182215
:10A7500055437A1947F805909360B8E77C7D00204F
:10A7600035E40400A0A004004FE4040062E4040007
:10A7700008B5EFF31181202383F31288BFF36F8FA5
:10A78000002303600F4B5A68C2B9C3E9000081F38C
:10A790001188BFF36F8F0C481CF0E4FB031E0CDA2A
:10A7A0000A4A0B48012129F03BFA002383F3118860
:10A7B000BFF36F8F0323184602DF08BD1060586097
:10A7C000E5E700BF747D0020B005002085E40400AB
:10A7D000A0A00400094B9A68011F914204BF002207
:10A7E0009A601A6A0648914204BF00221A629A6B64
:10A7F000914204BF00229A6334F0E4B87C7D0020CB
:10A80000600F0020024A034801212BF0D5B800BF99
:10A81000AEE40400A0A0040010B500F15403044607
:10A82000BFF35B8F53E8001F41F0010143E80012C2
:10A83000002AF7D1BFF35B8F201F2BF062F904F1E0
:10A840007C00044934F04BFB2068BDE8104001F067
:10A85000A5BE00BF35B8000073B50E46438D418BD1
:10A860008B4202F1010228BF0B469A42054609D9E4
:10A870001E48009202211E4A29F0DCF900242046DD
:10A8800002B070BD3046FFF7CBFE6FF014030341FA
:10A8900013F0010310D0FAF7DFF9164B1958164BD5
:10A8A000D3F8883099421ED0144B1B685A1A18BF2F
:10A8B0004FF0FF32134601E04FF4702210480021A0
:10A8C000FFF7D8FC04460028D9D0FAF7E3FB0D4B7C
:10A8D000182202FB0033012104F10C009D6029F0D5
:10A8E000C0FC0670CBE70022E4E700BFA0A0040094
:10A8F000CBE4040008000000602F0020C47D00208D
:10A90000441200207C7D0020F0B51D4603680E46F1
:10A91000003987B0044618BF0121186817462BF08C
:10A9200073FE40B904F158002BF08BF9002846D093
:10A93000002007B0F0BD002D43D01822002168464A
:10A940003FF073F86FB1002213212046FFF784FF18
:10A95000019030B91C481D4A01212BF02DF811201F
:10A96000E7E723681A4A1B6800930023ADF812300A
:10A970000C9B0393BDF83430ADF8103001238DF8F3
:10A98000143029466B4628468DF808602BF0FDF8F8
:10A990009DF8143063B1002FCAD00198FAF71EFC5D
:10A9A0009DF814302A46314620462BF059F9BFE76E
:10A9B00001990029BCD020462BF039F8B8E71220C5
:10A9C000B7E70120B5E700BFA0A00400F0E4040051
:10A9D000BD5903002DE9F3410B8A04460D4643B9E6
:10A9E000294A2A4801212AF0E7FF002002B0BDE8E9
:10A9F000F0810768012105F10C0029F073FCBB7A96
:10AA0000072B0646F1D154F8043C002BEDD0037817
:10AA10001F4F043C002217F8320098424FEAC20848
:10AA200007EBC20114D12A8A4878904226D91748E8
:10AA3000009301211346174A29F0FCF804234744E8
:10AA4000BA78012AD1D1002BCFD03178002211E081
:10AA500001320C2ADFD1104A0C48022129F0E0F81B
:10AA600031780846FFF7DCFD2122C24012F00102D6
:10AA7000BBD1062320462BF0F3F8B6E74B682046FF
:10AA8000294698470346DAE709E50400A0A0040038
:10AA9000ACA604003EE5040024E50400F8B54FF43C
:10AAA00070220746002311480D4629F06AFB044630
:10AAB00038B90F4A0F482B46012129F0B1F820463A
:10AAC000F8BD00F10C060921304629F0BFFB2046F5
:10AAD000FAF7E0FA084B182202FB00330121304656
:10AAE0009F6029F0BEFB0570E9E700BF441200201B
:10AAF000AAE20400A0A004007C7D00202DE9F04122
:10AB00000E8A043EF6B2022E04468CB0084601D0EE
:10AB1000102E64D104210C3029F0E4FB0DF108085B
:10AB200005884788011D324640462AF08EFB0028E2
:10AB300057D0A5B300268FB3AF4230D34FF4205384
:10AB400001A940468DF80460ADF806302AF050FBAC
:10AB500048BB1422002107A83EF067FF11212046C0
:10AB6000FFF79CFF0990002837D001210C30CDE978
:10AB7000074829F076FB00230A90394603701A4AE9
:10AB80000B93284607AB2BF000F8DDE909131B787F
:10AB9000FBB90846FAF722FB0A2301E03D460123F0
:10ABA0002A4610210EE042F6010307A940468DF81F
:10ABB0001C60ADF81E302AF01BFB0028C9D0102302
:10ABC0002A46194620462BF04BF800200CB0BDE871
:10ABD000F08120462AF02BFFF7E71120F6E704204A
:10ABE000F4E70E20F2E700BF41B100002DE9FF417C
:10ABF000036804460D46186801212BF005FD40B995
:10AC000004F158002BF01DF8A0BB122004B0BDE8E1
:10AC1000F0811022002168463EF007FF21212046E6
:10AC2000FFF73CFF029038B3009405F10C074FF09A
:10AC300001082B8A012B04D8029920462AF0F7FE3E
:10AC400018E0384629F05EFB6B460C4A8DF80C8004
:10AC5000014606462AF099FF9DF80C30002BE8D0FB
:10AC60000298FAF7BBFA9DF80C30324620212046B4
:10AC70002AF0F6FF0020C9E71120C7E7B35E030002
:10AC80002DE9FF41036804460D46186801212BF0A9
:10AC9000BBFC40B904F158002AF0D3FFA0BB12203E
:10ACA00004B0BDE8F0811022002168463EF0BDFEF0
:10ACB0000F212046FFF7F2FE029038B3009405F111
:10ACC0000C074FF001082B8A012B04D8029920466B
:10ACD0002AF0ADFE18E0384629F014FB6B460C4A0A
:10ACE0008DF80C80014606462AF04FFF9DF80C3087
:10ACF000002BE8D00298FAF771FA9DF80C30324632
:10AD00000E2120462AF0ACFF0020C9E71120C7E73A
:10AD1000375F0300F0B51D46036885B004460E4654
:10AD20001868012117462BF06FFC38B904F1580060
:10AD30002AF087FF50BB122005B0F0BD65B310228A
:10AD4000002168463EF071FE39462046FFF7A6FE18
:10AD5000029018B3BDF82830ADF8043001238DF807
:10AD60000C3029466B460E4A009428462AF00DFF07
:10AD70009DF80C3002995BB10846FAF72FFA9DF85E
:10AD80000C302A46314620462AF06AFF0020D3E7DD
:10AD900020462AF04CFEF9E70120CDE71120CBE751
:10ADA000375F03002DE9F0410E8A043EF6B2022E11
:10ADB00004468CB0084601D0102E76D104210C3008
:10ADC00029F090FA0DF1040805884788011D3246E4
:10ADD00040462AF03AFA002869D085B377B3BD42DD
:10ADE0002DD8606801212BF00FFC064678BB8DF84A
:10ADF000000042F6020369464046ADF802302AF0F0
:10AE0000F7F920B342F6030306A940468DF818600F
:10AE1000ADF81A302AF0ECF9C8B1012D03D14FF684
:10AE2000FF739F4213D004F158002AF00AFF002854
:10AE300014BF002012200CB0BDE8F0813D46012374
:10AE40002A46082120462AF00BFF0020F3E71822AB
:10AE500000210DEB02003EF0E8FD09212046FFF73E
:10AE60001DFE0890F8B101210C30CDE9064829F00B
:10AE7000F8F90023099003700A238DF82C30394625
:10AE800006AB0C4A28462AF080FE9DF82C30089923
:10AE90002BB10846FAF7A2F99DF82C30D0E72046EE
:10AEA0002AF0C5FDD1E71120C5E70420C3E70E2035
:10AEB000C1E700BFF9B100002DE9F0430F4687B0AC
:10AEC0000446062107F10C0029F00CFA0588EDB1C3
:10AED000B0F80280B8F1000F17D0454516D800230E
:10AEE00082888DF800308DF8043001A94FF420538A
:10AEF0006846D7F80C90ADF80220ADF806302AF07D
:10AF000077F9064660B10A2301E0454601232A4647
:10AF1000062120462AF0A4FE002007B0BDE8F083F9
:10AF20000146142201A83F7C3EF07FFD0721204608
:10AF3000FFF7B4FD0290D8B10A238DF815304146D1
:10AF400001AB0C4A01942846CDE903698DF81470D1
:10AF50002AF01BFE9DF8153002992BB10846FAF72E
:10AF60003DF99DF81530D2E720462AF060FDD3E781
:10AF70001120D2E7E5AF00007FB5CB681D880446FD
:10AF80008DB15E8876B1B5420DD810220021684699
:10AF90003EF04BFD05212046FFF780FD019058B99A
:10AFA000112007E0354601232A46042120462AF0D5
:10AFB00057FE002004B070BD6B463146084A00942D
:10AFC00028462AF0E2FDDDE9011323B90846FAF725
:10AFD00005F90A23E8E720462AF029FDE9E700BF42
:10AFE0004B5A03002DE9F04391B0D2F80080064699
:10AFF0000F46002542F601030068D8F804908DF84A
:10B000002C500BA91446ADF82E302AF0F1F8002888
:10B010006DD04FF4205330688DF82C500BA9ADF84B
:10B020002E302AF0E5F838B1A3681BB15A88BA422D
:10B0300000D25F80012010E0616808462AF0A4FC7D
:10B04000B8F82A20B8F81A309A4294BFC0EB020030
:10B05000C0EB0300032803D8002011B0BDE8F08343
:10B06000084629F0C4F86168054608462AF08CFCB9
:10B070006B8A2A8AA3EB020C6B69EA68D21AACEBE2
:10B080000203B8F82AC0B8F81A20944594BFC0EB60
:10B090000C00C0EB0200834228BF03466BB9887ADC
:10B0A000F9F7F0FF0022002329F06BF8054600288D
:10B0B000D2D00146606829F0ABF800230093D6F89F
:10B0C00004803146102302AA4846C047061E0EDB04
:10B0D000227CE068964227D001460BA82AF0B5F8FA
:10B0E00040B9237C134A1448022128F099FD00231B
:10B0F000A3609FE7F2B202A906A82AF0A6F810B949
:10B100000E4A3346EFE706A90BA82AF071F800288B
:10B11000EDD100236374042105F10C0029F0A1F89E
:10B12000A0600780A36884E7324602A93EF095FC40
:10B13000EDE700BF5DE50400A0A004007CE504008D
:10B140002DE9FF4105460E464FF000084FF420530D
:10B15000006817688DF8088002A91446ADF80A3017
:10B160002AF046F8A0B142F6010328688DF80C8059
:10B1700003A9ADF80E302AF03BF848B123691BB1A2
:10B180005A88B24200D25E80012004B0BDE8F0814E
:10B19000616828682AF02CF810B100232361F3E7D6
:10B1A000E368A0681A786AB1B7F81AC0798D038A83
:10B1B0008C4594BFC3EB0C03C3EB0103934201DA4C
:10B1C0000020E2E704210C3029F04BF820610680D2
:10B1D00023695E80074B00930194A26800232946EF
:10B1E00038462AF0DDFD0028EADB2069003818BF68
:10B1F0000120CAE76B5B03002DE9F347176805469A
:10B20000894600685168D7F804A0144629F0F0FF79
:10B21000804600284BD19522294650462BF0A1F9B3
:10B220000646207540B1E3681B780BB184F81480A2
:10B23000002002B0BDE8F087294650462BF02AFADC
:10B2400010B908232375F3E7A068267528F0CFFF0F
:10B2500002210C3029F005F8164B2061A0F800906F
:10B2600000930194A2683346294638462AF098FD97
:10B27000002807DA10F1FF0F26BF4042C0B20E20AF
:10B280002075D5E72369002BD2D0A0682AF07CFB7B
:10B290007B8D7A8B9A4294BFC0EB0200C0EB030017
:10B2A000E3681B78984294BF00200120C1E7012089
:10B2B000BFE700BF995903002DE9F04182B000AF0C
:10B2C000044688463E480022002339461BF020FAF7
:10B2D0000546B0B16D4688B06A463A4BCDE90534B3
:10B2E000032342F8103F384800234FF4C251F8F7C7
:10B2F00003FBAD466FF00B0630460837BD46BDE890
:10B30000F081F9F7A9FC314B1A58314B38681A60B3
:10B31000294630223EF089FB3B682E481C603C6881
:10B320007D60C4E90155C4E90A5500220023391D96
:10B330001BF0EEF9064688B123686C4688B06A4671
:10B340002549CDE90513032342F8103F1E482B463B
:10B350004FF4C451F8F7D0FAA546CBE70146B8221E
:10B3600078683EF062FB78681C4B8360603033F095
:10B3700005FC7B68BFF35B8F583353E8002F43E82D
:10B3800000610029F9D1BFF35B8F7B681C60A36A61
:10B390007D681BB904F10C0033F0F0FBA26AC5F81C
:10B3A000B020E26A05F1B003A36202B9E3627B68F0
:10B3B00017225A855A830433C8F800309CE700BF2F
:10B3C000400F00209BE50400A0A00400080000003E
:10B3D000C47D0020600F0020C0E504008805002027
:10B3E00008B5837A072B06D00C4A02210C482AF0B4
:10B3F000E3FA002008BD04212AF0B1FA10B9094A85
:10B400000121F3E7BFF35B8F436DBFF35B8FDB0776
:10B4100001D4054AF4E750F8040CEBE7E5E5040035
:10B42000A0A00400F3E5040035E404002DE9F04F8A
:10B4300085B000AFB860EFF31188202383F3128842
:10B44000BFF36F8F5B4D28462AF094FA2E680446AE
:10B4500088F31188BFF36F8F00285FD0F9F71AFEC9
:10B460005549182202FB00F3C81851F803A00369DC
:10B47000FB600021D0E9025890F80490B0F806B0C3
:10B480003EF0D3FAA07AF9F7FDFD6169034659B1A0
:10B49000627AD00706D49A6A7B6012682046926866
:10B4A00090477B68002262612146184633F0B9FB61
:10B4B000B9F1000F0DD065B12B6853B11B6843B1D2
:10B4C000BAF1000F2ED03D4A3D485346012128F0E5
:10B4D000A7FB1EB3B968002033F0D0FC00281DDAAA
:10B4E0006C468AB06A46374B0593374BCDE9063038
:10B4F0004FF40073ADF82030344B42F8103F304821
:10B5000000234FF41151F8F7F7F90023A54683F310
:10B510001188BFF36F8F0323184602DF1437BD462F
:10B52000BDE8F08F281D2AF036FD4846FFF778F871
:10B530000528CED801A353F820F000BF85B5000040
:10B5400055B50000D3B4000085B50000D3B40000A9
:10B5500055B50000BFF35B8FAB6DBFF35B8FDA07B0
:10B5600005D41B4A164801212AF026FAB1E7EB6DF3
:10B57000002BAED04FF47022002305F180001BF0A9
:10B5800099FDA6E72B68D3F80090BFF35B8FAB6DF6
:10B59000BFF35B8FDB07E4D5B8F1000F99D000242F
:10B5A00003E0F9684846C0470134A3B29B45F8D888
:10B5B0008FE700BF747D00207C7D00200EE6040034
:10B5C000A0A004002DE6040054F8040004000001CB
:10B5D00035E40400F8B50F461646FFF701FFB0B199
:10B5E000846A20461CB150F8B04904B1B03C731CC9
:10B5F000194638B1428B458DAA4228BF2A469A4245
:10B6000007D264B90A4A0B48022128F009FB00203E
:10B61000F8BD32463946BDE8F840FFF71DB9D4F809
:10B62000B05005B1B03D20460B462C46E2E700BFC6
:10B6300048E60400A0A0040007B50B46024600211E
:10B64000F9F70AFB01910E4909580E480068884233
:10B6500004D00D48D0F88800884201D1002213465A
:10B6600001A90A481BF054F8014638B90198102284
:10B670003EF0DBF9019803B05DF804FB0020FAE727
:10B6800008000000C47D0020602F0020800F0020F3
:10B6900010B500F1080304460022BFF35B8F53E8A6
:10B6A000000F43E800210029F9D1BFF35B8F08B1F7
:10B6B000F9F794FD21460248BDE8104033F082B905
:10B6C000800F00202DE9F743044680300F46904656
:10B6D0001E4633F010FCE06D50B9154A15480221A2
:10B6E0002AF06AF9204603B0BDE8F04300F08AB8BA
:10B6F000114B98424FF0000317D045684360E06D4E
:10B70000D0F80C90FFF7C4FF00232068E3652AF00F
:10B7100077FC3DB12068CDF80090006843463A467A
:10B720003146A84703B0BDE8F0831D46ECE700BFF3
:10B7300063E60400A0A00400C87D0020F7B550F81F
:10B74000044C0546002C59D000F1AC0104F128004E
:10B750002AF05EFA2E1F05F15C070022002338460E
:10B760001BF096F9024678BBAB6D2BB101466FF02A
:10B7700067033046FFF7A6FF002345F8043C05F1B8
:10B780005403BFF35B8F53E8001F21F0010143E82E
:10B790000012002AF7D1BFF35B8FA36A73BB04F1D9
:10B7A0000C060022002330461BF072F978B9666857
:10B7B00086B913482660214633F004F9286803B09F
:10B7C000BDE8F04000F01ABFF9F708FDC5E7F9F74A
:10B7D00005FDE6E7A26833686360964208BFA36090
:10B7E00077683FB1F3680093002320681A466FF032
:10B7F0006701B8473046FFF74BFFD8E703B0F0BD0D
:10B80000400F002010B504460430FFF797FF606832
:10B81000132129F072FF034630B1044A0448BDE801
:10B820001040012128F0FCB910BD00BF7AE60400E9
:10B83000A0A00400F0B5044689B054F8803D00AFE4
:10B8400019683846FEF79EFB6E4688B06A460B4B79
:10B85000CDE905374FF40073ADF81C30084B42F8C2
:10B86000103F00234FF4E2510648F8F745F8204610
:10B87000B546FFF7C7FF2437BD46F0BD98E6040084
:10B8800003000001A0A00400F8B51D460F461646AF
:10B89000F9F700FC044C182303FB0040C0E90376D1
:10B8A0000123C3800575F8BD7C7D002008B530B943
:10B8B000074908482AF097FC38B1074808BD054AEF
:10B8C00012F8011C29F039FFF6E70020F6E700BF67
:10B8D00000F80400F17D0020F07D002010B5074C39
:10B8E0002378834207D1601C2AF07DFC002814BF16
:10B8F0002046002010BD0020FCE700BF5EA900200C
:10B9000010B54A1C0C4628B1097829F016FF30B151
:10B91000204610BD034910462AF065FCF7E70020D9
:10B92000F7E700BF00F80400024608B508490130F7
:10B930002AF070FC002313720C32BFF35B8F52E8C5
:10B94000001F42E800300028F9D1BFF35B8F08BD2B
:10B9500000F804002DE9F04180460F4616461D46CA
:10B96000FFF7BCFF044680B91249FFF7B7FF044652
:10B9700030B9114A1148BDE8F041012128F047B91A
:10B9800000F8018B39462AF045FC23892BB96289DE
:10B990002AB926816581BDE8F0819E4204D362897F
:10B9A000AA42F8D29E42F5D263892681AB42F2D2F6
:10B9B000F0E700BF00F80400CBE60400E0A00400BC
:10B9C0002DE9F041214B154682689A42074602D183
:10B9D000C4686389E3B90120BDE8F08105F170080E
:10B9E000287A414629F04AFD68B9194B9C4202D198
:10B9F00028462AF09BFC174930462AF00BFC00230E
:10BA00002370238119E0414630462AF003FC14E0FC
:10BA1000238993B12646284616F8011B324629F0A1
:10BA20008CFE0028DAD120783146FEF735FA20B1B5
:10BA3000857AFDF735FE072DCDD0E36800216181C1
:10BA4000002BC8D038469847C5E700BF7DBA000034
:10BA5000D805002000F8040008B534F0FDF938B12D
:10BA6000044A03460121044828F0DAF86FF0040084
:10BA700008BD00BFEAE60400E0A004002DE9F84399
:10BA80001E46BDF82030D1F80C8081460F46002BB1
:10BA900045D1731E012B45D8012E41460CBF1578A8
:10BAA0001588FFF72DFF0446C0B915B93046BDE82B
:10BAB000F8834146FFF724FF044638B91B481C4A67
:10BAC000022128F0A4F86FF01000F0E709F17001EE
:10BAD00001302AF09FFB99F808302370D8F8103015
:10BAE0008BB92581B8F80A30AB4203D041463846BD
:10BAF0002AF097FB002DD9D10E49601C2AF08AFB51
:10BB000025702581D2E72A463946484698470028BD
:10BB1000CDDB01380128E4D96FF00D00C7E76FF0E5
:10BB20000600C4E76FF00C00C1E700BFE0A004000E
:10BB300000E7040000F804002DE9F0419846BDF844
:10BB40001830012B0646174635D84344012B45468D
:10BB500034DCFFF7ABFE044668B9FFF7A7FE0446E6
:10BB600048B9194A1948022128F051F86FF0100518
:10BB70002846BDE8F081B8F1000F11D0217A0023EA
:10BB800021FA03F2D00703D53A78DA40D20718D564
:10BB90000133032BF4D13B7803F0070319432172DF
:10BBA000601C06F170012AF035FB337A23702046C1
:10BBB0002AF038FCDCE76FF00605D9E76FF00C05DA
:10BBC000D6E76FF01205D3E71AE70400E0A00400FF
:10BBD00010B51449BFF35B8F044651E8003F23F0D2
:10BBE000020341E80032002AF7D1BFF35B8F084619
:10BBF0002AF0F3FAC20705D500220023A1F1300094
:10BC00001BF058FA20462AF0A2FA50B12046FFF75E
:10BC10004DFE30B1037ADB0703D5BDE810402AF0B2
:10BC200001BC10BDF01E002010B5154801212AF0FE
:10BC3000E2FAC30723D4022111482AF0DCFA0840B3
:10BC400007D11049104A0B88104CA24211D300B101
:10BC50000B800F490F4833F042F90E484FF4A4729D
:10BC60000023FBF7C9F9BDE810400B490B4833F03E
:10BC700036B9506803449BB208320120E5E710BD95
:10BC8000007E00206AA9002078A0040090A0040093
:10BC900015BF0000481E00206DC20000C01E00201D
:10BCA0002DE9F041034648B1008A38B91249DFF85E
:10BCB0004CE001244FF0140C714501D3BDE8F08134
:10BCC000D1E90076BB4204D30CFB0672143A9342CE
:10BCD0000ED93444A2B208311446EDE70CFB0578C6
:10BCE000434507D001356219AE4292B2F6D1F2E770
:10BCF0000025F8E71046E1E778A0040090A00400D2
:10BD00002DE9F74FBDF83050009199464FF6FF737B
:10BD1000002D08BF1D46244B1B88834207469046D2
:10BD20003CD203B0BDE8F08F73682344BB4232D2EB
:10BD30009CB208361D4B9E42F6D3F2E78958019318
:10BD4000404629F055FA019B90B101340AF1010AED
:10BD5000A4B273685345ECD9009B9C42E1D8BC4225
:10BD6000F3D331680BFB0AF28B18B8F1000FE5D161
:10BD7000B9F1000F0BD1013DADB218460E9A0D9BE3
:10BD800021469847002DCCD00028DED1C9E7DA68DB
:10BD90009145DAD1EFE74FF0000ADAE7044E0124CB
:10BDA0004FF0140BC6E700BF6AA9002090A0040062
:10BDB00078A0040010B5BCB01022002168463DF008
:10BDC00034FE142200210DEB02003DF02EFE4FF454
:10BDD0001053ADF810302B4C8023ADF812301022E8
:10BDE0004FF48063CDE9063469463AAB0DEB0200AF
:10BDF00033F0EEFE034630B1234A2448012127F0F8
:10BE00000FFF3CB010BD0146C0220AA83DF00DFE58
:10BE10003A9922460AA834F01CF8034660B11C4A3D
:10BE20001A48012127F0FCFE3A9833F03BFE034606
:10BE30000028E6D0174AE0E7174A0AAB4FF6FF7131
:10BE400001202AF06EFB154904AB10220AA834F039
:10BE50001EF804463A9833F025FE14B1104A2346E2
:10BE6000CBE70E4B082203F11001187811F8014DB1
:10BE700003F8014B013A0870F7D1082109482AF06C
:10BE8000BAF9BEE70002C00346E70400E0A00400E0
:10BE90006FE704008DE7040079630300381E00207B
:10BEA000A3E70400F01E00202DE9F0411649BDF87B
:10BEB00018700446A1F1300015461E4633F032F8E2
:10BEC00012482AF08AF9010701D4FFF773FF2046D0
:10BED000FFF7ECFC68B1037ADA070AD500F10C042D
:10BEE00020462AF07AF9C30703D4022120462AF01B
:10BEF00082F9102306933A4631462846044BBDE8A2
:10BF0000F0412AF0A6B900BF781E0020F01E0020E4
:10BF1000381E002008B505482AF05FF9030703D44E
:10BF2000BDE80840FFF746BF08BD00BFF01E002077
:10BF300007B500230193FFF7B3FE411C89B2084601
:10BF4000034A01AB2AF0EDFA019803B05DF804FB57
:10BF50009F6103002DE9F04387B0837A072B02AF7E
:10BF600080460C46154640F0A68000233B732068AF
:10BF700042F6030307F10C01FB8129F039F906466B
:10BF8000002834D1D4F80490B9F1000F05D14C4AFF
:10BF90004C48012127F03BFE8DE00123009007F182
:10BFA00008022146C847031E11DA6D4688B002AA6E
:10BFB0004549D3610423C2E9051442F8103F4148C2
:10BFC00033464FF40151F7F797FCAD4673E0012B70
:10BFD00005D03E4A3B48012127F022FE6BE03B7A28
:10BFE00013F0300F67D02046FFF7A2FF044600236E
:10BFF00020683B7307F10C0142F60213FB8129F024
:10C00000F7F818B12046FFF793FF0446002642F6E2
:10C01000021920683E703946A7F8029029F0E8F826
:10C0200018BB002320683B7307F10C0142F6021392
:10C03000FB8129F0DDF8064600283CD1D4F80490B5
:10C04000B9F1000FA3D00090022307F10C022146A2
:10C050004046C847031EA8DB022BBAD1BB8905EABC
:10C060000300003818BF012026E020683E7142F628
:10C070000303391DFB8029F0BBF80028D1D02068CC
:10C080003E724FF4205307F108017B8129F0B0F88C
:10C090000028C6D020683E7342F6010307F10C0168
:10C0A000FB8129F0A5F80028BBD02046FFF740FF10
:10C0B00004460028ADD100201437BD46BDE8F0830A
:10C0C000B9E70400E0A00400CDE70400F3E70400B2
:10C0D0002DE9F84389465168B1F8128018F09408A8
:10C0E000074615463CD10222FFF734FF00283AD01C
:10C0F0004FF470200021AE8AFFF79EFA0236044604
:10C1000060B11A4B4360C56032461D213846FFF7C7
:10C1100061FA064638B92046FFF7BAFA6FF00B0508
:10C120002846BDE8F883012342464146FFF7ACFBB1
:10C13000A98A06F10C00023128F093F820F8029B3E
:10C14000AA8A29693DF04AFCA6602146384629F0B2
:10C15000E1FF05460028E3D02046FFF799FADFE724
:10C160004FF0FF35DCE76FF01505D9E7A561030057
:10C1700070B505468AB03A482AF02FF842070C46B7
:10C1800067D515B1AB7A072B66D166680596304640
:10C19000FFF786FD2268ADF81800002A2FD005A908
:10C1A0000291304901910121002300914FF6FF7166
:10C1B0000593FFF7A5FD059E1EB96FF001000AB0BB
:10C1C00070BD6660002330688DF8103004A942F617
:10C1D0000303ADF8123029F00BF840B90598C36895
:10C1E0009B799B0608D52AF055F9ADF818000598FB
:10C1F0002AF0A2F9606028B96FF01500DFE7002887
:10C20000E0D1DAE7BDF818003DB101230146A3757E
:10C2100022462846FFF75CFFD1E76FF07F030793C4
:10C220000223ADF8203042F60213ADF8123005AB10
:10C23000A57502930C4B01930123009304AA2B468E
:10C240004FF6FF7109948DF81050FFF759FD0798CC
:10C25000B5E76FF00A00B2E76FF07F00AFE700BF0D
:10C26000AC010020D3610300B1C4000013B550F845
:10C27000082C01920346A0F1200100F13004BFF325
:10C280005B8F54E8002F22F0010244E800200028D0
:10C29000F7D1BFF35B8F0D4A43F81C2C0C4A43F8CF
:10C2A000182C01AA002043F8102C042223F8080CB3
:10C2B00023F8060C23F80C2CFFF75AFF18B90221BB
:10C2C000204629F098FF02B010BD00BF48A7040027
:10C2D000D1BB0000F8B5304B8168994200AF0446ED
:10C2E00021D1C66815683389EBB13246284612F869
:10C2F000011B29F022FAB0B14FF49572214628466D
:10C300002AF02FF9032811D16D4688B06A46234BD5
:10C31000CDE9053442F8100F214800234FF4C451F1
:10C32000F7F7EAFAAD460120BD46F8BD3146204692
:10C3300029F077FF1B4B9E42F5D1287A05F1700159
:10C34000FFF7CCFA04460028EDD0038913B94389DE
:10C35000002BE8D02846FDF701FB134B228923F878
:10C36000202003EB8003628910495A80182202FBC7
:10C3700000110F4A4A600B610E4A8A600423284666
:10C380008B82FFF7F5FE0028CDD00B4A044801212F
:10C3900027F03DFCC7E700BF7DBA00000CE80400B1
:10C3A000E0A00400D80500205AA90020D87D002074
:10C3B00048A704002D64030020E8040070B504467B
:10C3C0008AB0384829F009FF42070D4663D514B1F9
:10C3D000A37A072B62D16E6805963046FFF760FCA2
:10C3E0002A68ADF81800002A2FD005A902912E491D
:10C3F00001910121002300914FF6FF710593FFF792
:10C400007FFC059E1EB96FF001000AB070BD6E6022
:10C41000002330688DF8103004A942F60303ADF80C
:10C42000123028F0E5FE40B90598C3689B79DB0619
:10C4300008D52AF02FF8ADF8180005982AF07CF8F6
:10C44000686028B96FF01500DFE70028E0D1DAE76F
:10C45000BDF818002CB101462A4620462AF09FF864
:10C46000D3E742F60212ADF8122005AA6FF07F035F
:10C4700002920E4A07930123CDE90032ADF8203035
:10C4800004AA23464FF6FF7109958DF81040FFF777
:10C4900037FC0798B9E76FF00A00B6E76FF07F0046
:10C4A000B3E700BFAC010020D3610300B1C40000BA
:10C4B000F8B5364B154682689A42044601D00120F1
:10C4C000F8BDC768324B9F4246D03A89AB899A4241
:10C4D000F5D1394611F8010BFDF7DEFC06460028C0
:10C4E000EDD0837A072B05D0FDF7DAF8E7E7FDF703
:10C4F000D7F8EAE77B6923B12146984708B9304667
:10C50000F2E7648A14F09404F9D1AB89022B16D1B6
:10C510003C8914F002040AD02A69A9883046FFF742
:10C52000D7FD044618B92A69937D013393753046C7
:10C53000FDF7B6F8002CAC60C1DA0020C0E7012B93
:10C54000F5D13C8914F00104F1D02A69A98830465C
:10C550002AF025F80446EAE70E4E0F49304629F046
:10C5600042FE0028B1D116F8010C07223146FDF732
:10C57000E7FC0028BBD12B6916F8010C1A6931467B
:10C5800053881288FFF7E6F99FE700BF7DBA0000E5
:10C59000D80500205FA9002000F8040007B5064A6E
:10C5A00000906B4601204FF6FF718DF8040029F0D2
:10C5B000B8FF03B05DF804FBD5C200002DE9F041DF
:10C5C0000D4B1B6806460F46904623B153F80449AD
:10C5D00004B1043C0BB9BDE8F0811B681BB14246B5
:10C5E0003946304698472CB1656805B1043D23466D
:10C5F0002C46EFE72546FAE7047E002070B5034697
:10C600000F4A04464FF6FF71012029F08AFF2046A9
:10C61000FFF74CF9054688B104F17006207A3146DF
:10C6200028F02CFF20B92846BDE87040FFF77CB900
:10C630003146681CBDE8704029F0ECBD70BD00BFFC
:10C64000C1B900007FB54FF42052ADF8162004AAFE
:10C6500002920B4A00230120CDE900324FF6FF7110
:10C6600005AA04938DF81430FFF74AFB049B012BB5
:10C6700014BF6FF01500002007B05DF804FB00BF89
:10C680009D66030080B500AF88B06A46074BCDE9D0
:10C690000530032342F8103F054800234FF4C251F0
:10C6A000F7F72AF96FF00B00BD4680BD45E804009E
:10C6B00000A1040008B5064A136823B90548506074
:10C6C0000A60184608BDFFF7DDFF6FF00B00F9E7C1
:10C6D0000C7E0020C0A7040000F1070C2CF0030C16
:10C6E00010B4541E1860A4B2ACF80020023A93B201
:10C6F00001FB04F24FF0000C40F802C074B103FBE0
:10C70000011403FB01F22044121B4FF6FF7C013B96
:10C710009BB263458050A0EB0100F8D110BC70477C
:10C720000346006810B102680AB91A60704700F148
:10C73000070C2CF0030CD11DBCF800C021F0030144
:10C740000CF1FF3CA1F800C0EFE700BF0B687BB124
:10C75000073323F003031A88013292B20346D1F85B
:10C7600000C043F807CB23F003031A80086070472A
:10C770000122F3E702FB0100704700BF401A90FB63
:10C78000F2F080B2704700BF531E11449BB242B119
:10C79000DB430138CA1811F8013D00F8013F91420E
:10C7A000F9D17047014402E010F8013B1BB98842FF
:10C7B000FAD1002070470120704700BF1060086068
:10C7C000704700BF0A6803460068904205BF002218
:10C7D0000A6000201A607047D2F800C0CCF8000050
:10C7E000D2F800C0CCF8041010607047884203D023
:10C7F0001AB1436813607047002070470B6883428A
:10C8000009D02AB1586810601A680A601846704743
:10C81000002BF9D1FAE70023F8E700BF2DE9F84330
:10C820000E4EDFF83C904FF090080C2706F12004E4
:10C8300009EB08052A1D29462046083CFFF7BEFFE4
:10C84000B442A5F10C05F5D1043F3B1DA8F1300819
:10C85000A4F12006EAD1BDE8F88300BFBC7E002029
:10C86000087F002010B403468C469AB101EB4101C9
:10C87000144803EB4304090101EB84010144487AA5
:10C880000C7AA04204BF0130087210BC6146184601
:10C890000AF068BC01EB41020A4C120100EB4003B4
:10C8A00002EB830323449C7ADA7AA24201D010BCC3
:10C8B000704701329A72044B01225A5410BC0AF09C
:10C8C00081BC00BFE47E0020607E0020F8B50646F3
:10C8D0001C460D4602B322786378D21A12F0030286
:10C8E00029D1294F71004FEA450C3144AC448900ED
:10C8F00001EB0C1101330431DBB27A18606823704C
:10C900002146FFF769FF214B0122294630465A553F
:10C910000AF058FC0020F8BD0AF03EFC0028DAD0EE
:10C92000294630460AF02AFC637860B92278D21A88
:10C9300012F00302D5D0012A03D00133DBB22370F9
:10C94000E1E71046F8BD05EB450206EB46010E4F48
:10C95000120102EB81023A447100907AD27A90423D
:10C960004FEA450C05D02078C01A10F00302E2D13E
:10C97000BBE72278D21A920702D00233DBB22370CF
:10C98000D4E902039847C5E7E47E0020607E0020DA
:10C990002DE9F04FDFF8609119F8003089B0002BD5
:10C9A00059D0DFF858A1C0EB00134FF0000B00EB9B
:10C9B00040079B000324CDE904BB09F800B00AEB53
:10C9C0000717039302948346B8460023B96A58F8C0
:10C9D000240F079307AAFFF709FF044607AAB4B17B
:10C9E000079D2E786978761A06F00306012E35D059
:10C9F0002B78591A01F003010129DBB23DD1D7E9A7
:10CA00000901FFF7F3FE044607AA002CE8D197F8C6
:10CA10002E3097F82F209A4203D087F82F30012329
:10CA2000049397F82C3097F82D209A4203D087F87A
:10CA30002D3001230593029B5D1EEBB2FF2B029369
:10CA4000A7F10C07C0D10499D846DDF814B011B194
:10CA5000BBF1000F45D009B0BDE8F08F0139697016
:10CA6000079BD3E902029047079D2A786978D3B2E1
:10CA7000521A02F00302012A21D0B86A019300225F
:10CA80004146FFF7BBFE6C60019B6A786B702B78A8
:10CA90009B1A03F00303012B08D0D7E9090107AA69
:10CAA000FFF7A4FE012E044698D10EE0039B6A70A6
:10CAB0001A1D294620465244FFF78EFEEDE7D7E9BE
:10CAC000090107AAFFF792FE0446029B8BB10123DE
:10CAD0005946584609F80B300AF074FB09B0BDE816
:10CAE000F08F5A464146404609B0BDE8F04F0AF083
:10CAF00039BB002C8BD0EAE7607E0020E47E00206A
:10CB00004B1EDBB271B1411E00EB030C002011F88B
:10CB1000013F23B15A1E01301340C0B2FAD1614522
:10CB2000F5D170470846704770B5057E0468FF2D43
:10CB30002AD02A464FF0000C07E09E6814F80E3009
:10CB4000FF2B1546B4441FD01A4602EB4203914214
:10CB50004FEA031E04EB0313EFD18D4202D114F808
:10CB60000E20027614F80E20986805EB45052D017D
:10CB7000FF2A625506D002EB420204EB02129368D0
:10CB800003449360604470BD002070BDA2EB010CB3
:10CB90001CF4000F10B4836844690AD12CF07F4C58
:10CBA0006344A3420DD8E41A00234461836010BC9F
:10CBB0007047891A21F07F418B4208D95B1AA34242
:10CBC000F1D91B1B00244461836010BC70470C44E6
:10CBD000E41AE9E72DE9F041244DBDF824708E46B2
:10CBE0002C2101FB0055696801EBCE0011F83E6075
:10CBF000C478417804F1010C5FFA8CFC664598BF5B
:10CC00004FF0000C61452DD0466804EB440421012F
:10CC100006EB04144FF0040806F801806360069BDD
:10CC2000A360079BE360089B23610A9BA3610F9BA2
:10CC300063620B9BE3610C9B23620D9BA3620E9BC3
:10CC4000E36202236270A782A37080F803C0D5E973
:10CC50000836704698472B4641460022B047A078D8
:10CC6000BDE8F0810120BDE8F08100BFA47F002075
:10CC70002DE9F04F87B00346427A019000685F6863
:10CC80000290002A00F0EF80531EDBB207EBC303D3
:10CC90008A4603930597039B5A6893F801B0049260
:10CCA000BAF1FF0F57D00AEB4A04029BCDF800A05F
:10CCB0004FEA0419002513F809A003EB0414019BA3
:10CCC000FF2727701E681B7E06EB0908BB42D8F8B9
:10CCD00008100DD1C1E0091A05D1B8F81E90BEF8B0
:10CCE0001EE0F1457AD8B25CFF2A1F4665D0134694
:10CCF00003EB430206EB021E4FEA430CDEF808008A
:10CD000088424FEA0212E6D9FF2FC8F8081088F8C7
:10CD100000305DD1DDE900200276634406EB0313A9
:10CD20009A68521A9A60A37801336370002DB7D0C5
:10CD3000AB6A4FF000022A70AA7013B1E96A0020B2
:10CD400098476368002BABD1AB6A2362EB6A6362DE
:10CD5000BAF1FF0FA7D1039B049E99780BEB4B030D
:10CD60000BF1010059454FEA03125FFA80FB06EB15
:10CD7000031569D0039B1878B35C584508BF4FF082
:10CD8000000B042BEAD16978029801EB410300EB18
:10CD900003144FEA03196078A378984220D04FF02B
:10CDA0000003B354AB6A4FF001020120AA700BB12B
:10CDB000E96A9847039B9978D0E79C444FEA0C1C9A
:10CDC000009BC8F8081088F8002006F80C30AAE785
:10CDD00007EB47073F01009AF2559EE7014693E7AC
:10CDE000019AAB8A009151694FF6FE72934207D0C7
:10CDF0004FF6FF729B1AB3FA83F35B0984F82C3069
:10CE00006B6AA362EB6863602B6923620022626233
:10CE1000AB8A4FF6FD70834288BF1346A383AB698C
:10CE2000A361EB69E3602B6A2361AB68A360626175
:10CE30006A682046FFF7AAFE4FF00003E383E37819
:10CE400043F00103E3703AE7039A51700599914268
:10CE5000A2F1080307D003931DE706F80930DDE9C6
:10CE6000003213765FE707B0BDE8F08F2DE9F04F91
:10CE7000447E01238FB08376002C40F0BA80037E7D
:10CE8000FF2B814600F0B48009F02AFDD9F8142068
:10CE9000D9F81C3099F81880D9F80060801A20F071
:10CEA0007F4B5B4594BF00230123B8F1FF0F039331
:10CEB000A2467CD0049408EB480806EB08144FEA1D
:10CEC0000818A3685B4571D8A27816F80880ABEB08
:10CED000030B9A4463789B1ADDB2012D63D1A06ADB
:10CEE000A3690293002800F019810168002900F06D
:10CEF0008380002B00F02A81039B002B00F04A81E5
:10CF0000037A5A0700F03B81037A23F00703037288
:10CF1000E78BE27822F001027B1CE27094F82C206F
:10CF20009BB2E383002A00F0E080A28B9A4280F05B
:10CF3000DC80A06A002800F06581037A03F0070313
:10CF4000012B00F0D280002741684760A36A1A7A5B
:10CF500067F302021A72A278E768013AA27017B367
:10CF60006369D9F8142094F803C0AAEB03031344AF
:10CF700023F07F40626A23690CF0010C002D40F021
:10CF8000DF80B4F81EE0CDE900C37346B847DDE9A1
:10CF90000223002A18BF43F001030393E378E583DB
:10CFA00065F30003E370B8F1FF0F84D1049C99F896
:10CFB0000B3099F80A209A4208D10132D2B2022AE3
:10CFC0001ABF14462346002389F80B4009EB83035C
:10CFD0000022C3F80CA0D9F8244089F81A204B4647
:10CFE000012204210320A4460FB0BDE8F04F6047A2
:10CFF00084760FB0BDE8F08F029B002B00F08C8090
:10D00000039B002B80D1D9F81C309A45FFF47CAFEC
:10D01000B8F1FF0F7DD0029BE78B09939C46A38B51
:10D020006168CDF818B0BB429ABFFB1A9BB23B4671
:10D0300003FB0113CDE907A805934FF0000E43460B
:10D040000B92DDF824800C95CDF824C0A3468A46C7
:10D0500084460D97CDF8289003EB430306EB0312AB
:10D060001B0191688E44F04548D3906A946900286A
:10D070003FD0006800283CD0D58B978B5068AF42DA
:10D0800040F29380002840F09780BCF1000F32D02E
:10D090008146DCF8000028B1029919B97444A04215
:10D0A00080F0BD80AF4226D8D0789BF8032000F0F6
:10D0B000010402F00105A54205D34240D1071AD46C
:10D0C000B9F1000F17D060465C46DDF820800C9D5A
:10D0D000DDF824C00D9FDDF82890DDE906BA0028B0
:10D0E00040F09680CDF808C013E7A378013BA37009
:10D0F00059E7002CC0D1F35CFF2BADD16046DDE9D0
:10D10000088C5C46DDE906BA0B9ADDF82890CDF86C
:10D1100008C0002800F09080002514E7029B5BB354
:10D12000039B002B7FF4F4AED9F81C309A45FFF432
:10D13000EFAEB8F1FF0F7FF46EAF03990D460BE72A
:10D14000CDE900C34FF6FF73B8472CE7039B63B9E3
:10D15000D9F81C309A4508D3B8F1FF0F54D04FF0DE
:10D16000040CE78BCDF824C059E704230293037A1B
:10D170005A077FF4C9AE02E0029D0021ECE6A18BC4
:10D18000E28B91423FF6C0AE012262F302030372CA
:10D19000E78BBEE6D9F81C309A45FFF4B1AEB8F182
:10D1A000FF0F7FF438AF039DCDE668B9BCF1000FE7
:10D1B0007FF46EAFE14677E7BAF1000F20D1BCF102
:10D1C000000F98D0D14664E7BAF1000F12D0A5EB5A
:10D1D00007091FFA89F9411A00FB091105988842CD
:10D1E0002CBF4FF000094FF00109BCF1000F7FF494
:10D1F00050AF57E7D146BCF1000F7FF44AAF51E77B
:10D20000A946E8E7A278B8E70423039D02939AE6CB
:10D210000168CDF808C000293FF476AE70E65C46A0
:10D220000146DDE906BA6046DDF820800C9DDDF898
:10D230002890DDF824C0ECE7054601468CE600BFE7
:10D24000837E002B40F034832DE9F04F477E8DB074
:10D250008346002F76D1837AC27A012141769A42A1
:10D260004169079100F025830133DBB2022B12BF25
:10D270001A463A463B4600EB82028372D268079B0D
:10D280000592134423F07F43436101259BF8183036
:10D29000089309F025FB9BF80920DBF80030019387
:10D2A000531EDBF804600490DBB2002A00F01F84F8
:10D2B000CDE90A7506EBC30AFF2303930696D94608
:10D2C000DAF804704FF0000B9AF803109AF8025045
:10D2D00005EB45046B1CA9424FEA0418DBB207EBCF
:10D2E000041460D09AF800209A4208BF00238AF8FC
:10D2F000023017F80820042A3AD9082A2CD8617875
:10D30000019801EB410300EB03161B01B078029377
:10D3100073781B1A13F0FF032CD1062A1CD199F83D
:10D320001B308B4250D007F808B0A36A84F802B0D3
:10D33000002BC9D0E16A002098479AF803109AF8A8
:10D340000250C5E7446A0421034601220420A44692
:10D350000DB0BDE8F04F604707F808B04FF001038B
:10D36000A370A36A002BAFD0E16A01209847ABE716
:10D370001D46ADE7052A1ED162684AB9A2683AB9CE
:10D38000E2682AB922691AB9626932F07F42E3D0B1
:10D39000012B29D00421D9F824404B46012208460C
:10D3A000A0478AF80250069A5245AAF1080300F0F5
:10D3B000E0809A4684E7012B00F0A480062AE9D198
:10D3C00099F81B308B42AED16168D9F814208B1AC2
:10D3D0001D0240F1BD80059B521A22F07F4293420C
:10D3E0008CBF9B1A0023B7E04846FFF79DFBB06057
:10D3F000D9F814E0049B059AA3EB0E0323F07F43B6
:10D400001344984240F2AF80C01A7368002B46D094
:10D41000A38A002B43D0013B9AB2A2827568F38B9A
:10D42000A84218D81BE0726ADFF8A4C28BB2A949DF
:10D4300051186145A0EB050006D902F1E87202F52A
:10D44000D43202F5A5720138316AF383521A72623E
:10D450008542A28A03D2934203F1FF31E3D89A4274
:10D460001CD9316A099706E0726201339BB2F383DB
:10D47000A28A9A4211D9726ADFF858C2944F0A44BC
:10D480009444BC452844EFD8A2F1E872A2F5D43206
:10D49000A2F5A57272620130E7E7099FB283636863
:10D4A000B16A0344B360A26873691344736129B11C
:10D4B0000B681BB1D4E901329B1A4B60049A714688
:10D4C0003046FFF763FBE268B3691344B361226936
:10D4D00093428CBF9B1A0023B361A37D1BB1F278EA
:10D4E00063F30002F270E37D13B1013B86F82C3048
:10D4F000DDE90121039B5354737862780392013371
:10D50000737010E7062A3FF40AAF4846FFF70CFB9A
:10D51000B378B060737099F81B2063789A427FF4F7
:10D5200002AF17F80830062B3FF44EAFFF2389F8FF
:10D530001B3017F80830062B3FF446AF082B3FF49A
:10D5400043AF0499D9F814208B1A1D023FF543AF5D
:10D55000059A23F07F431344D9F81C209A4288BFD0
:10D56000C9F81C30DFE6726913441B1A736100208E
:10D570004BE7DDE90A75CB469BF81860002D00F0FB
:10D580001781049B079ADBF800809B1A23F07F4ADF
:10D59000089BF51A18BF0125FF2E08BF2C465FD047
:10D5A0004FF00009CDF804900497DDF8149005952C
:10D5B00006EB460508EB05142D01A2684A4500F26A
:10D5C0006882019BA178E08B1344019363785B1A16
:10D5D000DBF81C108A4234BF891A0021A9EB02092A
:10D5E000AAEB020A24BF4FF0FF328BF81B20CBF8C6
:10D5F0001C10A16AA769DBB2002900F0CC800A6880
:10D60000002A00F0B480002F40F0B480022B00F01C
:10D610003B820022A26018F805208BF81820616870
:10D62000A26A002974D122B1127A02F00702012AFB
:10D6300052D03BB1012B00D020B1236A13B1616AF3
:10D6400001209847A37863709BF81860FF2EAFD134
:10D65000DDE90475089BFF2B0CBF2C4645F0010447
:10D6600003995846FFF704FBCDE90247DBF800A019
:10D67000CDF804B04FF0000C019B187EFF2800F09D
:10D68000398204464FF0FF0800E01C4604EB4403D7
:10D690000AEB03151B01A96A8E4629B10A7A02F02A
:10D6A0000702012A00F00B811AF80330FF2BA04675
:10D6B000EBD1DDE90247DDF804B0BCF1000F40F02A
:10D6C0009280089B834240F08E80002C7BD08EE0BD
:10D6D000592B177F5A2B17FFA378C4F80890637053
:10D6E000079B019ADBF814109A1822F07F4220461B
:10D6F000FFF74CFA039B08F8053063780396013373
:10D70000DBB263709BF81860FF2E7FF451AF9FE788
:10D7100022B1137A03F00703012BDDD0B4F81EE029
:10D72000BEF1000F40D1B4F81CE07046D4E908C344
:10D7300000220294BC4FBD4C6344DF19A74200F1A4
:10D74000FF300A4406D8A3F1E873A3F5D433A3F558
:10D75000A5730132441CEDD1029C94F82C706362D5
:10D76000002F00F08480A260A4F81EE0B8E7002F2C
:10D770003FF44FAF022B7FF44CAF00287FF449AF4A
:10D780000A7A02F00702012A3FF443AFCBF81C707B
:10D790008BF81B603DE7002F3FF43BAF022B7FF47B
:10D7A00038AF0028F2D034E7A37863700020BDE7DB
:10D7B00058460399FFF75CFA9BF81800089B8342D0
:10D7C0000ED19E420CD100238BF819309BF81A30F1
:10D7D000002B49D0DBF824405B4601220321B5E54C
:10D7E000FF2800F09281089BFF2B00F06B81DBF893
:10D7F000003000EB400003EB0013D3F80880B8F1D1
:10D80000000F59D009F06CF80A260446DBF81430F2
:10D81000E21A22F07F42904506F1FF3602F1030141
:10D820001AD941452CBF5B18434423F07F45284655
:10D83000DBF82830984709F053F8031B2D1B23F021
:10D840007F43023325F07F45AB4206D90EB1044633
:10D85000DCE700DE0446D9E7012700238BF8193006
:10D860009BF81A303B43B5D10DB0BDE8F08F92451F
:10D870007FF679AF6C48CDF8088006946B4C634412
:10D8800003EB00080137A0450A44BFB206D8A3F154
:10D89000E873A3F5D4330132A3F5A5739245EDD80F
:10D8A000069CDDF80880636277441FFA87FE5AE71A
:10D8B00070473D460597E9E48BF819808AE7AA6826
:10D8C000002A40F03A81D5F818B0BBF1000F06D11C
:10D8D0000A68002A00F03D818E464FF0040BDEE915
:10D8E0000029914580F0E380A2EB090C1AF803208F
:10D8F000FF2A00F0DC800199CDF81C80C969ACEBEF
:10D900000B000E1D0021CDE90594049099460F46A9
:10D910000846344613460BEB0708C4453FD303EBD8
:10D9200043030AEB03121B019668304404287FD995
:10D93000061F3E44664528BF66460BEB04018C4536
:10D940000ED3B0450CD8A969002900F08C809EF850
:10D950000810090700F18780B6EB0B0140F0BD808D
:10D96000916A21B1097A01F00701012971D0916909
:10D9700000296ED05268002A6BD0AA69074404318E
:10D98000CC19002A63D09EF808201207ACEB0B01DB
:10D9900000F1AA801AF803300020FF2BBBD14B46C0
:10D9A000DDE90648DDF814908944CEF804901AF8B1
:10D9B00003B0BBF1FF0F5A4618BF4FF0FF0C01D167
:10D9C000CDE0024602EB42000AEB00174FEA4209A3
:10D9D000BE688E424FEA001080F0C3801AF8000043
:10D9E000FF289446A1EB0601EBD1A960B8F1FF0F27
:10D9F00000F09F8008EB480109010AF801B04A4491
:10DA000012011AF802100AF803100AF80240EB8B10
:10DA1000013BEB839EF80830022262F302038EF88A
:10DA200008304FF0010C27E65A2B17FF592B177FB0
:10DA3000AE6996B19EF8086016F008063FF47DAF17
:10DA40009469049A074404343C44A242A2D3214678
:10DA5000A0E71AF8033000219FE7916907440431D9
:10DA600039440C4696E7002C3FF47AAFA6EB0B0640
:10DA7000A642FFF475AF4B46DDF814902246914460
:10DA8000DDE90648114690E700287FF4C2AD04277F
:10DA900076E64B46D21AA260059D9BF81830089A8C
:10DAA000049F93420CBF2C4645F00104D8E5CEF804
:10DAB00004901AF80330FF2B08BF00214FD0002339
:10DAC000AB60A4E708F00CFF044608F0E5FE40B99F
:10DAD0009BF81800CBF8144089E6A142FFF440AF50
:10DAE0005DE79BF8180082E60A460021ADE7FF23B8
:10DAF000039341E5029C9B46BCF1000F05D1089BB6
:10DB0000FF2B02D1002C3FF45EAE08F0D5FE044698
:10DB100000287FF458AECBF81C0008F0E1FE8BF82B
:10DB20001940CBF814009BF81A30002B3FF49CAE40
:10DB300050E6019981F818B061E700DEA96AD5F8CE
:10DB400018B08E46BBF1000F7FF4C9AE00297FF4F8
:10DB5000BFAE00DE4FF0040BD5F828E0BFE6A960A9
:10DB600055E7761ABCF1FF0FBE60A9603FF44FAFD6
:10DB70001AF803B062464FEA4C0937E7F8B5069E3B
:10DB80009DF81C50089CB8B9144F3A605A1E39725F
:10DB90007B727E60D2B273B106EBC2025460114652
:10DBA00012F808398E4203EB4300A5EB030304EBA4
:10DBB0000014DDB2F2D10DB10120F8BD099B3B622A
:10DBC0000A9B7B62FF240B9BBB623C7608F088FEBD
:10DBD0007D817861FC76FD612846F8BDA47F002038
:10DBE00040B9064B1A7EFF2A01D1187270476FF0B8
:10DBF0000F0070476FF01500704700BFA47F002032
:10DC0000044B2C2202FB0033187A003818BF012085
:10DC1000704700BFA47F002010B4074B2C2202FBEA
:10DC200000335C6A2CB1A446012210BC03210220FF
:10DC3000604710BC704700BFA47F002010B58AB0B9
:10DC40000C9C00940D9C01940E9C0294BDF83C40E9
:10DC50000394109C0494119C0594129C0694139CAC
:10DC60000794149C089400240994FEF7B3FF0AB0AB
:10DC700010BD00BF10B4BDF81040049410BCFEF7F6
:10DC8000A9BF00BF2DE9F047244DBDF82C809DF8B9
:10DC900030709DF83CE02C2404FB00556C6804EBCC
:10DCA000C10014F83190C478467804F1010C5FFA91
:10DCB0008CFCE14598BF4FF0000C66452AD04668C1
:10DCC00004EB44044FEA041906EB04144FF0050A70
:10DCD00006F809A06360089BA360099BE3600A9BA8
:10DCE00023610D9BA3620E9BE36202236270A4F882
:10DCF0001480A77584F817E0A37080F803C02B6A1E
:10DD00006E6A084698472B4600220421B047A07847
:10DD1000BDE8F0870120BDE8F08700BFA47F0020A8
:10DD200010B588B00A9C00940B9C01940C9C029442
:10DD3000BDF8344003949DF8384004940F9C05943A
:10DD4000109C069400240794FFF79CFF08B010BDB8
:10DD5000F8B5194E2C2404FB0066746804EBC1006E
:10DD600014F831E0C478457804F1010C5FFA8CFCBA
:10DD7000E64598BF4FF0000C65451BD0456804EBA5
:10DD800044044FEA041E05EB0414072705F80E703F
:10DD9000A362069BE36202236270A37080F803C053
:10DDA000336A756A08469847334600220421A8471B
:10DDB000A078F8BD0120F8BDA47F0020F8B51A4E68
:10DDC0002C2404FB0066746804EBC10014F831E0F5
:10DDD000C478457804F1010C5FFA8CFCE64598BFE5
:10DDE0004FF0000C65451DD0456804EB44044FEA34
:10DDF000041E05EB0414082705F80E706360069BEB
:10DE0000A362079BE36202236270A37080F803C0E1
:10DE1000336A756A08469847334600220421A847AA
:10DE2000A078F8BD0120F8BDA47F002008F058BDFF
:10DE3000401A20F07F40704701480021704700BF22
:10DE40001F410100022801D00120704738B5044667
:10DE500008461D4602F0C2FE10B10020287038BDF1
:10DE6000204638BD002303700B70704738B5054657
:10DE700000200C4602F0A2FC70B93DB9074B44B13A
:10DE800020681860A2889A80002038BD044B002CBE
:10DE9000F6D11C609C80F7E70C2038BDD87F0020AD
:10DEA000D07F0020012804D808B9034870470348F0
:10DEB00070470020704700BFD87F0020D07F00202F
:10DEC000012809D830B9064B186808609A888A80FA
:10DED00018467047034BF7E700231846704700BF0A
:10DEE000D87F0020D07F002010B5044607F082FACA
:10DEF00050B907F0BFFD60B908F0A8F870B9204626
:10DF0000BDE8104018F0F8BD00DE07F0B3FD0028B2
:10DF1000F2D000DE08F09AF80028F0D000DE2046AB
:10DF2000BDE8104018F0E8BD0860014818F0E4BDF5
:10DF3000E084002018F0E0BD2DE9F84F0B78072BA6
:10DF400084BF2C4B93F840309A42894683469246D0
:10DF50004DD0284D5C1CE4B235F833200280082CEB
:10DF600008BF0024002605EBC30301274FF0120869
:10DF700019E0012838D0C3F80480072C89F8004044
:10DF800088BF95F84040A24523D023B2013435F82C
:10DF90003310BBF80020E4B2082C08BF00249142E3
:10DFA00005EBC30315D15868B0B1FF28E1D9027958
:10DFB00002F00302013A012A12D912225A6002F039
:10DFC00025FE072C89F8004088BF95F84040A245FF
:10DFD000DBD13046BDE8F88F01365F60F6B2CCE7A2
:10DFE0000136F6B20122E9E70136F6B2C5E70026AE
:10DFF000EFE700BF0C8000202DE9F041324F3B8855
:10E00000984253D913F0FF0524D0DFF8C08098F868
:10E01000154098F814302E480134E4B2052C08BF9E
:10E020000024A34218D0FEF77BFB064629488EB198
:10E03000FEF776FB00283BD0066098F8153048F8CC
:10E0400023003B8888F81540013D013B15F0FF0592
:10E050003B80DED1BDE8F0813B88002BFAD0DFF8B1
:10E06000788098F8094000260134E4B2022C98F830
:10E070000830174808BF0024A342EBD0FEF750FB3E
:10E0800005461448002DE5D0FEF74AFBB0B16E609E
:10E09000056098F8093048F823003B8888F8094063
:10E0A000013B9BB23B80002BDED1D3E70546ACE7BA
:10E0B00030460749BDE8F041FEF748BB2846044911
:10E0C000BDE8F041FEF742BB70800020A082002036
:10E0D00074800020C0800020548000202DE9F84387
:10E0E0002F4B304F181D052224214FF00008A7F8B0
:10E0F0001880FEF7F1FA2C4B05220821181DFEF7B7
:10E10000EBFA97F818907C7E05260134E4B2062CD1
:10E1100008BF0024A145244813D0FEF701FB0546A3
:10E120001F4875B1FEF7FCFA002834D0C5F804800A
:10E1300005607B7E47F82300013E16F0FF067C76E3
:10E14000E3D11A4B0722181D4421FEF7C5FA184BDC
:10E150000922181D0821FEF7BFFA1548FEF7E0FA5C
:10E16000A8B1144A111FFEF729FB1148FEF7D8FA8F
:10E1700078B1114A111FFEF721FB104B0522FF2039
:10E180001A80FFF739FFBDE8F84306F029BD00DE2D
:10E19000E7E700DEEDE704492846FEF7D7FAD0E7C7
:10E1A000E48200209C830020B8820020C0800020F0
:10E1B000748000206C80002064800020708000202B
:10E1C0002DE9F0417B4D7C4E86B004AA02A90DF1E9
:10E1D000070003F0DBF80446D5E9000103AAFEF7C7
:10E1E00005FB074650B3039B002B6AD0187804AA9E
:10E1F00002A903F0E3F8039B0446002840D0049AE8
:10E20000BDF808101F78ADF80A10059203F0E8F881
:10E210002146059ABDF80A0003F016F9204603F0DE
:10E22000A9F805AA0DF10A01384603F0C7F804461B
:10E230000028EBD1306818F05FFCC6E7002C3DD019
:10E24000049B05939DF80770BDF80830ADF80A30BF
:10E2500003F0C6F82146059ABDF80A0003F0F4F869
:10E26000204603F087F805AA0DF10A01384603F0AD
:10E27000A5F804460028EBD1306818F03DFCA4E76F
:10E2800005931B79013B2C2B1ED8DFE803F01F32CE
:10E29000741D1D1D1D1D1D1D1D1D1D1D1D1D1D1D57
:10E2A0001D1D1D1D6A1F1D1D1D1D1D1D1D1D1D1D4F
:10E2B0001D1D1D1D1D1D1D1D1D1D1F0006B0BDE8C2
:10E2C000F08100DE039B91E700DE7EE73949686854
:10E2D0000022FEF793FA394B059993F841303846FE
:10E2E0000B70374AFEF778FA334B186818F004FCC5
:10E2F0006BE7304968680022FEF780FADDF8148089
:10E30000D8F8084034B12378002B50D02378013B53
:10E31000DBB2237098F80C3013B1012B41D000DE32
:10E32000284A002388F80C30537E117E0133DBB27B
:10E33000062B08BF0023994237D0C8F80070517EE1
:10E3400042F821805376002C3FF43FAF2378002B16
:10E350007FF43BAFA368002B3FF437AFE0689847EA
:10E3600033E7144968680022FEF748FA05993846F1
:10E3700002F094FE29E705A9384602F0ABFE0D49EC
:10E3800068680022FEF73AFA059900293FF41DAFAC
:10E390000B792E2B3FF419AF084B384693F84130D8
:10E3A0009EE74046F2F750FBBAE700DECBE700DE1F
:10E3B000ACE700BF68800020DC8400200C800020D7
:10E3C000648000209C83002030B5244B244C87B00F
:10E3D000186008F053FA2378002B37D02149224ADD
:10E3E000224D05954FF0050C81F808C0204C049291
:10E3F000204A0220CDE9022404230D24CDE9001493
:10E400001D4A087408760B7000200621FFF7B6FB42
:10E4100008BB01220021194830F059FC06F04CFFDE
:10E4200008B107B030BDFFF759FE07F00BFB00281D
:10E43000F7D102F08DF90028F3D107F0FBFD002899
:10E44000EFD107B0BDE8304002F0D2BDFEF7E6F9EB
:10E4500001232370C2E700DEDBE700BFDC8400207D
:10E460000EAB00206887002019720100B97201000C
:10E47000F9710100F884002088870020E0840020E2
:10E4800030B587B002F06AF978BB02F0B7FD88BBFF
:10E490001B481C491C4A1D4B0024A0F84040A1F811
:10E4A000204194821C8101222146684630F00FFCF5
:10E4B000174B2246214603206D46C3F808D0FEF7CD
:10E4C00005FAC8B94FF0FF324FF0FF33284618F075
:10E4D0004FFB02F049F988B9FFF700FE0021012047
:10E4E00007B0BDE83040FFF7C1BC00DE02F086FD9A
:10E4F0000028CDD000DECBE700DEE3E700DEEBE76F
:10E500000C800020B8830020A082002054800020CE
:10E510003006002008B5FFF7B3FF06F015FF00B185
:10E5200008BDBDE80840FFF75BBB00BF2DE9F04325
:10E530002A4D2B4F83B0804689460023C8F800300F
:10E5400095F84140D7E9000101AAFEF74FF90646C8
:10E5500090B3019B23491A784846FFF7EDFC80BB36
:10E5600095F840308DF8013095F8412004460DF1C2
:10E5700001010DF10200FFF7DFFC44EA000212F096
:10E58000FF02F1D1019B1979012920D13946786820
:10E59000FEF734F914493046FEF7D8F8134A1388C9
:10E5A000042B11D80198124901331380FEF7CEF8DD
:10E5B0000120FFF721FDC0E70A4922464846FFF740
:10E5C000BBFC03B0BDE8F08300DE1388EAE7104629
:10E5D000C8F8003003B0BDE8F08300BF0C80002015
:10E5E000608000204C80002074800020708000201B
:10E5F000C080002030B5324983B0002348680193C1
:10E6000001AAFEF7FBF8002851D02E49FEF79EF82C
:10E61000019A13792D2B1DD8DFE803F01F1C1C1F56
:10E620001C1C1C1C1C1C1C1C1C1C1C1C1C1C1C1C2A
:10E630001C1C1C171F1F1F1F1F1F1C1C1C1C1C1C0D
:10E640001C1C1C1C1C1C1C1C1C1F137F3C2B19D0CD
:10E65000537F33B900DE03B030BD002BFAD003B0D6
:10E6600030BD93681C68A06D20B100231649A365D6
:10E67000FEF76CF894F85E3023F0010384F85E3006
:10E6800003B030BD9368D3E9004595B100225A60CC
:10E69000EB6D93B905F1500105F14C00FEF792F8CE
:10E6A000034640B12868EB6502F07EFAE2E700DE3F
:10E6B000ABE700DEEAE700DEF4E700DEEAE700BFF2
:10E6C0006080002074800020C0800020F8B50468BD
:10E6D00006460CB3314D2046246803792D2B18D8FB
:10E6E000DFE803F02717172717171717171717173C
:10E6F0001717171717171717171717213327272754
:10E700002727171717171717171717171717171779
:10E71000172700DE002CDED100233360BDE8F8406F
:10E72000FF20FFF769BC037F3C2B25D013B100DE2F
:10E73000037953B32B88042B24D8013318492B8039
:10E74000FEF704F8002CC6D1E6E7C0880028E1D126
:10E7500002F038FA0746D0B1FB6ED3B907F1600179
:10E7600007F15C00FEF72EF8A8B1F866384602F013
:10E770001BFA002CAFD1CFE70949FDF7E7FF002CCA
:10E78000A9D1C9E700DE2B88D7E700DED2E700DE9B
:10E79000E2E700DEE2E700DEE7E700BF708000208E
:10E7A000C08000200148FDF7BBBF00BF748000207F
:10E7B0000149FDF7CBBF00BF748000200148FDF781
:10E7C000AFBF00BFC08000200149FDF7BFBF00BF41
:10E7D000C0800020034B044A93F841300B70FDF7D2
:10E7E000FBBF00BF0C8000206480002008B5064BF2
:10E7F000064A93F841300B70FDF7EEFF044B1868A2
:10E80000BDE8084018F078B90C8000206480002032
:10E81000DC8400200B490A7A4B7A9A420AD8A3EB8F
:10E82000020C5FFA8CFC604509D89A4207D051F877
:10E830002200704702339B1ADBB29842F7D90020BE
:10E84000704700BF54800020074A117A537A8B42E8
:10E8500008D04B1CDBB2022B08BF002352F821006A
:10E8600013727047002070475480002000B50D4A95
:10E8700092F841C092F840E00CF10103DBB2082BA2
:10E8800008BF00239E4509D022F83C0002EBCC0CC7
:10E89000CCF8041082F841305DF804FB00DE002360
:10E8A0001B80FFDE0C8000200022042302700B700E
:10E8B000704700BF002208B51146044B0120FEF747
:10E8C00005F800B908BD00DE08BD00BF2006002025
:10E8D000022810B50C4602D00B68022B07D0044862
:10E8E0004FF0FF324FF0FF3318F042F9206810BDAF
:10E8F000E084002004490A680AB1104670470246C5
:10E9000008601046704700BF08800020044A136862
:10E9100023B1984206BF00211160002318467047BA
:10E9200008800020014B1868704700BF0880002055
:10E9300004490A680AB1104670470246086010464A
:10E94000704700BF50800020044A136823B19842EA
:10E9500006BF002111600023184670475080002038
:10E96000014B1868704700BF5080002070B50568E3
:10E970002B7886B0EBB1044601220021684630F0C6
:10E98000A6F90D4B6E46C5E902362B788BB10B4BC1
:10E990000022114603209C60FDF798FF38B94FF420
:10E9A00000420023304618F0E3F806B070BD00DEE8
:10E9B000F5E76FF07700F8E735DF0000100600207C
:10E9C000F0B5244E336885B00C461746002B36D080
:10E9D000994215D10223039303AB0246009303210E
:10E9E0001D4B0020FFF7B4F9022805460CD0039B0D
:10E9F000022B09D195B133680BB19C4221D014B3DD
:10EA00006FF02D0005B0F0BD14484FF0FF324FF00D
:10EA1000FF3318F0ADF8039D002DECD13846FFF719
:10EA2000A5FF33680BB19C4210D0002CE8D1002820
:10EA3000E8D010F1780F08BF002005B0F0BD3160BC
:10EA4000C8E7002333606FF07700DBE7356000280C
:10EA5000D8D0EEE70880002029DF0000E084002005
:10EA60000B490A7D4B7D9A420AD8A3EB020C5FFA50
:10EA70008CFC604509D89A4207D051F822007047B3
:10EA800005339B1ADBB29842F7D90020704700BFCC
:10EA9000A0820020074A117D537D8B4208D04B1C79
:10EAA000DBB2052B08BF002352F821001375704715
:10EAB00000207047A082002038B50C46054602F0C1
:10EAC0005FFC207021462846024ABDE83840FDF729
:10EAD00083BE00BF6C8000200122024B1146002043
:10EAE000FDF7F4BE0006002070B50C46054602F0A6
:10EAF00047FC21462070064A2846FDF76DFE01229C
:10EB0000BDE87040034B11460020FDF7DFBE00BF9B
:10EB10006C800020000600202DE9F0431A4D9DF87E
:10EB20001C8095F821C10CF1010E5FFA8EFEBEF13A
:10EB3000090F994695F8203108BF4FF0000E734534
:10EB40001DD0144605EB4C1CE36807460E461068C2
:10EB50005168926864460FC49CF81C30CCF8186069
:10EB600008F0010823F0030343EA0803CCE9049703
:10EB70008CF81C3085F821E16046BDE8F0834FF049
:10EB8000000C6046BDE8F083B8830020054890F88B
:10EB9000203190F821219A4214BF00EB431000204D
:10EBA000704700BFB883002001460B480A7890F8F0
:10EBB0002131082A84BF90F820210A70934208D09E
:10EBC000531CDBB2092B08BF002300EB42100B7073
:10EBD00070470020704700BFB88300202DE9F04F38
:10EBE0003D4E96F8203196F8212187B09A42029046
:10EBF0003ED04FF00008CDE9048806EB43130B2408
:10EC0000CDF80C80C346C2461D7FD3F80090DF6864
:10EC1000C5F3400205F00105002C4DD0013CE4B2E3
:10EC20004AB396F8211196F82031994220D0013349
:10EC3000DBB2092B08BF0023994286F8203117D098
:10EC4000590106EB4313002ADED1D86805BBBAF19F
:10EC5000000F33D0BBF1000F36D01A7F9707D3D106
:10EC60005045725834D05845CED105998A42CBD1FF
:10EC700007B0BDE8F08F194902988B600B4611462A
:10EC80000192FDF723FE019A0028CAD000DEC8E7F2
:10EC9000039ABAB1B8F1000F08BFB8461A7F9507BA
:10ECA000B2D4D207DCD5BBF1000FADD1039A8242BA
:10ECB000DED08045A8D1DBE700DEAFE7BA46CDF86D
:10ECC0001090EBE70397E9E7BB46CDF81490E5E732
:10ECD00004998A42C7D1CBE7B8830020F005002011
:10ECE000054B1A7E597E914204D053F8220010B190
:10ECF0000C307047002070479C83002070B5134A89
:10ED0000117E537E8B421ED04B1CDBB252F8214049
:10ED1000062B08BF002313769CB10223002526682A
:10ED200023712560A06002F02BFB094A2070214668
:10ED30003046FDF751FD0122064B11462846FDF7EE
:10ED4000C5FD204670BD0024FBE700BF9C8300206A
:10ED50006C8000200006002010B582B00024049BC7
:10ED600093F80AC02CF0020C83F80AC0CDE90044E5
:10ED700006F070FC02B010BD10B50346007F1A69A2
:10ED80009969012482B02040CDE90004586906F059
:10ED900061FC08B902B010BD7730FBD000DEF9E7A6
:10EDA000CB681A78042A02D15B78052B03D003695B
:10EDB0001B6813B118470020704710B50846F6F7D6
:10EDC0000DFA6FF07F0010BD2DE9F0410B8A82B083
:10EDD000002B5DD0074601F10C000C4625F08AFAA5
:10EDE0000128054623D002280BD02C4A2C482B465C
:10EDF000012124F015FF6FF01506304602B0BDE882
:10EE0000F08101A9204600F05BFE0199064679B326
:10EE10003846FFF7C5FF064610B3224A204833465E
:10EE2000012124F0FDFE0198F6F7D8F9E5E700236B
:10EE300001A92046019300F0A3FA804680B1014663
:10EE40003846FFF7ADFF0646C0B9019D45B12846DB
:10EE500001F066F903466B71134801992FF0CEFE5D
:10EE60002046F6F7BBF90026304602B0BDE8F08137
:10EE70000028F5D0304602B0BDE8F0810B4A0848C2
:10EE80003346294624F0CCFE4046F6F7A7F9B4E70E
:10EE9000074A0348012124F0BAFEACE72CA804007D
:10EEA000C8A00400FCA70400AC88002018A8040037
:10EEB000E8A7040008B5FFF72DFB38B90448F5F7BB
:10EEC0006BFE0448F5F768FE002008BD00DEF5E79C
:10EED000F81E0020801F0020F0B5064683B014E025
:10EEE0004FF0FF324FF0FF3300211320F8F7F0F816
:10EEF000BDF802100546224601F0FAF829463046D0
:10EF0000FFF74EFF40BB30F06AF80DF1020101A897
:10EF1000FFF70CFB04460028E2D1019BA3B1FFF7E9
:10EF200069FB019F384601F0FBF8019D78716B7910
:10EF3000032B02D12B79182B10D0184829462FF01B
:10EF40005DFE019B002BE0D14FF0FF324FF0FF330D
:10EF5000134817F00DFED8E700DED4E721464FF046
:10EF6000FF324FF0FF330520EF88F8F7B1F839464C
:10EF70000446024605F11C0000F02AFE384600F067
:10EF800047FE3CB121463046FFF70AFF20B9204634
:10EF9000F6F724F9019DD0E700DEF8E7AC88002001
:10EFA000C8880020F0B5054689B023482FF0E6FD5B
:10EFB0004FF0FF32002121482FF089FE1F48FFF754
:10EFC00003FA044670BB01F0C1F8002600276FF079
:10EFD0000903CDE90334CDE90667CDE90144184BB7
:10EFE000184900954FF4E072174818F0B1F9174925
:10EFF00015482FF0D0FF6FF00702CDE90324CDE9CB
:10F000000667CDE90144124B124900954FF4607236
:10F01000114818F09DF911490F482FF0BCFF204608
:10F0200009B0F0BD0E4A0F482346012124F0F8FD37
:10F03000204609B0F0BD00BFAC880020C888002081
:10F04000D9EE0000C8DA0020F81E002060A80400F5
:10F0500069F0000088DC0020801F002070A80400F8
:10F0600040A80400C8A00400F0B5064683B00027FD
:10F0700037484FF0FF324FF0FF3317F009FD0028FB
:10F08000F6D043790190042B35D8002B49D0022BC0
:10F090004ED04FF0FF324FF0FF330220F8F700F868
:10F0A00004460198002C4DD0214600F0E1FD019B63
:10F0B00001A81F60FFF70AFB204625F091F80546DE
:10F0C0002146002025F0B6F82B8A012B044629465C
:10F0D00030460CD933691B6833B1984738B92FF0E3
:10F0E0007EFF002CE8D1C3E72846F6F777F82846DC
:10F0F000F6F774F8F3E7052B13D14FF0FF334FF019
:10F10000FF320820F7F7CCFF04462146019800F0B3
:10F1100087FD019B01A81F60FFF7D8FA002CCBD117
:10F12000A6E700DE019B01A81F60FFF7CFFA9FE76B
:10F130000022002301210020F7F7CAFF04460198AE
:10F14000002CB1D1046001A8FFF7C0FA90E700BF1E
:10F15000AC88002008B518F019FC05482FF01BFDFD
:10F1600003482FF00BFDBDE8084018F023BC00BF9A
:10F17000AC8800202DE9F0411A4C6468A40004D545
:10F180001646194A1268120701D4BDE8F08103F14E
:10F190000C0405460F462046022125F062F840F691
:10F1A0003E4303800121204625F05BF803460422FC
:10F1B00020461A700B2125F054F80570A0F8016064
:10F1C0003DB97B68BA68C0F80720C0F80330BDE8D5
:10F1D000F0814FF00008C0F80380C0F80780BDE858
:10F1E000F08100BF5802002050020020F0B5013825
:10F1F00087B0144611280AD8DFE800F023405609EA
:10F200000968097A99AC090909090909090D6FF01A
:10F21000150007B0F0BDCB68DA789978188805F04A
:10F22000CBFC554B06460121188826F084F90121B4
:10F2300005460C3025F015F806702560002007B053
:10F24000F0BD4D4B0D21188826F075F90D21206079
:10F250000C3025F006F84FF4806200234FF00214C2
:10F260000421A0F8052063220370C0F80140C17199
:10F27000037242728372C3720373DFE73E4B412114
:10F28000188826F058F9412120600C3024F0E9FF5D
:10F29000002104463E2200F8031B3AF0C6FB40F270
:10F2A000A733A4F80130C9E7334B0921188826F0A9
:10F2B00042F9092120600C3024F0D3FF03460022DC
:10F2C00003F8012BC0F801205A60B7E7C968002095
:10F2D000FEF7CCFD284B0121188826F02CF90121DE
:10F2E00005460C3024F0BDFF002303702560A5E720
:10F2F000224E214F0FCE01AD0FC5336838882B80C9
:10F30000132126F018F9132120600C3024F0A9FFF6
:10F310000446002301AE04F8013B84460FCE2D883D
:10F32000CCF801006160A260E360258286E7124BA1
:10F330001821188826F0FFF8182120600C3024F0DE
:10F3400090FF00230446012100F8023B07F01CFA5D
:10F35000607073E7084B2121188826F0ECF8212112
:10F3600020600C3024F07DFF0146002301F8113BA2
:10F37000013007F059FA61E76CA90020A4A8040045
:10F380002DE9F041038A8AB00022022B059240F257
:10F390001181054603210C3024F0A4FF2A8A8378CA
:10F3A0009A42C0F011810288CA4EC2F38523082B0D
:10F3B000328090B2C2F3090409D89BB1013B072BFC
:10F3C00010D8DFE803F0EA0FCBB10F0F0F153F2B7A
:10F3D00008D105AA29462046FFF708FF163040F05D
:10F3E0006383308801210AB0BDE8F04126F0B5B84A
:10F3F000621E4A2AF6D801A353F822F04BF9000006
:10F400002BF90000E3F80000E5F30000D9F8000054
:10F41000E9F90000D1F90000C5F90000B9F90000D0
:10F42000AFF90000E5F30000E5F30000E5F30000AC
:10F43000E5F30000E5F30000E5F30000E5F300006C
:10F44000E5F300008DF90000E5F3000065F9000028
:10F4500057F900007FF8000061F80000E5F30000B4
:10F4600057F8000047F8000029F80000E5F3000015
:10F47000E5F30000E5F3000009F80000D5F700000F
:10F48000E5F30000E5F30000E5F30000E5F300001C
:10F49000E5F30000E5F30000E5F30000E5F300000C
:10F4A000E5F30000E5F30000E5F30000E5F30000FC
:10F4B000E5F30000E5F300007FF700004BF70000E4
:10F4C000FDF60000E5F30000E5F30000E5F30000C1
:10F4D000E5F30000E5F30000E5F30000E5F30000CC
:10F4E000E5F30000E5F30000E5F30000E5F30000BC
:10F4F000E5F30000E5F30000E5F30000E5F30000AC
:10F50000E5F30000E5F30000E5F30000E5F300009B
:10F51000E5F30000E5F30000E5F30000E5F300008B
:10F52000E5F30000B9F80000621E082A3FF65AAF62
:10F5300001A353F822F000BF67F6000017F60000A1
:10F54000F3F50000E5F30000E5F30000E5F300004B
:10F55000E5F30000E5F30000D5F50000632C00F0B2
:10F56000658200F24F82032C00F091802D2C00F078
:10F570006082012C7FF436AFEA68574B11685268FD
:10F5800019605A60012125F0D6FF012105460C3093
:10F5900024F067FE0023037012E0062C00F03E8288
:10F5A0001D2C7FF41FAFEB68188801F03FFC01466B
:10F5B000308818E7494A4A48012124F028FB0025F1
:10F5C00028460AB0BDE8F081464A4548012124F0AA
:10F5D0001EFBF4E7072125F0AEFF072105460C309E
:10F5E00024F03FFE0146002001F8010BFEF768FC05
:10F5F000E6E7092125F09FFF092105460C3024F09C
:10F6000030FE0346002203F8012B6021C0F80120E0
:10F610005A604171D4E7412125F08DFF4121054613
:10F620000C3024F01EFE002104463F2200F8021B8D
:10F630003AF0FBF9C0220423A2714FF40A72E3727C
:10F64000A4F80F20E375202243F2300326496270AC
:10F65000A4F8213070228023C4F81A1084F82420E2
:10F6600084F82730ACE7092125F065FF092105461C
:10F670000C3024F0F6FD4FF4506100231B4A01804A
:10F680000D218370C3700171C0F8052098E7124BFB
:10F69000174A4FF0FF3041F6FF71C3E90001154BE7
:10F6A00000200021C2E900011F200021C3E9000160
:10F6B000FEF7E6FE3088012125F03DFF01210546D9
:10F6C0000C3024F0CEFD00230B4A03701360FFF7CB
:10F6D00041FD75E76CA9002058020020B8A804007D
:10F6E000C0A00400D0A80400F703F40EF105FFFF4A
:10F6F0000820002050020020E0880020EA6894786A
:10F70000D1781788B2F80550E30744BF41F00301F0
:10F71000D170A407137940F1BC8143F00303137146
:10F7200043EA0102032A40F0C1814A0700F0BA818E
:10F7300015F003021CBF05F1FF3505F00102384644
:10F7400001F0C0FB014630884DE6EB681A78D1071E
:10F750004ABF07205878587092074ABF0721997806
:10F76000997001F0A5FB04460121308825F0E3FEE5
:10F77000012105460C3024F074FD047020E7EB688D
:10F7800005211E8825F0D7FE052105460C3024F002
:10F7900068FDB7B20446021DE11C384601F068FB63
:10F7A000E37822792070002B93FAA3F3B3FA83F362
:10F7B00008BF4FF0FF330133E370002A92FAA2F33F
:10F7C000B3FA83F308BF4FF0FF330133A4F80160AD
:10F7D0002371F5E6EA68178892780023CDE90233B1
:10F7E000CDE900330221B8B201F060FA04460321EA
:10F7F000308825F0A0FE032105460C3024F031FDB1
:10F800000470A0F80170DBE6E96800220F884B88DD
:10F81000039208890290C888019089880091B8B243
:10F82000022101F043FAE1E7092125F084FE0921D4
:10F8300005460C3024F015FD9D499E4A01600023C9
:10F8400042600372BCE6EB681F8800220621B8B252
:10F8500005F0A0F9CAE7EA68002132F8027BF6E772
:10F86000092125F068FE092105460C3024F0F9FC39
:10F87000002300F8013B082105F08EFDA0E6E868B2
:10F88000002306AA00F1100107F042FD3088112183
:10F8900025F051FE112105460C3024F0E2FC06460D
:10F8A000002306F8013B06AC07460FCCC7F8010061
:10F8B0007160B260F36083E6032125F03CFE032112
:10F8C00005460C3024F0CDFC0146002301F8023B34
:10F8D0000130FEF7C7FA73E6E9680120FEF7C6FAC1
:10F8E00041E7092125F027FE092105460C3024F0C7
:10F8F000B8FC0346002403F8014BC0F801405C60EB
:10F900000646FEF799FA234661F30703C1F307227F
:10F9100062F30F23090C61F31743090A61F31F63B4
:10F92000C6F80100C6F805304AE6042125F003FEBA
:10F93000042105460C3024F094FC00231B210322F3
:10F94000037041708370C2703AE6EA685A4B1168DE
:10F950005268196015E6EB68188801F045FA01460F
:10F96000308840E5EB6808211E8825F0E4FD082179
:10F9700005460C3024F075FCB7B20446C11C38466D
:10F9800001F0D8F9A4F80160207019E6E9680022B6
:10F990004B88088803920C890294CC88019489884A
:10F9A0000091114601F082F9014630881BE5EB68B1
:10F9B0001878F0F7D1FDD6E6E96811F8010B00F0F0
:10F9C000DBFFD0E6E96811F8010B00F067FFCAE63B
:10F9D000022125F0B0FD022105460C3024F041FC47
:10F9E000002303704370EBE5EC68A57BA379627993
:10F9F000217920880295657B01950734009400F0F9
:10FA0000CDFDB0E67B2C2CD07C2C7FF4EBACEB68EE
:10FA10001F885988B8B201F0BBFAE7E6EB6899781D
:10FA2000188801F0ABF901463088DCE4EA68234B22
:10FA30008DE7EB6804211E8893F8028025F07BFD9A
:10FA4000042105460C3024F00CFCB7B20446C31C5C
:10FA5000424639460220FEF7F5F9A4F8016020700D
:10FA6000AEE5EB681F8806A9B8B201F05FFA052180
:10FA70000446308825F05FFD052105460C3024F052
:10FA8000F0FB0470A0F80170BDF81830A0F8033046
:10FA900096E541EA0302032A08D84C0702D05A0728
:10FAA0007FF446AE12219EE4059D89E511219AE47A
:10FAB000008FCC30ECC00100500200200820002054
:10FAC0002DE9F04700230B60038A032B2DD905464F
:10FAD00088460C30042124F005FC2B8A4688B0F8B7
:10FAE0000090B34232D31B2E2AD801F089F84FEA96
:10FAF0001937BA460446002837D05FEA9A0A19D166
:10FB0000E7B1012F16D12379667167F301032371E1
:10FB1000E9683246E01D39F061FF2146C9F30B0068
:10FB200001F07AF8C0B9BDE8F087224A22480121E5
:10FB300024F06DF86FF01500BDE8F0870227E2E7CA
:10FB40001E4A1D48012124F062F8F3E71C4A1A48B6
:10FB5000012124F05CF8EDE71A4A1748012124F04E
:10FB600056F8204601F052F8E4E7174A12480121FE
:10FB700024F04DF8154B1B689B0117D54FF0FF3251
:10FB80004FF0FF330220F7F78BFA0221C8F800008C
:10FB90000C3024F066FB4FF48D730380D8F800001E
:10FBA00001210C3024F05DFB012303706FF068002D
:10FBB000B9E700BFF0A80400C0A0040024A9040015
:10FBC00004A9040054A9040040A90400580200201C
:10FBD000F8B50E4B1B68DB0600D4F8BD02F10C042F
:10FBE00006460D462046022124F03BFB034640F228
:10FBF00005421A802046042124F033FB00270770B9
:10FC0000A0F801503278C270F8BD00BF5802002041
:10FC1000024A1368013B1360704700BFE088002070
:10FC2000037F03F00303013B012B01D900DE704782
:10FC300070B5044601F10C0528460421E68824F03D
:10FC400010FB237F03F00303022B0CBF46F4005686
:10FC500046F480560680637F4380617F284624F007
:10FC600000FB627F04F11F01BDE8704039F0B6BEB1
:10FC70002DE9F04184B090F804C0C588BCF1030FB1
:10FC800004AF044600F11C060BD0ACF1170CBCF11C
:10FC9000060F00F2FE80DFE80CF01A4C7E546BAACF
:10FCA000C900C37F033B0E2B00F2F380DFE813F0A3
:10FCB0004D01F100F10021013B01F1004601F1008D
:10FCC000F100F100AE01F1007501F100A601F007AD
:10FCD00000F10182C34B5B689A004FF000062DD5FE
:10FCE000C14B1B68DB0729D594F81C80B8F1000FC5
:10FCF00000F0B48101F10C042046022124F0B1FA95
:10FD000041F23E3303800121204624F0AAFA012368
:10FD100003701221204624F0A4FAC0F80160C0F854
:10FD20000560C0F80960C0F80D60467480F8008076
:10FD300004E00A4630462946FFF74AFFBD46BDE8C3
:10FD4000F081A84B5B681E044FF00004F6D501F16A
:10FD50000C063046022124F084FA4FF44C730380E1
:10FD60000321304624F07DFA0470A0F80150E5E745
:10FD70009E4B1B681802E1D501F10C0420460221BC
:10FD800024F06FFA40F2572303800221204624F02A
:10FD900068FA0580D2E7934B5B689800CED5924B0A
:10FDA0001B685A07CAD501F10C084046022124F00D
:10FDB00058FA40F63E2303800121404624F051FAD0
:10FDC000032303700921404624F04BFAF30700F1A6
:10FDD0008481237F0370A0F80150E38BA0F80330E7
:10FDE000238CA0F80530638CA0F80730A6E77D4B84
:10FDF0005B689A00A2D57C4B1B681B039ED501F162
:10FE00000C063046022124F02CFA40F23E430380D7
:10FE10000121304624F025FA1423037003213046D3
:10FE200024F01FFA0580237F837087E76D4B5B68A2
:10FE30009E0003D56C4B1B6818052CD4627FA37FF2
:10FE400094F81CC0002A92FAA2F2B2FA82F208BF19
:10FE50004FF0FF32002B93FAA3F3B3FA83F36E460D
:10FE600008BF4FF0FF338AB0511C013304A802468B
:10FE7000436206245E4B8561C0E907C1436142F8D5
:10FE8000104F5C4800234FF44251F3F735FDB5465F
:10FE900054E700DE52E701F10C063046022124F05F
:10FEA000E0F940F23E6303800121304624F0D9F9A5
:10FEB0000C2303700521304624F0D3F9237F03700F
:10FEC000A0F80150627F002A92FAA2F3B3FA83F3FA
:10FED00008BF4FF0FF330133C370A27F92FAA2F341
:10FEE000002AB3FA83F308BF4FF0FF3301330371E5
:10FEF00024E73C4B1B681E064FF000047FF51EAF45
:10FF000001F10C063046022124F0ABF94FF4816375
:10FF100003800421304624F0A4F901230470A0F8E2
:10FF20000150C3700AE790F820300E2B00F0CC800F
:10FF3000314A3048022123F073FEFFE60B462A4681
:10FF400031460020FFF716F9F8E6264B5B689A0069
:10FF50007FF5F4AE244B1B68DB067FF5EFAE01F1B5
:10FF60000C063046022124F07CF940F63E53038013
:10FF70000121304624F075F9052303700C21304629
:10FF800024F06FF9034623F8025B216A626AC0F825
:10FF900002105A60238D4381D0E6124B5B689A00B1
:10FFA00051D5114B1B689B064DD501F10C0630460F
:10FFB000022124F056F940F63E33038001213046F9
:10FFC00024F04FF9062303700A21304624F049F942
:10FFD0000580238C4380638C8380A38CC380E38C57
:10FFE0000381ABE6580200205002002008200020C8
:10FFF00068A90400C0A0040094A9040090F820306F
:020000021000EC
:10000000374A3848022123F00BFE97E6364B1B682F
:1000100018067FF593AE01F10C063046022194F8E4
:10002000204024F01EF94FF4816303800421304600
:1000300024F017F9002C08BF1F2400230470A0F837
:100040000150C3707AE60023CDE90233CDE90033D5
:100050001A220221284600F029FE6FE6234A13687F
:1000600001F10C06013302213046136024F0F9F847
:1000700041F23E3303800121304624F0F2F801239F
:1000800003701221304624F0ECF880F80080A0F8CC
:100090000150637FC370A37F03F001030371D4F8A1
:1000A0001F30C0F80530B4F82330A0F80930E38CD5
:1000B000A0F80B30238DA0F80D30638DA0F80F3021
:1000C00094F82C30437439E60B462A4600211A2056
:1000D000FFF750F832E600DEFCE500DE79E600BF0F
:1000E000A4A90400C0A0040058020020E088002059
:1000F00070B500F10C040E4620460221154624F08E
:10010000B0F840F2135303800521204624F0A9F8EB
:1001100001230370A0F80160A0F8035070BD00BF78
:100120000379032B09D0172B05D0183B052B8CBF67
:1001300000200320704701207047037F03F0030372
:10014000032B14BF05200420704700BF0B4B0C4A43
:100150000C4930B44FF0FF3441F6FF75C3E9004558
:1001600000240025C2E900451F240025C1E90045FF
:10017000054B00221A6030BCFEF7ECBF580200208D
:100180000820002050020020E088002000B583B045
:100190000E4B05990E4ACB1AA2FB032313F47F5F83
:1001A000C3F387120DD1023200910A4BD2B2012162
:1001B0000020FDF7CDFD10F0FD0F04D103B05DF878
:1001C00004FB00DEEFE700DEF8E700BF088900204F
:1001D000ABAAAAAA6D02010010B402680446506DD1
:1001E000B8B1916D00235365D1B1002393651722F7
:1001F0000A714FF6FF72CA8001F11C02CB610B62DB
:100200004B628B6213823C230B778C6010BCFEF731
:10021000EDBA00DE916D506D002353650029E4D1E5
:1002200000DE916DE1E700BF0E4A0F4B12781A70A5
:1002300000B9704710B54B7F01EB830382B01B6A96
:1002400001911C78FEF76EFB0199814201D102B049
:1002500010BD14F00E0F02D14B69002BF7D000DE59
:10026000F5E700BF10AB00200FAB002000B17047D6
:10027000064B10B502460C46022001219C60FCF79B
:1002800025FB00B910BD00DE10BD00BF60060020D8
:1002900003788BB110B50C4B00F1100199608268A6
:1002A0007AB90A4C084B0022C0E9024111460120EC
:1002B000FCF70CFB18B910BD1030FFF78DBF00DE46
:1002C00010BD00DE9968ECE750060020D90101005E
:1002D00038B5134C6569EB6DB3B905F1500105F103
:1002E0004C00FCF76FFA0346C0B1EB65286800F0DC
:1002F0005BFC0025A06D6561FEF766FA606DA56583
:10030000FEF756FA656538BD00DE05F1500105F1CE
:100310004C00FCF757FA03460028E6D100DEE4E77C
:100320000889002030B52F4C94F85E30D90785B08D
:1003300034D5636953B193F82C2042F0020283F85C
:100340002C20636993F82C30DA073DD42548FEF75A
:10035000D1FA84423BD1237EDB0703AD21D40222B4
:100360000321214B009500200392FDF7F1FC294663
:10037000FEF7AEFA18BB1D48FEF7F8FA48BB19485D
:10038000FEF7C4FA844228D163690BB1FFF7A0FFDE
:1003900094F85E3023F0010384F85E30002005B04D
:1003A00030BD02210391104B009503210122002052
:1003B000FDF7CEFC2946FEF78BFA0028CFD009487E
:1003C000FEF7A4FA84420AD10C2005B030BD00DE4D
:1003D000C1E77830D3D000DED1E700DED4E700DE1D
:1003E000F2E700BF0889002029DF000018890020FB
:1003F00000B50378497802F1FF3C103103F00F0398
:10040000C9001FFA8CFC062B13D8DFE803F0042781
:1004100017121212040043781033DB0003F21B3270
:10042000881803F5B37313FB0CF3184480B25DF81E
:1004300004FB40F253204FF4F373F4E741780CEBE4
:100440008C03C3EB0310400001F11003DB0000F24A
:100450003B1003FB020290B25DF804FB40F2E33074
:1004600040F21623DFE700BF30B54FF6FF718BB0C7
:100470008B429DF838500F9C19D021780131C9B2B8
:10048000217000294CD02849C1E900028A7A0B81E9
:1004900065F30002254B8A7204F110000022C86047
:1004A000996001201146FCF711FA00283AD1207E0C
:1004B00010F0010505D11E4A1E4B11781B788B42A6
:1004C00001D00BB030BD0133042109A8137004F032
:1004D0007FFF099B184A0694A2FB0321174A009547
:1004E000A21A174CA4FB02425C1A01EB540140F221
:1004F000471C090A92090CFB11330232114905917C
:100500000133CDE90355CDE901552846D2B2012189
:100510000993FDF705FC10F0FD0FD2D000DED0E707
:1005200000DEB0E700DEC2E7102000204006002019
:1005300010AB00200FAB002021F1D49008890020DF
:10054000ABAAAAAA2902010010B5134C204605F057
:10055000A9FA04F10C0005F0A5FA34F8043C62781D
:1005600023F4437304EB820223F00203526843F046
:100570000E0324F8043C062100234FF4006CA4F879
:1005800040C013705170637B04EB83000422036945
:100590001A70597010BD00BF248900202DE9F04366
:1005A000684C1F46684B94F85E6080468E4693E820
:1005B000030083B016F001069DF82CC09DF8303082
:1005C00000908DF8041040F0A1800CF0070C03F0AF
:1005D00003034FEA4C0C4CEA032C0EF10803BEF166
:1005E000010F0DEB030E238B23F4437323F002035F
:1005F0004CEA030C637FA4F818C004EB830308BF24
:100600004FF00008A4F85C80D3F8208015461EF84F
:10061000082C98F8001002F00E0321F01F0002F0E1
:100620000F02B3FA83F35B09024363F3451288F8C0
:10063000002002F00F02012A01F00F012ED098F8DD
:100640000130F3B998F8003005F0010565F3861321
:1006500023F0800388F80030062388F8013094F8EE
:100660002930246104EB8304AD01E36A5A7845F034
:1006700004051D700AB906225A70304603B0BDE861
:10068000F083012934D098F8003005F0010565F3B6
:10069000861323F0800388F80030E0E701290FD0AB
:1006A00098F80120BABB84F8346098F8003003F061
:1006B0000F03012B04D098F80130002BC2D0E2E7E1
:1006C00008F1080998F8003005F0010565F3861374
:1006D00067F3C71388F800300A9B1B68C8F8083016
:1006E0000A9B9B88A9F804300C2388F80130B6E7F0
:1006F00094F8342004F1350108F1080039F06EF95E
:1007000094F83430063388F80130BCE70C263046C4
:1007100003B0BDE8F083052A10D9063A08F10809AC
:10072000D2B20A4884F83420494639F057F998F88B
:10073000003003F00F03012BBDD1C3E700DE98F8B2
:100740000120EAE7088900205CA204003D8900201E
:1007500008B5FFF7F9FE002008BD00BF08B5FFF798
:10076000E1FD002008BD00BF08B5064805F0AAF964
:10077000044B03F10C0005F0A5F9FFF7E5FE00209E
:1007800008BD00BF24890020034A044B801AA3FB44
:100790000030C0F38F10704708890020ABAAAAAAC6
:1007A000044A0068044B801AA3FB0030C0F38F108A
:1007B000704700BF08890020ABAAAAAA28B9044B39
:1007C00093F85E0000F0010070470020704700BF02
:1007D000088900201F2956D82DE9F041437F00EBFE
:1007E000830382B01F6A3B7803F00F03012B0E4690
:1007F0000546904649D00DF107011C3005F0ACF9D3
:100800003A78037802F00F0223F01F0313430370BA
:100810003B780278C3F3401363F3451202703B78D0
:10082000D2B2C3F38013394663F38612027011F813
:10083000023BD2B2DB0963F3C712044600F8022B75
:10084000062239F0D9F83246414604F1080006364E
:1008500039F0C4F8667095F85E30DB0706D49DF871
:1008600007306B77002002B0BDE8F08195F82930A1
:1008700005EB83032146DA6A2846F0F70DF80028D5
:10088000EDD00C20EFE71220704780F834100A46B4
:100890003530414639F0A2F8E4E700BF03460A4686
:1008A00001481946FFF796BF088900201F295FD825
:1008B0002DE9F04190F8293000EB830382B0DE6A25
:1008C0000F460446904600F12805002E41D02846E8
:1008D0000DF1070105F040F9037823F03F0331469D
:1008E00043F00403037011F8022BDBB2C2F3801251
:1008F00003F03F0343EA82130370BB1D43700546B8
:100900000622023039F078F83A46414605F10800EF
:1009100039F064F894F85E30DA0707D49DF80730B0
:1009200084F82930002002B0BDE8F081627F04EB3A
:1009300082024123116A0A7802F00F02D340DB07DA
:10094000ECD52A462046EFF7A7FF0028E6D00C207A
:10095000E9E7284605F0A6F8C0B258B994F829305E
:1009600004EB8303DE6A0423337006237370AEE75F
:10097000122070470720D6E703460A460148194669
:10098000FFF794BF0889002008B5054B0022986046
:1009900011460120FBF79AFF00B908BD00DE08BD33
:1009A0007006002083685A6892F82730DB090146F8
:1009B00001D100DE70470831F0F776BB2DE9F04138
:1009C0000768244982B005464FF4C0723846FBF7E9
:1009D000D5FE05F14C06294605F03AFB286D01AA23
:1009E0003146FBF70BFF00B31B4C4FF6FF7894F832
:1009F000412094F84010531CDBB2082B08BF0023A1
:100A0000994223D004EBC20124F83280019A4A6053
:100A100012680260019A1060286D84F8413001AAC2
:100A20003146FBF7EBFE0028E1D1D7F8480107F586
:100A3000A47138B10023C7F84831FEF755F802B069
:100A4000BDE8F08100DED7F84801F3E700DE0023BF
:100A50001B80FFDE20200020388A002010B50C46C5
:100A600030B92046FDF770FF844200D000DE10BD93
:100A700000DEF6E710B50C4630B92046FDF758FF0A
:100A8000844200D000DE10BD00DEF6E710B50C4653
:100A900040B9074B0246012102209C60FBF716FF7C
:100AA00020B910BDFDF73EFF8442FAD000DE10BD34
:100AB0009006002000B9704700B583B00191FDF7A2
:100AC0004FFF0199814202D103B05DF804FBFDF7AD
:100AD00029FF01998142F7D000DEF5E710B5134BED
:100AE000134801224FF4C071FBF7F6FD00224FF4CA
:100AF000C0710F48FBF73EFE4FF6FF7383840D4B2A
:100B00000322181D2421FBF7E7FD0B4B0722181DBC
:100B10000821FBF7E1FD01F0A5FC08480849094A56
:100B20000323002404600B70137010BD888900201B
:100B300020200020C88900208C890020A08A002065
:100B400012AB002011AB002010B5037883B1104B1D
:100B500000F1100199608268BAB90E4C0C4B00226A
:100B6000C0E9024111460120FBF7B0FE58B910BDA3
:100B700003F0FF02084B1030986011460120FBF78C
:100B8000A5FE0028F3D000DE10BD00DE9968E4E782
:100B90008006002089090100700600200148FBF74B
:100BA000BFBD00BF888900200149FBF7CFBD00BF52
:100BB0008889002002494FF4C072FBF7DFBD00BFF7
:100BC00020200020024620B903484FF4C071FBF7F3
:100BD000D1BD0020704700BF2020002060B908B5BB
:100BE00002464FF4C0710548FBF7C4FD10B1838C79
:100BF00003B908BD002008BD002070472020002058
:100C00000148FBF78DBD00BFC88900200149FBF7F3
:100C10009DBD00BFC889002000283DD138B50246DF
:100C20000D461F484FF4C071FBF7A4FD0446F0B118
:100C3000828CE2B91B4890F821C090F820100CF18A
:100C40000103DBB2042B08BF0023994221D020F816
:100C50003C2000EBCC0CCCF8045080F821302378F9
:100C600043B994F93730002B0EDB002038BD6FF00C
:100C7000150038BD0C4B012103209C60FBF726FEBC
:100C800094F93730002BF0DA0021204603F05CFFA6
:100C9000EBE76FF0680038BD6FF01500704700BFDC
:100CA000202000207C8A0020A00600202DE9F047AB
:100CB00082B0BDF82870BDF82C80BDF8309098B98E
:100CC0000C4615464FF4C071024619481E46FBF704
:100CD00051FD824640B1838C33B96CB1022C07D0F0
:100CE000012002B0BDE8F087022002B0BDE8F08725
:100CF000ADB901F0D9FD0EE00D9B0193CDF8009048
:100D000043463A46314601F065FD0028EDD19AF997
:100D10003730002B07DB002002B0BDE8F087294602
:100D200001F0D2FDF7E70146504603F00DFFF2E770
:100D300020200020E8B938B502460C460E484FF492
:100D4000C071FBF717FD054650B1838C43B901F024
:100D5000F1FC38B10368236003792371002038BDAA
:100D6000022038BDD5F83230236095F83630237133
:100D7000F4E70220704700BF2020002038B510B1F2
:100D80000224204638BD02460C4615484FF4C07177
:100D9000FBF7F0FC054600B3838CF3B91A2C15D889
:100DA000042C17D90F4BE340DB0713D52146284607
:100DB00001F0A6FC04460028E3D195F93730002B5A
:100DC000DFDA0146284603F0BFFEDAE7292CEDD032
:100DD0003B2CEBD01224204638BD0C24204638BDD5
:100DE000202000202000380438B5A0B902464FF476
:100DF000C0710D48FBF7BEFC054660B1838C53B94A
:100E0000012101F02BFC044618B995F93730002B6D
:100E100004DB204638BD0224204638BD0146284662
:100E200003F092FE204638BD2020002038B598B946
:100E300002464FF4C0710D48FBF79CFC054658B1C3
:100E4000838C4BB901F022FC044618B995F9373070
:100E5000002B04DB204638BD0224204638BD014665
:100E6000284603F071FE204638BD00BF2020002038
:100E7000C8B938B50D4614464FF4C07102460B4848
:100E8000FBF778FC034660B1808C50B993F858208A
:100E9000C2F302022A7093F85930C3F3020323709D
:100EA00038BD022038BD0220704700BF202000203E
:100EB000024A034B107019700020704712AB0020DB
:100EC00011AB0020F0B583B000BB0F4616464FF4BF
:100ED000C071024614481D46FBF74CFC0446A8B1FD
:100EE000838C9BB9D0F82031DB0513D52B46012527
:100EF00000953246394601F0DBFB054618B994F9F6
:100F00003730002B0ADB284603B0F0BD0225284607
:100F100003B0F0BD1A25284603B0F0BD01462046B7
:100F200003F012FEEFE700BF2020002048BB10B501
:100F300002460C4614484FF4C071FBF71BFCF0B19D
:100F4000838CE3B9C28CB0F86C311049052A0BD8F8
:100F500002FB03334FF4FA7202FB03F3A1FB03130A
:100F60005B0B2380002010BD02FB03F340F2E24242
:100F700002FB03F3A1FB03135B0B2380F2E70220C8
:100F800010BD0220704700BF202000205917B7D1A4
:100F900050BB10B502460C4614484FF4C071FBF725
:100FA000E9FBF8B1838CEBB9C38C42F2107202FBFF
:100FB00004F1052B01F1FF310AD84FF4FA7203FB5B
:100FC00002231944B1FBF3F1A0F86C11002010BD0D
:100FD00040F2E24202FB03F31944B1FBF3F1A0F843
:100FE0006C11F3E7022010BD022070472020002082
:100FF00008B5FFF773FD002008BD00BF38B51A48DB
:1010000000224FF4C071FBF7B5FB044650B304F166
:10101000100221460320FDF7D3FC054610B110F164
:10102000780F0AD10025114A114BE5661584A3F803
:101030004050FFF753FD284638BD40F24D730D4A2E
:101040000D490E4821F0E7FD0D482A46002121F008
:10105000E2FD002383F31188BFF36F8F032318464B
:1010600002DFDFE700DED2E7202000207C8A0020BC
:10107000388A0020C8A9040008AA040020AA040095
:1010800040AA0400014B1878704700BF12AB002043
:10109000014B1878704700BF11AB00200B468968E0
:1010A00018600A68107828B1916851B90849C2E9F6
:1010B000021370474A6892F82710C90903D100DE6D
:1010C000704700DEF2E703F108011846EFF7ECBFC6
:1010D000A50901000B68DA889ABB70B50C46064674
:1010E0004FF4C0711848FBF745FB0546D0B1838C1F
:1010F000C3B901F025FC2268137F03F00303032B1F
:1011000008D101231371226831462846BDE870409A
:1011100001F02ABC53B195F842319A0705D53D2319
:1011200085F84431236801221A7170BD95F8423167
:101130009B0703D53D2385F84431226801231371B1
:1011400070BD01221A7170472020002010B5B0F840
:1011500024C004464FF6FF7084450CD0A4F8043137
:101160002046C4E93F1201F00BFA94F8423113F023
:10117000010002D110BD00DEF0E723F0010384F886
:1011800042316FF08B0010BD70B51C4C064694F8D0
:1011900021201BE0FBF7EEFA03466968C4301BB35D
:1011A0009B8C0BBB00F0D8FF94F8201094F8212002
:1011B0004B1C8A4206F1FF30DBB204D0042B08BF7F
:1011C000002384F8203010F0FF0616D094F8203069
:1011D0000B4893424FF4C0710FD034F8332004EB26
:1011E000C305002AD6D069680B7923F003034FF6B4
:1011F000FF700B71FDF73AFBD6E770BD7C8A0020CB
:1012000020200020F0B5314B1A68904208BF002220
:1012100083B008BF1A60828CA0F84E21182380F892
:101220004C31054680F86411012101F0B3F905F154
:10123000C406284601F0C2F9304600F075FF30467A
:1012400000F0AAFF044628B3037903F00303032B3D
:101250000CBF0346002303601D4805F16007FBF740
:101260005FFAA8B121463A46FBF7B6FA304600F0DD
:1012700093FF044670B1037903F00303032B0CBF03
:101280000346002303601248FBF74AFA0028E9D11D
:1012900000DEE7E7AA8C0F4B00950332D2B20121A2
:1012A0000020FCF755FD10F0FD0F08D14FF6FF733D
:1012B000FF20AB8403B0BDE8F040FFF765BFFDF74A
:1012C00031FB8542F2D000DEF0E700BFA08A0020AB
:1012D0008C8900208D0A010038B505460120FFF7F2
:1012E00053FF05F1C40000F057FFA8B1037903F0E4
:1012F00003030446032B0CBF234600230748236047
:10130000FBF70EFA30B105F160022146BDE8384026
:10131000FBF762BA00DEF6E738BD00BF8C8900201B
:1013200021B3F8B54D1EEDB200F1C40700F160061F
:1013300012E0237903F00303032B0CBF23460023A1
:101340002360FBF7EDF978B1013D32462146EDB25D
:10135000FBF742FAFF2D06D0384600F01DFF044689
:101360000348002CE5D1F8BD00DEEDE7704700BF73
:101370008C8900200149FBF7E9B900BF8C89002066
:10138000014B93F841007047388A002000B50A4BA2
:1013900093F840C093F841E0F4450BD080F800E0AA
:1013A00033F83C00088003EBCC035B6813601868DB
:1013B0005DF804FB0020FBE7388A0020074B93F818
:1013C00040C0844508D003EBCC0033F83C300B80A0
:1013D000436813601868704700207047388A0020FF
:1013E000094A92F8401092F841308B4209D04B1CC8
:1013F000DBB2082B08BF002352F8310082F84030DE
:1014000070470020704700BF388A002000B50D4AA1
:1014100092F841C092F840E00CF10103DBB2082BD6
:1014200008BF00239E4509D022F83C0002EBCC0CFB
:10143000CCF8041082F841305DF804FB00DE002394
:101440001B80FFDE388A002070B5537914460546AC
:101450000E46002B39D0237903F00302032A0CD067
:101460004FF6FF72954204BF23F003032371214618
:101470002846BDE87040FDF7F9B94FF6FF739D426D
:1014800006D13368A3421AD0002BF0D000DEEEE77D
:10149000EDB913482A464FF4C071FBF76BF9E0B180
:1014A000214601F02FFA3368A342EDD10C48002207
:1014B0004FF4C071FBF75EF908B1838C03B10020D3
:1014C0002146BDE8704001F01FB800DEC3E700DE32
:1014D0000020214601F016FAD3E700DEE0E700BF66
:1014E000202000201B207047704700BF90F8423139
:1014F00043F0020380F84231704700BF90F8423158
:1015000023F0020380F84231704700BFB0F8403149
:10151000B0F80421981880B2704700BF0278038E9B
:1015200012B1581E80B27047418DB0F8042158188E
:10153000104480B2704700BF10B504460B68C4F871
:10154000323032300B7903710521FBF7D9FA94F868
:10155000373060F3050384F8373010BD08B500223A
:10156000D0E91701FBF742F9B0FA80F0400908BD55
:10157000F8B506460C4600F0E5FE054688B32F1D7B
:10158000384602F0DFF8EB7963732946304600F005
:10159000EFFE304603F04AF8AB68EA68C4F847202B
:1015A000C4F843302B69C6F89030A5690023A361C5
:1015B000ADB103232F792B71B38CEB8005F11C01A6
:1015C000204602F0A7F82E2F02D00423A372F8BD04
:1015D00028682946FDF70AF90423A372F8BD00DE46
:1015E000E7E700DECBE700BF70B504460D4600F02C
:1015F000A1FE10B90623AB7270BD04F17306334629
:10160000002205F13B0105F12B0005F081FED4F825
:101610007B10C4F89C10D4F88C10D4F87F20C4F848
:10162000AD10D4F89010D4F87730C4F8A020C4F8E6
:10163000B11094F88B2094F8AC10C4F898300023C3
:10164000D4F8730084F8833063F30001C4E92933CC
:1016500084F8843084F8853084F8863084F88730C4
:1016600084F8883084F8893084F88A3042F00103A5
:10167000C4F8940084F8AC1084F88B3029462046D6
:1016800000F060FE0646A8B1301D02F073F8F37951
:101690006B733146204600F06BFE204602F0C6FF19
:1016A0004FF4C1636B8194F8723043F0080384F8FF
:1016B000723070BD00DEE7E770B50C46897A82B003
:1016C00005460D2900F22E81DFE801F05F676A9B75
:1016D0009F07070C1836393E5053002A00F0A780A8
:1016E00002B070BD002AFBD12146284600F022FE40
:1016F000002840F0F1800723A372F1E7022AEFD11E
:10170000A0690023A361002800F02981032303714D
:10171000AB8CC380237A052B00F00981062B00F0E7
:10172000038100DE2146284600F004FE002840F038
:10173000AA800923A372D3E7002AD1D1F2E7002AB5
:10174000CED10B23A372CBE7072AC9D128460121AA
:1017500000F012FE2846FFF7C9FE2146284600F099
:10176000E9FD002871D10C23A372B9E7002AB7D193
:10177000F3E7082AB4D140F20233638195F872305E
:1017800023F0100385F87230AAE7002AA8D1237A43
:10179000062BD6D00223A372A2E7002AFAD09FE735
:1017A000012A9DD111462846019300F0E5FD284607
:1017B000FFF79CFE284601F02BFD019B5A689968B3
:1017C000C4F82510C4F821201A7B84F829205A7BFC
:1017D00084F82A20D3F80E20D3F81210C4F83F1052
:1017E000C4F83B20D3F81630C5F88C302146284683
:1017F00000F0A0FD10BB204600F0DEFD0323A37225
:101800006EE7002A7FF46CAFF0E7032A0CD0042ABD
:101810007FF466AF062140F20362072384F82010AC
:10182000A4F84D20A3725BE70523A37258E7214675
:10183000284602B0BDE87040FFF7D6BE21462846D4
:1018400002B0BDE87040FFF793BE2146284600F085
:1018500079FD0646002800F08480301D01F09EFFCF
:10186000F37963733146284600F082FD284602F082
:10187000DDFE40F60D33638195F8723023F00803E6
:1018800085F872302CE72146284600F05BFD0646BD
:10189000002868D0301D01F077FFF379637331467B
:1018A000284600F065FD284602F0C0FE284603F0F9
:1018B00019F80023A3720121284600F071FD284683
:1018C000FFF71CFE284601F0A7FC95F8723043F0A4
:1018D000100385F8723003E72146284600F032FDF8
:1018E0000646002841D095F8103194F84E10301D6E
:1018F0001BB1D5F820315B071DD401F059FFF379F6
:1019000063733146284600F033FD284602F08EFE10
:10191000284602F0E7FF94F82030062B11D0242B44
:101920003FF4DEAE00DEDBE61A230371FAE61C307C
:1019300001F02AFFF6E60A4694F84D1001F044FF44
:10194000DDE70121A172284600F02AFD2846FFF7B5
:10195000D5FD284602B0BDE8704001F05DBC00DE58
:10196000D4E600DE79E700DE94E700DEBBE700BFE7
:1019700092F81FC0ACF1030C02F11C03BCF1080F7C
:1019800006D8DFE80CF01205050F0505050C090067
:101990003D2380F8443170470822FFF78DBE0722AF
:1019A000FFF78ABE0222FFF787BE0122FFF784BE3F
:1019B0008B7A042B06D002D9053B082B00D8704740
:1019C00000DEFCE705238B72704700BF8B7A042B87
:1019D00006D002D9053B082B00D8704700DEFCE793
:1019E000062040F20362072381F82000A1F84D2071
:1019F0008B727047887AA0F10400B0FA80F0400939
:101A0000704700BF13460022FFF756BE70B591F82D
:101A10002630042B0C460ED991F82720112184F88A
:101A200022100125134313F0070312D184F822304A
:101A30000125284670BD032B07D091F82720042AE2
:101A4000ECD8032A01D00025ECE7112384F82230DA
:101A50000125A68CFFF762FD801B0304E9D428232F
:101A6000E4E700BF10B50C4689690023A36131B3D8
:101A700094F82130DB071DD50B792E2B1DD11D23AA
:101A80000B71838CCB8094F822300B7790F859300F
:101A9000C3F302038B7790F85830C3F302034B77FC
:101AA0000868FCF7A3FE94F8213023F0010384F8C2
:101AB000213010BD01230B71F2E700DEDFE700DE0D
:101AC000D6E700BF70B505460C4601F099FB10B192
:101AD0000123A37270BD284602F096FD0028F7D1BD
:101AE0002146284600F026FC0028F1D0284602F0C6
:101AF00089FD0728ECD00121284602F07DFD0D214B
:101B0000284602F07DFD162363732146284600F027
:101B100019FC0646E061B0B3637B66610022162BB8
:101B2000E26109D000DE2846314600F021FC28465B
:101B3000BDE8704001F074BB94F8203095F87C212A
:101B4000C3F3C20363F3C50285F87C2194F8202017
:101B500095F87C3162F3020385F87C3194F82030EB
:101B600095F85820C3F3801363F3C30285F8582017
:101B7000311D204601F03EFE0221284600F0FCFB0C
:101B80000223A372CFE700DEE669C5E770B505461C
:101B90000C4602F043FD10B10223A37270BD214632
:101BA000284600F0C7FB0028F6D0284602F02AFDA0
:101BB0000728F1D00D21284602F022FD1723637378
:101BC0002146284600F0BEFB0646E061B8B1637BC3
:101BD00066610022172BE26109D000DE28463146FB
:101BE00000F0C6FB2846BDE8704002F01FBD311D65
:101BF000284601F023FE41F603036381EEE700DE91
:101C0000E669E4E770B50C46897A82B00646154667
:101C1000092906D8DFE801F0080D454805056B05E0
:101C20008BAC00DE02B070BD002DFBD10123A3728E
:101C3000F8E71946204601F0F3FD94F8202096F8C5
:101C40007C31C2F3C200C3F3C2010140C2F30200FF
:101C5000034043EAC10322F03F02134384F82030DB
:101C600096F93730002B0BDB94F8203013F0380F47
:101C700040F08E8094F8203023F03F0384F8203029
:101C80000221304600F078FB012DCBD196F8373099
:101C9000DB09C6D02146304602B0BDE87040FFF7F0
:101CA00075BF002DBED1F5E7022DBBD190F93730BD
:101CB000002B80F2A180544B96F8582093E8030043
:101CC00094F8203002AD134305E9030003F0070345
:101CD0006B4402211B78304663F30612062386F814
:101CE0005820A37202B0BDE8704000F059BB032D2C
:101CF00098D11946204601F0B7FD21463046FFF73E
:101D000085FE0546204600F057FB002D67D094F86D
:101D1000223096F85820282B08BF86F84431134605
:101D2000092162F3061386F85830A1727AE7002D74
:101D30007FF478AFFFF7EAFBA38CC01A03043FF5EA
:101D400071AF84F8225096F93730002B24DB2A46F5
:101D500094F8213062F3000384F8213096F858207B
:101D60001346092162F3061386F85830A17259E729
:101D7000042D7FF457AF2146FFF774FE304602F082
:101D8000B1FD0021304602F03BFC0023A37249E77D
:101D90005A077FF475AF6DE794F8273096F859101D
:101DA00094F8262013F0030301F0070002F0030269
:101DB0001BD096F85850AC4663F3020C86F858C016
:101DC00005F00705D2B99D4218BF0122C0D196F88F
:101DD000592002F007052A1A18BF0122B8E7304639
:101DE00002F02AFC0823A3721CE7002AAFD062F39A
:101DF000020186F85910EAE700DE5CE762F30201AF
:101E000086F85910DFE700BF64A2040070B5D37FE5
:101E1000112B05460C4602F11C063ED0182B09D0AA
:101E2000072B13D0242380F8443101F09DFA0023BE
:101E3000A37270BD8B7A062B40D003D8022BF8D941
:101E400000DE70BD083B012BFAD870BD8B7A062BE3
:101E5000F3D1002102F0D0FBD5F820311A2223F46F
:101E60008073C5F82031204684F8222000F0A4FABF
:101E700094F8213043F0010384F8213095F858207C
:101E80001346092662F3061385F85830A6722846D1
:101E90000221BDE8704000F083BA8B7A062BCCD1CA
:101EA0003146204601F09EFC94F84E3084F82230F2
:101EB0002846002102F0A0FB2046D7E790F93730F2
:101EC000002B3FDA0221284602F096FB31462046DD
:101ED00001F0CAFC21462846FFF798FD0646204639
:101EE00000F06AFA9EB994F827302BB195F8582083
:101EF00063F3061285F85820284601F09BF9082361
:101F0000A37228460221BDE8704000F049BA0021C2
:101F1000284602F071FB94F822300BB185F8443169
:101F200094F8203094F82120DB0963F3000284F850
:101F3000212095F858100A4661F30612092385F806
:101F40005820DDE700DEBDE738B58B7A0C46054644
:101F5000092B06D8DFE803F0070706050505060587
:101F60000B0600DE38BDBDE83840FFF7ABBDFFF71C
:101F7000CDFAA38CC01A0304F4D495F93730002BA2
:101F800019DB0021284602F037FB94F820300022AC
:101F900084F82220DB0994F8212063F3000284F8FE
:101FA000212095F858201346092162F3061385F87D
:101FB0005830A17238BD94F8271095F8592094F83C
:101FC000263011F0030102F0070C1AD095F85800E2
:101FD000864661F3020E13F0030385F858E000F023
:101FE000070018D063F30202884285F859200FD009
:101FF0000021284602F000FB0022012384F8222061
:10200000C9E713F00303BCD063F3020285F859203B
:102010009C45EDD1B5E78842EAD1B2E78A7A0B4612
:10202000092A0BD8DFE802F00B0B050A0A0A0B0A93
:102030000B0B90F83720D209844601D100DE70479F
:1020400010B50F4A90F858E092E8030093F820206A
:1020500082B002AC4EEA020204E9030002F0070279
:102060006A4402211278604662F3061E41F60602B7
:102070008CF858E05A8102B0BDE8104000F090B9E9
:1020800064A2040038B58B7A092B14D8DFE803F07A
:102090001212121313131213120505460C46FFF702
:1020A000E1FC284601F060F90021284602F0A8FA78
:1020B0000023A37238BD00DE38BD00BF10B592F812
:1020C0001FE0BEF1160F02F11C0310D0BEF1180F75
:1020D00008D024230C4680F8443102F003FC00238E
:1020E000A37210BDBDE810400322FFF78BBDBDE811
:1020F00010400122FFF786BD13460022FFF782BD84
:1021000013460222FFF77EBD00230422FFF77ABDAB
:102110000023C0E90133C0E903330370704700BFF7
:10212000037801330370704703785BB9C3687BB1F0
:1021300002691AB1816861B10B6082600023C0E955
:1021400003337047013BDBB20370002BEED07047C6
:1021500070474360F1E700BF03783BB100230C30C8
:102160000B60436843B1196041607047002304303D
:102170000B604368002BF6D1C0E90011704700BF27
:1021800000230B60836813B1196081607047C0E958
:1021900001117047406870470346406828B199684C
:1021A00002685A60884208BF9A6070474078A0F180
:1021B0000C00B0FA80F04009704700BF4078A0F1F1
:1021C0000800B0FA80F04009704700BF4078A0F1E5
:1021D0000200B0FA80F04009704700BF4078A0F1DB
:1021E0001700B0FA80F04009704700BF4078A0F1B6
:1021F0000100B0FA80F04009704700BF4078A0F1BC
:102200000900B0FA80F04009704700BF4078A0F1A3
:102210000600B0FA80F04009704700BF4078A0F196
:102220001800B0FA80F04009704700BF4078A0F174
:102230000300B0FA80F04009704700BF4078A0F179
:102240000500B0FA80F04009704700BFF8B50646B7
:1022500008460D46FAF764FA044680B10027C0E943
:102260000577456006722C223946203037F0DDFBB9
:102270004FF47F43FF2262726381A381A7732046DC
:10228000F8BD00BF4078A0F10200B0FA80F040092C
:10229000704700BF4078A0F10200B0FA80F040091A
:1022A000704700BF4078A0F10200B0FA80F040090A
:1022B000704700BF4078A0F10100B0FA80F04009FB
:1022C000704700BF4078A0F10100B0FA80F04009EB
:1022D000704700BF4078A0F10100B0FA80F04009DB
:1022E000704700BF4078A0F10900B0FA80F04009C3
:1022F000704700BF4078A0F11800B0FA80F04009A4
:10230000704700BF4078A0F10300B0FA80F04009A8
:10231000704700BF4078A0F10300B0FA80F0400998
:10232000704700BF416809B1FAF710BA00DE416892
:10233000FAF70CBA024B1868003818BF0120704732
:10234000C006002010B50448FAF7EAF90446043044
:10235000FFF7CAF8204610BDC006002008B50120CE
:10236000FCF758FA003818BF012008BDFCF76CBA1A
:10237000C430FFF705BF00BF38B590F836310546C9
:102380000C461BB11C4385F8364138BDC430FFF7FD
:10239000C7FE95F836311C4385F8364138BD00BF7D
:1023A00090F8363123EA010180F8361101B1704707
:1023B000C430FFF7B9BE00BF836943B11A792E2A32
:1023C00004D02E221A71836902691A60704700DEF8
:1023D0008369F3E783694BB11A792E2A00D07047DD
:1023E00001221A7181690868FCF700BA00DE83696E
:1023F000F2E700BF8B6913B11A792E2A08D0CB6996
:102400002BB1D0F83C211A60CB69C0F83C31704741
:102410001B68D0F838215A608B6901221A718B69C8
:10242000C0F83831EBE700BF70B505460C48FAF745
:1024300077F9044688B10A4B43600026C0E9056677
:1024400005722C223146203037F0EFFA4FF47F43EB
:10245000FF2262726381A381A673204670BD00BF14
:10246000B006002010B50A4B022258685021FAF736
:1024700033F9084B012258685021FAF72DF9064B21
:10248000BDE81040586804222C21FAF725B900BF96
:10249000B8060020B0060020C006002038B504466B
:1024A000002500F035FF2046C4E9365584F8E45095
:1024B00002F0FAF9C4F80851C4E93A5584F8F65024
:1024C000A4F8F450A4F8F850C4F80B51A4F828511B
:1024D000C4F81051C4F81451C4F81851C4F81C5170
:1024E000C4F82051C4F82451FBF7A6FC94F87230CC
:1024F00084F83651C4E94801C4E94E5523F0180365
:1025000084F87230258638BD08460149FAF71EB9AD
:10251000C006002010B5B0F8E24082B0034624B1F6
:10252000A1420FD2641AA0F8E240B3F8F20020B141
:1025300081420FD2401AA3F8F2000023184613700C
:1025400002B010BD019200F00FFE019A58B1037A5B
:102550000A2B03D022236FF07300F0E790F82030AD
:102560006FF07300EBE700DEF1E700BF034B0B44B5
:10257000B3FBF1F3A0F8F830704700BFFF596202D7
:1025800010B5044602F098F92046BDE8104000F06E
:10259000C7BE00BF10B5044649B1012900D010BD27
:1025A00002F0D4F92046BDE8104000F00FBF02F061
:1025B000B9F92046BDE8104000F0FABE38B5D0F8B1
:1025C0003841054634B1206821464468FCF702F9D9
:1025D000002CF8D1D5F83C410023C5F8383134B18E
:1025E000204624680449FAF7B1F8002CF8D10023FA
:1025F000C5F83C3138BD00BFC006002090F9373027
:10260000002B14DA70B504460E460320094915461E
:10261000FFF71CFE014640B180F8206080F8215091
:10262000204600F071FD002070BD0C2070BD0C2014
:10263000704700BFB806002010B5074904460120C6
:10264000FFF704FE28B10146204600F05DFD0020A2
:1026500010BD0C2010BD00BFB806002038B50446E0
:102660000D4602200849FFF7F1FD58B190F82030DF
:1026700065F30003014680F82030204600F044FD59
:10268000002038BD0C2038BDB806002010B5074921
:1026900004460420FFF7DAFD28B10146204600F089
:1026A00033FD002010BD0C2010BD00BFB806002077
:1026B0002DE9F04105468846072010499DF818602D
:1026C00017461C46FFF7C2FDA8B1E30008F0070853
:1026D00003F03803BF0143EA080307F040073B4318
:1026E00043EAC613014680F82030284600F00CFD6E
:1026F0000020BDE8F0810C20BDE8F081B806002084
:1027000038B504460D4600F0A5FE204602F0A8F9B3
:1027100007490A20FFF79AFD38B1014680F820509A
:10272000204600F0F1FC002038BD0C2038BD00BF71
:10273000B806002008B590F93730002B08DB00F010
:1027400013FD20B1037A0B2B0CBF2230002008BDF3
:1027500001F060FFF5E700BF70B506460D4601F0D9
:1027600059FF20B1037A053B012B044601D90C2007
:1027700070BD01463046FFF73DF90028F7D02968C3
:102780006A68AB68ED68C4F837503046C4F82B105F
:10279000C4F82F20C4F833302146FFF709F9002090
:1027A00070BD00BF38B5054601F034FF20B1037A93
:1027B000053B012B044601D90C2038BD01462846B3
:1027C000FFF718F90028F7D028462146FFF7FEF852
:1027D000002038BD2DE9F8430546D0F82001BDF8AA
:1027E00020801E4683070F46914617D495F937304F
:1027F000002B1FDB2A490820FFF728FD0446002C88
:1028000042D0237A082B0FD0092B16D000DE2846A1
:10281000214600F079FC0020BDE8F883204909201A
:10282000FFF714FD0446EAE7A4F828906685A4F8AB
:102830002C80ECE71A20BDE8F883099BE784A4F814
:1028400028906685A4F82C8003B31B882387099BF6
:102850005B886387099B9B88A387099BDB88E38749
:10286000099B1B89A4F84030099B5B89A4F842307E
:1028700095F93730002BCADA2846FEF79BF9014656
:10288000284602F061F9C2E70C20C5E7054A4FF07F
:10289000FF33C4E90E23A4F840304FF6FF73E5E799
:1028A000B80600200000FFFF10B5044601F0B2FE9C
:1028B00010B1037A092B00D010BD01462046BDE8B7
:1028C000104001F06DBD00BF38B504460D4601F063
:1028D000A1FE10B1037A092B00D038BD80F820503A
:1028E00001462046BDE8384001F05EBD08B501F064
:1028F00091FE28B1007AA0F10900B0FA80F04009F9
:1029000008BD00BF38B505460C4600F02DFC10B1DF
:102910004369A3420ED0284601F07CFE10B1436902
:10292000A34200D038BD224601462846BDE83840C3
:1029300001F094BF01462246284600F0B5FCEAE7C4
:1029400010B5044600F010FC18B10146204600F016
:10295000CDFC204601F05EFE014620B12046BDE8D8
:10296000104001F08FBF10BD2DE9F041537F144698
:1029700005460E46002B3AD0D37F1E2B24D928467D
:1029800000F0F2FB0746284601F044FE0146002F06
:1029900068D0FA7AE37F002843D09342C07A52D0BD
:1029A0003A7B002A4FD1072B65D0112B74D00D2B09
:1029B00040F086800D2802D00B7B002B3BD01F23DC
:1029C00085F84431BDE8F081474A52F8232022B10E
:1029D00004F11C00904760B1E37F022BCFD10123AB
:1029E000224631462846BDE8F04101F0CBBFFF2327
:1029F000D377284600F0B8FB30B1E27FC37A9A4221
:102A0000E0D0037B002BDDD1284601F003FE002837
:102A100040D0E27FC37A9A42D4D0037B002BD1D13D
:102A2000DEE7934207D03A7B2AB9072B3CD0112B23
:102A30003AD00D2BD3D12346324639462846BDE83D
:102A4000F04100F0FBBB8342B9D00A7B002AB6D12B
:102A5000072B2FD0112BEED14B7B94F820209A42DC
:102A6000E9D1ACE70028BAD0234632462846BDE873
:102A7000F04101F083BE94F820307A7B9A4225D051
:102A80000728F1D00A7B002AEED14A7B9A42EBD08C
:102A9000242395E70346A3E794F820307A7B9A42F3
:102AA0001FD01128EED1DFE77A7B94F820309A42CC
:102AB00095D1C0E74A7B94F820309A42BBD17EE79B
:102AC0008342D1D00B7B002BCED1E1E707283FF426
:102AD00076AF0B7B002B7FF472AF4B7B9342AAD176
:102AE0006DE71128F5D16AE750AB0400F8B58D69A0
:102AF00000260C4607468E612DB3012603232B7159
:102B0000BB8CEB80237A022B05F11C0112D0042B25
:102B100002D000DE46B1F8BD637A0C2BF9D13846FD
:102B200000F0D2FD002EF6D128682946BDE8F84015
:102B3000FBF75CBE637A072B0DD0092BE9D1384631
:102B400000F020FDE6E7FFF711FC05460028D5D18F
:102B500000DE0071FFDE204600F0C0FCDAE700BFB7
:102B600070B506460C46FFF7EDFB054600284ED033
:102B7000237A013B291D092B06D8DFE803F0141A3C
:102B8000202705050505052D00DEEB796373294631
:102B90003046FFF7EDFB237A0A2B24D03046BDE800
:102BA000704000F03DBB084600F072FC1323E37256
:102BB000EBE7304600F0A0FC0923E372E5E720468E
:102BC00000F04EFDFF236561E372DEE7084600F08A
:102BD00069FD0C23E372D8E7204600F053FDFF2384
:102BE0006561E372D1E7F38CB6F8721140F2E2420C
:102BF00002FB03F342F2107202FB0131013930464D
:102C0000B1FBF3F1BDE8704089B200F00FBB00DE0C
:102C1000AEE700BFF8B506460C4601F0FFFC20B158
:102C200003230025A3722846F8BD21463046FFF74E
:102C300081FB05460028F3D021463046FFF782FB92
:102C4000074660B3237A022B07F1040019D0042B46
:102C500020D0012B1CD100F025FCFF23E372FB796F
:102C6000637339463046FFF783FB304601F0DEFCE4
:102C70000423A372304601F035FE0023A3722846D8
:102C8000F8BD0146304600F05BFCFF23E372E6E747
:102C900000DEE4E700F006FDFF23E372DFE700DE7D
:102CA000D0E700BF38B50B7A042B0C46054614D08C
:102CB00006D8013B012B0ED8BDE83840FFF7AABF6C
:102CC0000A2B08D101F00EFE94F820300022A272E7
:102CD00085F8443138BD00DE38BD90F808313BB985
:102CE000FFF798FF0028F5D0012385F8083138BD9B
:102CF00001F0F8FD0023A37238BD00BF38B50B7A90
:102D0000013B0C460546092B14D8DFE803F00515F6
:102D10000D231313131313324B7A072B04D0132BE9
:102D200002D0242385F84431284600F01DFB0023FF
:102D3000A37238BD00DE38BD4B7A072B01D0092BBA
:102D4000EFD194F82030DB07EED521462846FFF777
:102D5000CDFEE9E74B7A0C2BE3D18B698BB1214691
:102D60002846FFF7C3FE284600F0FEFA0023A372B0
:102D700038BD00F0F9FA00221623A27285F844311A
:102D800038BDFFF7EBFA0028E9D1284600F048FAF1
:102D90000423A37238BD00BF70B50E7A731E0C46B3
:102DA0000546092B06D8DFE803F0070E4D2205057E
:102DB0000505053F00DE70BD00F022FA00285DD059
:102DC0000123A37270BD00F01BFA0028F8D1214640
:102DD0002846FFF7AFFA0028F2D021462846FFF731
:102DE000BFFE6369002B08BF0326A67270BD90F872
:102DF0000831002B3AD100F003FA0028E0D1214637
:102E00002846FFF797FA0028DAD021462846FFF730
:102E1000A7FE6269002A4FF001030CBF03220222C1
:102E2000A27285F8083170BDFFF784FA0028C7D078
:102E300021462846FFF794FE1622022384F820201C
:102E4000A37270BD00F0DCF90028B9D121462846F4
:102E5000FFF770FA0028B3D021462846FFF780FE1E
:102E60006369002B18BF0226A67270BD0C220023D6
:102E70004A728B61BDE87040FFF740BF214628468B
:102E8000FFF758FA00289BD021462846FFF768FE36
:102E90006369002B0CBF03230223A37270BD00BF24
:102EA0008B7A022B06D002D9033B012B00D8704746
:102EB00000DE70470B7A032B01D00A2BF7D1FFF706
:102EC0001DBF00BF38B58B7A032B05D001D9042B69
:102ED00000D138BD00DE38BD0546D07F0C46831ECC
:102EE00002F11C016072172B0DD8DFE803F00C0C07
:102EF0000C0C0C1B0C170C0C130D0C0C0C1F0C0DDC
:102F00000C0C0C0C0C0D00DE21462846BDE83840A8
:102F1000FFF7F4BE284600F0EDFBF5E7284600F089
:102F200079FBF1E7204600F0D5FAEDE7204600F006
:102F300059FCE9E738B58B7A032B05D8012B0AD861
:102F4000BDE83840FFF728BF042B03D10B7A042BD0
:102F50000C4601D000DE38BD0546FFF7FFF900281A
:102F6000F9D021462846FFF7C1FD284600F0FCF9BC
:102F70000023A37238BD00BF38B58B7A012B06D071
:102F800002D9023B022B00D838BD00DE38BD054611
:102F9000D07F0C46831E02F11C016072102B17D8E3
:102FA000DFE803F00916161616161C161616181664
:102FB000161616161000204600F070FB0821284651
:102FC000FFF7DAF921462846BDE83840FFF76ABE28
:102FD00000DEF7E7284600F08DFBF3E7284600F017
:102FE000EFFAEFE710B58B7A82B00C46042B1ED8AF
:102FF000DFE803F01710031210000B7A0A2B14D12C
:10300000019001F06FFC019894F820300022A27228
:1030100080F8443102B010BD02B0BDE81040FFF7A7
:1030200041BE01238B7202B010BD00DEE8E700DE76
:10303000F0E700BF70B5044604F0DAF858B1D4F8F0
:10304000D85035B1D4F8DC202B68C4F8D830AA4267
:1030500021D0284670BD05460121032004F08EF8DA
:103060002A46064601210320F9F7FCFBD4F8D85084
:1030700045B1D4F8DC202B68C4F8D830954208BF9D
:10308000C4F8DC30002EE4D0012211460320F9F709
:10309000E9FB284670BDC4F8DC30284670BD00BF8F
:1030A000F8B506460C4604F0A3F868B1D6F8D85037
:1030B000AC421FD1A3690BBB3046FFF7BBFF2046D4
:1030C000BDE8F840FFF72EB905460121032004F0C2
:1030D00055F82A46012107460320F9F7C3FBD6F825
:1030E000D850002FE4D0012211460320F9F7BAFB93
:1030F000AC42DFD000DEA369002BDDD01B792E2B84
:10310000DAD100DED8E700BFF8B505460C4604F07A
:103110006FF840B100232360D5F8DC30F3B11C60B8
:10312000C5F8DC40F8BD06460121032004F026F86E
:103130003246074601210320F9F794FB2660D5F8B3
:10314000DC3073B11C60C5F8DC40002FEAD00122EE
:10315000BDE8F84011460320F9F784BBC5E93644C1
:10316000F8BDC5E93644F0E770B5054604F040F80F
:1031700018B1D5F8D840204670BD0446012103207F
:1031800003F0FCFF2246064601210320F9F76AFB03
:10319000D5F8D840002EEED0012211460320F9F7D1
:1031A00061FB204670BD00BF38B50546FFF7DCFF68
:1031B000037A013B0446092B1AD8DFE803F0050522
:1031C000050519191B131305014600222846FFF7B0
:1031D000B1FEA37B03B938BD21462846BDE838407F
:1031E000FFF75EBF01460022284601F0ABF8F0E78A
:1031F00000DEEEE7014600222846FEF7A5FEE8E7DE
:1032000090F8E400A0F10100B0FA80F040097047A6
:10321000012380F8E4307047002380F8E4307047E1
:10322000B0F8F830A0F8E230704700BFA0F8E21024
:10323000704700BF0023A0F8E230704738B50C4655
:103240008969054610461A46F1B1217A01390929E2
:1032500022D8DFE801F0050505052121231C1C0506
:1032600021462846FFF72EFEA36923B11B792E2B9A
:103270001CBF0023A361A37B03B938BD21462846A8
:10328000BDE83840FFF70CBFA3612061DDE72146B0
:10329000284601F001F8E7E700DEE5E72146284689
:1032A000FEF7B4FDE0E700BF38B591F808C0BCF107
:1032B000070F0C46054616D0BCF10A0F134602D084
:1032C000BCF1030F04D11A4621462846FFF7E8FD5A
:1032D000A37B0022626103B938BD21462846BDE8C0
:1032E0003840FFF7DDBEFEF799FEF1E738B50B7AFF
:1032F000072B0C46054608D0A37B03B938BD2146F1
:103300002846BDE83840FFF7CBBEFEF7BBFEF3E72B
:103310000222002380F8E020A0F8E230704700BFCE
:1033200038B590F8E0300446032B1BD8DFE803F0F3
:1033300002111011FFF718FF034648B11D7A20460D
:10334000FFF732FF0A2D14BF0123032384F8E03076
:1033500038BDFFF709FF0028FAD02046BDE8384005
:10336000FFF722BF00DE38BD10B590F8E03004460C
:10337000032B1BD8DFE803F00D020C02FFF7F4FE6D
:1033800090B100230122A4F8E230827384F8E03087
:1033900010BDFFF7E9FE28B100220123A4F8E220C6
:1033A000837310BD00DEF7E700DEEAE700DE10BD44
:1033B00090F8E030022B05D000D87047032BFCD0EA
:1033C00000DE7047002380F8E030704738B590F891
:1033D000E0300446032B3AD8DFE803F00926121345
:1033E00020462946FFF706F82846FEF79BFF2046B1
:1033F000FFF720FE05460028F2D1022384F8E030D2
:1034000038BDFFF717FE05460028F6D029462046AE
:10341000FEF7F0FF2846FEF785FF2046FFF70AFE7D
:1034200005460028F2D1E8E7FFF704FE054600282C
:10343000E3D029462046FEF7DDFF2846FEF772FF5F
:103440002046FFF7F7FD05460028F2D1D5E700DE5C
:1034500038BD00BF38B50546FFF7ECFD68B104463E
:1034600021462846FEF7C6FF2046FEF75BFF2846AA
:10347000FFF7E0FD04460028F2D10024A5F8E24061
:103480002146284601F0B8F885F8E04038BD00BF75
:1034900003780121122243F0030303704170C270CC
:1034A000704700BF03780121132243F00303037028
:1034B0004170C270704700BF0B784FF0020C43F0B0
:1034C000030307220B7081F801C0CA7090F84C30DA
:1034D0000B7170470B7980F84C3070470B784FF0C8
:1034E000020C43F0030307220B7081F801C0CA707D
:1034F00090F84C300B71704710B50B780C460922D0
:10350000082143F00303E1706270237090F93730B3
:10351000002BACBF0B460E23E370FAF78DFC0022A4
:1035200061F30702C1F3072C0B0C6CF30F2263F35A
:1035300017421B0A63F31F626060A26010BD00BFE8
:1035400038B50C460546FAF777FC237843F00303B9
:10355000237009236370E370D5F82031217263F082
:10356000FF031840020C0B0CC0F307252071C1F3B8
:103570000721100AA2711A0AE07165716172A372C3
:10358000E27238BD0B78092243F003030B704A70D6
:10359000CA70D0E94623100CC2F3072C0A711A0C2A
:1035A00081F805C088714FEA102C0B72C3F3072015
:1035B000130A81F807C048728A72CB72704700BF45
:1035C0002DE9F0414A68124E8968530F83EA12735D
:1035D000164003F001034FF04052A3FB02320546B0
:1035E00001F0EF0786EA0304FAF726FC04EA000379
:1035F000C5F8203163F0FF03B8463340C5E94638CB
:103600000F400122C5F8247185F81021BDE8F08132
:103610002FCF87F72DE9F0414C68104F8A68630F70
:1036200083EA147303F001034FF04051A3FB01310F
:103630002740054687EA030402F0EF08FAF7FCFB8F
:10364000C5E94678044008EA01010123C5F8204194
:10365000C5F8241185F81031BDE8F0812FCF87F728
:103660000B784FF0030C43F0030319220B7081F821
:1036700001C0CA7090F820300B7190F821304B7166
:10368000704700BF0B78022243F003030B704A70AF
:10369000CA7090F820300B71704700BF0B7980F82A
:1036A000203070470378074AC0F805204FF0060C19
:1036B00043F0030340F60C51037080F801C0A0F8FA
:1036C00003107047F105FFFF0B784FF0060C43F035
:1036D00003030C220B7081F801C0CA7090F80A3104
:1036E0000B71B0F80B31A1F80530B0F80D31A1F82D
:1036F00007307047012380F809310B7980F80A31CF
:10370000B1F80530A0F80B31B1F80730A0F80D3151
:10371000704700BF0B78032243F003034FF0170CF0
:103720000B7081F801C0CA70D0F82130D0F8252084
:103730008A604B6090F829300B7390F82A304B73F5
:10374000704700BF10B503780D21042243F0030336
:1037500041700370C270841803F04AFD0C2120B13F
:103760002046BDE8104001F021BE2046BDE81040D3
:1037700001F012BE03780121052243F00303037018
:103780004170C270704700BF03780121062243F0E8
:10379000030303704170C270704700BF03780121BA
:1037A0000B2243F0030303704170C270704700BFE7
:1037B000037801714FF0020C43F003030D220370F4
:1037C00080F801C0C27070470378017143F00303B1
:1037D0004FF0030C0370112380F801C0C3704271D5
:1037E000704700BF0B7980F84D304B7980F84E3030
:1037F000704700BF0B784FF0030C43F00303162211
:103800000B7081F801C0CA7090F82030C3F3C20376
:103810004B7190F82030C3F302030B71704700BF67
:103820000A7990F8203062F3C50380F820304A7995
:1038300062F3020380F82030704700BF0B784FF02E
:10384000030C43F0030317220B7081F801C0CA7008
:1038500090F87C31C3F3C2034B7190F87C31C3F311
:1038600002030B71704700BFCB8883840B7980F80B
:1038700026304B7980F82730704700BF0B784FF027
:10388000180C43F003030F220B7081F801C0CA70BB
:10389000C38C8B80038DCB80438D0B81838D4B81BB
:1038A00090F834300B73C38EA1F80D30038FA1F85C
:1038B0000F30438FA1F81130838FA1F81330C38FDD
:1038C000A1F81530B0F84030A1F81730B0F8423008
:1038D000A1F81930704700BF0B784FF0180C43F077
:1038E000030310220B7081F801C0CA70C38C8B8057
:1038F000038DCB80438D0B81838D4B8190F83430C9
:103900000B73C38EA1F80D30038FA1F80F30438FD6
:10391000A1F81130838FA1F81330C38FA1F81530AF
:10392000B0F84030A1F81730B0F84230A1F81930A3
:10393000704700BF8B88C384CB8803850B89438580
:103940004B8983850B7B80F83430B1F80D30C3860A
:10395000B1F80F300387B1F811304387B1F8133055
:103960008387B1F81530C387B1F81730A0F840301D
:10397000B1F81930A0F84230704700BF0B78002230
:1039800043F003034FF00C0CCA700B7081F801C0B8
:1039900090F823300B71036B094AA2FB03239B0AA7
:1039A000A1F80530438DA1F80930038DA1F8073047
:1039B000838DA1F80B30838CA1F80D30704700BFC8
:1039C0005917B7D10B7980F82330B1F8053040F2A0
:1039D000E24202FB03F30363B1F809304385B1F817
:1039E00007300385B1F80B308385B1F80D3083843F
:1039F000704700BFB1F8093003844B68C0F822302B
:103A00000B7A80F8263070478B6900228A610BB3ED
:103A1000192293F804C01A71828CDA8091F8202060
:103A20001A774AB90A8DDA834A8D1A848A8D5A84A4
:103A3000BCF12E0F0AD07047C28CDA83028D1A8433
:103A4000B0F872215A84BCF12E0FF4D118681946CF
:103A5000FAF7CCBE00DEDBE730B5C38C0A8D4C8DA7
:103A60008D8D934285B002D1038DA34214D00123E2
:103A700081F8223002950B6BCDE900240C7A91F885
:103A80002320898C0391A4F10801B1FA81F149093D
:103A9000EDF7BAF905B030BDB0F872315B1B18BF55
:103AA0000123E5E7F8B5CD6900230C460746164625
:103AB000CB618DB3291D112E0AD8DFE806F020094D
:103AC00009090909091C090909090909090924142D
:103AD00000DEEB79637329463846FEF749FC237A0A
:103AE000092B14D0F8BD084694F8202094F8211032
:103AF000FFF76AFEEDE72046FFF7DEFCE9E7204628
:103B0000FFF73CFFE5E72046FFF7E6FEE1E7384632
:103B1000BDE8F84000F08ABDFEF714FC0546002819
:103B2000C8D100DEC6E700BF38B58B690C46054634
:103B300083BBFEF71BFC2E23A061037194F8342095
:103B40000121002384F823102363218D4AB1B1FBA6
:103B5000F2F313FB02F3E28C9BB29A429CBF2385E3
:103B60001946238F994204D340F2E24202FB03F349
:103B700023632846FDF7D2FC298D034606310B440A
:103B8000A384002228462146FFF78CFF4FF60B73D3
:103B9000638138BD00DECCE738B504460D4600F041
:103BA0003DFD20B929462046FEF7C4FB30B910215F
:103BB0002046FEF7E1FB0923AB7238BD04F1C400D7
:103BC000FEF7E8FA0028F2D12046FDF7C7FC0028EE
:103BD000EDD029462046FEF7B5FBE861FEF7BEFBB7
:103BE00010B90C23AB7238BD29462046FFF79CFF65
:103BF00020461021BDE83840FEF7D2BB70B50C4618
:103C00000646FFF729FF237A092B1DD094F822508E
:103C1000ADB1002384F8203021463046FFF7F4FE92
:103C2000304600F05FFE237A092B05D10C4B1A6851
:103C3000964204BF00221A600023A37270BD204682
:103C4000FEF7C8FBA561EBE7304600F0F5FC237AF0
:103C5000092BDBD194F82030002BDAD1D6E700BF56
:103C6000A08A002070B506460C4600F0D7FC10B1C3
:103C70000623A37270BD054621463046FEF75AFB67
:103C80000028F5D0112221463046FFF70BFF3046C1
:103C900000F028FE237A092B04D1044B1A689642BF
:103CA00008BF1D600023A37270BD00BFA08A002062
:103CB000F8B5294A136806460C468BB183420FD0EB
:103CC00002238B7200F0AAFC054620B9214630463B
:103CD000FEF730FB68BB2046BDE8F840FEF76CBB42
:103CE000218DF38C1660994212D0A5690023A3613F
:103CF00085B303232F792B71B38CEB8005F11C0165
:103D00002046FFF7BBFD2E2F1FD00423A372F8BD62
:103D1000628D338D9A42E8D1A28DB6F872319A4203
:103D2000E3D12046FEF756FB00220523A261A372D1
:103D3000F8BD4FF47263238421463046FFF792FFAB
:103D40002046FEF747FBA561F8BD28682946FAF72B
:103D50004DFDDAE700DECCE7A08A0020F0B50C4686
:103D6000897A83B005460C2900F2DE80DFE811F085
:103D700012001E004D00560062006C007900DC004D
:103D80007C00D2008600C0000D00002A00F0D18027
:103D900003B0F0BD002AFBD1237A082B00F0DB80B2
:103DA000092B40F0C1800123A372F1E7012AEFD172
:103DB00019462046FFF7BEFDE38C052B1BD9228D4B
:103DC000B2F5486F17D8934215D8638DB3F5FA7FD3
:103DD00011D2A08DA0F10A0140F6764689B2B14217
:103DE00009D8013313FB02F3B3EB800F03D294F82D
:103DF000343093420BD940F61E7323842146284663
:103E000003B0BDE8F040FFF72DBF012AC0D821461E
:103E1000284603B0BDE8F040FFF74ABF002AB7D1FB
:103E20000192FEF79BFA019A002840F0AF8003232D
:103E3000A372ADE7032A79D0042AA9D10F22062361
:103E400084F82120A372A3E7002AA1D195F9373085
:103E5000002B7EDA94F8203043B10F2384F8213010
:103E6000CCE7002A94D1C9E7002A91D1284600F076
:103E7000D5FB002872D00823A37289E7022A87D1D4
:103E800095F83720C2F3C011D20975D019462046E3
:103E9000FFF798FD228D931F40F67A419BB28B422B
:103EA00000F28780638DB3F5FA7F80F08280A08D69
:103EB000A0F10A0140F6764689B2B14279D803FBF7
:103EC0000222B2EB800F74D22846FDF727FBA38CA9
:103ED0001B1A47F6FE729BB2934240F28880282359
:103EE00085F84431284600F0FDFC0023A3724FE71B
:103EF000002A7FF44DAF2846FDF708FBA38CC01ABB
:103F000003043FF545AF2146284603B0BDE8F04025
:103F1000FFF774BE002A7FF43BAF2146284603B06A
:103F2000BDE8F040FFF738BE00DE31E70523A3729D
:103F30002EE7FEF713FA00283FF42AAF2146284661
:103F4000FFF7F2FD1021284603B0BDE8F040FEF770
:103F500027BAA261E1E70A23A37219E7214628469E
:103F6000FEF7E8F9002886D0102221462846FFF700
:103F700099FD0A2363810BE784F84C10284600F072
:103F80004DFB0646B8B10D23A37201E7A669A261F5
:103F9000002E3AD0032337793371AB8CF38006F1CE
:103FA0001C012046FFF76AFC2E2F1BD00423A372AE
:103FB000EEE61E2394E721462846FEF7BBF90028CB
:103FC000E1D0072221462846FFF76CFD284600F085
:103FD00089FC237A092B88D10D4B1A68954284D12C
:103FE0001E6082E730683146FAF700FCDEE72046C3
:103FF000FEF7E2F90B23A3722846FDF78FFAA38C94
:10400000C31A1A043FF5C4AE7DE700DEC2E700BF65
:10401000A08A00202DE9F0412C4E336804460D465D
:104020002BB1834203D00123AB72BDE8F08120465F
:10403000FFF7E6F80028F6D1204600F0E5FA07463B
:104040000028F0D129462046FEF774F90028EAD06E
:104050002046FDF763FA01218046204600F0CCFAA5
:10406000A5F83680D5F81C8085F834703460EF618F
:10407000B8F1000F1BD008F104012846FFF7FEFB42
:1040800098F807306B7341462046FEF771F92B7A9A
:10409000092B08D094F83730DB0901D100DEC4E7E2
:1040A00004236B81C1E72046FFF7BAF8F2E72946FF
:1040B0002046FEF747F980460028DCD100DE0421C7
:1040C0002846FFF7DBFB98F80730FFDEA08A0020C8
:1040D000F8B50C46897A06461546062909D8DFE860
:1040E00001F00430080838640A001DB9237A092B4E
:1040F00029D000DEF8BD002DFCD1FDF707FAA38C16
:10410000C01A0304F6D42946304600F075FA214659
:104110003046FFF7A1FC237A092B00F0968094F833
:104120002250002D40F09D802046FEF753F9A561F6
:104130003046FFF719F9237A092B60D00023A372C8
:10414000F8BD002DD6D121463046BDE8F840FFF736
:1041500061BF032D6CD0042D5CD0022DCAD119464D
:104160002046FFF72FFC228D931F9BB240F67A4129
:104170008B4262D8638DB3F5FA7F5ED2A08DA0F139
:104180000A0140F6764789B2B94256D803FB0222AB
:10419000B2EB800F51D22946304600F02DFA20466E
:1041A000FEF70AF90623A372F8BD002DA2D1FFF78E
:1041B00027F810B10523A372F8BD21463046FEF75B
:1041C000B9F80028F6D02946304600F015FAE7691C
:1041D000E561002F4DD094F8202094F82110381D6F
:1041E000FFF7F2FAFB79637339463046FEF7C0F801
:1041F000237A092B9CD13046FFF712F898E796F9FD
:104200003730002B2FDB234B1A68964296D10022C1
:104210001A6093E7D0F820311A2223F00203C0F885
:104220002031214684F820203046FFF7EDFB7FE760
:104230005B7984F820302146F6E70021304600F013
:10424000DBF91E2386F8443172E73046FEF7F2FFB1
:10425000237A092B7FF463AF94F82030002B3FF4CE
:104260005EAF0023E5E73046FEF740FB0028CAD0EA
:1042700064E721463046FEF765F807460028AAD1D4
:1042800000DE042094F8202094F82110FFF79CFA17
:10429000EB79FFDEA08A002020B592F81FC082B023
:1042A000054602F11C03BCF1110F0AD8DFE80CF03F
:1042B0002D0909090909092609090909090909092D
:1042C0001E17242380F844310191FFF74DF801991E
:1042D0000B7A092B20D000238B7202B020BD032261
:1042E000284602B0BDE82040FFF7F2BE8B7A012BD2
:1042F000F3D9043B022BF0D900DEEEE70422284676
:1043000002B0BDE82040FFF7E3BE0222284602B01B
:10431000BDE82040FFF7DCBE95F93730002B06DB07
:10432000074B1A689542D6D100221A60D3E7284677
:104330000191FEF7DBFA01990028F1D0CBE700BF2D
:10434000A08A002013460022FFF7C2BE70B5D57FB9
:1043500002F11C03CDB10F2D12D024230E4680F89C
:104360004431044600F0BEFA337A092B05D1094BDB
:104370001A68944204BF00221A600023B37270BD11
:10438000BDE870400122FFF7E9BCBDE870400222A1
:10439000FFF7E4BCA08A002013460022FFF7DEBC32
:1043A00000230322FFF7DABC00230422FFF7D6BC68
:1043B000D37F012B70B505460C4607D0242380F827
:1043C000443100F08FFA0023A37270BD8B7A012B69
:1043D00004D013F0FD0FF8D000DE70BD02F11C0117
:1043E0002046FFF707FB2846268CFDF797F8361A7C
:1043F00047F6FE73B6B29E4202D80223A37270BD86
:10440000282385F84431284600F06CFA0023A37273
:1044100070BD00BF38B58B7A012B05D0022B0C463E
:1044200003D0A3B901238B7238BD0546FDF76EF8A2
:10443000238CC01A0304F7D404F122012846FDF7A7
:104440007BF8284600F04EFA0023A37238BD00DE48
:1044500038BD00BFD0F8E8208A42034608460DD197
:104460008A69A2B90A46D3F8ECC01168C3F8E8100B
:10447000624508BFC3F8EC10FDF754BF00DE8A693F
:104480002AB9D3F8E820002AEDD1FDF74BBF127905
:104490002E2AF6D100DEF4E738B5D0F8E8502B7AB2
:1044A000013B04460A2B28D8DFE803F0060606067F
:1044B00018181D131306220000222946FEF792FD4C
:1044C000AB7B2BB129462046BDE83840FFF7C2BF81
:1044D00038BD00222946FFF75FFFF1E70022294699
:1044E000FDF790FAECE700222946FDF705FEE7E725
:1044F00000222946FFF78EFFE2E700DEE0E700BF7B
:1045000070B5D0F8E85004461DB394F8F430012B90
:1045100003D1022384F8F03070BD29462046FDF710
:1045200009FF0028F5D029462046FDF70BFF064677
:1045300088B1311D2846FEF7BFFFF3796B73314612
:104540002046FDF715FF01220023AA7384F8F030FE
:1045500070BD00DED9E700DEEBE700BFF8B5D0F8AC
:10456000E8500446ADB394F8F430012B03D1012395
:1045700084F8F030F8BD29462046FDF7DBFE002820
:10458000F5D029462046FDF7DDFE064688B32046D5
:10459000FEF7EAFD2A7A037A934206F104071AD05D
:1045A000082B1AD02A2194F810311BB1D4F82031ED
:1045B0005B0717D43846FFF7FBF8F3796B73314686
:1045C0002046FDF7D5FE01220023AA7384F8F030BF
:1045D000F8BD00DEC7E72321E5E7092A0CBF232148
:1045E0002A21E0E70A46384694F8F710FFF7ECF87E
:1045F000E3E700DECBE700BF80F8F610704700BFAE
:10460000704700BF0020704790F8F500003818BFD1
:1046100001207047D0F8E800704700BF90F8F40020
:10462000A0F10100B0FA80F040097047B0F8F8300E
:10463000A0F8F230704700BF0023A0F8F2307047B6
:1046400038B5D0F8E840F4B1D0F8EC202368C0F8D1
:10465000E8309442054608BFC0F8EC309CB12146D2
:104660002846FDF7C7FE2046FDF75CFED5F8E8407A
:104670004CB1D5F8EC202368C5F8E8309442EED16F
:10468000C5F8EC30EBE738BD70B505460C4639B1DE
:10469000042900D070BDFFF7D3FF85F8F04070BD4E
:1046A000D0F8E860002EF5D0337A112B11D83249BA
:1046B0004FF0010C0CFA03F0014061B910F4386FAF
:1046C00007D00A2B13D0CBB195F8F630F3B9644676
:1046D00004E000DE337A0A2B09D07BB185F8F5407F
:1046E0002846FFF7D9FE032385F8F03070BD284631
:1046F000FFF7D2FE052385F8F03070BDD37F86F832
:104700004C302846BDE87040FFF7FABE95F93710E7
:10471000002910DB012B20D0022BBBD12846FEF74D
:1047200023FD327A037A934221D0082B1DD02A230D
:1047300085F8443170BD012BEED12846FEF714FDFB
:1047400008B1FF23C372012385F8F5302846FFF72F
:10475000A3FE032385F8F03070BDD37F85F8F730D2
:104760002846BDE87040FFF7F9BE092ADFD12323B0
:1047700085F8443170BD00BF7FF4030038B50C46A6
:104780008969054610461A46237AE9B10B2B5FD892
:10479000DFE803F00C060606063A3A4A42420652A1
:1047A00021462846FEF7E8FBA16921B10B792E2BA3
:1047B0001CBF0023A361A37B2BB121462846BDE883
:1047C0003840FFF747BE38BDA26120610B2B3FD8B0
:1047D00001A151F823F000BF49480100A1470100A1
:1047E000A1470100A1470100A147010009480100BC
:1047F0000948010029480100194801001948010031
:10480000A14701003948010021462846FDF7B0F8CC
:10481000A1690029CAD1CEE721462846FFF796FDB7
:10482000A1690029C2D1C6E721462846FDF746FC0A
:10483000A1690029BAD1BEE721462846FFF7B8FD95
:10484000A1690029B2D1B6E711460029AED1B2E77D
:1048500000DEA1690029A9D1ADE700BF38B50B7A08
:10486000072B0C4605460AD0A37B002262612BB1C0
:1048700021462846BDE83840FFF7ECBD38BDFDF7BE
:104880003FFCF1E738B50B7A072B0C46054608D0FC
:10489000A37B2BB121462846BDE83840FFF7DABD9F
:1048A00038BDFDF731FCF3E70422002380F8F02047
:1048B000A0F8F230704700BF90F8F030052B0ED80A
:1048C000DFE803F0060907030603D0F8E83023B950
:1048D0007047FFF715BEFFF741BEFFF7DDBD00DEF5
:1048E000F6E700BF90F8F030052B04D8DFE803F0BE
:1048F00004151305040500DE7047D0F8E8200023F6
:1049000080F8F5305AB100230121A0F8F2309173FC
:1049100080F8F0307047FFF7F3BDFFF71FBE00DEF1
:10492000F1E700BF90F8F030052B04D8DFE803F082
:1049300004090B04050400DE7047002380F8F03002
:104940007047FFF70BBEFFF7DBBD00BF90F8F030FC
:1049500010B50446052B12D8DFE803F0030D090358
:104960000803FFF76DFE042384F8F03010BDBDE8A6
:104970001040FFF7C5BDBDE81040FFF7EFBD00DEFA
:1049800010BD00BFF0B5044683B00E46154673B1A6
:10499000D27F1B2A37D8DFF8C4C090F837100CEB51
:1049A0004203C9095F7801238B403B4040D1184640
:1049B000FDF73AFD074620B300230360D4F8EC303E
:1049C0001BB31860C4F8EC0094F8F030052B42D803
:1049D000DFE803F01E27030606062046FFF790FDDA
:1049E000BB7B1BB139462046FFF734FDD4F8E810F5
:1049F00039B12B463246204603B0BDE8F040FFF700
:104A0000BDBE03B0F0BD0023D1E7C4E93A00DBE747
:104A10002A4600212046FFF737FEBB7B002BE5D05E
:104A2000E0E72046FFF79AFDBB7B002BDED0D9E7FD
:104A30001CF812300A2BBAD10193FFF701FE0022B5
:104A4000A4F8F22084F8F52084F8F0202046FEF740
:104A500001FD019BABE700DEC2E700BFCCAB040069
:104A600010B50446FFF7ECFD0023A4F8F23084F8FB
:104A7000F53084F8F03010BD00B9704700DE7047A3
:104A800030B991F8B83023F0010381F8B83070479D
:104A900000DE91F8B83023F0010381F8B830704798
:104AA0002DE9F041079D9DF818700646A88C4FF639
:104AB000FF7188422ED03146284690461C46FCF7AE
:104AC00045FB38BB2B780133DBB22B7033B3144B6F
:104AD000B5F840019A7A1C8167F300029A72114A74
:104AE000013405F11001936004440022D960C3E948
:104AF000006811460B4BA5F840410120F7F7E6FE90
:104B000050B9FF20FCF740FB2846FF21BDE8F041EB
:104B1000FCF706BCBDE8F08100DEF2E700DED6E778
:104B2000A0210020C8060020012800D0704700B551
:104B300083B00191F9F7F6FE0199814202D103B0E9
:104B40005DF804FB00DEFAE7C38D23B190F8B820CE
:104B500012F0010300D0704710B542F0010288B096
:104B60000B4C80F8B82003310122CDE902320690C7
:104B7000CAB2CDE90434CDE9003303211846F9F770
:104B8000CFF810F0FD0F01D108B010BD00DEFBE73B
:104B9000814A010038B50C461546FCF71FF848B1AC
:104BA0001CB1BDE83840FDF7FDBD2946BDE83840E1
:104BB000FDF7D2BD022038BD38B50C461546FCF7CE
:104BC0000DF858B190F93730002B05DA2A46214606
:104BD000BDE83840FDF712BD0C2038BD022038BDBD
:104BE000054B064A10B41F204FF0FF3425211C60EE
:104BF0001871117010BC70474C8C002013AB002052
:104C000010B5044600789DF808C002FB01111A4A4D
:104C1000014482FB01020A44521102EBC20002EB82
:104C200080028A1AD0B2C1082070595C02F00702D3
:104C300041FA02F212F001021DD1B0FBFCF10CFBB3
:104C400011015C1EC9B20433104600F1080E14F8BD
:104C5000012F5FFA8EFE12F0010F00F1010C4FEAF6
:104C6000520202D039B10139C9B25FFA8CF08645DF
:104C7000F1D19C42E9D110BDA7C867DD4288008808
:104C800050407047F0B5304D304C48404FF0030C69
:104C9000060A5FFA80FE0EEB8E2E06EB862004EAF3
:104CA000401705EA400605EA4E0004EA4E1E3E4360
:104CB00040EA0E0000EB002706EB062E06EB0E2660
:104CC00000EB0720C6F30746C0F3074040EA062082
:104CD00000EB00100CF1FF3C08441CF0FF0C80B20C
:104CE000D6D141401A48A0FB01400C1A00EB5400F9
:104CF000400900EBC00400EB8400081AC0F3C404B0
:104D000000F00705145D2C41E407C0B21AD401FB82
:104D100003F3561EC3F307430432604600F108054F
:104D200016F8011FEDB211F0010F00F101044FEA76
:104D3000510102D033B1013BDBB2E0B2A842F2D163
:104D40009642EBD1F0BD00BF102102004084080064
:104D50004D91CFBA00F020BB10B584B0079BD3E9CA
:104D600000209047012812D004460DF10F010DF1EB
:104D70000E00F9F799FD0021064B00919DF80F20D8
:104D80009DF80E000121F8F7E3FF034B1C6104B00E
:104D900010BD00BF9D4D0100B021002000B585B0C1
:104DA0000DF10F010DF10E00F9F77EFD9DF80F20BA
:104DB000064B9DF80E00002101320091D2B2022173
:104DC000F8F7C6FF05B05DF804FB00BF5D4E0100BB
:104DD000F0B58DB00E4605460DF12F010DF12E00F8
:104DE0001C461746F9F760FD9DF82FC006940CF19C
:104DF000010C0024CDE90744CDE90344CDE9014489
:104E00009DF82E00059700962B465FFA8CF2012143
:104E1000F8F714FF10F0FD0F0AD006480094064B77
:104E200004619DF82F209DF82E000121F8F790FFD6
:104E30000DB0F0BDB02100209D4D010070B5059D65
:104E40000446F9F737FD2B462046034ABDE870407B
:104E50000621FFF7BDBF00BF594D0100014811F009
:104E60004BBE00BF548C002070B50446059DF8F77A
:104E7000DDFF2146F8F7DCFF062800D970BD2B4680
:104E80002046034ABDE870403121FFF7A1BF00BFB3
:104E90003D4E010008B501220021024829F017FF0C
:104EA000002008BD548C0020024BA0F2A462C3E98C
:104EB00000207047B02100200020F8F7A1BE00BFFD
:104EC00008B5F8F7B3FF014B986008BDB02100208A
:104ED0000020F7F75DBD00BF08B50A4BD3F84021AD
:104EE0003AB90120F7F754FDBDE808400220F7F772
:104EF0004FBD0020C3F84001D3F84031F8F78CFED5
:104F0000EFE700BF00B0004001F0F8BC90B90E4BD5
:104F10000E4A197810788842CBB20DD10C480D4951
:104F200090F800C0013313700B78634507D0037805
:104F30000B70704700DEEAE700DE1378EEE700DE74
:104F400003780B70704700BF14AB002015AB002036
:104F500019AB002018AB00200B4A0C4B117893F8CA
:104F600000C08C450DD012781A70094A094B18B947
:104F700011781878884202D012781A70704700DED3
:104F8000FAE700DEEFE700BF17AB002016AB00200A
:104F900014AB002015AB002001F0DABD08B50B48BA
:104FA0000B4B027819788A420CD00A4B0170002210
:104FB0000398986011460120F7F788FC00B908BDF6
:104FC00000DE08BD00DE1978EFE700BF14AB00205B
:104FD00015AB0020D80600202DE9F041304A314EB3
:104FE000127833789A428AB00C4605D12E4B2F4A5C
:104FF0001B7812789A4247D02768DFF8B48007F10F
:105000002D0525F07F45D8F800102846F8F710FF49
:1050100010F4000002D10AB0BDE8F081254A264B09
:1050200011781A78914213D11F4A204912780978D1
:1050300091420DD01A780132D2B21A7000221F4B61
:10504000009211461046F8F783FE10F0FD0F24D1B0
:105050001B4BE168C8F800500022CDE90732194B1C
:10506000CDE90322CDE90531CDE901222D230093BD
:1050700034780134E4B23B46114610463470F8F7F8
:10508000DDFD0AB0BDE8F0810768DFF8248007F194
:105090002D05044625F07F45DAE700DE00DED7E780
:1050A00018AB002019AB002014AB002015AB00207A
:1050B000748C002016AB002017AB0020594F010064
:1050C0000D4F01009D4F01007A4A9368002B00F0BC
:1050D00096802DE9F04F136889B08146002B46D0A9
:1050E0004FF0FF338DF80A300DF10A00F9F75CFD3F
:1050F000044600283BD0037F9907F5D1857A15F047
:105100000205F1D1C3684B4555D00668A8462F4625
:105110000DF10A00F9F748FD8346F0B1027F9207CE
:10512000F6D1827A9307F3D4C268B8F1000F21D088
:105130004A4558D0DBF800A031465046F8F778FED3
:1051400000F4000000280DF10A001CBF5F4656461F
:10515000F9F72AFD83460028E0D1002F08BF274633
:1051600039463846FFF738FF30F0020339D109B02D
:10517000BDE8F08F91458046DCD1237FE16843F0A4
:10518000020323772046A3699847FF238DF80A304E
:105190000DF10A00F9F708FD04460028E7D0037F67
:1051A0009F07F5D1837A9E07F2D4C3684B4502D09E
:1051B00000DED0F80C903F4A4846D2E9001303AA1B
:1051C00098470646002843D010F1100F59D0394AAD
:1051D000002093681168984716F10B0F10D08C3699
:1051E000C5D000DEC3E7227FE16842F002022277E9
:1051F0002046A2699047D8457FF472AFC5E7704753
:105200002C4A0023D2F80890D2E900480226136005
:10521000FF278DF80B700DF10B00F9F7C5FC90B16D
:10522000037F9A07F7D40DB9DB07F4D4C368A34210
:10523000F1D1037F826943F002030377214690474F
:105240008DF80B70E7E70125AE420AD02E46E0E765
:10525000237FA269E16843F0020323772046904749
:1052600085E70022CDE904220692039B0096494679
:10527000404604AA0794F9F74FFC00287FF477AF63
:10528000AFE7A37A43F00203A3720DF10A00F9F726
:105290008BFC014600283FF46AAF037F9D07F4D1E1
:1052A000837A9C07F1D4FFF797FE30F002033FF4B6
:1052B0005EAF96E7C821002010B582B01C4829F0E7
:1052C000E4FA90B31B4B00249C6000F0A3FA002882
:1052D00029DB2246214601201EF0E0FE164A0094FA
:1052E0002346214601201EF0E1FE144A00940121CC
:1052F00023460B201EF0DAFE2146114A0094234675
:1053000018201EF0D3FE0F4B1022C3F804230120F7
:10531000EFF79AFB0B20EFF797FB1820EFF794FBC2
:1053200001F006FB204602B010BD6FF01200FAE754
:10533000349D0400C8210020094F0100D94E01000E
:10534000D14E01000010004010B582B000F074FA98
:1053500000281FDB0120EFF785FB0B200024EFF76F
:1053600081FB1820EFF77EFB23462246214600945E
:1053700001201EF09BFE0121234622460B200094B3
:105380001EF094FE182000942346224621461EF06B
:105390008DFE204602B010BD034603488AB219466E
:1053A00083681B68184700BF349D040030B4074D64
:1053B000AB685C6834B18AB2A44601460023284633
:1053C00030BC60476FF0570030BC7047349D04001C
:1053D00030B4074DAB685C6834B18AB2A44601466C
:1053E0000023284630BC60476FF0570030BC704740
:1053F000349D04000020704770B5044682B0002838
:1054000033D0204B1A68824229D0FF250DF10700C6
:105410008DF80750F9F7C8FB034640B91DE0A142DB
:105420000CD00DF10700F9F7BFFB0346A8B11A7FB6
:105430009207F6D4D9681846002CF0D11A7F9E69DD
:1054400042F002021A77B0470DF107008DF80750BD
:10545000F9F7AAFB03460028E9D102B070BD9B68AA
:105460006BB1014600209847CFE7064A9368002BAE
:10547000CBD011680029C8D000209847C5E700DECE
:10548000C3E700BFC82100200020704710B50446C4
:10549000F9F77CFB8CB90D4B9A68AAB11C68002205
:1054A0009A601A6004B124680020F9F797FB20463F
:1054B000F9F724FC28B1002010BD0028F3D100DE4C
:1054C000F1E700DE002010BD00DEE7E7C821002084
:1054D0002D20704710B51446F8F7A8FC2146F8F7C0
:1054E000A7FC030204D40230092898BF002010BD95
:1054F000002010BD262810B5044613D0272809D057
:10550000252817D1022001F089FA2046BDE8104075
:1055100001F08ABA502001F081FA2046BDE810401F
:1055200001F082BA1A2001F079FA2046BDE8104055
:1055300001F07ABA0A2807D927280AD900DE2046BE
:10554000BDE8104001F070BA0230400001F066FA88
:10555000DBE70330400001F061FAD6E701F0C2BAA0
:1055600001F0C8BA08B501F0F3FABDE8084001F04F
:1055700031BC00BF08B501F0EBFA01F02BFCBDE82F
:10558000084001F0EFBB00BF08B501F0E1FA01F0FF
:1055900021FC01F005FCBDE8084001F0E3BB00BFC1
:1055A00008B50146114801F0B9F901F0FDFA60B102
:1055B00001F0A6FC01F0F2F900F080F900280EDB02
:1055C000BDE808400020FFF761BF01F0A1FA01F03B
:1055D00097FC01F0E3F900F071F90028F0DA00DE41
:1055E0000020BDE80840FFF751BF00BF994F010000
:1055F00010B5044601F0ACFA01F0ECFB01F0D0FB71
:1056000001F0B0FB2046BDE81040FFF7C9BF00BF66
:1056100010B5044601F09CFA0D48214601F07EF9D0
:1056200001F0C2FA40B100F049F900280ADBBDE8F8
:1056300010400020FFF72ABF01F06AFA00F03EF99F
:105640000028F4DA00DE0020BDE81040FFF71EBF9E
:10565000994F01002DE9F04F89B01F469DF848B0E1
:10566000FF238046894692468DF81F300DF11F00BA
:10567000F9F79AFA002846D0037F9D07F6D1837A7E
:105680009C07F3D405683E689DF81F3005930446D7
:1056900029463046F8F7CCFBBBF1000F53D0BC4293
:1056A00008BF002426460DF11F00F9F77DFAD0B19E
:1056B000027F9107F7D1827A9207F4D402680490AE
:1056C000294610460392F8F7B3FB039A049B00F4B3
:1056D000000000280DF11F001CBF15461E46F9F7FB
:1056E00063FA0028E4D1059B8DF81F30314B9A688E
:1056F000002A30D17EBB54B1BBF1000F48D1BC426F
:1057000005D000DE03E02B4B9A68044612BBFA6812
:105710001A60C3E901893846D04704460DF11F00DD
:10572000F9F742FA014650B1037F9A07F6D1837A1E
:105730009B07F3D4FFF750FC30F0020333D120462F
:1057400009B0BDE8F08F0002A9D5FF2335460593C7
:105750005C46A7E706464946CDF800B053464046AA
:105760003A46F9F7D9F9014680B1BBF1000F0AD1E9
:10577000BB7A980707D4C6B13046FFF72DFC30F04E
:10578000020300D000DE6FF07604D8E700DEECE71D
:10579000CDF800B053463A4649464046F9F7BCF9C1
:1057A0000028F0D1EEE700DEC9E7002C14BF264642
:1057B0000E46E1E7C821002001F1100011F09CB96C
:1057C00070B505468AB00C460122002104A829F0D4
:1057D0007EFA0F4B01930026032369462846039661
:1057E00002931DF00DFD002810DB31464FF40043FD
:1057F00040F2E730E4FB03014FF47A720023EAF74A
:10580000CFFC02460B4604A811F0B2F90AB070BDF5
:10581000B957010010B50120064C08F009FA002321
:105820000121A1606360E3602146BDE810401DF0E6
:10583000E7BC00BF7C8C002010B5012008F0F8F90F
:10584000044904461DF04BFD2046BDE810401DF004
:1058500022BD00BF7C8C00200C4B1A780AB10020BE
:10586000704710B50120187008F0E2F94FF47A7112
:105870000446FFF7A5FF38B920461DF00CFD0228AD
:105880000CBF00206FF0040010BD00BF1AAB002059
:1058900008B5094BBFF35B8F53E8002F511C43E859
:1058A00000100028F8D1BFF35B8F002A01DC08F05C
:1058B000C7F9002008BD00BF788C002008B50E4B4A
:1058C000BFF35B8F1A68BFF35B8F002A10DDBFF355
:1058D0005B8F53E8002F511E43E800100028F8D1D9
:1058E000BFF35B8F012A01DC08F0C0F9002008BD7E
:1058F0006FF0770008BD00BF788C00203220704721
:10590000014B33F81000704704AC040010B5044696
:10591000FFF73AFE01F03AFA2046BDE81040FFF7E3
:105920003FBE00BF38B5044601F03CF9FFF71AFE50
:10593000962001F05FFA002318461A46194601F036
:10594000A3F90120F9F78CF8F0B11C3001F0BEF892
:1059500001F014F900BB2146104800F0DFFF01F010
:1059600023FB00210446084601F0C6F80021054645
:10597000084601F0BDF82C44CB34201A01F0CCFAD3
:10598000BDE8384001F002BB00DE1C3001F09EF89B
:1059900001F0F4F80028DED000DEDCE7F15D010064
:1059A00010B50446FFF7F0FD01F0F0F92046FFF7CF
:1059B000F7FD054B0021012208469C60F6F786FFA3
:1059C00000B910BD00DE10BDE8060020814208B518
:1059D0000ED00B7ADB0702D46FF08B0008BD0C4BA6
:1059E0001360FFF755FF00280FDB6FF00A0008BDBA
:1059F0000B7B01EB83010B691B7803F00F03012B79
:105A00000CBF00206FF08B0008BD00DEEDE700BF8B
:105A10001D5D010010B548B10C46FFF74FFF00288F
:105A20000BDB2046BDE81040FFF730BD044800F016
:105A300075FFBDE8104001F06BB800DEF1E700BF74
:105A40000D590100084B042210B598182821F6F7CB
:105A500043FE064B00249C8102222146044829F083
:105A600036F9204610BD00BFBC8C0020AC8C002055
:105A7000948C0020084B042210B598182821F6F7C2
:105A80002BFE064B00249C8102222146044829F06B
:105A90001EF9204610BD00BFBC8C0020AC8C00203D
:105AA000948C002010B504460548F6F739FE20B165
:105AB000034600205870636010BD6FF00B0010BDEE
:105AC000BC8C002003460020187058709860704706
:105AD00038B51E4D2B7B6A7B9A4202D055F8234085
:105AE00034B91B48F6F71CFE044680B1204638BD89
:105AF000184811F063F82B7B6A7B9A42F6D0013389
:105B0000DBB2032B08BF00232B73204638BD11489E
:105B10004FF42032002311F02BF8A0B90D4811F0FA
:105B20004DF82A7B6B7B93420BD0531CDBB255F8AC
:105B30002220032B08BF00232B7312B114462046EA
:105B400038BD00DED2E700DEE8E700BFAC8C002005
:105B5000BC8C0020948C002010B5027843789A42C7
:105B600014D0D4B244700278944204D05A1C4370CA
:105B7000D3B2022B0ED01A4600EB82040B70606881
:105B800000B110BDFFF7A4FF606010BD0133DBB2B0
:105B9000022BF0D100221346EEE700BFF8B50278E1
:105BA00043789342044625D0D5B2154A507B92F8EB
:105BB0000CC0431CDBB2032B04EB850708BF00239A
:105BC0009C450E46796806D042F8201053730D4864
:105BD00010F092FF00216B1CDBB2022B0ABF0022E7
:105BE0001A46134679602370012104EB8204317058
:105BF0006068F8BD1A4604EB82046068F8BD00BF17
:105C0000AC8C0020948C002030B5037AC3F30213CF
:105C10000446002B93FAA3F0B0FA80F008BF4FF0CF
:105C2000FF3083B000F101003AD0217A5A1E1340B0
:105C300063F3061121722430FFF75CFC00230DF1A1
:105C4000070104F10C008DF80730FFF7A7FF0546A8
:105C500020B3284600F040FF2B7803F00F03022BFF
:105C600013D00DF1070104F11800FFF797FFE0B121
:105C700021460F4800F052FE962001F0BBF80020AC
:105C800003B0BDE8304000F0B7BF0A48214600F03D
:105C900045FE03B0BDE8304001F056B800DED8E75D
:105CA00000DE237AC3F30213BFE700DEE0E700BFA4
:105CB00025590100095D010010B50446FFF764FC99
:105CC000237A03F07102012A05D1C3F3420262F381
:105CD00006132372DBB213F0700F05D0636853B163
:105CE00093F82C309B0706D501F050F82046BDE80C
:105CF0001040FFF755BC2046FFF786FF00F002FF7B
:105D0000BDE8104001F042B910B5044600F04AFF6A
:105D10002046BDE81040FFF7CFBF00BF70B5C36895
:105D200004461E68F8F782F805463046FFF7D0FBB8
:105D300000232D1AC4E9005323812046BDE870409A
:105D4000EBF772BC10B582B00446FFF7A1FD002846
:105D500009DB084A0849094800940023F8F7FCFFCA
:105D600018B902B010BD00DEF3E77730F9D000DEDD
:105D7000F7E700BF29160000155A0100CD590100B0
:105D8000F8B5079D9DF818709DF820400E462DB17E
:105D90000C78B2EBD41F16D00020F8BD417A01F088
:105DA0000301012901D9002CF6D03178B2EBD11FC3
:105DB000F2D1062206F10801184633F04EFEB0FA81
:105DC00080F04009F8BD18460622083133F045FE40
:105DD0000028E1D1C4F38014BC42DED10622B11CFC
:105DE000284633F03AFEB0FA80F04009F8BD00BF13
:105DF000F0B587B0044600F0CBFEC0B2002800F03A
:105E00008B8000F0E7FE054600F0D4FFEDB20646B9
:105E100000F0DAFF00F0B0FFFFF7B6FB45B95848D5
:105E2000214600F07BFD07B0BDE8F04000F070BEF9
:105E3000FF2301208DF81730F8F712FE05460028E1
:105E400000F09880237B95F81CE004EB830305F1B8
:105E50001C011F693B46F6B213F802CB0CF00F0091
:105E6000012808BF07F10800CCF380124FEADC17C5
:105E70000EF00F0C18BF0020BCF1030F4FD0BCF187
:105E8000050FCCD16D7F222DC9D16568002DC6D0FC
:105E900095F82C50AD07C2D40DF11705CDE90106D8
:105EA000009720460395FFF76BFF0028B7D004202A
:105EB000F8F7D6FD0028B2D03248214600F02EFD7A
:105EC00000F026FE00F05AFE002855D1626892F8D4
:105ED0002C3043F0010382F82C30F8F7DBFD172259
:105EE0004FF6FF730271C3808460054601F002F82B
:105EF000286101F053F800210446084600F0FCFD3B
:105F0000241A6C61F8F7C6FDE8602868294607B0D6
:105F1000BDE8F040F8F7E8BDFFF736FB7FE7697FA3
:105F20000C297FF47CAF00287FF479AF617ACF072A
:105F300002D5002E3FF473AFB2EBDE1F7FF46FAFDC
:105F4000062205F12401184633F087FD00287FF46E
:105F500066AF0D48214600F0E1FC00F0F5FE237E1F
:105F600004EB8303D86900F0B7FD00F007FE28B901
:105F700007B0F0BD00DE65E700DEA7E700DEF7E76B
:105F8000B95C0100A1590100095D0100F8B50546A1
:105F9000FFF7FAFAF8F7A4FE044600283FD0214B99
:105FA000214A1B781178A27920485B0001F0010199
:105FB00003F002030B4322F0030213431C4A01883F
:105FC0001278A18001202070A371227219B195F975
:105FD0002730002B04DB2846BDE8F840FFF7E0BA85
:105FE00095F82C30C3F30213022B16D0042B0CBFF0
:105FF0004FF4BC77282700F0BDFF064600F0C0FF35
:10600000361AE660EA6BC4E904270023EB636B648D
:106010002846BDE8F840FFF7C3BA1827EBE700DED3
:10602000BDE700BF1DAB00201EAB00206EA9002005
:106030001BAB002008B500F0D7FD02780346012114
:1060400061F301021A70002008BD00BF00207047F4
:10605000704700BF30B40849084A094D094C0A4846
:1060600000230B8013700949094A2B8023700370A9
:106070000B70137030BC70476EA900201FAB00205E
:1060800070A900201EAB00201DAB00201CAB00201F
:106090001BAB0020814207D091F82C305B070BD559
:1060A0000B4B188840B97047094A0A4B1288197877
:1060B0001AB941B100DE03E0064B1B78002BF9D181
:1060C0006FF08B00704701221A706FF00F0070475D
:1060D00070A900201CAB002038B50D4678B30446EB
:1060E000FFF7ECFB002847DBE2682389518B9383A1
:1060F00001330B4492F927105383002913DBF8F77F
:10610000EFFD002836D0837923F00303002243F00B
:106110000203012101708280837102722846BDE86A
:106120003840FFF7B3B92089136B916B00FB033341
:106130000B44516B8B4228BF0B469363DFE791F909
:106140002730002B0ADB0D48294600F0E7FB00F062
:10615000DFFC95F862301B0708D438BD084B1B885C
:10616000002BF0D1074B01221A70ECE7BDE8384054
:1061700000F0EEBF00DEC6E700DEB5E78D5F010090
:1061800070A900201DAB002070B505460120F8F76E
:1061900067FC40B30021417795F8496006F0070697
:1061A00000F11C04304600F0FBFB95F86230B200B1
:1061B0001B0742F001020DD51F21082000F05CFCF6
:1061C0002246314605F1630000F0F4FEBDE8704060
:1061D00000F07CBC08201B2100F04EFC2046BDE8EE
:1061E000704000F073BC00DED4E700BF38B5044651
:1061F000FFF7B8F9244AA08913880133138000F00F
:10620000F9FD94F8482094F84900C2F3C00300F067
:10621000070002F00702002100F036FD2046FFF7DC
:10622000B3FF00F0ABFC60BB00F0BEFE258A034666
:1062300094F8490001210D3500F007001D4400F0DD
:106240005BFC94F8493003F00703022B054416D099
:10625000042B0CBF4FF4BC73282394F84800C0F300
:10626000C00100F007001D4400F042FC281A00F0B5
:1062700053FE21460548BDE8384000F04FBB1823C7
:10628000EBE700DED0E700BF70A90020A1630100AA
:1062900070B590F84830054603F007040E462046D6
:1062A000C3F3C00100F07CFB95F86230A200DB066E
:1062B00042F001020CD51F21082000F0DDFB314621
:1062C00005F1840000F0CEFEBDE8704000F004BC93
:1062D00008201B2100F0D0FB3046BDE8704000F0E4
:1062E000FBBB00BFF0B5054683B001AAC06C0F46EA
:1062F000296DF6F77BFA95F862305A07064638D4CE
:1063000048B3019C95F8613095F8602004341C4432
:1063100012B9627885F8602033B12378012262F3E4
:106320000103237095F8613095F86020D31A6370EB
:106330002846FBF7D7F8637883422AD96070012298
:10634000237803F00F03002143EA02132370A170A6
:106350003C6003B0F0BD43F0040385F8623000F008
:1063600043FC0446237823F0100323703C6003B001
:10637000F0BD43F0040385F8623000F035FC0446BC
:10638000002EEFD0037843F0100303703C6003B09D
:10639000F0BD32682B6DD21A18BF0122D0E700BFC2
:1063A0002DE9F04383B0044600F0F2FBC0B20028B0
:1063B00079D000F00FFC5FFA80F800F0DDFCFFF709
:1063C000D9F8A84A1388012003441380F8F748FB42
:1063D0000546002800F0EB80B8F1000F18D1A24B61
:1063E0001F78002F6AD1012201A920461A70FFF7F9
:1063F00079FF94F92730002B80F2F980676CB94659
:10640000002F00F0CF804FF00009019E474660E06A
:1064100094F862302A7F03F00101C2F380008842C1
:1064200000F0A28094F9272081F0010161F30003BC
:10643000002A84F8623005DA94F82C3043F008031F
:1064400084F82C3094F862305E0700F1C780D4E9FC
:10645000130101AAF6F7CAF90646F0B194F86120D3
:10646000019B1344597971B194F86230D8060AD56A
:10647000D4F894300133C4F89430D4F8983043F110
:106480000003C4F8983094F860300A44D2B29A42BB
:10649000C0F0B58000F0D28000DE94F862302A7F30
:1064A0004FF0000962E0FFF765F87048214600F000
:1064B00035FA03B0BDE8F04300F02ABB013FFFB25C
:1064C00001A920461F70FFF70DFF002F91D1019EFB
:1064D000C1466648214600F021FA00F035FC94F8E8
:1064E0006220337862F3C303337094F862303278F9
:1064F000C3F3400363F38202327031462046FFF754
:10650000C7FE00F03BFB00286FD100F033FD88B1DF
:10651000B9F1000F15D0A08A4FF6FF73984200F032
:1065200085804946FAF772FF7FB903B0BDE8F043B2
:10653000F8F7D2BA00F012FD00F016FDB9F1000F25
:10654000E9D117B903B0BDE8F083F8F7A3FA032344
:106550002B71A38A2868EB802946F8F7ADFA03B0BF
:10656000BDE8F043F8F7B8BA4FF00009C2F3C00233
:10657000C3F340039A4245D000273B4A3C4B0021DD
:1065800011702046012201A91A70FFF7ABFE94F9A1
:106590002730002B4DDB2B7FDA0603D4019E3378A6
:1065A000DB0627D5334B1B783BB1019E91E700DE1C
:1065B000B8F1000F3FF413AF2AE7E08900F01AFCAE
:1065C00094F8490000F0070000F016FB2A48214625
:1065D00000F0A4F900F0DAFC019E80E723F0040348
:1065E00084F8623000F000FB57E700DE8DE70027FB
:1065F000B946D7E77378002B3FF46BAFD2E784F846
:1066000061204AE70320F8F72BFA0028B4D094F869
:10661000623083F0020384F862306B7F002BABD0D2
:1066200094F86230190729D40127A6E700DEA08A72
:1066300077E7636C002BAED0B846E6E60022A4F8FC
:106640006020206D04F14C01F6F7D8F8019B1B681F
:106650003360019B1E60DDF8049094F862302A7F5D
:1066600084E700BF6EA900201FAB00208D5F0100F2
:106670001EAB00201CAB0020ED61010000F036FDD8
:1066800000285DD000F05AFD002849D1D4F87330BD
:10669000D4F87720134304D12B7F03F00303032B9B
:1066A00028D0284B2848022221461A7000F036F9DB
:1066B00000F02EFA00F062FAB8B900F05BFC60B1AD
:1066C000B9F1000F3FF43EAFA08A4FF6FF73984236
:1066D0000DD04946FAF79AFE27E700F03FFC00F09C
:1066E00043FCB9F1000FEFD12CE700DEE5E700DE57
:1066F000A08AEEE700F07CFA4278272A0146D0D83B
:10670000033205F11C0033F069F9D4F87330D4F882
:106710007720013BC4F8733042F1FF33C4F877307F
:10672000D4F87330074A0133C4F87330D4F87730A3
:1067300004F1730143F100034B600123137073E70D
:1067400000DE9FE71BAB00208D5F010010B582B01B
:106750000446FFF79DF8002809DB084A0849094864
:1067600000940023F8F7F8FA18B902B010BD00DE63
:10677000F3E77730F9D000DEF7E700BF59170000E4
:10678000D9600100956001004FF080530246D3F8B4
:10679000A410013107D04FF08051D1F8A00010F0C3
:1067A000010009D17047D3F8A8304FF6FF719BB2B2
:1067B0008B42F0D100207047D1F8A4301360D1F89B
:1067C000A8301371C3F3072363F03F035371D1F86B
:1067D000903001331CD0D1F89430013318D0D1F867
:1067E0009830013314D0D1F89C30013310D0D1F857
:1067F0009030C2F80630D1F89430C2F80A30D1F89F
:106800009830C2F80E30D1F89C30C2F8123008E04F
:106810000023C2F80630C2F80A30C2F80E30C2F8BF
:1068200012300120704700BF00234FF080520360F8
:1068300043608360C360D2F88030013318D0D2F84F
:106840008430013314D0D2F88830013310D0D2F81C
:106850008C3001330CD0D2F880300B60D2F8843009
:106860004B60D2F888308B60D2F88C30CB607047A8
:1068700000230B604B608B60CB607047054B4FF47F
:1068800080320021C3F80815C3F84423C3F8042359
:10689000704700BF00B00040054B1878421C1A70CA
:1068A00018B9044B01221A6070470120704700BFDD
:1068B00020AB002000B00040074B187848B10138E9
:1068C000C0B2187018B9054B01225A6070470120F8
:1068D000704700DE1878F2E720AB002000B00040DF
:1068E000014BD3F80405704700B00040024B00F59F
:1068F000A87043F82010704700B00040044BD3F854
:10690000103123B1034A044B10681B6818477047C5
:10691000001000407490002078900020024A034B41
:1069200011601860704700BF7490002078900020BC
:106930004FF080434FF0FF320021C3F8002EC3F820
:10694000042EC3F8081EC3F80C2EC3F8101EC3F89B
:10695000142EC3F8182EC3F81C2EC3F8202EC3F82B
:10696000242EC3F8282EC3F82C2EC3F8302EC3F8DB
:10697000342E7047074B084810B44FF49051002450
:106980004FF41052C0F81845C3F80018C3F8042893
:1069900010BC704700F0014000100040704700BF7D
:1069A000054B02280CBF0421032140F20122C3F849
:1069B0001015C3F85026704700100040072819DC56
:1069C000831EDBB2052B11D9002818DA031D1BDA50
:1069D00010F1080F1ADA10F10C0F19DA10F1100F7C
:1069E00018DA10F1150FCCBFEC20D8200A4BC3F8F1
:1069F0000C057047084B0820C3F80C057047064B80
:106A00000020C3F80C057047FC20EFE7F820EDE705
:106A1000F420EBE7F020E9E700100040014BC3F859
:106A20000805704700100040084B00F07F00C3F8D5
:106A30005405D3F8182522F00072C3F81825D3F8AE
:106A4000182542F00072C3F8182570470010004066
:106A5000084A00210123C2F82C15C2F83035C3784A
:106A6000C2F824358178038843EA01431B02C2F847
:106A70001C3570470010004002F01C03A3F108030E
:106A800002F00302B3FA83F3013A5B091B06022A00
:106A900098BF43F4801300F00F000A4A184340F4F3
:106AA0008070C2F81405D2F81805074B0340C2F8ED
:106AB0001835D2F81835194341F44031C2F8181589
:106AC000704700BF001000400000F8FE014BC3F803
:106AD0000405704700100040014BC3F804057047DF
:106AE0000010004002280CBF28202920704700BF5A
:106AF000012070472920704702280CBF05200A207A
:106B0000704700BF014B01221A607047001000401F
:106B10000B4B0C480C4910B44FF41064C3F80845F3
:106B200001224FF480245A60DA60C0F84843074CD1
:106B3000C3F808450020C1F800020A6110BC704784
:106B400000F0014000B0004000100040C001700E95
:106B5000094B0022C3F80021D3F80011C3F8042127
:106B6000D3F80411C3F80C21D3F80C11C3F8102189
:106B7000D3F81031704700BF00100040034BD3F82A
:106B80000001003818BF0120704700BF001000400E
:106B9000034BD3F80C01003818BF0120704700BF29
:106BA0000010004001207047034BD3F85005B0FAA5
:106BB00080F04009704700BF00100040044B40F2D5
:106BC0000312C3F83425C3F83805C3F83C157047E1
:106BD00000100040034BD3F80004003818BF012018
:106BE000704700BF0010004000487047748F0020BD
:106BF00000487047708E0020F0B41D4B1D4D1E4E96
:106C00001E4C1F4F0322C3F800222A78C6F868756D
:106C100002F10C03DBB2D000DB00910003F18043F2
:106C200000F1804003F5F83300F5F83001F18041C0
:106C3000C6F86C0501F5104104EB82041148C3F855
:106C40001045C3F81405D1F840352D2B8ABFD1F873
:106C5000403501232D3BC1F840350132064B4FF43E
:106C6000106102F00102C3F804152A70F0BC7047ED
:106C70000010004021AB002000F001404091004096
:106C80000C110040041000402DE9F041284E294C21
:106C9000294FDFF8A8E0DFF8A8800323C6F8003208
:106CA0002178CEF8688501F10C03DBB2DB00CD0062
:106CB00003F1804303F5F83305F1804507EB8107C5
:106CC00005F5F835CEF86C554FEA810CC3F8107510
:106CD00049F63465C3F814654AF2B813022A18BF9E
:106CE0001D460CF1804C42F2B84241F28833022832
:106CF00018BF13460CF5104C124A2B44A2FB032379
:106D0000DCF84025B2EB931F85BF9809DCF84035CD
:106D100001231B1ACCF840350131084B4FF41062A7
:106D200001F00101C3F804252170BDE8F08100BF26
:106D30000010004021AB00204091004000F00140D5
:106D40000C110040D34D62100449054B03204FF451
:106D50001062C1F80002C3F8082570470010004017
:106D600000F00140034B0022C3F81C21D3F81C3172
:106D7000704700BF00100040034BD3F81C010038DF
:106D800018BF0120704700BF00100040034AD2F82E
:106D9000403623F0FF03C2F8403670470010004031
:106DA000034B0022C3F81421D3F81431704700BFFD
:106DB00000100040034BD3F81401003818BF012025
:106DC000704700BF00100040014BD3F8100470471B
:106DD000001000400449054B054A4FF48020C1F8DB
:106DE0004803C3F80825704700B0004000F0014098
:106DF000C001700E034B044A1B7803F5A87342F8D8
:106E00002300704721AB002000900040F0B4A2F5B1
:106E100074232F4DA3F51073AB42044606D902F13B
:106E2000E87202F5D432013902F5A572294B2A48DD
:106E30002A4D2B4E0127DF600027C3F80475A0FB05
:106E400002020427C3F81075900C0227C3F80875D6
:106E5000244AC3F84005C5F848154FF48021C5F809
:106E600044134021C2F84065C2F84435C2F8041505
:106E70004CB34FF48013C2F804351B4A012100249F
:106E80000423D160C2F80445C2F81035154BC2F88E
:106E9000084511601549C3F850150C32C3F8542544
:106EA00002F5AF32124CC3F8584502F5FC7201F5F9
:106EB0000041C3F85C2538310832C3F86015C3F8C7
:106EC0006425F0BC70474FF40013C2F80435D4E7D2
:106ED000BFBDF07F0080004083DE1B4300B0004058
:106EE00048B1004000F00140009000400C1100400B
:106EF00040910040014BD3F84805704700B0004076
:106F00000349044A01234B600B61536013617047CE
:106F100000800040009000400449054BC1F8440542
:106F20004FF08862C3F80425704700BF008000401E
:106F300000F00140054B06480649074AC3F84805DA
:106F4000C3F84C15C3F80425704700BF00F001409A
:106F5000001100404080004080000004014BD3F845
:106F60004405704700800040014B1860704700BF27
:106F70006C8E0020014B1868704700BF6C8E00209B
:106F8000014BD3F84005704700800040024B4FF0A2
:106F90000062C3F80425704700F00140014BD3F8AC
:106FA0004805704700800040014BD3F84805704702
:106FB00000800040244B30B40024C3F80045022474
:106FC000A142C3F80045054634D003F580334FF0A5
:106FD00000711E4CC3F804151B491D4BC1F8044534
:106FE000D3F81835DBB21F2B03D9FF2B29D0191F7B
:106FF00000E01B21144B1748C3F81815002416494C
:10700000C3F80855C3F80C05C3F81025C3F81415C8
:10701000C3F80042C3F80041D3F80021C3F804418B
:10702000D3F80421C3F808410122D3F808111A60EB
:1070300030BC7047094B0A4C4FF00071C3F804157F
:10704000CAE7FB21D6E700BF00F0004001000001C5
:1070500000100040708E0020608D002000F0014084
:107060000100010130B41C4B1C4C1D4A0025C3F823
:10707000005505460220C3F80005C3F80445D2F8C0
:107080001835DBB21F2B03D9FF2B22D01A1F00E0CB
:107090001B22114B1348C3F818250024C3F80855C8
:1070A0000122114DC3F80C15C3F81005C3F814558F
:1070B000C3F80022C3F80041D3F80011C3F804411B
:1070C000D3F80411C3F80841D3F808111A6030BC92
:1070D0007047FB22DDE700BF00F000400000010127
:1070E00000100040708E0020608D002038B5114CDB
:1070F0000223C4F80433D4F8043163B92025EFF334
:10710000118085F31288BFF36F8F1CF0FEFFD4F857
:107110000431002BF3D0074B074A02204FF4004103
:10712000C3F80803C2F88011D3F80801B0FA80F060
:10713000400938BD00F0004000E100E0034BD3F807
:107140000004003818BF0120704700BF00F0004065
:10715000034B012100229960C3F80025704700BF4E
:1071600000F000400139012905D80B200AB1EDF7E4
:107170006BBCEDF777BC00DE704700BF29B1013969
:10718000012905D80B20EDF781BC1820EDF77EBC56
:1071900000DE0020704700BF88420BD0012803D0DA
:1071A000022809D000207047A1F10200B0FA80F057
:1071B0004009704701207047A1F10100B0FA80F04A
:1071C00040097047012908D0022906D059B9074B58
:1071D0004FF08072C3F800217047044B4FF40062F7
:1071E000C3F80021704700DE704700BF00E100E0F7
:1071F00008B527F0CAFE08BD032803D8054B185C64
:1072000028B1704700DE034B185C0028F9D100DE7E
:10721000704700BF2CAC0400013810B41C46042891
:1072200006D8DFE800F008111A23030004292FD044
:1072300000DE10BC70470429FAD1194B9C6010BCC9
:1072400002210020F5F742BB0329F1D1154B0121A2
:107250009C6010BC0846F5F739BB0429E8D1124BF5
:107260009C6010BC02210120F5F730BB032908D037
:107270000429DDD10D4B02219C6010BC0846F5F7B6
:1072800025BB0B4B9C6010BC01210220F5F71EBBF7
:10729000084B9C6010BC02210320F5F717BB00BF10
:1072A0004807002038070020280700200807002092
:1072B00018070020F806002001460020FFF716BB43
:1072C000124B30B40121044600205960C3F8044534
:1072D000C3F80001C3F80401196005E0D3F80421E4
:1072E00032B9D3F804251AB1D3F80021002AF5D019
:1072F0005960D3F80421002AE7D1D3F80455002DB2
:10730000E3D0C3F8042530BC704700BF00E0004064
:1073100070B58CB00E4615460146102268461C46D4
:10732000F5F732FA10220DEB02003146F5F72CFA90
:107330006846FFF7C5FF25B1102208A92846F5F7D2
:1073400023FA2CB108AD0FCD20606160A260E3602C
:107350000CB070BD10B5094C0A44914200D110BD6B
:1073600011F8013B584003090001E35CC0B24340FF
:1073700018091B01205CDBB25840EEE770F80400EE
:107380002DE9F041144CDFF8548005460E461746AF
:10739000444508D3EDF760FC114B6A221A504FF0B8
:1073A000FF30BDE8F0812368AB4200D08BB9A36801
:1073B0003A4631462846984758B1EDF74DFC084B00
:1073C0000022C2503146E3683A462846BDE8F04103
:1073D00018471034DCE700BF38A0040048A00400C0
:1073E0000C0000002DE9FF410D46164602A903AA34
:1073F0001F46EDF75DFF0446E8B1029B5B6A13B3DD
:1074000003984FF0FF324FF0FF331FF085F90B9BCD
:1074100001930A9B0093029B2046D3F824803246B6
:107420003B462946C047044603981FF077F920469B
:1074300004B0BDE8F0810923EDF70EFC034A4FF0DC
:10744000FF341350F3E75F23F6E700BF0C000000A2
:107450002DE9FF410D46164602A903AA1F46EDF786
:1074600027FF0446D8B1029B1B6B03B303984FF070
:10747000FF324FF0FF331FF04FF90A9B0093029B3E
:107480002046D3F8308032463B462946C047044662
:1074900003981FF043F9204604B0BDE8F0810923AA
:1074A000EDF7DAFB034A4FF0FF341350F3E75F23A5
:1074B000F6E700BF0C000000F7B507460E4614467D
:1074C000EDF710FF051E18DB3CB97B1E012B04D81D
:1074D000022E17D0012E08BF0624F1B201ABA2B2D2
:1074E000B8B202F0C3FB061E0EDA28461CF025FFD8
:1074F000EDF7B2FB104B76421E504FF0FF35284699
:1075000003B0F0BD1124E8E70198002343608367CE
:10751000803027F033FB01989C3027F032FD062C99
:1075200002D1019821F00FFA044A01994FF4404327
:107530002846EDF71DFFE2E70C00000030AC040028
:107540002DE9F743DDE90A980D4658EA09010C9E3A
:1075500007464C4613D015F1690F02D015F10B0FF9
:107560000DD1684627F0B3FEDDE9002313430ED1A9
:1075700015F1690F14BF6FF068056FF00B05EDF79B
:107580006BFB234B6D421D504FF0FF3036E0B8F1DE
:10759000FF3F08BFB9F1FF3F12D04FF47A71A4FB4F
:1075A000013201FB082247F6FF715B1842F100022D
:1075B000DB0B43EA424332689A4294BF3260336045
:1075C000D7F8A40008B10FF013FA34684FF4004C58
:1075D00040F2E73000214FF47A720023E4FB0C0103
:1075E000E8F7DEFD27F0D9FD33685B00642B28BF88
:1075F00064233360D7F8A40018B9002003B0BDE8B5
:10760000F0834FF0FF324FF0FF330FF07FF9F4E7D4
:107610000C00000070B506461D460C4609B1142A40
:1076200007D0EDF719FB1A4B16221A504FF0FF3016
:1076300070BD02F0E3F910220146204632F00DFA47
:107640000028EED0206901F0C5F870B996F9B600AF
:10765000002807DC01F030F938B9EDF7FDFA0C4BE2
:107660000222E2E701F0B6F8F6E7214655B123F031
:107670007CFF0028034608DAEDF7EEFA044A5B4285
:107680001350D3E723F0A1FFF3E70020D0E700BFBA
:107690000C00000038B540F20514A142034600F08A
:1076A0009B80B1F5837F3BD2B1F5817F6BD009D848
:1076B000032957D004295BD0EDF7CEFA544B5F2253
:1076C0001A504CE040F203108142F5D111688888CD
:1076D000C5070FD552681068C06810F4EE1F02D1BC
:1076E000986FC40703D5C88840F00100C8801068AF
:1076F000143010608A88500742BFCA8842F00402E2
:10770000CA809A6F520742BFCA8842F00802CA80F4
:107710009B6FDB0735D5CB8843F01003CB8030E07F
:1077200045F21B44A14260D045F22142914257D01C
:1077300045F211429142BFD1B0F8B220062A61D180
:10774000B0F8B430C3F34103032B14BF6FF07A03D6
:107750006FF01503EDF780FA2D4A5B4213504FF09E
:10776000FF3004E090F87800C0F34000800338BD9B
:107770001268816F50044CBF41F0020121F00201F8
:1077800099670020F3E710688188C9071AD5516806
:1077900092680C68A24238D003F1800222610A6824
:1077A000547B042565F3050454730C68A27B22F016
:1077B0002002A2730C68E26822F4FE12E2600A68FA
:1077C00014320A608288520703D49B6F13F0050FAE
:1077D000D7D06FF07700CAE71268C0F8A420D0E7CE
:1077E000826F42F002028267CBE7002314681946D9
:1077F0001A461EF0E6FF6FF00043984294BF2060E7
:107800002360BEE76FF05E03A4E76FF00B00AEE706
:107810000C00000037B5002B069C05461CD10093D8
:1078200014490022002302F00BFB05F1800027F031
:10783000A5F905F19C0027F0A4FB04F1800029467E
:1078400027F0DCF9284621F07EF804F19C0003B013
:10785000BDE830401EF090BF0ADA5B42E367A36FD9
:1078600043F00403A36704F1800027F094F9ECE7E8
:1078700003B030BDFB68030013B5B0F8B430C3F3F8
:107880004103032B4FF00001044600914FF000022A
:107890004FF0000319D121F0C9FB0423E367A36F64
:1078A00043F00403A36720461EF068FF204602F061
:1078B000A3FA031E06DAEDF7CFF9054A5B4213502F
:1078C0004FF0FF33184602B010BD02F0B9FAE4E7FA
:1078D0000C00000037B505460C4619BBB0F8B430B3
:1078E0000091C3F34103032B4FF000024FF000035C
:1078F0000DD121F09BFB031E0CDAEDF7ADF90E4A1A
:107900005B4213504FF0FF34204603B030BD02F00D
:1079100097FAF0E7AB6F43F00103AB6728461EF020
:107920002DFFF1E7EDF798F94C1E012C024B94BFA7
:10793000862216221A50E5E70C00000013B5044613
:1079400021F042F8031E07DAEDF786F90D4A5B4293
:1079500013504FF0FF3007E0B4F8B430C3F3811395
:10796000023B012B02D9002002B010BD63680093D6
:10797000054900230022204602F062FA031EF2DAD3
:10798000E2E700BF0C000000FB6803002DE9F043B4
:10799000B0F8B4309146C3F38112032A85B004468F
:1079A000884607D1EDF758F92E4B5F221A504FF059
:1079B000FF3038E0C3F34103022B33D0012B856F36
:1079C00009D1EDF749F915F0040F264B01D0E26F0C
:1079D000ECE77822EAE715F0020518BF224D43686C
:1079E00019BF002600274FF4C0360027012A1DD1F9
:1079F00000931E490022002302F022FA002805DA33
:107A00004342EDF729F9174A1350D0E76368029310
:107A1000CDE900672B464A464146204621F07DFAD3
:107A20000028EDDB002005B0BDE8F0830293CDE92E
:107A300000672B464A4621F070FA031E03DAEDF781
:107A40000BF95B42DFE7A36FDB07EBD463680093BE
:107A5000064900230022204602F0F2F9031EE1DA73
:107A6000EDE700BF0C0000008D690300FB68030018
:107A700013B5B0F8B43003F0C003C02B044608D1EE
:107A8000EDF7EAF80D4B5F221A504FF0FF3002B0CD
:107A900010BD21F02BFA031E05DAEDF7DDF8074AD9
:107AA0005B421350F1E70023054900940022204671
:107AB00021F0BCFA031EF0DB0020E8E70C00000018
:107AC000157801002DE9F04F8FB016460A224FF0CD
:107AD000FF384FF0FF390B925A06CDE90C89189FF9
:107AE00004460D4603D4836F13F0020328D000220E
:107AF0000023CDE90C2308A827F0C4FBDDE90C2303
:107B000008A8DDE9088927F0BDFBDDE90823CDE9F8
:107B10000623A36FDB071BD4636800932949002366
:107B20000022204602F08CF9031E11DAEDF794F8DA
:107B3000254A5B4213504FF0FF300FB0BDE8F08F85
:107B40000CAA052102F00AFB4FF4A0220023D2E781
:107B50004FF0000A0DF12C0BDDE90C23616837B3FF
:107B6000CDE90223199B04910093CDF804A03B4674
:107B700032462946204621F0E1FA0028DDDADDE927
:107B80000C230146CDE90023CDF808B042464B4610
:107B90002046FFF7D5FC0130CDD0DDE9062308A84B
:107BA00027F095FBDDE90823CDE90C23D4E7CDE9E7
:107BB000002302913B4632462946204621F061FAD5
:107BC000DBE700BFFB6803000C000000F7B5B0F86E
:107BD000B43003F0C003C02B04460E46174609D14B
:107BE000EDF73AF8284B5F221A504FF0FF35284640
:107BF00003B0F0BD836F5A0704D5EDF72DF8E26F9F
:107C0000214BF1E79B0710D44FF0FF334FF0FF32C9
:107C10006946CDE900231EF03DFF031E05DAEDF7AE
:107C20001BF8194A5B421350DFE7002204F1800081
:107C300000230EF02DFF044620B9EDF70DF8124B8E
:107C40000B22D1E7EDF74EFB051E06DA20461EF0AB
:107C500095FD204602F0D0F8C7E73A463146204667
:107C60001EF06DFD40B128461CF067FBECF7F4FFF9
:107C7000054B86221A50E9E7044A4FF44043214657
:107C80002846EDF775FBB2E70C00000030AC0400AD
:107C90002DE9F04F8FB01F4603924FF0FF334FF0A6
:107CA000FF32CDE90423189B5C06DDE919AB0646DB
:107CB0000D4603D4836F13F0020330D0002200235B
:107CC000CDE90423189B13F00203009306F180040E
:107CD00039D01022002109A8DDE9048931F0A5FE80
:107CE00004238DF831300D9401214B46424609A8FA
:107CF00010F0CCF900F10B010B29034619D840F61E
:107D00008102CA40D10714D5204626F0BCFF0446A4
:107D1000F8B9ECF7A1FF874B0B221A500EE004AA2A
:107D2000042102F01BFA04A930461EF0B3FE031E24
:107D3000C8DAECF791FF7F4A5B4213504FF0FF30F7
:107D40000FB0BDE8F08FDDE9042320460EF0A0FE61
:107D5000DDE7D0E903930193BAF1000F6ED0BBF1D8
:107D6000000F6BD0B6F8B2300293DBF8008021F040
:107D7000D9FC94F83B30C3F3C203AAF8003094F85E
:107D80003B30C3F3C203022B13D06FF08506019B77
:107D9000C4F80C902361002E49D07642ECF75CFFCA
:107DA000644B1E50009B002BC8D1204621F0F7FBEE
:107DB000C4E700222823B8F1170FCDE9092333D9EE
:107DC00009A9204621F060FE804610B96FF06806D0
:107DD000DDE70A99204621F000FD0028F6D1E18F69
:107DE000204621F0FAFC06460028EFD108F10802EF
:107DF0000AF1040108F1180352F8040B41F8040BCE
:107E00009A42F9D19DF80830112BBED107AB0993E6
:107E100009A9082320460A9321F036FE0028D5D070
:107E20000388AAF80230B2E76FF01506AFE7BAF898
:107E30000030012B0DD10823CBF80030002D44D0A9
:107E4000EB680BB1AB6843B9ECF706FF394B0C227A
:107E500063E7022B6BD11823EEE7204621F040FDAB
:107E6000B842824628BFBA460646D3460023BBF135
:107E7000000F0FD1BE4203D9AB6943F02003AB61C1
:107E80002A69002A4CD0696971B30F2946D8C5F810
:107E900014B029E0AA68D158D01821B9ECF7DCFE5B
:107EA000244B162239E7426803935A4528BF5A46A5
:107EB0002046029221F0A7FC039B029A083308B1E6
:107EC00069266BE7ABEB020BD1E7204621F008FDFA
:107ED000874228BF0746064603993A462046BA46D7
:107EE00021F091FC0028EBD1009BDBB9204621F06A
:107EF00056FB189B13F0200F0CBF504630461FE76F
:107F0000073323F007000346103313448B428344A6
:107F1000BDD802441368002BF2D1B8E71144F9E749
:107F20006A61E1E7019BC4F80C902361E1E78626D2
:107F300034E700BF0C0000002DE9F04F90468DB0F3
:107F40001C464FF0FF324FF0FF33CDE90823B0F865
:107F5000B430DDF858A0DF0705460E460ED5C3F352
:107F60004103022B0ED08023ECF776FE5C4A1350BF
:107F70004FF0FF3420460DB0BDE8F08F0923F3E742
:107F80008623F1E71AF0400F02D1836F990715D5C8
:107F900000220023CDE90823002CEBD0CDE9058495
:107FA000DDE908790AF4807BAEB1B8F1000F12D197
:107FB000F3685BB96FF015004342D5E713F0050392
:107FC000EAD108AA042102F0C9F8E5E7B3681A6803
:107FD0005B6805920793CDE90A7902A8DDE90A23D7
:107FE00027F050F9DDE902344FF00008CDE9003404
:107FF0004446069B9BB3D5F88030E3B9AB6F5A0774
:1080000007D564BBE86F4042002820EAE07403DA39
:10801000D2E7DB070FD514BBDDE9171228461EF0A7
:108020008EFB0028ACD11AF0020FA3D121462846BE
:1080300021F0AEF89EE757EA090312D1D6B95346AC
:1080400006AA05A928461EF0BCFB231850EA030423
:1080500043D157EA09071AD0BBF1000F35D12046AA
:10806000D2E70AA92846CDE90A791EF013FD0028B7
:10807000E4DAC9E7534607AA05A928461EF0A1FB82
:10808000044450EA040305D157EA090302D16FF012
:108090000A0091E7B26852F8381001440591069938
:1080A000091A069107994FEAC8030029D4D1F1684B
:1080B00008F101088845D2D00833D118D2584B684E
:1080C000059207930AB1002BD4D1DDE900230AA859
:1080D00027F0FDF8DDE90A798BE71C46BCE700BF15
:1080E0000C000000F0B585B01C46DDE90A671346B8
:1080F0000AB3B0F8B420C2F38112951E012D08D83E
:108100000A46CDE9016700940021FFF7C1FD05B0E3
:10811000F0BD012A07D10A46CDE90167009400218C
:10812000FFF70AFFF3E7ECF797FD044B86221A509E
:108130004FF0FF30EBE71046E9E700BF0C0000000E
:10814000F0B5B0F8B430C3F3811C85B0644699B182
:108150008E68D6B10023CF681D460436AF4218D1D1
:10816000023C012C1AD80C1D02940C68CDE90024A5
:108170000022FFF78DFD06E01623ECF76DFD0D4A9A
:1081800013504FF0FF3005B0F0BD0C23F5E7862308
:10819000F3E756F835E001357344DFE7BCF1010F32
:1081A000F5D10C1D02940C68CDE900240022FFF7E4
:1081B000C3FEE8E70C00000038B506291446054662
:1081C0001A46049B65D008DC002969D0012923D018
:1081D000ECF742FD484B6D2245E02929F8D1182CD7
:1081E0006ADC0F2CF4DD103C082CF1D801A151F809
:1081F00024F000BFD3820100D7820100F182010088
:10820000F5820100D1810100D1810100D1810100FD
:10821000D1810100C98201000F2C38D010DC032C61
:1082200028D0042C18D0022CD2D1092101F096FFBD
:10823000031E27DAECF710FD2F4A5B42135013E0C0
:10824000262C21D0272CC3D11B68042B07D1B0F8D2
:10825000B430C3F3C2030BE01B68042B07D0ECF768
:10826000FBFC254B16221A504FF0FF300BE0C36F7A
:10827000136007E0B0F8B410C1F381111B68042B40
:10828000EDD11160002038BDB0F8B210F6E70A2138
:10829000CCE7012C9CD1ECF7DFFC174B7B22E2E70B
:1082A000022C05D0212C05D0012C91D10821BDE74D
:1082B0001021BBE70D21B9E7432CF7D0482C06D09D
:1082C0003E2C85D11921B1E714212846AEE71121B2
:1082D000ACE70F21F9E7B0F8B410C1F3C2010229ED
:1082E00004D0ECF7B9FC044B6A22BCE71321ECE79D
:1082F0000E21EAE71621E8E70C00000070B50E46F3
:10830000062E14460546049A194600F0828009DCC0
:10831000002E00F08580012E28D0ECF79DFC604BEC
:108320006D2239E0292EF8D11A2C00F38C800F2C05
:10833000F3DD103C0A2CF0D801A353F824F000BF61
:108340006F840100778401007F840100978401001D
:1083500087840100938401001B8301001B830100BB
:108360005D8401001B8301007B8301000F2C24D05E
:1083700005DC022C12D00D2CCFD1002070BD192CA1
:10838000CBD1B0F8B430C3F3C2000138012818D9FA
:10839000ECF762FC424B6A221A500BE013460A4685
:1083A000092101F0FFFD031EE7DAECF755FC3C4A1A
:1083B0005B4213504FF0FF30E0E713460A460A21B4
:1083C000EFE712B141B1087820B923F40073A5F8A2
:1083D000B430D2E7082A04D0ECF73EFC304B16222A
:1083E000DAE7084601F012F9031EDEDB00F0F2F9CD
:1083F00020B9ECF731FC2A4B1322CDE7B5F8B430A5
:1084000043F40073A5F8B43001F07CF885F8B600A9
:10841000B3E7012C81D1ECF71FFC214B7B22BBE79A
:10842000022C0CD0212C06D0012C7FF476AF134601
:108430000A460821B5E713460A460D21B1E713465F
:108440000A461021ADE7432CF1D0482C0BD03E2C2E
:108450007FF463AF13460A461921A2E713460A4682
:10846000142128469DE713460A46112199E7134631
:108470000A460F21F5E713460A461321F1E7134692
:108480000A460E21EDE701232846BDE87040FFF7BC
:10849000C1B80023F8E713460A461621E1E700BFFA
:1084A0000C000000F0B5B0F8B4301446C3F38112EC
:1084B000032A87B00D4608D1ECF7CEFB1E4B5F2296
:1084C0001A504FF0FF3007B0F0BD01B124B9ECF7FE
:1084D000C3FB194B1622F3E7D90504D4ECF7BCFB18
:1084E000154B8022ECE7012A03D1C3F34103022B91
:1084F000F4D1038F022BEAD10022ADF80030438F74
:108500000592ADF8023000F13C0201AF00F14C03DE
:10851000106851683E4603C608329A423746F7D182
:108520002268182A28BF18226946284631F056FAD0
:10853000182323600020C6E70C000000F0B5038C70
:10854000022B89B004460E46154628D118273A4614
:10855000002102A831F069FAB4F8B4305B051CD5EB
:1085600001AA02A92046019720F022FE031E07DA85
:108570005B42ECF771FB0D4A13504FF0FF300AE0FD
:10858000019C2A68A24228BF224602A9304631F047
:1085900025FA2C60002009B0F0BD1623E9E7ECF7BE
:1085A0005BFB024B16221A50E7E700BF0C000000ED
:1085B000034B084619684A78023131F00FBA00BF00
:1085C000B890002038B5044620B300680B210C3069
:1085D0001EF0EFFA20680C2108441EF0EAFA236826
:1085E0009D680F4B0F4AC3E90025ACB123681033D7
:1085F0000D4A13600CF0B0FF80B920462C601FF0CC
:1086000045FF0A4829460DF071F8BDE83840044896
:108610000CF086BF0546E4E72346E9E738BD00BF16
:10862000AC900020016B0300B8900020D96B0300D0
:10863000F8B506460CF048FF28F040FF1E4F0446F0
:1086400004B9F8BD94F91230002B33DBA368B3F101
:108650007F4F04D1E36823F07F43BB422AD0627C82
:10866000012A21D800230122306821461FF02DFC69
:108670000546F8B10CF028FF28F0EAFF0822014671
:10868000204631F0EAF995F83D30B0FA80F0400923
:1086900060F3820385F83D30A37C03F00103C3F14E
:1086A000020385F8293005E0022A01D10023DBE727
:1086B000032AFBD06469C3E7FE00FC0038B54FF025
:1086C000FF324FF0FF3305461D481EF0ABFD1D4B3A
:1086D0001B687BB11A684FF0FF344FF47A705BB9B6
:1086E000631C1BD1184826F006FCBDE8384014482E
:1086F0001EF0CDBD1A46EEE7D9691B8C491B00FB65
:108700000313002B09DD9C4228BF1C461AB11168D7
:1087100013460A46E3E71146FAE700244FF4004502
:1087200040F2E73000214FF47A720023E4FB0501A8
:10873000E7F736FD02460B4603480EF0BBFCD4E7D4
:1087400058100020E893002098220020F8B51EF071
:10875000A8FE4FF0FF324FF0FF3306461B481EF0D5
:1087600061FD1B4A13682BB1002419684FF47A7C11
:1087700027463BB93046FFF7A1FFBDE8F840134854
:108780001EF085BDDD69188CAD1B0CFB0055002D5E
:1087900005DD1C46C1B108680B460146E9E71868CB
:1087A00064B955681060AB4200D1506093F8220064
:1087B0001F6067F3000083F82200EBE72060506839
:1087C000834208BF5460F1E70846E5E758100020EF
:1087D000E8930020002808DD431E054800EB8310C5
:1087E000044B984228BF002070470020704700BF0C
:1087F000F413002034140020F7B51EF052FE2B4F66
:108800000023019306464FF0FF3229484FF0FF3313
:108810001EF008FD3C68ECB1234653F82C2902B148
:108820002C3A0024C6F16406A3B15D6B3544002DDB
:1088300023DD40F2E73000214FF400464FF47A7216
:108840000023E5FB0601E7F7ABFC02460B4619489F
:108850000EF030FC16481EF01AFD24B32C3C012506
:1088600094F83C0084F82950FFF7B4FF211D22F052
:108870002EF8E46ABCB12C3CF2E77868009403F16E
:108880002C018142DB6A3B60684608BF7B601EF0BA
:108890004CFC009C2AB1D16A01B12C3913460A461E
:1088A000C2E71146FAE703B0F0BD00BFD093002045
:1088B0005810002008220020054B064A934205D09C
:1088C000054A1068002808BF184670470020704706
:1088D000F41300203414002014940020F8B54FF055
:1088E000FF330546174610484FF0FF320E461EF084
:1088F00099FC0E4B1B680BB11C6823B9BDE8F8400E
:1089000009481EF0C4BC5A68AA4200D022B99B682C
:108910003A463146284698471CB1226823461446F9
:10892000EBE72246FAE700BF58100020CC90002069
:1089300038B504460D461EF077FC072120461EF090
:108940008CFC20B3636843B105B12B60002504F1B2
:1089500014001EF09CFC284638BD4FF0FF324FF04B
:10896000FF330C481EF05EFC0B4BD3F8E82242B9F3
:108970006360C3F8E84205B12B6006481EF087FC2F
:10898000E4E704481EF083FC6FF00205DFE76FF0B8
:108990008505DCE758100020DC90002070B5044607
:1089A0001EF042FC0B2120461EF057FC034604F14A
:1089B000140053BB656845B31EF069FC204622F0E5
:1089C00030FC30BB1EF06DFD4FF0FF334FF0FF3237
:1089D000C5F8E0020F481EF025FC05F537710E487A
:1089E0001EF0ADFB0C481EF0A0FB0A481EF04FFC29
:1089F0000A4826F026FC08430BD1BDE87040084821
:108A00004FF4004200230EF055BBBDE870401EF04D
:108A10003EBC70BD58100020C8930020E821002003
:108A2000D82100202DE9F3411EF03BFD3A4F0023F1
:108A3000019306464FF0FF3238484FF0FF331EF0E7
:108A4000F1FB3C684CB12268A4F537730AB1A2F57A
:108A500037720024C6F57A78BBB930481EF017FC8F
:108A6000002C56D02E4DA4F5377494F8E4322D48DE
:108A70000133DBB284F8E432A84240D3D4F8DC42BC
:108A8000002C46D0A4F53774EFE7D3F8E05208EB9A
:108A90000501002909DDAD1B15F57A7F1ED10022E5
:108AA000134621480EF006FBD7E77868009403F5DB
:108AB00037718142D3F8DC323B60684608BF7B6087
:108AC0001EF033FB009C3AB1D2F8DC1209B1A1F5DB
:108AD000377113460A46BFE71146FAE705F57A757E
:108AE00040F2E73000214FF400464FF47A72002341
:108AF000E5FB0601E7F754FB02460B46D1E7426867
:108B0000A24201D04030B7E7022BB7D8FFF746FFAB
:108B1000B4E702B0BDE8F081C893002058100020EF
:108B200034140020F4130020D821002038B5044666
:108B30001EF07AFB656875B10A484FF0FF324FF0BE
:108B4000FF331EF06FFB084805F537711EF0F7FA8A
:108B500004481EF09CFB04F11400BDE838401EF0F0
:108B600096BB00BF58100020C89300202DE9F84F95
:108B70001F4CDFF880B080460E464FF0000A5C457F
:108B80002CD220461EF050FBD4F80490B9F1000F0F
:108B900005D104F114001EF07AFB4034EFE709F12F
:108BA0000405002709EB871393F83D309B0718D580
:108BB00035F8043C022B14D18022294640461EF091
:108BC000F3FA70B106B134602046A5F1040A1EF034
:108BD0004FFB30B104F114001EF059FB5046BDE8C4
:108BE000F88F0137062F05F14005DBD1D1E700BF33
:108BF000F41300203414002038B54FF0FF3204463F
:108C00004FF0FF330F480D461EF00CFB012384F894
:108C10002930183421460C481EF091FA0A481EF0FB
:108C200084FA1EF03EFC2946024620461FF058FCFE
:108C30000023064800220EF03DFABDE83840014806
:108C40001EF025BB58100020E09300206822002071
:108C50002DE9F047214CDFF888A08146884654452D
:108C600001D3002531E0B8F1000F04D0D8F800306E
:108C70000BB1A34208D120461EF0D6FA65682DB983
:108C800004F114001EF003FB4034E8E705F5C27759
:108C9000002605EB461393F89C31DB0718D537F80F
:108CA000043C022B14D18022394648461EF07CFA3F
:108CB00070B1B8F1000F01D0C8F800400C3604F1D3
:108CC000140005EB46151EF0E2FA2846BDE8F087D1
:108CD0000136082E07F12007DBD1D1E7F41300207D
:108CE000341400202DE9F74F0026284DDFF8A0B0FE
:108CF0008046894634465D450AD3002C43D0B8F1FE
:108D0000000F01D0C8F80040012003B0BDE8F08F8B
:108D1000B8F1000F04D0D8F800300BB1AB4209D144
:108D200028461EF081FA6F6805F1140A27B95046EB
:108D30001EF0ADFA4035DEE797F8A5329A070ED55A
:108D400097F8A42296420AD2494607F52470019268
:108D50001EF02AFA019A00281CBF16462C4697F8E6
:108D6000CD329B07E3D597F8CC22B242DFD94946F2
:108D700007F52E7001921EF017FA019A00281CBF09
:108D800016462C46D3E72046BFE700BFF413002069
:108D90003414002038B54B1C04460D461ED04FF04D
:108DA000FF334FF0FF320E481EF03CFA21460D48CB
:108DB0001EF0C5F90B481EF0B8F91EF072FB2946EB
:108DC000024620461FF08CFB0023074800220EF0CD
:108DD00071F9BDE8384002481EF059BA38BD00BFED
:108DE00058100020D89300203822002010B590F8A9
:108DF00025309B07044614D54FF0FF324FF0FF3368
:108E000008481EF00FFA214607481EF098F9002284
:108E1000204611461FF064FBBDE8104001481EF0DB
:108E200036BA10BD58100020D893002070B5104CF1
:108E30004FF0FF324FF0FF3306460E480D461EF04E
:108E4000F1F994F82230A188A26913F0010309D046
:108E5000022907D1964205D1294604F108001EF0E7
:108E6000C5F900B9002403481EF011FA204670BD70
:108E7000F09300205810002038B5104C4FF0FF320E
:108E80004FF0FF3305460E481EF0CCF994F822301F
:108E9000A088A169C3F3400213F0010305D052B1C9
:108EA000022802D115B18D4200D0002404481EF0E2
:108EB000EEF9204638BD1446F8E700BFF0930020D5
:108EC000581000202DE9F041234F804614462348D6
:108ED0001E464FF0FF324FF0FF330D461EF0A2F951
:108EE00097F8223013F0010133D10222BA806200D8
:108EF00042F0010202F0030223F00303C7F81880D6
:108F00001A4306B361F3820287F822203E841EF0E2
:108F1000C8FA3946F86112481EF007F9F869FFF7F8
:108F2000CDFB104A05F1100428686968134603C395
:108F30000835A5421A46F7D1074C08481EF0A7F994
:108F40002046BDE8F08142F0040287F822203E84EA
:108F5000E7E70024F1E700BFF0930020581000205D
:108F6000E8930020F893002038B505464FF0FF3213
:108F70000F484FF0FF331EF055F995F8224014F0DA
:108F800001040FD00B4829461EF0D9F818B11EF085
:108F900088FAFFF793FB95F8223023F0010385F858
:108FA0002230012402481EF072F9204638BD00BF6D
:108FB00058100020E89300202DE9F04385B00023ED
:108FC000044617468DF80F300D4600296AD080B947
:108FD0000A8848F2FE039A420BD00B78FF2B04D18B
:108FE0004B7803F00F03022B03D028461EF07DFDC3
:108FF00004462A8848F2FE039A4233D02B78FF2B8E
:1090000004D16B7803F00F03022B2BD029462046A6
:109010001EF0FCFC60B190F82480FCB100970DF1CB
:109020000F034246294620461EF033F9044610E05D
:109030004FF08008F1E7304600970DF10F034246EC
:1090400029461EF026F94036002818BF04464E4532
:10905000F1D3CCB1204605B0BDE8F083124EDFF865
:109060004C90F4E724B1012120461EF018FCDDE706
:10907000FFF722FC01211EF012FC04460028E9D172
:10908000094D0A4EB54204D305B0BDE8F04300F0E7
:10909000B5BC012128461EF002FC04460028D9D1A7
:1090A0004035EFE70C46D5E7F413002034140020D8
:1090B0002DE9F04186B01E460023019301AB054621
:1090C000884617461EF0FAF9044620B96FF01500DD
:1090D00006B0BDE8F08104F11402BFF35B8F636951
:1090E000BFF35B8F002BF1D0BFF35B8F581E52E8AC
:1090F000001F994204D142E8000CBCF1000FF6D1E8
:10910000BFF35B8FE7D1012B03DD002EE0D034608D
:10911000DEE794F83D30B8F1020F23F0020384F843
:109120003D305ED1002F5CD02846019F1EF07CF8B8
:109130006B68002B51D094F83D30DB0714D42A4ED5
:109140002A484FF0FF334FF0FF321EF06BF804F166
:10915000180130461DF0F3FF336813B9244825F099
:10916000CAFE22481EF093F80B2128461EF075F81F
:1091700098B91E484FF0FF324FF0FF331EF052F8FF
:109180001C4804F12C011DF0DAFF18B1211D2846FE
:1091900021F09DFB15481EF07AF8012F1DD140F2F9
:1091A000FF2302930023ADF80C30ADF80E30ADF87C
:1091B00010304FF48073ADF81230FF238DF8143067
:1091C000637CE27C8DF81530A37C43EA0223ADF882
:1091D000163002A928461EF03BFA05F114001EF0D5
:1091E00056F8002074E700BFE093002058100020DC
:1091F00068220020D09300202DE9FF411EF051F994
:109200000023039380464FF0FF332F484FF0FF3287
:109210001EF008F82D4B1D68BDB12E6800244FF0DC
:10922000FF37CDB1414628461FF092F978B929465B
:1092300026481DF084FF02A802941DF076FF029CD0
:1092400026B3336835461E46EBE72E46E6E78742EF
:1092500028BF0746B542F3D17B1C10D040F2E7305F
:1092600000214FF400454FF47A720023E7FB05011B
:10927000E6F796FF02460B4615480DF01BFF124815
:109280001EF005F824B904B0BDE8F0813346D9E7F3
:10929000206A1DF0C9FF94F82530206A23F00203EC
:1092A00084F8253001A9FFF743FB58B9206A94F8E8
:1092B0002430019904F110021EF018FD206A1430C8
:1092C0001DF0E5FF2468DDE758100020D89300204A
:1092D000382200202DE9F0471EF0E3F84FF0FF336D
:1092E00007464FF0FF322C481DF09CFF2B4B1C68AB
:1092F00025461CB155F8184904B1183CDFF8A08088
:109300004FF0FF3675B305F1180A394650461FF085
:109310001FF9814608BB514620481DF010FF5046FA
:109320004A4649461FF0DCF81E48404508D24168CD
:109330000023CA1895420AD1043319441EF09DFC3B
:1093400044B3A36903B1183B25461C46DAE7403312
:10935000B3F5C07FEDD14030E7E7864228BF06462F
:10936000AC42EDD1731C10D040F2E73000214FF435
:1093700000444FF47A720023E6FB0401E6F710FF85
:1093800002460B4608480DF095FEBDE8F04702483E
:109390001DF07DBF2346D7E758100020E093002042
:1093A00034140020F413002068220020F8B54FF098
:1093B000FF33054617460E484FF0FF320E461DF0AC
:1093C00031FF0C4B1B680BB11C6823B9BDE8F8409A
:1093D00007481DF05CBF5B683A463146284698470F
:1093E0001CB1226823461446EFE72246FAE700BF85
:1093F00058100020D4900020F0B585B00023CDE9AE
:109400000133ADF80C303C4B1B6804460D465BB194
:1094100095F82F20082A01F1300164D80DF10600DB
:109420008DF8052030F0DAFA092120466F691DF029
:1094300014FF00285DD00D2120461DF00EFF38B925
:109440004FF0FF324FF0FF3304F128001DF0EAFE29
:1094500020461DF08FFE29464368204698470D217F
:10946000064620461DF0F9FE18B904F128001DF04B
:109470000EFF002E2ADA1EF014F8204BBFF35B8F8C
:109480001A68BFF35B8F41F28731A0EB020C8C4569
:109490002BD9BFF35B8F53E8001F914204D143E8FF
:1094A000000CBCF1000FF6D1BFF35B8F1DD1BFF3F1
:1094B0005B8F134B002253E8001F43E80020002875
:1094C000F9D1BFF35B8F284620F069F81FB1314610
:1094D00038461DF053FE9DF8053023B1324601A9F0
:1094E0002046FFF763FF05B0F0BD05481DF098FF6B
:1094F000E9E76FF07206E6E7D4900020C8900020FC
:10950000C4900020064B984206D3064A904203D2EC
:10951000C01A8011013070474FF0FF30704700BF14
:10952000F413002034140020002370B581F8293092
:1095300005460C461DF09CFE68B3012384F83830C4
:109540002146284621F03AFD1DF0ABFF6063284616
:10955000FFF7D8FF4FF0FF334FF0FF3284F83C00A5
:109560000D481DF05FFE04F12C010C481DF0E7FDD5
:109570000A481DF0DAFD08481DF089FE084825F06C
:1095800060FE084307D1BDE87040064840F6CD4272
:1095900000230DF08FBD70BD58100020D093002027
:1095A00018220020082200202DE9F0410D46064631
:1095B000F8B1F1B10846E6F71FFE08281CD8114F94
:1095C000DFF84480441C474508D32246294606F16B
:1095D000080030F003FA0020BDE8F081B74206D061
:1095E0002246294607F1080030F037FA38B14037F3
:1095F000E9E76FF01500EFE76FF05A00ECE76FF066
:109600007700E9E7F41300203414002070B5054614
:10961000B8B10D4C0D4EB44202D36FF0010070BDD5
:109620002846E6F7E9FD2946024604F1080030F035
:1096300031FA20B92046BDE87040FFF763BF4034DF
:10964000E9E76FF01500EAE7F41300203414002076
:109650002DE9F0434448454C454EDFF81891464FFC
:1096600085B04FF0FF324FF0FF331DF0DBFD20F0EF
:109670003EFAA046B4423CD3404B414AA3EB080318
:109680009B09B24288BF00236BB33E493E483F4D21
:1096900025F025FC3E4B3F493F480024C3E90044E8
:1096A00025F01DFC3D4B3E493E48C3E9004425F0F2
:1096B00016FC3D493D4825F012FC402385F8E53273
:1096C000012385F8E632284647F23053C5F8D032F8
:1096D0001EF0B1FA3649C5F8D402364825F0FFFB32
:1096E000354BC3E90044204805B0BDE8F0431DF008
:1096F000CEBD23681D68284625F0C7F8C0B1AD6807
:10970000B5B12B68A3B1072120461DF094FD04F1EB
:10971000140025F0B6F904F1280025F0B2F92B6801
:109720002046984794F83C3023F0030384F83C30FB
:10973000237A8BB920461DF01DFD81450ED11F4AAD
:109740001368591C11601E4A092101A818F08CFBEE
:1097500001A92046FFF728FF40348BE73B685A1CDD
:109760003A60184AF0E700BF58100020F4130020B8
:109770003414002060140020BC90002073140020DA
:10978000B5130020F987010008220020DC9000209A
:10979000D0930020258A0100D8210020C893002002
:1097A000D592010068220020F991010038220020A2
:1097B0004D87010098220020E8930020C0900020EF
:1097C00071E804007AE8040038B5074C074DAC4254
:1097D00000D338BD032120461DF03FFD10B92046BF
:1097E0001EF020FE4034F2E7F41300203414002071
:1097F0002DE9F04117460546F8B1022902D00829A3
:1098000018BF0621DCB26E1838464FF03A085CB13A
:1098100015F8011B012341221EF0C9FE033CB5428D
:1098200000F8018BE4B2F2D187424FF0000306D07A
:1098300000F8013C3846BDE8F0810248FBE71846D5
:10984000F9E700BF9DE8040001282DE9F0470C4628
:10985000164638D1002313604C1E1A4619461D4681
:1098600014F8010F18B12E281CD101339BB2012925
:1098700009D9092A03D9032907D1632A05D86FF02A
:109880001500BDE8F0870029F9D0FF2AF7D87255F6
:1098900022781AB10135EDB2042D11D1032B00F05D
:1098A0009480ECE73038C7B2092FE8D80131C9B24B
:1098B0000429E4D002EB820200EB420082B2CFE73F
:1098C00000221146CCE70228D9D12E21204630F0C3
:1098D000D4F8237800280CBF082706273A2B08BFA6
:1098E00001342046E6F788FC43490022824225DB0A
:1098F000062F4FF000050CBF4FF005094FF0070988
:10990000AA46A8462378002BB9D03A2B2DD0102296
:109910000021204618F0D2FA40BA26F815003A2164
:10992000204630F0AAF80446E0B101340135AF42D8
:1099300015DC062F49D10B3634BBA0E7A35C462BC0
:1099400009D82D2B9BD92E3BDBB221FA03F3DB0781
:1099500095D50132CAE7613B052BFAD98FE7002C78
:10996000D0D18CE7A945E1DD89E7BAF1000F86D1B6
:10997000BD4220DB3A21204630F0AAF8A04226D191
:10998000062F20D101340B3600252378002B3FF41D
:1099900076AF00210A22204618F090FA2E2106F810
:1099A000010F204630F069F820B30135042D00F195
:1099B0000104EAD109E006EB450306F8158083F8B7
:1099C00001800135D4E763782BB9002059E7062FD1
:1099D00008BF00F1FF307D1E013010F8013D3A2B29
:1099E00002D1013DFFF44BAF8442F6D101344FF078
:1099F000010A9BE7032D52E7FD1FF801004870475D
:109A000074AC04002DE9F3410746884616464FF032
:109A1000FF3318484FF0FF320CF078FF164B1C68EC
:109A2000022534B913480CF0E3FF284602B0BDE824
:109A3000F081B8F80420237C9A4218D1627C3378F4
:109A40009A4214D1A37C72789A4200D07BB9A36861
:109A500013B1BA6993420AD1E3680093656833464B
:109A6000424639462046A84701280546DAD12468EF
:109A7000D7E700BF6C100020189400202DE9F041BA
:109A8000DDF818800D4617461E46044610B3B8F19F
:109A9000000F1FD04B1E012B1CD8142200212FF0C9
:109AA000C4FFC4F8048025746774A6744FF0FF32B5
:109AB0004FF0FF3309480CF029FF094B1A68226068
:109AC0005A681C6002B95C6004480CF091FF0020E9
:109AD000BDE8F0816FF01500FAE700BF6C100020C0
:109AE000189400202DE9F74F334E9DF838901F460B
:109AF0009DF83430009304460D46934606F58D6874
:109B0000B6F8B420D10706D4BC364645F8D10020BB
:109B100003B0BDE8F08F0CB1B442F5D0B6F8B21086
:109B20005945F1D1718CB942EED192052DD40C9BDF
:109B30001A88022AE8D1B6F8B4205305E4D5328C4D
:109B4000022AE1D106F1240A50461EF07AFE0246AE
:109B500038B90C9B0190191D08461EF072FE019A3F
:109B6000E0B1B9F1000F03D096F8AA100029CBD1CB
:109B7000009B3BB1002AC7D00C9B181D1EF061FE54
:109B80000028C1D06FF01000C2E7002DCFD096F9A9
:109B9000B6001EF066FE8542B6D1C8E710225046D8
:109BA0002FF05BFF0028AFD1B9F1000FEAD096F893
:109BB000AA20002AA8D1E5E7209400202DE9F34748
:109BC000294C0E46174698460025A246B4F8B430F4
:109BD000DB0721D5236D98421ED1BC235D4305F1DF
:109BE0000C0454444FF0FF334FF0FF3220461EF078
:109BF00072FEB069FFF786FC0AEB050989F8B6002A
:109C0000C6F81490D9F85430CBB920461EF094FE13
:109C1000022002B0BDE8F0870135062D04F1BC0436
:109C2000D4D14FF0FF324FF0FF330C201EF053FE23
:109C3000B069FFF767FC002383F8B630FFDE05F15B
:109C4000600050440CF058FF20461EF075FE0024C2
:109C50000A9B019300944846D9F8545043463A462B
:109C60003146A8472046D4E72094002002282DE959
:109C7000F84F984605D860B96FF069042046BDE8F2
:109C8000F88F0338012894BF6FF05F046FF0690408
:109C9000F4E7012800F09A80012900F09A80062A52
:109CA00000F09A80022906D0032914BF6FF06A04DD
:109CB0006FF07A04E2E7112A40F08E80002B00F06A
:109CC0008E804FF0FF3349484FF0FF320CF050FFC9
:109CD000474B00261F46B3F8B44014F0010411D0DE
:109CE0000136062E03F1BC03F5D16FF001043F48A5
:109CF0000CF002FF002CC1D014F1700F72D1FEF7EE
:109D0000DBFDBBE7BC225643BD19214628462FF098
:109D10008CFEFEF7D1FDFF2385F8B630354BA5F854
:109D2000B44033444FF00109BFF35B8F53E8002F79
:109D300043E800910029F9D1BFF35B8FB5F8B43047
:109D400043F09003A5F8B43006F1200B112306F17F
:109D5000380007EB0B0AA5F8B23018224FF48073D5
:109D600021463844A5F8AC302FF05FFE162221467C
:109D70000AF102002FF059FE022327F80B3051465A
:109D800028461EF0B5FDAAF80200E0B1402385F890
:109D9000B73085F8B89085F8AF9006F160004FF0C5
:109DA000FF324946384424F092FF06F10C00384453
:109DB00024F067FEB5F8B43043EA0903A5F8B430DF
:109DC000C8F8005093E76FF06F0490E76FF05F04FE
:109DD00054E76FF06A0451E76FF07A044EE76FF0D2
:109DE00015044BE76FF0010448E700BF181100208D
:109DF000209400202894002070B50446D8B10F4B61
:109E0000984218D303F58D63984214D200F10C06E2
:109E10004FF0FF324FF0FF33002530461EF05BFD60
:109E20003046C4E91555E5651EF086FD20461EF056
:109E300098FD284670BD6FF01500FBE720940020C8
:109E40002DE9F0479846B0F8B43092B0DB07DDF862
:109E500068A004460E46914640F19E8000F10C0732
:109E60004FF0FF334FF0FF3238461EF034FDB4F8A8
:109E7000B230112B40F08D80162200210DF13200FE
:109E80002FF0D3FDB4F8B4302046C3F3C203ADF8CD
:109E900030301EF052FE0546002856D1B4F8B4000A
:109EA000C0F3C203022B57D110F4806013D008AD69
:109EB00004F1240304F1340E2A4618685968AC46AC
:109EC000ACE80300083373456546F6D10FCA0DAD03
:109ED00085E80F000CA8658CADF83250B4F8B420BA
:109EE000D4F850C0666502F48073668F6DBABCF119
:109EF000000F33D00BB104F1380376BAB6B2ADB26D
:109F0000CDE90105264900965246604600F088FCDE
:109F10000028054619DB59EA080316D060342046AC
:109F20000CF04CFE38461EF007FD4A4643462046DC
:109F30000CF01EFE4FF0FF320B304FF0FF3338466F
:109F400008BF6FF073051EF0C6FC38461EF0F4FC27
:109F5000284612B0BDE8F0872846BFE7C2F381115A
:109F6000B4F8B2E0C2F3C2020BB104F1380C04F150
:109F70005003CDE905A376BA094B0090B6B2ADB255
:109F8000CDE90343CDE901656346704600F004FB6B
:109F9000BEE76FF06A05D8E76FF00805D8E700BFA5
:109FA000BD9B01002DE9F041884615461E4604463A
:109FB000002800F0CD80684B9842C0F0C98003F5BE
:109FC0008D63984280F0C48000F10C074FF0FF329F
:109FD0004FF0FF3338461EF07EFC08F1FF3119299F
:109FE00000F2AD80DFE801F0A8A8A8A8A8A8A80DF5
:109FF0003843A8A8A81A34A84EA87259A892A8A8AD
:10A000009DA805B3012E1ED82B7884F8A830002413
:10A0100038461EF091FC2046BDE8F081042E2868E9
:10A0200011D1421C0DD194F9B6001EF01AFC68B192
:10A0300094F9B6001EF015FC1DF08EFD84F8B800F2
:10A04000E5E7FF28FAD96FF01504E1E70120F5E70D
:10A050002B6884F8B730DAE7002DF4D0042EF2D163
:10A060002B68003B18BF012384F8A930CFE7002DEF
:10A07000E9D0042EE7D12B68003B18BF012384F8F8
:10A08000AA30C4E7002DDED0042EDCD12B68B3F556
:10A09000803FD8D2A4F8AC30B9E7B4F8B430C3F3F9
:10A0A000C202022AB3D1042ECDD19B052D8808D53A
:10A0B00094F9B6001EF0D5FB0028A8D003685D8394
:10A0C000A5E704F13C001DF0B3FDF5E7B4F8B430AA
:10A0D0002D68C3F3C202022A34D1042EB3D103F097
:10A0E000C003802BAFD115B984F8AE508FE76B1E3B
:10A0F000FE2BA8D828461EF0B4FB30B307211EF073
:10A10000ECFB0028F0D16FF06A0481E7002D9AD0B3
:10A11000042E98D12B68003B18BF012384F8AF3080
:10A1200075E7002D8FD0042E8DD12B68003B18BF12
:10A13000012384F8B0306AE76FF0850468E76FF0B8
:10A140006C0465E76FF0690462E76FF001045FE794
:10A150006FF015045FE700BF209400202DE9F04167
:10A160000F4615461E460446002800F09D80504BC1
:10A170009842C0F0998003F58D63984280F09480F6
:10A1800000F10C084FF0FF324FF0FF3340461EF055
:10A19000A2FB791E19297BD8DFE801F07777777762
:10A1A0007777770D252E7777771B2277317753389E
:10A1B00077717777747794F8A83025B32B700EB148
:10A1C00001233360002440461EF0B6FB2046BDE864
:10A1D000F08194F8B8302B60002EF3D00423F0E720
:10A1E00094F8B730F7E794F8A93065B116B1326842
:10A1F000042A08D12B60E5E794F8AA30F5E7B4F813
:10A20000AC30002DE7D16FF01504DCE7B4F8B430C2
:10A2100013F400770AD094F9B6001EF022FB10B1B7
:10A2200003685F8B00E007462F60D5E7C3F3C203E6
:10A23000022B30D104F13C001DF0FAFC0028EFD1D4
:10A24000F2E7B4F8B430C3F3C202022A23D194F87F
:10A25000AE0078B99B050FD594F9B6001EF001FB4E
:10A26000072102461EF039FBC0B11046FFF74AF93C
:10A27000002816DD2860AFE7FEF71EFBF0E794F834
:10A28000AF30B2E794F8B030AFE76FF085049AE7EB
:10A290006FF06C0497E76FF0690494E76FF06A045D
:10A2A00091E76FF001048EE76FF015048EE700BFB1
:10A2B00020940020014601481FF008B994130020A3
:10A2C00073B5044616461D4624F05FFE08B100260D
:10A2D00035462B46324601A920460CF019FA0546B0
:10A2E000D0B95422014601982FF09FFB0198FF221C
:10A2F00080F84320094A446001239442036205D157
:10A3000080F850301FF00EFA02B070BD044B9C4232
:10A3100008BF80F85050F5E70020F5E7C00F002097
:10A32000A00F002002460B460148FFF7C9BF00BF3F
:10A33000C00F00202DE9F743DDE90A450646174620
:10A340009946884629B923B990F83B3013F0380F65
:10A3500042D024F01AFE08B10024002530461FF038
:10A3600091F996F83B20C2F3C202002840D1002A9E
:10A3700040D0022A0CBF28210021B9F1110F2FD1A2
:10A380000831B36941440BB11B685B8B022A33D19E
:10A39000B3F5A06F38BF4FF4A0631B1A99427068E1
:10A3A00028BF1946CDE90045164B174C174DA8425A
:10A3B00008BF1C463A4620461FF018F90146E8B18E
:10A3C00030461FF0C3F93FB1B06839460C3019F080
:10A3D0003DFF30461FF0A6F9002003B0BDE8F08332
:10A3E000B9F1010F02D0B9F13A0FCAD10431C8E76F
:10A3F0000021C6E71146C4E70B46CEE76FF00B001D
:10A40000EBE700BF9413002034130020C00F00209E
:10A410002DE9F743DDE90A45064690460F4639B96E
:10A4200032B990F83B3013F0380FC3F3C20025D097
:10A4300024F0ABFD08B100240025B06950B94346B3
:10A44000002239463046CDE90A4503B0BDE8F04365
:10A45000FFF770BF72680B4B9A42F0D103685B68DC
:10A46000D3F81090B9F1000FE9D0CDE9004543468B
:10A470003A463146C84710F1860FE0D003B0BDE838
:10A48000F08300BFC00F002030B585B0DDE908457E
:10A490000093CDE9024513460A46014602481FF0E3
:10A4A00066F905B030BD00BFC00F002030B585B0E3
:10A4B000DDE908450093CDE9024513460A46014609
:10A4C00002481FF054F905B030BD00BFA00F0020B6
:10A4D00008B5044BB02202FB003024F08FFB0020B3
:10A4E00008BD00BFC82200200828024B28BF00205A
:10A4F000185C704780F8040010B588B00F4C2046F7
:10A5000024F03CFB4FF0FF324FF0FF33CDE9062340
:10A510000023CDE90323CDE901330949094B009418
:10A520004FF4BC6204F120000CF012FF20B108B01F
:10A53000BDE810400CF0E8BE08B010BDC8220020F5
:10A5400008E00020CF9A030002460B4601480CF0B9
:10A55000DDB900BF3010002001480CF049BA00BF3F
:10A560003010002010B54822002104462FF05DFA7B
:10A570004FF0FF304FF0FF31FFF7E6FF054B1A6851
:10A5800022605A681C6002B95C60BDE81040FFF7A9
:10A59000E3BF00BF909800202DE9F04F89B01C4622
:10A5A000159DBDF84C300293BDF85030129E0491B9
:10A5B00081469246039385B395F9B600FEF70AF9F2
:10A5C000074628461EF0BAF901904FF0FF304FF0D1
:10A5D000FF31FFF7B9FF724BD3F800B0BBF1000FAA
:10A5E0000AD0039BDBF800805ABA93B20593331D5F
:10A5F0000693BBF1000F13D1FFF7AEFF4FF0FF3012
:10A600004FF0FF31FFF7A0FF664B1F68002F75D199
:10A61000FFF7A2FF6FF001044FE02F460195D4E74A
:10A62000BBF840204A4518D19BF84320524514D12D
:10A630009BF8442002F00401BEB1079269B1318851
:10A6400002290AD1BBF81C10022906D106980BF189
:10A6500020011FF05DFA079A48B9B8F1000F4BD0FE
:10A66000D8F80020C3469046C3E70029F5D1BBF8CF
:10A670001E10059B9942F0D102F002020CB3002A91
:10A68000EBD02288022AE8D1BBF80420022AE4D1C8
:10A690000BF10801201D1FF03BFA0028DDD0029BC2
:10A6A000BBF806105ABA92B29142D6D1DBF83830D4
:10A6B000ABB9FFF751FF6FF06F04204609B0BDE85A
:10A6C000F08F002AC9D1019B002BE8D0DBF83800BD
:10A6D0000028E4D01EF032F90028E0D0BDE7002FBA
:10A6E000E7D0B3F8B4209205E3D593F9B600FEF7AE
:10A6F00071F88742B1D1DCE74246B3E759683A685E
:10A700001A608F4208BF5A6000233B60FFF724FFA6
:10A7100024B11EB1228833889A423AD1169B7B63BA
:10A72000179BFB63049B039AA7F8409087F842307D
:10A7300087F843A0BD63314638461FF0F1F940BBAE
:10A740002146029A38461FF021FA044608BB189B9E
:10A7500003B11F6097F8443043F0010387F8443099
:10A760004FF0FF304FF0FF31FFF7EEFE0C4B1A6851
:10A770003A605A681F6002B95F60FFF7EDFE284635
:10A780001EF0DFF897F8453060F3000387F8453096
:10A7900093E73846FFF7E6FE6FF015048DE700BF3C
:10A7A00088980020909800201B4B984210B50446D2
:10A7B0002CD303F59073984228D890F84430DB07E7
:10A7C00027D54FF0FF314FF0FF30FFF7BDFE134BA1
:10A7D0001A68002152B1944215D1226869B95968AA
:10A7E0001A608C4200D15A6000232360FFF7B4FE48
:10A7F0002046FFF7B7FE002010BD0A605A68944259
:10A8000008BF5960F0E711461268E3E76FF01500E2
:10A81000F2E76FF00100EFE7989800208898002099
:10A820002DE9F041144DBDF81880A8428C4617461A
:10A830000799BDF8202004461E4603D26FF015008C
:10A84000BDE8F08105F59075A842F7D890F844303E
:10A85000DB070DD5C0F834C0C7631FF061F90028CD
:10A86000ECD1424631462046BDE8F0411FF08EB99A
:10A870006FF00100E4E700BF989800202DE9F04F49
:10A880009A4690F83B3089B0C3F3C2030293013B70
:10A89000012B05460E46069200F2C880112A134687
:10A8A00001BFDAF800301A880392B3F802B0029BB5
:10A8B0001CBF4FF0000BCDF80CB0022B41D1086843
:10A8C00000210830FEF752F93468074604F11801F8
:10A8D00004F108001FF01CF900B91FB1039B9B4550
:10A8E00000F0A48094F81890A9F1FF00D0F10009BD
:10A8F00049EB00094FF0FF314FF0FF30FFF724FE26
:10A90000644B00211C684FF0FF33CDE904314FF058
:10A910000008CCB9B8F1000F00F09D80D8F83440A1
:10A92000D8F83C70FFF718FEB9F1000F00F09680E0
:10A93000059B002B00F0A08028461EF030FE002072
:10A9400075E04FF00009D5E7B4F84030069A93421D
:10A950005CD1A36B002B4ED194F84330002B57D120
:10A9600094F844703B0703D5E388039A93424DD192
:10A97000F80602D5E38B5B4548D1B90716D595F8A3
:10A980003B30A288C3F3C2039A423FD1022A0DD1C1
:10A9900004F10803184607931FF0AAF830B931688C
:10A9A000079B083118461FF0B3F878B37A0716D51D
:10A9B00095F83B30A28BC3F3C2039A4226D1022AF8
:10A9C0000DD104F12003184607931FF091F830B918
:10A9D0003168079B183118461FF09AF8B0B1049BF4
:10A9E00007F07807BB4211DAB9F1000F14D13BB27E
:10A9F0000493A0460AE0B3F8B4209205ACD5AF6941
:10AA000093F9B600FDF7E6FE8742A5D0246880E7FB
:10AA1000029A9342A4D0F9E740F6CD42002328469B
:10AA20001EF0F7FF074628B9FFF796FD022009B090
:10AA3000BDE8F08FE36B00930146D4F834C0534671
:10AA400032462046E047022802D138461EF0A7FDD4
:10AA5000CDF81490DAE74746444663E774B995F8B1
:10AA60003B30C3F3C203022BE0D123460422012171
:10AA700028461FF09CF9D9E7002CD7D05346009701
:10AA8000324629464046A047831E5842584140005E
:10AA9000CDE700BF889800200A4A002310B5C2E91C
:10AAA0000033094A1846114614460133042B086046
:10AAB00003D0483208461146F7E7044B044AC3E97D
:10AAC000002410BD889800209898002090980020BD
:10AAD0007099002007B5054B0093802200230221C6
:10AAE0000348FEF7CBFF03B05DF804FB7B9C03003B
:10AAF000B89900202DE9F74F4378FF2B06460F4603
:10AB000015464BD1DFF8A0A04FF0FF344FF00009FD
:10AB1000D04602F1020B621C9AF80A3016D1002BC3
:10AB20003AD06A7801930AF1020158462EF095FF57
:10AB3000019B68B90B2202FB09820133937286F8EC
:10AB400001907760002003B0BDE8F08F002BE8D1C2
:10AB500009F10109B9F1080F0AF10B0ADBD1631CF5
:10AB60001FD00B20604308EB0003A91C9A7A013226
:10AB70009A7274706A78082A04D8023040445A7075
:10AB80002EF02CFF0B235C4308EB04036A785A7009
:10AB90002B7808F80430D4E74C46D9E76FF07700FB
:10ABA000D1E76FF00100CEE722AB002010B543786B
:10ABB000FF2B024614D00C490B2404FB0313987A94
:10ABC0000138987253786343C818807A18B90233F1
:10ABD0005C18C8506060FF2300205370506010BDA7
:10ABE0006FF07700FBE700BF22AB0020024B0B2287
:10ABF00002FB0030704700BF22AB00202DE9F0417E
:10AC000014461D46064630B187681FF0C4FDC7E9EB
:10AC10000C01B3689C63174824F013FB4FF47A725D
:10AC2000A0FB020302FB013147F6FF73C01841F19C
:10AC30000001C00B50EA414003D0844275F100038B
:10AC400015DAE90341EA544140F2E733E403E0183E
:10AC50004FF47A724FF0000341F10001E5F7A0FADA
:10AC6000BDE8F04102460B4603480CF023BABDE8AC
:10AC7000F08100BFB8230020A8230020F0B583682E
:10AC800093F848208A420FD0052A0DD083F8481047
:10AC9000816891F84830022B06D1114A13689C1C38
:10ACA00003D0581C10600B65F0BD00230D4F1360DE
:10ACB00019461C46682606FB04F57D5D4DB1856886
:10ACC0003DB195F848C0BCF1020F02BF29650123D0
:10ACD00001310134082CEED1002BE5D01160E3E7FF
:10ACE000089A0020640700202DE9FF410646284805
:10ACF0000D46174698461FF0AFF90446002842D08B
:10AD0000FF234660866843706A4605F1100E6B4665
:10AD1000286869689446ACE80300083575456246C2
:10AD2000F6D106F11C051E4603CE04AA9642286001
:10AD30006960334605F10805F5D141462046FFF725
:10AD40009DFFA36893F84D2067F3000283F84D2020
:10AD5000A36800200021C3E91001A06890F84D30DD
:10AD60009B0708D423F00AFFA26892F84D3043F005
:10AD7000020382F84D30A36800200021C3E90C01D2
:10AD8000A36800229A63204604B0BDE8F08100BFAA
:10AD9000580700202DE9F0410E4C07468846002652
:10ADA0002546237853B117B163689F4206D1A06846
:10ADB000102241461C302EF050FE38B10136082ECC
:10ADC00004F16804EDD10020BDE8F081682303FBA5
:10ADD0000650F9E7640700207FB5074A4178182339
:10ADE0000230FEF705FD054A03461821684617F0B4
:10ADF0003BF807B05DF804FB7AAB0020E9D904000A
:10AE000003484FF0FF324FF0FF330BF07FBD00BF20
:10AE10008010002001480BF0EBBD00BF8010002027
:10AE20002DE9F04104460D4616461F46FFF7B2FFD6
:10AE3000002840D13B46324629462046FFF754FFC2
:10AE4000C8BB1E4A4FF0FF3C6346114692F800E033
:10AE5000BEF1000F18D0D2F808E0BEF1000F13D0F9
:10AE60009EF84D8018F0010F0ED19EF84880B8F181
:10AE7000020F09D1B3F1FF3FDEF850E002D1F446F2
:10AE8000034601E0E645FAD30130082802F16802E2
:10AE9000DCD15A1C07D0682202FB0313996858685A
:10AEA0001C311FF014FD3B46324629462046BDE8C2
:10AEB000F041FFF719BFBDE8F08100BF6407002033
:10AEC0002DE9F04188B00646FFF79AFF174C4FF086
:10AED00000082378EBB16368B3421AD1A36893F8F2
:10AEE0004820052A15D004AD03F11C022F462C334F
:10AEF00010685168AC46ACE8030008329A426546D7
:10AF0000F6D197E80F008DE80F00694630461FF034
:10AF1000DEFC08F10108B8F1080F04F16804D8D18B
:10AF200008B0BDE8F041FFF775BF00BF640700201F
:10AF30002DE9F04F89B00D46164600211422CDE9C7
:10AF40000212DDF848909DF84CA007469B46EBB9ED
:10AF500040F2FF230493ADF814B0ADF816B0ADF88D
:10AF600018B04FF48073ADF81A30FF238DF81C3001
:10AF700099F80D3099F80F208DF81D3099F80E30A2
:10AF800043EA0223ADF81E300DF1100B002F00F044
:10AF9000BF80BAF1000F50D0FEF730FD4FF000082F
:10AFA000064640F6CD420023CDE9002308F1140106
:10AFB0003A2302223846FFF767FA0446002800F0D9
:10AFC000A480FF235A4680F83D3031461FF067F8D1
:10AFD000024600284DD1872120461EF035FE064648
:10AFE000002846D102A920461EF04EFD002840D080
:10AFF000067046708670C670494604301FF0C2FB6A
:10B0000002A920461EF05EFD064690BBBAF1000F75
:10B0100026D020461EF086FB3A2120461FF0A4F8D9
:10B02000FFF7EEFE002338461A464946FFF7F8FEC2
:10B03000074630BBFFF7EEFE1BE03B6893F811803C
:10B0400026B9494638461CF0C7FD064630461FF073
:10B0500088FB002853D108F1090808F0F808A0E798
:10B06000396801234246103120461FF0A2FB002818
:10B07000CFD15DB36FF0680628461EF090FA84BB0E
:10B0800039E0DDB183681B68806829460BBB23F07B
:10B09000B5FD28461EF031FAD7F8088005461FF0A6
:10B0A0007AFBC8E910011B4824F0CBF8084305D10E
:10B0B00019484FF4004200230BF0FCFF20461FF01C
:10B0C0009BFB002815DA85B9FFF7A4FE6FF0680630
:10B0D00007E023F0B8FD10B128461EF00EFAFFF786
:10B0E00099FE20461EF05BFA05E0B8681FF0C6FB2B
:10B0F000EAE7FFF78FFE304609B0BDE8F08F6FF04A
:10B100001506002DF7D00024B6E76FF00B06F8E720
:10B110007B78FFDE88230020782300202DE9F04F84
:10B120009846A5B00C230027CDE90A7308AB0C9311
:10B13000D2F800908D6802230C460D9345B9A069A2
:10B140000B211FF087FB38B1022025B0BDE8F08F3E
:10B150002B8A6D681F44F1E7E36805930AA9236908
:10B16000069320461EF090FC06460028ECD009F11C
:10B17000080110A8BFB21FF005FB392FE4D999F8D8
:10B180000730FF2BE0D1BDF8402048F2FE039A4281
:10B19000DAD198F80130002BD6D10B9920461EF059
:10B1A0001CFB0028D0DB7788D6F804A03178D6F8CD
:10B1B00008801FFA87F99AFA8AFA11B1A0691CF07F
:10B1C000F7FC9B4B0AF1FF329A4214D2A3693BB1C0
:10B1D0005B682BB1D3F8D02292450CD0C3F8D0A233
:10B1E000A369D3F804A0BAF1000F04D050461CF0B4
:10B1F00022FDCAF8D402B8F1000F06D0A36923B12A
:10B200005B6813B1B268C3F8D8220C2384F84230CB
:10B210000CA920461EF038FC0DF1500A064646BB2C
:10B220003DB900952A46A069012310A91FF057FDDA
:10B230000546A06910A9FDF7F9FD7FBABFB2034624
:10B24000002800F07D81B9F1000F40F06C81FDF71E
:10B250008BFEFFF7D5FD002D40F08A81FFF7DAFD68
:10B26000A069FDF763FC059BE360069B2361012059
:10B270006BE70D9920461EF0B0FA0028FFF664AF88
:10B2800096F80080B8F1050F68D071780DD8B8F144
:10B29000010F4AD0B8F1030F7CD0C9000239204613
:10B2A0001EF09BFA002853D04EE7B8F1180FF4D1E6
:10B2B0000139CEB2022E3FF647AF062310220021FD
:10B2C0001CA81993CDF860A02EF0AFFB18A920465A
:10B2D0001EF0DAFB079000283FF436AF199920469C
:10B2E0001EF07BFA0028FFF62FAF079B93F800B003
:10B2F000D3F802805B78F200C3F3C10302F0F802D6
:10B300001CA9204607931EF07EFA0028FFF61CAF0A
:10B31000E069079BB8F1000F40F0FB801CA900F02A
:10B3200099FAA8B100F0DCFA12E01CAA20461FF03E
:10B330006FFA00283FF408AF02230093A069434648
:10B340001CAA10A91FF0CBFC054600283FF4FCAE58
:10B350000CA920461EF098FB064660E70221204615
:10B360001EF03BFA00287FF4EFAE09A920461EF03C
:10B3700053FA00287FF4E8AE099BA3F5A062B2F56A
:10B380007B4FBFF4E1AEA2699BB2002AE0D0126805
:10B390005383DDE704297FF4D7AE1CAB0E930EA9CF
:10B3A0001E2320460F931EF06FFB064600283FF435
:10B3B000CBAE0F9920461EF010FA0028FFF6C4AE5F
:10B3C000D6F80280D6F8063098FA88F21BBA9A426C
:10B3D000BED3F28948F2FE039A42B9D096F9013001
:10B3E000002B2EDA06F10E0B594618A81FF0CAF9E9
:10B3F0003278A06918A91CF045FB40B9D6F8023094
:10B40000FBB13278A06959461CF075FAC8B1D6F87C
:10B4100002307BB1013390F825304FD023F0010387
:10B4200080F82530D6F80210FDF7B4FC09E000BF23
:10B4300080EE360090F8242000F11001A0691CF085
:10B440007CFC7378580683D5B8F1000F80D0337830
:10B45000402B7FF47DAF0DF1600BD4F818800021F4
:10B46000102258462EF0E1FA06F10E0114A81FF042
:10B4700089F9B8F1000F26D0D8F800301033CDE9A3
:10B4800001B300231A46009314A940461FF004F9A3
:10B490000023194658461CF0AEF8D6F80230834611
:10B4A00070B390F82820012A2AD1591C0DD190F8A8
:10B4B0003D3043F001038BF83D3049E743F0010391
:10B4C00080F82530BDE74346D9E7B3F5E15F09D9F8
:10B4D000D6F802105846FDF78FFB9BF83D3023F05D
:10B4E0000103E8E707931FF056F901460BF1180036
:10B4F0001DF015F8079B8342EAD84FF4E151E9E7C4
:10B500005A1C08BF0023012218A940461CF0DDFC8C
:10B510001EE798FA88F2CDE900231CA910AB5A4621
:10B5200000F0A8F914E735B1A96891F84D2042F070
:10B53000010281F84D20394618461CF002FB88E6CE
:10B54000B9F10002A0693B4618BF012210A9FDF71E
:10B55000B9FC7EE64FF0FF324FF0FF330BF098FA64
:10B5600006461FF049F9002802DA30461EF017F8A7
:10B57000AB681B68A868002BECD11FF07FF96DE663
:10B580002DE9F84F1FF007F905468946FFF738FC0B
:10B59000374C4FF0080800260027237873B3A268C1
:10B5A00062B3D2E9103153EA010027D013F57A7360
:10B5B00041F10001B3EB050A61EB090BBAF1010F90
:10B5C0007BF1000323DB2B4823F03BFE084315D11E
:10B5D0004FEACA3340F2E7324FEACB31981841EADA
:10B5E0005A414FF47A724FF0000341F10001E4F741
:10B5F000D7FD02460B4620480BF05CFDB8F1010870
:10B6000004F16804C9D1BDE8F84FFFF703BCC2E9F3
:10B610001067A3681B68002BF0D0A3681B68002B81
:10B62000ECD0A0684FF0FF324FF0FF330BF030FA50
:10B6300082461DF0B4FF50461DF0B1FFA3681B68A1
:10B640001BB920461EF0FFFCD8E7A0684FF0FF3280
:10B650004FF0FF330BF01CFA82461FF0BCFC0228AF
:10B66000CCD150461DF09BFF50461DF098FFD4E70B
:10B670006407002088230020782300202DE9F34769
:10B680001FF089F880468A46FFF7BAFB374D4FF026
:10B690000009002600272B78002B36D0AC68A4B315
:10B6A000D4E90C2352EA03012FD0A16B8A1843EB93
:10B6B000E173B2EB080263EB0A03012A73F10001A4
:10B6C00003DB0020FFF79AFA1FE094F84830C4E942
:10B6D0000C67042B19D8DFE803F00324282B310072
:10B6E00094F84C30022B04F11C0103D968681FF058
:10B6F000EEF80AE0013384F84C300023CDE9001362
:10B700001A4668681946FFF713FC09F10109B9F1F7
:10B71000080F05F16805BED102B0BDE8F047FFF79C
:10B7200079BB022384F84830EFE704F11C01DDE720
:10B73000042384F84830002384F84C3094F84C20DB
:10B74000022A04F11C0301D91946CFE7013284F81B
:10B750004C200022CDE9003211466868FFF7E8FB73
:10B760004FF47A7200232846ACE700BF640700203C
:10B7700007B5114B00938722002302210F48FEF7E3
:10B780007DF90F4B00938822002302210D48FEF71C
:10B7900075F90D490D4823F0A2FB0D4B009386224D
:10B7A000002302210B48FEF769F90B490B4803B04F
:10B7B0005DF804EB23F093BB77AD0300F499002010
:10B7C00015AA0300E099002081B50100782300202C
:10B7D0001DB10100CC9900207DB60100A8230020F6
:10B7E00007B5054B00938222002302210348FEF790
:10B7F00045F903B05DF804FBA9B303000C9A0020DF
:10B80000F8B50E461546442204466A4300213046E8
:10B810001F462EF00AF96822002120462EF005F975
:10B82000204623F02EF9044904F1280023F057FBA9
:10B83000C4E916652766F8BD19B8030030B103687E
:10B840005868034BC01A18BF012070470120704789
:10B850006014002010B586B0044601A820F07EFADE
:10B8600001AA2146024820F0A4F806B010BD00BF8E
:10B87000D82300202DE9F04194B00C4690460746AD
:10B880001E46FEF7BBF81022014620462EF0E5F8D2
:10B8900000B3214604A804AD20F060FA0FCD0AAC35
:10B8A0000FC42B682360314604A804AC20F056FA7C
:10B8B0000FCC0FAE0FC62B6833609DF86C3002932F
:10B8C0001A9B01930FAB0093044843460AAA3946DA
:10B8D00020F0DEF814B0BDE8F08100BFD8230020CE
:10B8E0000146014820F0BDB9D823002010B586B02C
:10B8F000044601A820F032FA01AA2146024820F0AD
:10B90000C3F906B010BD00BFD823002010B5014612
:10B910000446054820F030F828B1A38D022B0CBF57
:10B9200004F13000002010BDD8230020024B034951
:10B9300003480822FFF764BFACAC0400209A002043
:10B94000D823002098B500AF8AB0CDE90712084A85
:10B950000992084C084B6A46CDE9054042F8103F71
:10B96000064800234FF44151E7F7C6FFBD4698BD96
:10B9700000020103B6E804000500000290A10400E3
:10B9800010B513460A469D2100F02AFA044638B144
:10B9900010F18C0F04D0024602490348FFF7D2FF92
:10B9A000204610BD2FBD0400D9E80400F0B5AFB0AB
:10B9B0000D46164606A905AA04461F46FFF7E0FFF6
:10B9C00080B9CDE9016705990095802306AA204634
:10B9D00020F0FDFA30B1024603490448FFF7B2FFF8
:10B9E0006FF083002FB0F0BD2FBD0400E2E804002B
:10B9F0002DE9F04F1646ADB099464A1E6FF0404310
:10BA00009A42DDF8D8A056D2BAF1070F01EA030531
:10BA100000F003074CD8802E4DD8002065F31D00A0
:10BA20000DF10C0B0DF1100867F39F7002AB5A4635
:10BA30004146FFF7BBFFB0B1002465F31D0467F377
:10BA40009F744A46CDE9008B5FFA8AF3314620465F
:10BA500020F093FA0246E8B118491948FFF772FF3F
:10BA60006FF0830404E0029BDA0705D56FF08404CD
:10BA700020462DB0BDE8F08F039A9642DCD19A455E
:10BA8000DAD13246494640462DF0E7FF0446002809
:10BA9000D2D1EDE720460399424620F0CCFA044685
:10BAA0000028E5D0024607490748FFF74BFFDFE7CC
:10BAB0006FF08504DCE76FF08604D9E7ECE804005A
:10BAC000E2E804001FBD0400F0E804002DE9F0479F
:10BAD000154698464A1E6FF04043D0B09A42DDE9C1
:10BAE000587604D36FF0860050B0BDE8F087B8F107
:10BAF000000F03D1C6F800800020F5E721F0404494
:10BB000000F00309002064F31D000DF1140A69F32D
:10BB10009F70524628A9FFF733FF0028E4D105990A
:10BB200006ABC5B9A1F11D02424514D864F31D004E
:10BB3000CDE9016369F39F700097434628AA20F07E
:10BB400046FA0028D0D0024613481449FFF7FAFEFF
:10BB50006FF08300C8E7002064F31D0069F39F7055
:10BB600008AC0DF11C09029328AACDF804900094AA
:10BB7000802320F02CFA02460028E5D1079AAA4239
:10BB8000B0D3521B424528BF424632606119384645
:10BB90002DF024FFB0E700BFE2E804002FBD040051
:10BBA00010B54A1E6FF040439A42A2B022D219400B
:10BBB00041EA80746B4601AA02A92046FFF7F6FE0F
:10BBC00028B9009BDB0708D56FF0840010E010F166
:10BBD000920F02D010F1840F0AD1204620F047FACC
:10BBE00030B1024605490648FFF7ACFE6FF0910000
:10BBF00022B010BD6FF08600FAE700BF2FBD040031
:10BC0000F6E80400F0B59BB004460F461646002146
:10BC100018220CA82DF009FF0BA90DF12A0000F045
:10BC200063F800230D931193BDF82A30ADF830303E
:10BC30000B9B0F934FF48073ADF83230154D164BBC
:10BC40000E9412A93846B4F5807F08BF1D4600F057
:10BC500053F80446D0B9259B0893239B0793249B54
:10BC60000693219B0593229B049305230393209B1A
:10BC700002930C23CDE9006312A90B9B20220CA890
:10BC8000A8472021044612A80CF03AFF20461BB01A
:10BC9000F0BD00BF4FBF030065BF030098B50D4C5A
:10BCA0000D4800AF214616F0A9FF88B06A460B4B3D
:10BCB000CDE905344FF40073ADF81C30084B42F861
:10BCC000103F084800234FF4E451E7F715FE002029
:10BCD000BD4698BDFDE804003BE90400E9D9040035
:10BCE0000300000190A104004FF410530380014BA6
:10BCF0000B60704700025005F0B5074687B00E464E
:10BD000003AD284621F0A1F868B10821284621F0AA
:10BD10009FF800281ADD072805D8C0F10802002185
:10BD200028442DF082FE02AB019320230093294684
:10BD30000848059733460C2224F00EF808210446E3
:10BD400028460CF0DDFE204607B0F0BD6FF09204EF
:10BD5000F9E700BF0900000270B50546154E164808
:10BD60004FF0FF334FF0FF320AF0D0FD3378A3B924
:10BD700012480C2124F0BFF8044648B9012333705F
:10BD80000E4A13682B6053686B609368AB600024A5
:10BD900009480AF02DFE204670BD08490C220B7898
:10BDA0000133DBB201F8013B002BE9D1013AF6D1B6
:10BDB000E6E700BF9EAB0020A810002092AB002059
:10BDC00007B50346C3F31D0200920846034A9B0FC2
:10BDD0000F2116F049F803B05DF804FB48E90400B0
:10BDE00010B588B0CDE901121C4604A96FF001031B
:10BDF0000393FFF7E5FF01AA0A4904A8E8F74AF907
:10BE0000039A002A03DD2260002008B010BD06D08E
:10BE100002320CBF6FF08B006FF09100F5E76FF00E
:10BE20008B00F2E719C00300F8B5036900AF0C46B8
:10BE300003F1A005BFF35B8FD3F8A030BFF35B8F96
:10BE4000C3F38003994218D1184A194B6E4688B043
:10BE5000002918BF13466A461649CDE905134FF469
:10BE60000073ADF81C30144B42F8103F1348002308
:10BE70004FF4E451E7F740FDB546BFF35B8F5CB18B
:10BE800055E8003F43F0040345E80032002AF7D1AB
:10BE9000BFF35B8FBD46F8BD55E8003F23F00403B8
:10BEA00045E80032002AF3D0F6E700BF89EA040033
:10BEB00015F2040053E9040003000001D0A10400BE
:10BEC0002DE9F0470546D0F808A0894690461F4660
:10BED00020F03BF90446D8B190F82060F3070AD56A
:10BEE00090F8243019481A4A012117F099FE6FF092
:10BEF0007700BDE8F0873B464246494620F0DDF832
:10BF000048B994F82430134A1048012117F088FEEC
:10BF10006FF01200EDE79DF8203084F8258026F0C0
:10BF20000606E78484F8283084F82060DAF81830B0
:10BF300021462846984794F82020B0FA80F35B0900
:10BF400063F3000284F82020D3E700BFD0A10400EF
:10BF500065E904007FE9040070B50546866820F0B5
:10BF6000F4F80446F8B190F82030DB0709D490F8D3
:10BF700024300E480E4A012117F052FE6FF0770070
:10BF800070BD0146F3692846984750B194F82030B7
:10BF900003F0010394F8202063F3000284F82020CA
:10BFA000EEE70346F6E76FF01200E9E7D0A10400E0
:10BFB000A1E90400F8B587680546FB6B0C46984775
:10BFC000286920F0B0F8E0B12146284620F0BDF8FD
:10BFD0000646C8B190F820309B0706D090F8243070
:10BFE0000B4A0C48032117F01BFE346824B1BB68D0
:10BFF000314628469847044628463B6C98472046D9
:10C00000F8BD4FF0FF34F7E76FF01204F4E700BF1C
:10C01000BCE90400D0A104002DE9F341D0F8088068
:10C020001746D8F83C3005460E4698470C48002283
:10C0300000233946E9F752F8044670B9094A0A481C
:10C0400000963B46012117F0F5FD2846D8F8403010
:10C050009847204602B0BDE8F0810676F5E700BFBC
:10C06000C4130020DDE90400D0A1040010F0080F83
:10C070000B4B42B20CD100F00F00002A4FF014021B
:10C0800002FB0033B4BFD3F80806D3F808077047A3
:10C09000002AB4BFD3F8A806D3F8A807704700BF9A
:10C0A00000700240F8B50246EFF31181202383F3BC
:10C0B0001288BFF36F8F00F0080520F06DFB01249C
:10C0C000844057066FEA04061BD0D5B9174F3B686A
:10C0D00023FA00F0C00714D533403B6053B2DB4372
:10C0E00022F08000DB0F00F2DA301B0103EB40038B
:10C0F0000F48C0F80038D0F8043843F00203C0F805
:10C1000004380C4803683340036035B90A480368B3
:10C11000120654BF334023430360054BC3F86C44FD
:10C1200081F31188BFF36F8FF8BD00BF989C00208A
:10C13000007002409C9C0020A09C0020EFF3118026
:10C14000202383F31288BFF36F8F0A4BD3F8001CB0
:10C15000032261B949F27531C3F8001CC3F8142DEC
:10C16000C3F8001C80F31188BFF36F8F7047C3F8CA
:10C17000142DF7E700E00640EFF31180202383F34E
:10C180001288BFF36F8F0A4BD3F8001C61B949F2D4
:10C190007532C3F8002CC3F8141DC3F8002C80F3CB
:10C1A0001188BFF36F8F70470022C3F8142DF6E794
:10C1B00000E0064070B5024620F0EEFAEFF311857C
:10C1C000202383F31288BFF36F8F531E0124062BA5
:10C1D00004FA00F40FD80E4E0E4B31681B680B4367
:10C1E000C34013F0010306D10B4802F594722143BA
:10C1F00040F822303160094A136823431360084B2A
:10C200008022C3F8042185F31188BFF36F8F70BDBE
:10C21000989C0020A09C0020007002409C9C002064
:10C2200000E100E0F8B50306044623D410F0080747
:10C2300020D100F00F02920002F1804202F51C3280
:10C24000D2F84434B3B1EFF31186202383F312887C
:10C25000BFF36F8F20F0A0FA084DC2F8A07401233D
:10C2600003FA00F12B6823EA01032B6086F311889F
:10C27000BFF36F8F024BC3F81845F8BDA09C002098
:10C280000070024010B591F92400174B91F824205A
:10C290000028B4BFD3F81045D3F8144502F00F02BC
:10C2A0000123934023420DD10F4A0028B5BFD2F895
:10C2B0001005D2F8140503430343B4BFC2F8103588
:10C2C000C2F8143591F824301A070AD4064AC2F885
:10C2D0000C3543F48073C2F80C3591F82400FFF755
:10C2E000A1FF002010BD00BF0070024091F8243073
:10C2F000054A13F07F0F0BBF012343F4807353658E
:10C30000C2F81835002070470070024070B506462C
:10C310000D461FF01AFF04461FF020FF28BB2046E1
:10C320001FF043FF08B3802D16D1437E9A0744BF08
:10C330000E4A15705B070FD50D4B1B7813B90D4BCB
:10C3400001221A6520461FF02CFF002201463046CC
:10C35000BDE870401FF042BF2846FFF72BFF204684
:10C360000121BDE870401FF0FEBE70BDA1AB0020F2
:10C37000A6AB00200070024038B50C461FF0E5FE69
:10C3800005461FF0EBFEB8B928461FF00EFF98B126
:10C390004CB9437EDA070FD49B0704D5074B1C70BA
:10C3A000074B0122DA642046FFF704FF28460121EB
:10C3B000BDE838401FF0D7BE38BD00BFA1AB00209C
:10C3C0000070024008B5054A0548032120F0ECF949
:10C3D00021F0B5FF08F050FA002008BD0BEA040078
:10C3E000D8A1040010B54468206801F021FC104B6E
:10C3F0001860104B1B782BB10F4B002218681146A8
:10C400001FF0E0FE00220121272017F047FE201D2B
:10C4100008F000FA04F1080008F03AFA21F088FF69
:10C42000064A0748032120F0BFF9002010BD00BFD5
:10C43000509C0020A3AB0020A49C002014EA040020
:10C44000D8A10400012810B503461AD002280AD04A
:10C4500000BB144B0246014618681FF0B3FE124B96
:10C4600001221A700CE0114B114C00221A70114B72
:10C47000C4F800332720E8F7E7FA0123C4F80435AD
:10C4800010BD084B0022014618681FF09BFE064BAA
:10C490000022E6E7084A0948BDE81040012117F0EC
:10C4A000BFBB00BFA49C0020A3AB0020A2AB002018
:10C4B00000700240FDFFDF0120EA0400D8A1040063
:10C4C0000146014823F0BAB8A811002008B5054B71
:10C4D0001970054B1B7813B10420FFF7F1FF002002
:10C4E00008BD00BFA4AB0020A5AB002010B50469B7
:10C4F00091F824000D4A20F04FF9012303FA00F0CF
:10C500001368034313600BF041FA4020FFF7D8FF94
:10C510004FF0FF324FF0FF3304F1840104480AF07A
:10C5200035FE0BF047FA002010BD00BF949C0020A0
:10C530000C1200202DE9F047064688B007694F4AE3
:10C540004F48032120F030F94E4B1E6007F1840064
:10C5500022F097FA00220023CDE9062300246FF091
:10C560000703CDE90334CDE90144474B4749009621
:10C570004FF4007246480AF0EBFEDFF81881464996
:10C58000434822F008FDD8F81C20444B134043F4E4
:10C59000820343F04003C8F81C30C1464FF02C0A18
:10C5A00088F82440414630461FF0E4FD3C4B3D4AAC
:10C5B000054678B13C4A3248012120F0F5F828467A
:10C5C00008B0BDE8F087C16919401143C16108F1A5
:10C5D0002C08E5E70134092C10D00AFB0490082C44
:10C5E000817F41F040018177EDD1D9F87C112F484E
:10C5F00008402F490143C9F87C11E8E72D4C2E4B28
:10C60000E269134043F4041343F04003E3618046BE
:10C61000A1464FF02C0A68F07F0184F824103046C0
:10C6200021461FF0A7FD1E4B1E4A05460028C1D11A
:10C6300008F10108B8F1090F17D00AFB0890B8F10A
:10C64000080F817F41F02001817708D1D9F87C1152
:10C650001648084016490143C9F87C1103E0C16936
:10C6600019401143C1612C34D5E797F8803023F08D
:10C67000760343F0760387F88030A0E737EA0400BA
:10C68000D8A10400A49C002071C70100E8E50020A7
:10C6900040240020349E00203FEA04000000BEFF3A
:10C6A0000000F9FF4000060048EA04000000F7FF20
:10C6B000FF010800A89C00200000DEFF10B50C461A
:10C6C000204611461FF073FD94F8240020F064F812
:10C6D0000146044820F06AF80120FFF7F1FE00202F
:10C6E00010BD00BFC49F002008B5074A91F8243050
:10C6F000C2F80C3543F48073C2F80C3591F824006D
:10C70000FFF790FD002008BD0070024010B591F8C1
:10C7100024404FF0FF324FF0FF3312480AF028FA5E
:10C720002046FFF7BFFC04F00F02012393400E4A9E
:10C7300014F0800F14BFD2F81015D2F814156FEA58
:10C74000030315BF0B400B40C2F81035C2F8143577
:10C7500004480AF0D1F9054B8022C3F804210020D7
:10C7600010BD00BF301100200070024000E100E069
:10C770002DE9F04FB44D85B004464FF0FF384FF02F
:10C78000FF390022CDE900894FF0FF31AF4822F098
:10C790005CFFAE484FF0FF3122F053FF07463807E9
:10C7A00033D5AB4AAB4803211FF0FEFFAA484246EF
:10C7B0004B460AF0DDF9EFF31182202383F3128850
:10C7C000BFF36F8FA54B1B787BB1D5F8003413F402
:10C7D00000730AD10121C5F82C15D5F82C15D5F810
:10C7E0000014890548BFC5F82C3582F31188BFF3C2
:10C7F0006F8F99480AF080F901212046FFF714FB5A
:10C800000022032120461FF0DDFCFE060DD5944AD0
:10C81000904803211FF0C8FF00212046FFF704FBCA
:10C820000022022120461FF0CDFCB8060DD58D4A0E
:10C83000884803211FF0B8FF00212046FFF7F4FAD3
:10C840000022022120461FF0BDFCB9075CD4FA0784
:10C8500010D5BFF35B8F844B002253E8008F43E871
:10C8600000210029F9D1BFF35B8F0126B8F1000F39
:10C8700040F0AB8079072FD5D5F88004C0B28DF891
:10C880000800D5F88414C9B28DF80910D5F8883499
:10C89000D5F88C2443EA02239BB2ADF80A30D5F8D0
:10C8A0009024D5F8946442EA0622ADF80C20D5F81D
:10C8B0009824D5F89C6442EA062292B26B4EADF8F9
:10C8C0000E20002840F09A80052940F09780012131
:10C8D0003170002A00F09E807B067FF54EAF206904
:10C8E00084304FF0FF324FF0FF330AF00FF8604E04
:10C8F0003168002940F0CA805E480AF011FC2069C6
:10C9000084300AF075F838E75B4BBFF35B8F002289
:10C9100053E8008F43E800210029F9D1BFF35B8F72
:10C920004FF0010BB8F1000F91D098FAA8F3B3FAC9
:10C9300083F30F2B1E46C6BFA3F11006F6B246F0D6
:10C9400080060BFA03F328EA030833063146204633
:10C950001FD51FF0FAFB82461FF023FC814650B919
:10C96000464A3C483346012117F05AF931462046E1
:10C97000FFF7CCFCD6E7002150461FF0F4FB002265
:10C98000494620461FF02AFC802E08BFC5F850B04B
:10C99000ECE71FF0DAFB82461FF003FC814650B93A
:10C9A000374A2C483346012117F03AF931462046E0
:10C9B000FFF7E2FCB6E7504600211FF0D4FB00224F
:10C9C000494620461FF00AFCF0E798FAA8F3B3FAAC
:10C9D00083F30F2B1946C6BFA3F11001C9B241F072
:10C9E000800106FA03F30A0628EA0308204602D566
:10C9F000FFF78CFC3AE7FFF7BFFC37E7214900233C
:10CA00003370D5F87024097891420AD11E4B002268
:10CA10001A7013E003F07F03ADF80A30ADF80C2074
:10CA2000F4E7194901220A7032704FF4A062ADF8A0
:10CA30000820D5F87024ADF80A20039302A92046F7
:10CA40001FF0F3FB48E700BF00700240A811002070
:10CA500064EA0400D8A1040030110020A2AB002039
:10CA60007BEA040091EA0400C49F0020A6AB0020EA
:10CA7000949C00200C120020C09F0020A9EA040012
:10CA8000C2EA0400A4AB0020A5AB002091FAA1F7F4
:10CA9000B7FA87F70F2F3946C6BFA7F11001C9B201
:10CAA00041F0800120461FF050FB804690F8249012
:10CAB0004FF0FF324FF0FF3313480AF059F8484661
:10CAC000FFF7F0FA10480AF017F8104B8022C3F86D
:10CAD0000421414620461FF099FB002140461FF0EB
:10CAE00042FBBFF35B8F0123BB40094ADB4352E8A3
:10CAF000000F184042E800010029F8D1BFF35B8F16
:10CB0000326813403360F3E63011002000E100E0AA
:10CB1000C09F00204FF08053D3F83031082B02BF64
:10CB2000024B0022C3F81C2C704700BF007002406B
:10CB30002DE9F04105464FF0FF324FF0FF334148F9
:10CB40000AF016F8404B8022C3F884212720E7F72B
:10CB50009DFFA8B13D4F3E4B3C681B686FF30F042F
:10CB60001C434FF00108002C37D13A4E40F2FF131E
:10CB70003B602720C6F80445E7F774FFC6F800437A
:10CB8000354A13788BB1334B0021C3F808110121CA
:10CB9000C3F80026C3F804165960D3F80811002919
:10CBA000FBD00021C3F8081111702A4B0024C3F8F0
:10CBB0000045FFF7AFFF234809F09EFF21462846B6
:10CBC000FFF7CAF9F0B1254A254801211FF0ECFD15
:10CBD0006FF004052846BDE8F08194FAA4F6B6FA91
:10CBE00086F60F2E3346C6BFA6F11003D8B243F027
:10CBF0008000030701D4FFF755FA08FA06F624EA85
:10CC00000604B0E728468021FFF7A6F9054600286C
:10CC1000D9D1144B14491E68304616F060FB10F150
:10CC2000780F044603D1304616F035FB0446002C3D
:10CC3000D0DA0E4A0A482346012116F0F1FF2546B4
:10CC4000C8E700BF3011002000E100E0A09C0020F8
:10CC50009C9C0020007002409FAB0020DFEA040093
:10CC6000D8A10400509C0020409C002002EB04004E
:10CC70002DE9F04FAD4BDFF8B8A2D3F85421AD4FFA
:10CC800087B00AB30022C3F85421D3F804239102D9
:10CC90001AD5D3F8C034002B14BF4FF001224FF443
:10CCA0008072A54B9B683BB99AF800001FF074FD99
:10CCB0000123834022EA03023B6813439F4A3B60FF
:10CCC000136823F001231360984BD3F8604134B10B
:10CCD0000022C3F86021D3F86C44C3F86C44D3F845
:10CCE00028214AB10022C3F82821954B18781FF05B
:10CCF00053FD012383401C439AF800509AF90080A9
:10CD00002A0700F10B81B8F1000FB4BF8D4B8E4B99
:10CD100005F00F02920013441A684AB300221A6009
:10CD20002846FFF7A3F9894B1A7800F0010050401C
:10CD30001870FFF7EFFE864B28461A681FF02CFD8F
:10CD4000C240D307064600F12381B8F1000F80F2FC
:10CD50000F81882D00F00C81784A01231168B340BF
:10CD60000B43136081238AF80030734809F0C4FE36
:10CD70008CB13B68714ADFF8DC9124F001210B4350
:10CD80003B60136823EA01031360A4B24FF001086B
:10CD9000002C40F00381654BD3F800217AB10024C8
:10CDA000C3F800416C4B1C706C4A6D4803211FF0A6
:10CDB000FBFC684B2246186804211FF003FA5B4B0A
:10CDC000D3F858212AB30022C3F85821D3F80044DD
:10CDD000C3F80044E00505D55F4B012208201A7016
:10CDE000FFF76EFBA10505D55B4B002210201A70E2
:10CDF000FFF766FB62050CD5574B1A784AB1002243
:10CE00001A704A4B0122C3F8082520209A65FFF7C3
:10CE100057FB464BDFF838B1D3F85C31F3B1464BE2
:10CE20009B681BB99AF800305B0617D03F4B002275
:10CE3000C3F85C21DBF80030404A23F00113CBF843
:10CE400000303B6823F4803343F001033B601368F8
:10CE5000042023F001131360FFF732FBDBF80040DE
:10CE60003B681C4000F03381304BD3F82C95B9F16E
:10CE7000000F40F02C8130480022002309F078FE9A
:10CE8000002840F0248114F001230CBF94FAA4F38D
:10CE900093FAA3F3B3FA83F30293029B9DF808403D
:10CEA0000F2BC8BF103C2B4BCCBFE4B244F0800426
:10CEB000186821461FF049F903901FF076F963B214
:10CEC000049304F00803059363B2002B064680F236
:10CED0009C80039B058ADB8CD0F80C80C3F30A038B
:10CEE0009D4240F28C801D46002608F06043B3F15D
:10CEF000005F06D041461B48DFF868802A462CF0C8
:10CF00006DFD002E00F0B380029B01229A40DBF8F9
:10CF1000003023EA0203CBF80030A8E0124B134A9A
:10CF200033EA280328BF1346F6E600BF007002402C
:10CF3000A0AB0020A09C002030110020989C002075
:10CF4000A1AB002008710240307102409FAB00206D
:10CF50009C9C0020A49C0020A2AB002019EB0400A4
:10CF6000D8A10400549C0020507102402C71024052
:10CF7000634831461FF01AFC0220FFF7A1FAB8F10E
:10CF8000000FFFF6E9AE013D062D7FF6E5AEE9E6BE
:10CF9000002DF4D15B4B0122DA64E3E694FAA4F5A8
:10CFA000B5FA85F508FA05F345F080052946D9F864
:10CFB000000024EA03041FF0C8F81FF0F6F8064644
:10CFC0002846FFF753F8014606F10C0017F082F9E6
:10CFD000338A002B7FF4DCAE30461FF0EAF818B13C
:10CFE00030461FF0EAF8D3E628461FF0D5FB01468D
:10CFF00043481FF0DBFB0220FFF762FAC8E61FF090
:10D00000D8F880F00106F6B26FE704F008023D4B55
:10D01000002A5FD0D3F8C03413F4803F08BF99468C
:10D02000328AF368758A03EB0208AD1A72699B1A9B
:10D03000ED1A4D4553D2344A344800954B460121F0
:10D0400016F0F8FD294606F10C0017F00AF9039BCB
:10D05000DB8CC3F30A034B457FF456AFF26871696A
:10D06000738A521A9B1A328A93423FF44DAF4FF0A3
:10D0700080530121D3F83031082B02BF214B82228B
:10D08000C3F81C2C029B3A688AF8004001FA03F3AB
:10D0900022EA03023A6004F008021A4B0ABB049A1F
:10D0A00004F00F04002A4FF0140202FB0432A9BF5F
:10D0B0000A3403EB8403C2F80087C2F80457AFBFF9
:10D0C00043F82410C2F80086C2F80456596007B02D
:10D0D000BDE8F08F04F5947253F82290A0E74D4616
:10D0E000B0E7049A002AB5BFC3F8A086C3F8A087AA
:10D0F000C3F8A456C3F8A457B4BF59629964E6E7CD
:10D10000C09F0020007002401FEB0400D8A1040063
:10D1100010B5EFF31184202383F31288BFF36F8FD0
:10D12000164B1B7803F0FF02CBB11549D1F82C3513
:10D1300013B30023C1F82C354FF08053D3F83031AE
:10D14000082B0CD10F4BD3F8000CC02188B949F241
:10D150007530C3F8000CC3F8141CC3F8000C84F33A
:10D160001188BFF36F8F002A0CBF6FF00A000020F8
:10D1700010BDC3F8141CF2E71A46F0E7A2AB00207A
:10D180000070024000E0064073B500220092114694
:10D1900040230446FEF794FE024648B1604A6148C7
:10D1A00001211FF001FB6FF00404204602B070BDA6
:10D1B0000090402320468021FEF782FE044600288E
:10D1C000ECD15949594B4860C860012618688E60F7
:10D1D00016F016F8051E07DA554A52482B46314616
:10D1E00016F01EFD2C46E0E7EFF31185202383F3B4
:10D1F0001288BFF36F8F4F4B4FF40062C3F80024C7
:10D200001FF0BCFA08B1FEF799FF4FF08053D3F836
:10D210003031082B18D1EFF31180202383F31288CB
:10D22000BFF36F8F444BD3F8001CC022002970D18C
:10D2300049F27531C3F8001CC3F8142CC3F8001C64
:10D2400080F31188BFF36F8F3A4B0122C3F800259A
:10D25000D3F800241205FBD54FF40062C3F8002474
:10D260004FF08053D3F83031082B17D1EFF31180F2
:10D27000202383F31288BFF36F8F2F4BD3F8001C4A
:10D28000002949D149F27532C3F8002CC3F8141CA7
:10D29000C3F8002C80F31188BFF36F8F1FF06EFA74
:10D2A00030B1FEF769FF1FF069FA08B1FEF746FFDB
:10D2B0004FF08053D3F83031082B1E4B0AD140F287
:10D2C000E372C3F800284022C3F80428BFF36F8F2D
:10D2D000BFF34F8F8022C3F81C250122C3F83025ED
:10D2E000164B40F2FF121A60154B00211960154BC6
:10D2F0001960154B1970FFF70DFC144B19701FF0D6
:10D300003DFA08B1FEF738FF85F31188BFF36F8F40
:10D310004BE7C3F8142C93E70022C3F8142CB9E7A9
:10D320003EEB0400D8A10400409C0020509C00204B
:10D3300060EB04000070024000E00640A09C00206A
:10D340009C9C0020989C00209FAB0020A1AB00205B
:10D35000142870B503460C4612D80B4A12F8101068
:10D36000D4E9000502EB4302A0FB0106527800233A
:10D3700001FB0561E2F7C4FEC4E90001002070BDB5
:10D380006FF01500FBE700BF88F8040008B507F050
:10D39000A1FD034668B10748074A012116F040FC89
:10D3A00006486FF004034363BDE808401C301FF0DB
:10D3B00039BA08BD90A004009EEB04006002002072
:10D3C000044B93F84A3013B1034807F03BBEFFF714
:10D3D000DDBF00BF6002002091D40100094BBFF304
:10D3E0005B8F53E8002F511C43E800100028F8D150
:10D3F000BFF35B8F0AB9FFF7E3BF6FF00F025A6309
:10D40000704700BF6002002080B500AF88B06A4658
:10D41000094BCDE905304FF40073ADF81C30074BD4
:10D4200042F8103F064800234FF4E251E6F764FA51
:10D430006FF00400BD4680BDB8EB0400030000019E
:10D4400090A0040038B50F49002205460E4821F08F
:10D450005FFF002007F02AFC044630B12868FFF780
:10D46000D3FF6FF00404204638BD02460121072097
:10D4700016F014FE0548C368002BF4D104301FF0E9
:10D48000D1F9F0E7DDD30100D002002060020020D6
:10D49000F8B50378002B40F09A80574CE36B94F872
:10D4A00060701F42254607D1A36B002B3FD1534824
:10D4B000BDE8F8401FF0B6B994F8A810A26E94F831
:10D4C0006160A1B90121DBB20B420BD00F4208D041
:10D4D00016EA010CB2F9000024D000EBD070401025
:10D4E00010800232490089B2B942EDD9DCE73340FD
:10D4F000018915D002EB41019142D5D0B2F900303B
:10D5000003EBD3735B1022F8023BF5E732F91360AB
:10D51000002EB8BF22F8130001338B42F6DBC3E7BD
:10D520001846FAE70028B8BFA2F800C0D9E7236D73
:10D5300043B1B4F85C2032493248984701280BD0F7
:10D54000022837D0B4F85C30B4F858209A4231D968
:10D550000133A4F85C30002094F8A830B3B994F8F3
:10D56000621018B9A36E03EB4103A366A06E07F027
:10D5700071FC034650B12448244A012116F050FBA7
:10D580006FF004031D4863631FF04CF9E36C1BB993
:10D59000BDE8F840FFF714BFBFF35B8F55E8003FCD
:10D5A0005A1E45E800210029F8D1BFF35B8F012BFB
:10D5B000EEDCF8BDE36C002B3FF479AF94F8A830B3
:10D5C000002B7FF474AF12480AF000FD6FE7022BC6
:10D5D0000FD107F07FFC03460028EAD00A480D4A25
:10D5E000012116F01DFB04486FF0040343631C3057
:10D5F0005EE7052BDDD15AE7600200207C020020A7
:10D6000098020020A49D040090A00400D8EB040020
:10D61000D00200209EEB04002DE9FF410F464FF0A1
:10D62000FF3380484FF0FF3209F0A2FA7E68731E84
:10D63000FE2B05D97C4A7D48012116F0E8FA10E05E
:10D640000024254626FA04F3DA0715D507F076FB01
:10D65000E040C3070ED4764A23467448012116F0F1
:10D66000DFFA6FF015046F481FF0DCF8204604B0B5
:10D67000BDE8F0810135EDB20134082CE2D10DB9DD
:10D680006C4AD8E73B7CA3F10802062A0FD8DFE8F2
:10D6900002F0100E120E040E0C000221012D7A7CF5
:10D6A0000BD0002A46D0644AC5E70321F6E7634A57
:10D6B000D3E70021F2E70121F0E7082A06D8DFE8E6
:10D6C00002F00808080808080808080013465C4A21
:10D6D000C3E73B6873B35C6864BB186801387F2894
:10D6E00028D88DF808208DF809401B68554A1B0181
:10D6F000013BADF80A30012382F8A8308DF80C30D8
:10D7000002AA514B304607F055FB04460028AAD127
:10D710003B686A0013B19B8903FB0222FB689342BA
:10D7200011D2424800920121484A16F083FA6FF064
:10D730000B0498E7434B002083F8A800424B304687
:10D7400007F002FBE1E73F4E86F8625096F8A830FA
:10D75000B868B066B04673B13B689D890135A9B21F
:10D7600007F078FB044640B1394A034601212F48AF
:10D7700016F056FA77E72946F2E7BC46BCE80F00F8
:10D78000344D0FC5DCF800302B6074633B68002B10
:10D7900045D00FCB2F1D87E80F00F36CB763A6F8B9
:10D7A0005C40002B3BD0BFF35B8F58E8003F48E85C
:10D7B0000042002AF9D1BFF35B8F96F8A810E1B9B7
:10D7C000F46C2548254A4FF400470023E4FB070189
:10D7D000E2F7E6FC0022CDE90001002305F1280074
:10D7E0000AF0CEFB1E484FF0FF324FF0FF3309F036
:10D7F000BFF900B17063746B35E707F06BFB03464C
:10D800000028EFD0174A0948012116F009FA6FF0F5
:10D810000403A5F12C0073631FF004F8E2E7FFF79F
:10D82000CFFDDFE764020020F1EB040090A00400CC
:10D830000FEC040029EC040064EC04003FEC04004D
:10D8400096EC04006002002091D40100B9EC0400C1
:10D85000D8EB0400980200203F420F0040420F0026
:10D860007C0200209EEB040030B587B000230393B8
:10D87000CDF80F304B798DF813300B7913F020056C
:10D880000C4615D08A797F2A08BFFF228DF8142014
:10D89000C3F3040203F01F03072B8DF8152009D9E9
:10D8A0005A4A5B48012116F0BBF96FF015059DE05F
:10D8B000FF22EBE722780C2A1ED8DFE802F00A07E5
:10D8C000111D131D151D1D17191D1B0001228DF89B
:10D8D0000E206278032A15D0042A16D04D4A0CE097
:10D8E0000222F4E70322F2E70422F0E70522EEE742
:10D8F0000622ECE70722EAE7474A4548012116F0ED
:10D9000086F9D2E701228DF80F20628844F20A01DD
:10D910008A4227D843F6FE718A4203D8002A4BD0A8
:10D920003E4AEAE7A2F57F523F3A0B2AF8D801A116
:10D9300051F822F0C1D9010021D9010021D90100FB
:10D9400021D9010087D9010021D9010081D9010025
:10D9500021D9010021D9010021D9010021D90100DB
:10D96000B9D9010044F214018A4227D044F22801B7
:10D970008A4225D044F20F018A42D1D1032200E02D
:10D9800001228DF810202649012000FA03F391F8B6
:10D990006020DBB26DB3A5797F2D13D1134381F8DD
:10D9A0006030237991F8612003F01F0300FA03F33C
:10D9B000134381F861300BE00222E2E70422E0E742
:10D9C0000522DEE722EA03028DF8110081F86020CB
:10D9D00003A820F0EAFC054640B1237903F01F03B9
:10D9E000104A009001210A4816F024F9284607B091
:10D9F00030BD134381F86030237991F8612003F042
:10DA00001F0300FA03F322EA0303D2E7DEEC04006B
:10DA100090A0040014ED0400F5EC040038ED0400BF
:10DA20006002002063ED040070B50D460649411AFE
:10DA300004464911054840221EF0FFFE2B460146D0
:10DA40002046BDE870401847DC9F0020C49C0400BD
:10DA500037B50C460A490B4A411A40230093491135
:10DA60000546234608481EF014FF014628B1284603
:10DA7000234603B0BDE83040184703B030BD00BFB7
:10DA8000DC9F0020FFC80300C49C04000022F8B5FE
:10DA900001210546104616F001FB104806F0D4FBA4
:10DAA0000446B8B906F0F0FB2F690D49384615F069
:10DAB00094FB031E09DB0126BE642D69084905F1AC
:10DAC000200015F08AFB031E02DA1C462046F8BD32
:10DAD0006E65FBE76FF00404F8E700BF15DC01009A
:10DAE00020AD040010B5002286B00123CDE9022349
:10DAF00004ABCDE904336C46074A6B46CDE90044DC
:10DB00001EF0F6FE28B94FF480420023684609F063
:10DB10002FF806B010BD00BF0BC9030010B5EFF31E
:10DB20001184202383F31288BFF36F8F074A136891
:10DB300023F00201DB07116002D4012020F0D2F8AB
:10DB400084F31188BFF36F8F10BD00BF34A0002095
:10DB500030B4104B0C2202FB003301460020D3E905
:10DB600010521864EFF31180202484F31288BFF35D
:10DB70006F8F9C6C04F0C00444F002049C6480F33A
:10DB80001188BFF36F8F1DB12B46034830BC184777
:10DB900030BC7047DC9F0020C49C040010B4EFF33D
:10DBA0001180202282F31288BFF36F8F17490B6810
:10DBB00043F0020413F001030C601AD04FF08043CD
:10DBC000D3F80C14D3F80C3413F0010311D0EFF395
:10DBD000118182F31288BFF36F8F0D4A936C03F0AB
:10DBE000C00343F00203936481F31188BFF36F8F86
:10DBF000012380F31188BFF36F8F1BB110BC00208D
:10DC0000FFF7A6BF10BC012020F064B834A00020AC
:10DC1000DC9F002010B1012804D07047034B9B6C9F
:10DC20005B0701D1FFF794BF704700BFDC9F002066
:10DC3000024BC0B203EB4010704700BFDC9F0020D6
:10DC4000094BBFF35B8F53E8002F42F0010143E81B
:10DC500000100028F7D1BFF35B8F930702D4012097
:10DC600020F038B8704700BF34A0002010B5EFF3A3
:10DC70001184202383F31288BFF36F8F074A136840
:10DC800023F001019B07116002D4012020F02AF843
:10DC900084F31188BFF36F8F10BD00BF34A0002044
:10DCA000F8B52A49BFF35B8F0546012251E8003FD2
:10DCB00041E800200028F9D1BFF35B8F33B9244934
:10DCC00024484B60CB608A6015F09AFA6B1E012BDA
:10DCD0003BD8012D07D14FF08043D3F81C3403F01B
:10DCE0000303012B31D021F050F9A0B91A4B1E7853
:10DCF0004FF080440223C4F808330127D4F81824D5
:10DD0000D4F81834D20308D4002EF7D000212120F3
:10DD100021F043FAF2E70026EAE703F00303012BC0
:10DD20000ED0D4F818354BB9D4F8042132B1C4F868
:10DD30000431D4F80431C4F81875A760012DE3D17B
:10DD40004FF080430222C3F80423F8BDD89F00207F
:10DD5000C89F0020FC9F00203DBB002008B507485D
:10DD600020F093FD38B10648E7F700F90448E4F7DE
:10DD7000C7FE002008BD6FF01200FBE7189D0400ED
:10DD800085DD01000A2838B5074D044604D1AB688B
:10DD90000D215B6828469847AB6803485B68E1B291
:10DDA0009847204638BD00BF189D0400EFF311824C
:10DDB000202383F31288BFF36F8F0A4BD3F800112F
:10DDC00061B10021D3F80805C3F80011D3F8003180
:10DDD000C0B282F31188BFF36F8F70476FF00A00F3
:10DDE000F7E700BF00D00040F0B503468478C6785E
:10DDF000EFF3118E202080F31288BFF36F8F1D7810
:10DE000093F801C0641B3440A24288BFA2B2AF188D
:10DE1000374028461F708EF31188BFF36F8F8F181D
:10DE20008F4218D165450CD1EFF31181202080F38A
:10DE30001288BFF36F8F1878587081F31188BFF381
:10DE40006F8F1B79A41AA34228BF074B90B224BF3F
:10DE500001221A60F0BD03EB000E01309EF805E0D0
:10DE600001F801EB3040DBE700D00040DB432DE957
:10DE7000F04713F001050F46144604D02448FFF77D
:10DE8000B3FFBDE8F087B2B3EFF31186202383F32D
:10DE90001288BFF36F8F0D20E6F7F8FD80460D2046
:10DEA000E6F7E0FD86F31188BFF36F8FDFF864A01B
:10DEB000194ECAF80051DAF800314FF40059012325
:10DEC000CAF800302546C6F88091DAF80031A3B1CF
:10DED000FFF76CFF031EA4BF05F1FF35ADB2C6F816
:10DEE0008091A8BF7B55002DEFD1B8F1000F02D073
:10DEF0000D20E6F7A9FD2046C3E7EFF311802023AC
:10DF000083F31288BFF36F8F16F0FFF8DDE700BFD1
:10DF100068A0002000D0004000E100E070B50D4690
:10DF200014460CB9204670BD4FF0FF334FF0FF325E
:10DF30000C4808F01DFE224629460B48FFF754FF07
:10DF40000646084808F0D8FD3EB94FF0FF324FF0C2
:10DF5000FF33064808F00CFEE6E7A41BA4B23544E4
:10DF6000DFE700BF38A000207DA0002050A00020E7
:10DF700038B501221146184820F0A9FE164D01229D
:10DF8000002105F1180020F0A2FE40F20743A5F899
:10DF900048304FF070632B630C2385F83430002435
:10DFA0000E4B85F84540A5F84640D3F8042542F0CD
:10DFB0000102C3F804250121C3F80041D3F8002170
:10DFC000C3F80413224619600D2016F067F80D20DF
:10DFD000E6F73AFD204638BD38A0002000D00040CA
:10DFE00010B5FFF7E3FE002820DB174B93F8322033
:10DFF00093F8314093F83310141B31EA0404C0B293
:10E000000DD193F8472093F8464093F84810141B1D
:10E0100031EA04040BD10D4B01225A600EE09C182A
:10E020000132114084F8350083F8321010BD9C187D
:10E030000132114084F84A0083F847100448BDE8D3
:10E04000104008F059BD00BF38A0002000D00040AB
:10E0500050A00020024B0B6001231360704700BFEB
:10E060008CA000200048704744AD040007B503466B
:10E07000054A00910548012115F0DCFD6FF01500FF
:10E0800003B05DF804FB00BFD8ED040028A1040034
:10E0900010B5012211460748074C20F018FEF6F78C
:10E0A000F9FE20F035F9206020F02EF960600020A4
:10E0B00010BD00BF94A000208CA000204FF0804233
:10E0C000D2F81015D2F8103501F01E0123F01F030D
:10E0D0000B4343F00103C2F81035024B00221A70C3
:10E0E000704700BFA7AB00204FF08053D3F830310A
:10E0F000082B20D14FF08042D2F81015CB071AD54B
:10E10000D2F8103501F01E0123F01F030B43C2F8B3
:10E110001035D2F808315BB1D2F8103523F01F0367
:10E120000B4343F00103C2F810356FF08B007047CA
:10E13000024B01221A700020704700BFA7AB0020DD
:10E14000F8B5044620F0E0F8637B05460BB1F6F71E
:10E15000B7FE134F0026FFF7C7FFE8B9606806F067
:10E160002FFBA3685B1BA36063682B4463603B7851
:10E170000BB1FFF7A3FF637B01363BB9A368002B0C
:10E18000E9D1A068003818BF0120F8BD3046E3F798
:10E1900027FA0028F2D0F4E76FF08B00F5E700BF14
:10E1A000A7AB002070B5437B04460BB1F6F788FEA1
:10E1B000194E0125A368032B06D8184AD2F800345B
:10E1C000DB07FBD5002070BDFFF78EFF08BB23687F
:10E1D0006068196806F010FB33780BB1FFF76EFF2B
:10E1E000636804336360236804332360A368043BDB
:10E1F000A360637B0135002BDCD02846E3F7F0F900
:10E200000028D7D0054AD2F80034D907FBD5012021
:10E21000D9E76FF08B00D6E7A7AB002000E0014004
:10E22000F0B589B00E46154620F06EF8294607462F
:10E2300030461EF0DBFB60B3B6FBF7F307FB13635E
:10E2400023B9B5FBF7F407FB14545CB11F4A0095E2
:10E2500033461F48012115F0EDFC6FF015042046F0
:10E2600009B0F0BDBD42FAD34FF0FF334FF0FF329B
:10E27000184808F07DFCF6F71FFE04AB014660B9B4
:10E28000102218462BF0D1FBCDE90565FFF758FFAA
:10E2900016E0114A00953346DBE710222146184666
:10E2A0002BF0C3FB01228DF81D200C4ACDE9022082
:10E2B0000B48CDE90565F6F7F7FD02A8E3F7F0F89E
:10E2C0000446044808F018FCC9E700BFF5ED040057
:10E2D00028A1040094A00020D8ED040041E1010031
:10E2E000645E010070B50D4688B019462846164692
:10E2F0001C461EF07BFB58B91E4A00942B461E4854
:10E30000012115F097FC6FF01504204608B070BD90
:10E3100045EA04039B0703D0184A00942B46EEE716
:10E32000002CF2D04FF0FF334FF0FF32144808F0CA
:10E330001FFCF6F7C1FD034604A8A3B14FF4807398
:10E340000793104B0694CDE9023041F64C50CDE9CD
:10E350000465F6F7A9FD02A8E3F7A2F80446084809
:10E3600008F0CAFBD1E7CDE9046507930694FFF7EF
:10E3700019FFF3E7D8ED040028A1040014EE04000F
:10E3800094A00020A5E101000048704798AD04006A
:10E390002DE9F74F4368B1F10008D3F82090064605
:10E3A000174675DB08EB02034B4571D848EA0204B7
:10E3B000C4F30B04002C6BD100691EF069FB2146ED
:10E3C00030461EF07EFB4FF0FF3B002F55D0002C57
:10E3D00053D1CDE9004423468022062130461EF069
:10E3E00089FB0446002848D1B94513D1CDE9000086
:10E3F00003468022C72130461EF07CFB00270446DE
:10E40000002C3AD140F26762002330461EF0D3FB65
:10E410000446DAE7204D82466B7883B10BFA03F2AB
:10E4200038EA02020BD101229A40BA4207D8BAF167
:10E43000000F1ED09AF801209A4238BFAA46013434
:10E44000042C05F10205E7D1BAF1000F13D0002327
:10E450009AF800108122CDE90033304643461EF081
:10E4600049FB9AF801200123934004469844FF1A7F
:10E47000C6E7AA46E3E76FF01504304601211EF017
:10E4800020FB30691EF002FB204603B0BDE8F08F90
:10E490006FF01504F8E700BFB2F804002DE9F0436F
:10E4A00085B0044602AF00694FF0FF32012120F031
:10E4B0000EFC636893F84A20550618D5586B20F077
:10E4C000E4F958B9AA4AAB48012115F0A0FB6FF056
:10E4D000120528460C37BD46BDE8F08360684FF44E
:10E4E000D01134301EF0ABFA08B1A34AEBE76368F1
:10E4F00093F94A20002A0EDAD86B20F0C6F908B941
:10E500009E4AE0E760684FF4B0113C301EF097FA85
:10E5100008B19B4AD7E76668306820F0B6F9002852
:10E52000D5D0337E83B920691EF0B2FA20461EF0A2
:10E53000E2FB031E0EDA934A8E48012115F070FBB0
:10E5400020691EF0A3FAC2E7F06820F09EF90028C7
:10E55000E9D1BCE720461EF01DFB051E0CDDE807D7
:10E560000AD5894A8348022115F051FB0022002375
:10E5700020461EF020FB054620691EF087FA002D7C
:10E5800006DA824A2B467B48012115F049FB9EE7BB
:10E5900020691EF07DFA4FF00309002307F10408FB
:10E5A000CDF80490CDF800801A469F2120461EF039
:10E5B000A1FA054620691EF069FA15B1744A2B4686
:10E5C000E1E740464A4606F12C012BF046FA804628
:10E5D00018B36C468CB097F8048097F805E097F86C
:10E5E00006C096F82C0096F82D1096F82E3002AA48
:10E5F000684ED3620823C2E90568C2E907ECC2E9A4
:10E60000090142F8103F5B482B4644F24001E5F710
:10E6100073F96FF01505A5465BE796F8303073B3D4
:10E6200020691EF035FA20461EF0B4FA051E1FDDE3
:10E6300096F8303025EA0305FD704346CDE90088A1
:10E640008022062120461EF055FA054680B9012198
:10E65000FB1C009301910346802220461EF04AFADB
:10E66000054628B90022002320461EF0A4FA0546DC
:10E6700020691EF00BFA15B1474A2B4683E796F83E
:10E680002F50002D39D0FF2D37D015F00B0F31D082
:10E6900020691EF0FDF915F0080312D00123802235
:10E6A000FA700193FB1C00931721002320461EF0F3
:10E6B00021FA0546B8B92269137F43F001031377A5
:10E6C00011E0A90705D40023CDE900338022B7214A
:10E6D000ECE7CDE900338022062120461EF00AFA3D
:10E6E00005460028EFD020691EF0D0F92DB12B4A45
:10E6F0002B4648E76FF08505F9E720691EF0C8F959
:10E70000636893F84A309A071BD50023CDE900339C
:10E710008022B92120461EF0EDF9054690B96368C4
:10E7200093F84A309B070CD5256920F0A9FD4FF4DA
:10E730007A72A0FB020302FB0131C00B40EA4140A8
:10E74000A861002520691EF0A1F9002D03DA15F15A
:10E75000860F7FF4BEAE20691EF09AF920461EF0A7
:10E76000CAFA054620691EF091F905EAE575B0E69A
:10E7700056EE0400A8A1040072EE040099EE040015
:10E78000ACEE0400CCEE0400E4EE040001EF040063
:10E790002AEF040043EF040081EF040096EF040029
:10E7A0002DE9F043476840F20636D0063B7C87B03F
:10E7B00002EA060654BFC2F3401C4FF0030C01F0FE
:10E7C0001F05B6F5837F144645EA43158DF803C04F
:10E7D00044D00DD8062E16D005D8A6B1022E3FD0B3
:10E7E0006FF0150037E0B6F5807FF9D101260AE019
:10E7F00040F20222964235D0B6F5407F34D0B6F5CD
:10E80000007FEDD10226220330D57A6801238B40A8
:10E81000C2F80835B868A0BB05F01F036D092DD0FC
:10E82000012D77D13E4A02EB8302C4F30043D2F8B4
:10E83000001783F00103C4F3404444EA430421F485
:10E84000E16144EA8C0421F0070144EA06230B430A
:10E85000C2F80037002007B0BDE8F0830726D2E7F2
:10E860000426D0E70526CEE70326CCE7630341BFA5
:10E8700001237A688B40C2F80C35CBE74FF0A042F9
:10E88000D1E70DF1020229461FF0ACFC14F4403F21
:10E8900080460CD1B86829461FF0D9FCB8F1000FAA
:10E8A000D8D19DF80210B86805F086FED2E74FF087
:10E8B000000901ABCDE90199CDE90439CDF80C90FF
:10E8C000B86803AA29461FF062FB4845C2DB14F46E
:10E8D000003314D0C4F300449DF803308DF80E309B
:10E8E00084F001048DF80C608DF80D40B8684B463B
:10E8F00003AA29461FF0FEFB0028CFDAAAE7CDE9DC
:10E9000004330DF103030393B86803AA29461FF0EB
:10E910003EFBF1E703F5E07350F82330FFDE00BF64
:10E9200000030050420970B5034602D0012A17D0F7
:10E9300070BD0D4E326951680029F9D003F01F03F4
:10E9400001250C689D400029F2D08A682A4002D037
:10E950004B68304698472CB1236821461C46F2E7A5
:10E96000024EE7E72346F8E7FC9C0400E09C040025
:10E9700038B54568A86890B11FF063FC014670B9CE
:10E98000A8681FF042FC044658B902460649A86828
:10E990001FF025FC22460521062015F07FFB0020F4
:10E9A00038BD6FF00400FBE725E90100F0B54468CD
:10E9B0001646A068227C01F01F0587B045EA421583
:10E9C00000286DD0B6F5001F04D129461FF092FC37
:10E9D000002056E06268607CC2F8240501AA00208D
:10E9E000B6F5800F0190506037D1B3F1007F14BFAE
:10E9F000052304238DF804300023CDE90423039379
:10EA0000E36823FA01F111F001010DF103073AD196
:10EA1000B6F1A07F37D105F01F036A0903F5E07353
:10EA200026D0012A3FD1214A52F82330DB072AD4CD
:10EA3000A0683A4629461FF0D5FB16301BD0029736
:10EA4000A06803AA29461FF0A2FA002819DBA068D3
:10EA5000012229461FF0FDFBBAE7B3F1C06F05D0D4
:10EA6000B3F1007F14BF01230223C3E70323C1E7EF
:10EA70004FF0A042D8E7A068394605F0A3FD002872
:10EA8000DDDA07B0F0BDA0683A4629461FF0AAFBC0
:10EA90000028D5D19DF80310A06805F08DFDCFE7C3
:10EAA0006FF08500EDE751F82330FFDE00030050E2
:10EAB000014BB3F898067047C8240020024B002091
:10EAC00083F89C16704700BFC824002038B50B4D52
:10EAD000D5F8904664B94FF47A704843C5F890264B
:10EAE0001EF00FFD38B9C5F890066FF00F0038BD65
:10EAF0006FF07700FBE72046F9E700BFC82400204D
:10EB000021B1012906D06FF0010070470123136085
:10EB100000207047004BFAE708AE0400F0B5144639
:10EB200087B00C290ED8DFE801F007182F33370D16
:10EB30000D0D0D0D0D3CA100137843B1507820B19F
:10EB4000012802D06FF0150005E01EF0F7FC2078D8
:10EB50001EF004FD002007B0F0BD53791179106854
:10EB600033B11EF0FDFC0028F4D16FF00B00F2E78A
:10EB700030B11EF0FEFC0028ECD16FF00100EAE796
:10EB800008461EF0F9FCE5E710781EF0D5FCE1E739
:10EB900010781EF0CDFCDDE73B4B1268C3F89426DD
:10EBA000D8E7937A43B1012100201EF0D5FC012162
:10EBB00008461EF0D1FCCDE717894FF6FF739F4240
:10EBC00036D05368A3B3ADF8087003F1080204A966
:10EBD00012F8010D01F8010B9A42F9D1256815B11F
:10EBE0002E7873060ED14FF6FE739F4204D0012299
:10EBF000002102A81EF0AEFC0122114604A81EF05E
:10EC0000A9FCA7E76B78C6F3C012C3F3060342EA78
:10EC100043021E4B03A918889B78ADF80C0012F034
:10EC2000FF028B7007D10322A81C2AF016FF20B127
:10EC30006FF085008FE71A2AFAD14FF6FE739F42D4
:10EC400009D0012206F07F03009202332A460021F8
:10EC500002A81EF075FC22681378012103F07F03DF
:10EC60000091023304A81EF06BFC73E710781EF0CD
:10EC700061FC2378044A82F89D36002B7FF46AAF4A
:10EC80001EF02AFC66E700BFC8240020E8EF04005D
:10EC9000024B186808B1036818687047C824002040
:10ECA00070B5054688B04668046904F56E701FF0BB
:10ECB00065FF0122002104F5BB6020F008F8012265
:10ECC000002104F2BC5020F002F801F05BFC1EF0C1
:10ECD00056FC82B2D301110101F4016103F4807387
:10ECE00012020B4302F48062134343F49553164A15
:10ECF00043F00F03A2F89836012384F89D36336859
:10ED00002846984704F54C7600220023CDE90623D7
:10ED100000256FF00D03CDE90335CDE901550B4B0F
:10ED200000944FF4487204F11001304608F010FBD3
:10ED30000749304620F02FF9064A0748032114F00E
:10ED400066FF284608B070BDC824002099EF010076
:10ED5000ECEF0400F4EF040038A104002DE9FF47B4
:10ED60001F461B7C04697D2B0E468046F9681546BC
:10ED70000AD96A4A6A48012114F052FF6FF07905F6
:10ED8000284604B0BDE8F0879A1C84F8F02504F208
:10ED9000F1501A462AF022FE04F5BB69484607F0F6
:10EDA0000DFF012E2AD80023ADF80D308DF80F305D
:10EDB00006F0010695F84F308DF80A60594EC3F3FE
:10EDC0004002C3F380038DF8093002A996F89C36FF
:10EDD0008DF808204FF0010A04F5BE608DF80BA0F5
:10EDE0008DF80C3001F0FAFB014680B14E4A4C48D8
:10EDF000514614F00CFF6FF00405C1E74B4A484838
:10EE00003346012114F00CFF6FF08505B8E7D6F802
:10EE1000943613B13A46404698474FF0FF324FF0D0
:10EE2000FF33484607F0A4FE94F89A2695F84F3031
:10EE300062F3410385F84F3094F89B26DBB262F30E
:10EE4000820385F84F3094F87036052BD3D801A291
:10EE500052F823F073EE010017EF010011EF0100EB
:10EE60006DEE0100F7ED010011EF01006FF0680594
:10EE700086E7D4F87C56002D82D02D7820680022B9
:10EE80000023CDE9002300231A462946FBF70EFB99
:10EE9000064670B9264A2248012114F0B8FE6FF0E8
:10EEA0000B05D4F87C061EF033FB0023C4F87C3637
:10EEB00066E7D4F87C162A4601311AF0CAFD00280C
:10EEC0000ADA1C4A1648012114F0A1FE6FF00B0566
:10EED00030461AF064FBE4E794F8883686F84D3043
:10EEE00094F98936AE339BB2FE2B28BFFE23304601
:10EEF00086F84E301AF016FC2068314606F08EFD7A
:10EF000020B10D4A0648032114F081FE0025DFE7F9
:10EF10006FF0220534E76FF00F0531E712F00400BF
:10EF200038A10400C824002041F0040028F00400A7
:10EF300053F004006DF004008AF0040008B5044AA0
:10EF40000448012114F063FE6FF0040008BD00BF07
:10EF5000AEF0040038A1040008B5074B93F99C06F5
:10EF60001EF0ADFA1EF0C0FA20B9FFF7E7FF6FF010
:10EF7000040008BD0020FCE7C824002008B5044AAE
:10EF80000448012114F043FE6FF0040008BD00BFE7
:10EF9000CCF0040038A104002DE9F04782B0064609
:10EFA00002AF4FF0FF384FF0FF394FF0FF334FF013
:10EFB000FF3206F56E7007F06BFD436893F800A012
:10EFC000BAF1800F04462AD9334ACDF800A033485D
:10EFD0008023012114F02EFE6D4688B002AA304B2A
:10EFE0005361304B93614FF4007393832E4B42F87F
:10EFF000103F636819780131090541F4E25127484F
:10F00000E4F77AFCAD4600250023606863601EF0DB
:10F010007FFA002DC9D028461AF0C1FAC5E70023AF
:10F020001A4651463068CDE90089FBF73FFA61681E
:10F030005246013105461AF00CFD82460028E3D104
:10F04000237C85F84D3094F91130AE339BB2FE2B02
:10F0500028BFFE2385F84E30A27C95F84F3062F32E
:10F06000000385F84F30E27CDBB262F3C30385F81E
:10F070004F303068294617F02DFF002805DA0B4A7B
:10F080000648012114F0C3FDBEE76068C4F804A07F
:10F090001EF03EFA89E700BFE7F0040038A1040043
:10F0A000E9D904001BF104000300000129F1040068
:10F0B00070B4114D00232C46D5F8DC6336B1013312
:10F0C000142B05F11805F7D170BC704718256B4358
:10F0D000E51803F5767385F8E823B4F8B825C5F884
:10F0E000DC0385F8E913A5F8EA23A4F8B865E1186C
:10F0F000024870BC1FF082BDC82400208028002078
:10F1000007B50246FFF7C4FD531E072B18D8DFE8EA
:10F1100003F0190415171717171901238DF8073075
:10F12000094B0022A3F8B825D3F894361BB10DF192
:10F1300007020121984703B05DF804FB0223EDE7C5
:10F140000523EBE70023E9E7C82400204378054ABC
:10F15000C3F3001382F8B8354378C3F3C00382F8D1
:10F16000B9357047C82400200B4B002283F8702665
:10F170000A7883F89A264A7883F89B268A68C3F827
:10F180007C2632B191F90D2083F889268A7B83F899
:10F190008826024807F0B0BCC8240020A02A00201E
:10F1A000064880F87016137880F89A36537880F8FD
:10F1B0009B3600F5BB6007F09FBC00BFC824002051
:10F1C000034B83F8D40503F2BC5007F095BC00BF95
:10F1D000C82400200348002380F8D43500F2BC5036
:10F1E00007F08ABCC824002010B5084BD3F890461D
:10F1F000024654B10021C3F89016FFF749FD23469B
:10F2000092F90010BDE81040184710BDC824002036
:10F2100010B5074BD3F890264AB10021C3F89016D9
:10F22000FFF736FD47F6FF71BDE81040104710BDEF
:10F23000C8240020036803F01F025B09026004D0A9
:10F24000012B034818BF002070474FF0A0407047C3
:10F25000000300502DE9F04F00EB8108464985B0CE
:10F260001646824640F2FF19D04503D1002005B072
:10F27000BDE8F08FDAF80030C3F3C72B1BF0080BA2
:10F28000C3F3C320C3F308046FD13C4A1B0E155CC3
:10F290004C4508BF4FF0FF340C2B69D8DFE803F072
:10F2A00007171D59205559686868685C6200C6F8E0
:10F2B0000C45621C46D003A80394FFF7BBFF039BD9
:10F2C000012707FA03F3C0F80835384618E0C6F8F6
:10F2D0001445631C36D00027F7E7C6F80845E8E771
:10F2E000C6F808450027601C2CD003A80394FFF73C
:10F2F000A1FF039B8446012000FA03F3CCF80C35F0
:10F30000DAF80030019303F4004CBCF1000F08BFA1
:10F31000834603A818BF01270394FFF78BFF039CC4
:10F32000019B00EB8400C3F3412CD0F800472B0273
:10F3300043EA8C0343EA0B030C40234343EA4703AD
:10F34000C0F800370AF1040A8EE7C6F80C45012719
:10F35000C9E7C6F81045BCE7C6F80845002DB8D186
:10F360000625B6E7C6F80C45F8E76FF015007EE70E
:10F370006FF085007BE700BFF0F8FCFFBAF80400EF
:10F38000014B01221A60704700C000400C2903693C
:10F390000BD1DB6A064907484B4393FBF0F100FBB6
:10F3A000113311605360002070476FF08500704783
:10F3B00090D0030040420F00044B00690022C3F8C4
:10F3C0000021D3F8003107F097BB00BF00C0004018
:10F3D0007FB505692B6B63B34E2901D00C292BD166
:10F3E00005F118064FF0FF324FF0FF33304607F0BB
:10F3F0008DFA134B0193286B032300246946039471
:10F40000029313F0FDFE4FF0FF324FF0FF3328461A
:10F4100007F0AEFB286B13F03EFF0A4BD3F808252C
:10F42000EA6201225A60304607F0E2FA204604B050
:10F4300070BD6FF00A00FAE76FF08500F7E700BFD4
:10F4400081F3010000C0004010B504690020FEF700
:10F45000EFFB20634FF0FF32002120461FF037FC06
:10F4600004F118001FF00DFB002201210C2014F004
:10F4700015FE0C20E5F7E8FA024B0122C3F804233D
:10F48000002010BD00C000402DE9F3412B29466843
:10F490000369154665D1B27A1B8C12F0200172798E
:10F4A00018BF1BB2002A3DD0F27996F81080042ACA
:10F4B00009BF3268F2899268128919B108F1FF38E0
:10F4C0005FFA88F883FB02324FF47A74A3FB0431AD
:10F4D00004FB0212B0796946CDE90032FDF738FF2E
:10F4E000074608BB0199009CD6F814C0C8F1200259
:10F4F000B8F1200301FA02F224FA08F444EA020403
:10F500005CBF41FA03F31C434FEAE47E2046714698
:10F51000BCF1000F12D1144A0023E0F7F1FDC5E958
:10F52000000207E06FF08507104A11483B460121B1
:10F5300014F076FB384602B0BDE8F081ACFB040164
:10F54000B2690C4C00230CFB0E11E0F7D9FD064B01
:10F55000C61844EB0102B3429341DCD26FF021079D
:10F56000E8E76FF08507E5E740420F0078F1040017
:10F5700030A2040020A1070073B52B294668056955
:10F5800001D04E2921D16846D5E906231FF09FFE00
:10F59000DDE900011FF001FE30461DF00DFD0446BF
:10F5A00040B10B4A03460B48012114F039FB2046B9
:10F5B00002B070BD3068836829465B68984704468E
:10F5C0000028F4D0044A0346EDE76FF08504EEE727
:10F5D00086F1040030A204009BF104002DE9F04103
:10F5E00082B000AF44680669804600223846002396
:10F5F0001FF048FED7E90023C6E9062320681FF064
:10F6000044F9E8B9236813B31B686C4688B06A46AE
:10F610005549CDE905134FF40073ADF81C30534B39
:10F6200042F8103F524800234FF4E251E4F764F9E6
:10F630006FF01205A54628460837BD46BDE8F081A3
:10F64000E06930B11FF021F918B9E369DBE7494BF4
:10F65000DBE720461DF0B0FC054630B1464A0346C4
:10F660000121434814F0DCFAE5E763794BB9434ADA
:10F670003F486FF08503012114F0D2FA6FF0850541
:10F68000D9E72279012393407360237C3374637C30
:10F69000737406F12003B3600223F36094F82830FA
:10F6A00083F00103B374D8F80430D86900282FD14F
:10F6B000D8F80440E0690028BDD0D8F8106094F86C
:10F6C000203002690121126899408368114214BFF9
:10F6D0001B69DB68984720B1294A2548012114F0AD
:10F6E00096FA2849606A284A4FF4004C0C460021DB
:10F6F000E0FB0C4100232046E0F752FD02460B469A
:10F7000038461FF0BFFDD7E90023C6E9062392E77C
:10F7100093F820105B8CD0F810C0D0F808E0DCF82B
:10F720000040DA0754BF43F4B01383F4D01301262A
:10F7300023F480128E40DB074CBF3443B443CCF833
:10F740000040DEF80030984704460028B0D00F4A49
:10F750000748012114F05BFA002CA9DA14F1860F96
:10F76000A6D0254667E700BFA8F10400030000010A
:10F7700030A20400DCC40400BCF10400C6F10400A3
:10F78000FBF104003F420F0040420F00D8F104009B
:10F790002DE9F041044647680D461FF0F6FB88B19D
:10F7A0004FF02008EFF31186314688F31288BFF33B
:10F7B0006F8F60681DF0B6FC50BB86F31188BFF3F5
:10F7C0006F8FEFE71F4B1B78002BE9D04FF020081D
:10F7D000642660681DF0A6FC70B901201EF029FAAD
:10F7E000013EF6D1002121201FF0D7FCF0E786F37F
:10F7F0001188BFF36F8FF5E7EFF31186314688F379
:10F800001288BFF36F8F60681DF08CFC0028EED06B
:10F81000BB691D706368BA691B680020C3F8442582
:10F820000122C3F84825C3F82001D3F82041C3F8CA
:10F830005801D3F858019A6081F31188BFF36F8F94
:10F84000BDE8F0813DBB00202DE9F04100220546D6
:10F850000121022014F022FC0220E5F7F5F86C6883
:10F860000121E0681DF0B2FC6B681A682369C2F8D8
:10F870002435617D237D0B43A17D0B43C2F86C359C
:10F880006F68D7E9004313F0010318D0D5F8108052
:10F8900004F10C0108F10C0204F590701EF006FA58
:10F8A000061E07DA224A2348012114F0B0F9304637
:10F8B000BDE8F08198F80C0004F0B2FC01230822A6
:10F8C000C4F80025BA69C4F8442501210022C4F80F
:10F8D0004825A1606BB9D4F82031002BFBD0C4F8C7
:10F8E0002021D4F820310123E3604FF48073C4F861
:10F8F0000433D4F85831002BFBD00021C4F8001594
:10F900006D682C68E8681DF061FC0823C4F80035B8
:10F910002A7A52B9EB69C4F834350123C4F8383572
:10F92000C4F81021D4F8102123600026BFE700BFDF
:10F930002AF20400C8A104002DE9F04383B0456811
:10F940000669D5F8188000AF3A1D002140461DF029
:10F9500020FB041E19DB7B68D8F800201979186891
:10F96000FFF778FC041E10DB296A481C1AD0E869EE
:10F970001DF018FD10F1130F04460BD1344A354821
:10F9800001211DF07BFC6FF0120420460C37BD46B0
:10F99000BDE8F083411D05D12F4A2E4801211DF0FD
:10F9A0006DFCF2E76B699847756B4FF001080835FD
:10F9B000D6E90D3203EBC203A5F10802934205D844
:10F9C00006F12C001DF087FC0024DEE755F8080C3A
:10F9D0001EF05BFF034615F8041C55F8080CABB984
:10F9E0006C468AB000686A461C4D07914FF400715E
:10F9F000ADF820101A49CDE9055042F8101F1548FE
:10FA00004FF41151E3F778FFA546BCE735F8023C07
:10FA1000D0F810C0D0F80890DCF80040DA0754BFE6
:10FA200043F4B01383F4D01323F4801208FA01FED8
:10FA3000DB074CBF44EA0E0424EA0E04CCF8004075
:10FA4000D9F800309847041E05F10805B0DA9CE7A4
:10FA500067F20400B0A1040092F20400AFF20400C7
:10FA60000400000138B503780C4673B9D1F89850FA
:10FA700065B9D1F894301C696FF07303E36604F143
:10FA8000540007F039F884F89C5038BDD1F888301C
:10FA900033B19D4216D9284A284801211DF0EEFBBA
:10FAA000D4F8903043B1D4F898209A4226D9224A0B
:10FAB000224801211DF0E2FBD4F89400BDE8384053
:10FAC0001DF034BC5B1BC1F888307BB90B6F083369
:10FAD0000B674B6F013B4B6701F1880204F170002B
:10FAE00074311DF0D2FBC4F88400D9E7D1F884301A
:10FAF000002BD5D02B44C1F88430D1E79B1AC4F831
:10FB0000903083B9A36F0833A367E36F013BE367CA
:10FB100004F1900204F17C0104F178001DF0B5FBC2
:10FB2000C4F88C00C8E7D4F88C30002BC4D0134440
:10FB3000C4F88C30C0E700BFD3F20400B0A10400C9
:10FB40002DE9F04F89B000AF04697B6043683B60EA
:10FB50008B88814698048A46934631D44FF0FF3211
:10FB60004FF0FF3304F13C0007F002F8C4F830A076
:10FB7000D9F81080D9F8042098F89D3023B1D8F82E
:10FB80002C309A4500F0D480BAF8046016F4006373
:10FB90001DD0B54AB54801211DF070FB6FF08505F9
:10FBA000E36A13B19B889B0405D40023236304F10B
:10FBB0003C0006F0A1FF28462437BD46BDE8F08F83
:10FBC000636C002BCAD1236B9942C7D1D0E7F107F0
:10FBD00017D56D4688B0D9F800106A46A448CDE91B
:10FBE00005014FF40071ADF81C10A24942F8101F36
:10FBF0009E484FF4E251E3F77FFEAD466FF01505E6
:10FC0000CEE7350705D59C4A984801211DF036FB03
:10FC1000F4E706F4FC63B3F5807F01D0974AF3E77D
:10FC2000DAF80050964B9D4201D8964AECE794468C
:10FC3000BCE80F0007F10C0EAEE80F00DCF8003056
:10FC4000CEF80030904B9D424DD9904B9D424DD9FE
:10FC50008F4B9D424DD98F4B9D424DD98E4B9D422E
:10FC60004DD98E4B9D422CBF4FF000454FF0804543
:10FC700016F002017D6106F0040343D0002B0CBF97
:10FC800002230323C6F300163B767E76D8F80030B5
:10FC9000D3F80835581C0CD003F01F0001225B0973
:10FCA000A9BB8BB3934240F036817D4B8240C3F8B1
:10FCB0000C2598F89D302BB140461EF0F1FB002337
:10FCC00088F89D304346774A07F10C0140461EF004
:10FCD000C7FB034638B3744A6448012113F0A0FF00
:10FCE0006FF004055CE74FF00075C1E74FF08065E9
:10FCF000BEE74FF00065BBE74FF08055B8E74FF027
:10FD00000055B5E79B08BDE74FF0A043CEE73BB1F8
:10FD1000012B40F00381624B8240C3F80825C8E7FD
:10FD20004FF0A043F8E7012388F89D30C8F82CA0D5
:10FD3000012384F89C303B68196A4A1C09D0D869B1
:10FD40001DF058FB743004D1584A484802211DF078
:10FD500095FABBF1000F7DD1C4F870B00023636742
:10FD600004F1880204F1740104F170001DF08DFAB1
:10FD70007B68C4F88400002B40F09C80A3670023BC
:10FD8000E36704F1900204F17C0104F178001DF0B6
:10FD90007CFA0023C4F88C00606FE3661A46824246
:10FDA00040F091800022E56F1146A94240F0928018
:10FDB000E06A93422CBFC4F88030C4F8802048B178
:10FDC000037D3BB1012108301DF072FAE36A186926
:10FDD0001EF03FFD48461DF0A9FAD4F880504FF4BC
:10FDE000FA535D43E36A4FF400461B68B5FBF3F535
:10FDF00040F2E730C83500214FF47A720023E5FB6A
:10FE00000601E0F7CDF904F1540802460B464046DE
:10FE100006F0AEFE002864D0254A144801211DF0EA
:10FE20002DFA0025C4F8985020461EF039FB84F8BE
:10FE30009D50D9F810606FF07309C6F86C9006F108
:10FE4000540006F059FE86F89C50404606F0B6FE77
:10FE50004D464AE0DBF800302367002B3FF47EAFCD
:10FE6000DBF804307BE700BFF1F20400B0A104002E
:10FE70000BF30400030000012DF304004CF3040015
:10FE800047E801007BF304008FD003001FA10700A7
:10FE90003F420F007F841E00FF083D0000127A00E1
:10FEA0000003005065FA0100ACF30400D1F3040034
:10FEB000FBF304007B681B68A367002B3FF45FAF74
:10FEC0007B685B685CE7216F01EBC2010132496826
:10FED0000B4464E7A06F00EBC100013140680244AD
:10FEE00063E7E56E15F1740F9BD0E36A002B3FF4D6
:10FEF00057AE1A7D002A3FF453AE998811F480560C
:10FF00007FF44EAE18691EF0A4FCE06A314608305A
:10FF10001DF0CEF944E6C1F80C15FFDE0023C3F84E
:10FF20000835FAE700F01F0240090DD001280ED174
:10FF30000A4B03EB82030A4AD3F80007024042EA65
:10FF40008102C3F8002770474FF0A043F1E702F5A4
:10FF5000E072002353F82230FFDE00BF00030050A0
:10FF6000F0F8FCFF70B5012383400F4ABFF35B8FAD
:10FF7000DC4352E8001F01EA040542E80056002E67
:10FF8000F7D1BFF35B8F4FF4803282400748C0F84F
:10FF90000823BFF35F8FBFF36F8F03EA01000038C0
:10FFA00018BF012070BD00BF54A100200010014007
:10FFB00011B3BFF35B8F0123104A834052E800CF97
:10FFC0004CEA030C42E800C10029F7D1BFF35B8F74
:10FFD0000B4A4FF480338340C2F80433094BBFF31C
:10FFE0005B8F1B68BFF35B8FC340DB0742BF064BD1
:10FFF0004FF40032C3F80021704700BF54A1002025
:020000022000DC
:10000000001001404CA1002000E100E00D4B1868F9
:10001000010A0006BFF35F8F0B4BD3F804351818A5
:1000200041F10001B3F5801F0AD2084BD3E9002348
:10003000904271EB030303D210F1807041F1000193
:10004000704700BF5CA1002000100140D82B0020A9
:100050002DE9F04F85B016461F469DF840A0044696
:10006000FFF780FF0190FFF7D1FFB04271EB07036C
:100070005ED23E4B301A67EB0101984271F10001EC
:1000800009D36FF0150520460199FFF791FF284627
:1000900005B0BDE8F08F364B03EB0413D3E9022320
:1000A0009F4208BF964254D032494FF4803804F141
:1000B000500508FA04F8AD00C1F848832046ADB2F7
:1000C0001DF0C0F926F07F4B05F1804504F5A873BB
:1000D00005F58835DC464FF003090293029A2CF0AF
:1000E0007F4341F82230C1F84483D1F80435224AD5
:1000F0006FF00200C01A604420F07F40904228D97F
:10010000286868B1D1F804350393A3EB0B0020F005
:100110007F40B0F5000F1CD920461DF093F9039BDA
:10012000BAF1000FADD109EB030C09F10109D5E7D4
:10013000BAF1000FA5D10123104ABFF35B8FA34092
:1001400052E8000F184342E800010029F8D1BFF33C
:100150005B8F07490E98230101EB0412C8500F9BD7
:100160005360C2E9026700258DE700BF01008000EF
:10017000902B002000100140FDFF7F004CA10020CB
:100180007FB5264C264BC4F80833C4F84833254BBA
:1001900000254FF0FF304FF0FF314FF48032C4F8AC
:1001A00008554FF48026C3E90201C4F804234FF434
:1001B0000032C3E90601C4F80423C3E90A01C4F804
:1001C0000463C3E90E014FF40023C4F80433164B53
:1001D00002260121C4F804631120C3F880212A46B5
:1001E00013F05CFF1120E4F72FFC0123A3602360D0
:1001F0000E4B0F221A600E4B0E221A600D4B0E4A48
:100200000093CDE9015500232846FFF721FF304632
:10021000FDF746FD284604B070BD00BF0010014048
:1002200003000F00902B002000E100E054A100200B
:1002300050A100203D030200FFFF7F002DE9F04F99
:10024000394ED6F804339A0787B00BD5D6F8043167
:1002500043B1364A0023C6F80431D6F80431136896
:1002600001331360324D0024AA464FF480394FF019
:10027000010BD6F8042309FA04F7174249D0BFF35B
:100280005B8F0BFA04F12B4BC94353E8002F02EAB2
:10029000010043E8000CBCF1000FF6D1BFF35B8F07
:1002A000E240D30703D4244A52F824208AB32046DC
:1002B0001DF0C8F8FFF7AAFEEFF311884FF0200CED
:1002C0008CF31288BFF36F8F0AEB041CDCE9022366
:1002D000904299414FF0000023D3CDE90423D5E9A2
:1002E00000134FF0FF3203934FF0FF332860CCE947
:1002F00002232046C6F848731DF0A4F8DDE9042364
:1003000088F31188BFF36F8F19B1039800902046CE
:1003100088470134042C05F11005AAD107B0BDE8C7
:10032000F08F0146ECE700BF001001405CA1002007
:10033000902B00204CA1002040110140D0B522F0AC
:100340007F44FFF763FE134AD2E90031C01AC31895
:1003500041F10001C2E900310F4B00221A60A4F5FF
:100360000013B3F5400F09D20C4B1B681A0A1B0689
:100370001E190B4B42F10007C3E90067EFF311812F
:10038000202383F31288BFF36F8FBDE8D04007F0BE
:10039000F3BC00BFD02B002058A100205CA100209E
:1003A000D82B002030B5104B1B680021181841EBEA
:1003B00001040E4BB0F5000F74F10005D3E90023E2
:1003C00085B00BD2821844EB0303CDE90111084933
:1003D00000910020FFF73CFE05B030BD0548121823
:1003E00043F10003F1E700BF58A10020D02B00200B
:1003F0003D030200FFFF7F0008B5FFF707FE034B38
:100400001B68C01A024B186008BD00BFD02B00202B
:1004100058A1002010B5084C012363601120E4F7B7
:1004200021FB064BC4F80833C4F84833044B4FF49F
:100430000032C3F8802110BD0010014003000F00FE
:1004400000E100E038B5064B064C9D6805492B6875
:100450000348042298472368002BF7D038BD00BF1B
:10046000349D040060A10020024B01221A7003F0A9
:100470005FBD00BFCAAB002008B50020FDF7D8FB68
:10048000054A0023D360054B536003239360BDE806
:100490000840114612F0B4BE64A1002069040200B5
:1004A00010B50020FDF7C4FB0649044612F017FF03
:1004B000783002D1204612F0EEFE034B00221A7073
:1004C00010BD00BF64A10020CAAB002040B20028CC
:1004D00008DB4309044900F01F0001224033824039
:1004E00041F82320704700BF00E100E040B200283F
:1004F00008DB4309044900F01F00012260338240F9
:1005000041F82320704700BF00E100E008B505492D
:1005100005481EF0E4FC00220023034806F092FD8B
:10052000002008BD2D050200E02B002037B50F4C40
:10053000A5684E21EB682046984770B90C212B69BD
:100540006A462046984740B9094B009A93F9001033
:10055000914202D01A701CF0B4FF4FF4F012002345
:10056000044806F0A7FD03B030BD00BF309E040074
:10057000E00C0020E02B0020014B93F900007047B5
:10058000E00C002008B501F0DFFB03F0AFF801F04C
:10059000B5F81CF067FF01F043FA0F4803F086FC42
:1005A0001DF0ADF81DF0ADF801F0F2FA02F036FFE3
:1005B0001DF02BFBFFF746FF1DF0B7F81DF017FBF2
:1005C00003F09AFC01F0A0FB1CF05FFF1DF01AFB8A
:1005D000BDE8084002F0AABFE8AE040010B50E4B1B
:1005E000002914BF0C461C46017886B001316B46C9
:1005F0000622C9B21DF034FA58B163780BB92378DA
:100600003BB9E3792BB92146684602F0C9FE06B032
:1006100010BD0B20FBE700BFC2F8040037B5EFF3B5
:100620001083BFF35F8F72B6054CD4E9124583F394
:100630001088CDE90045FEF73BFD03B030BD00BF9B
:10064000382C0020024B186808B190F880007047E1
:10065000C4A1002008B5FFF7F5FF08B1014B1868E9
:1006600008BD00BFC4A1002008B5082812D8DFE8E3
:1006700000F013151507090705050500022008BD40
:100680000420FCE7064B1B7813F0100F14BF012069
:100690000420F4E71CF0FAFE0020F0E70120EEE76A
:1006A000D1AB002010B5064B1C78064B1878FFF72D
:1006B000DBFFE4B2844234BF0020012010BD00BF44
:1006C000CFAB0020D2AB00202DE9F041094C2368CC
:1006D00005460E4617460BB91CF0D8FE23681A686B
:1006E0003146D2F8088028463A46C04700232360A6
:1006F000BDE8F08178A1002010B5044601F030FA81
:10070000044B2046196801221CF0FEFFBDE8104092
:1007100001F0BCB974A1002010B5044601F020FA24
:10072000054B1A78054B204693F900101CF0EAFFA0
:10073000BDE8104001F0AAB9D5AB0020D4AB002031
:10074000014A10701CF03ABFD2AB002070B5074EC2
:1007500004460D46014670681CF0BBFF70682A46CF
:100760002146BDE87040FFF7AFBF00BF78A1002071
:100770000348044B0068002211461DF071B900BF08
:10078000C4A10020A4A1002008B5064B1B7833B1FA
:100790001DF02AFA3B2894BF0020012008BD01204B
:1007A000FCE700BFD0AB002010B5114C1CF09DFF42
:1007B0001DF0DCF92378012B17D903F0DFFB0D4B7B
:1007C000D3E90423904299410FD2012323701DF0F5
:1007D000CEF901F08DFA012803D1074B18781CF0EF
:1007E000EDFEBDE8104001F027B900232370F0E7CB
:1007F000CCAB0020102C0020D2AB002008B5084B59
:100800001B785BB10021AE2003F080FB30B1FFF715
:1008100049FF18B1BDE8084002F08AB808BD00BF22
:10082000D0AB002070B586B004460E4615460021B8
:100830001822684629F0F9F802948DF80D608DF8B9
:100840000E5074B123788DF80C30EFF31081BFF3A4
:100850005F8F72B6104BD3E9102381F31088CDE976
:1008600004230E4C6946606802F022FC01F078F91E
:10087000201D1CF02CFF23680BB91CF007FE22681A
:10088000606813686946DB6898470023236001F0BD
:10089000FDF806B070BD00BF382C002078A1002004
:1008A00010B501F03FFA0F4B1860FFF7D3FE044676
:1008B00001F004FD4CB9BFF35F8F0B490122D1E871
:1008C0004F3FDBB213B1BFF32F8F10BDC1E8432FF1
:1008D000002BF4D1BFF35F8F0B20BDE81040FFF772
:1008E0000BBF00BFC4A10020D3AB0020F7B5284E3A
:1008F00096F8215007461DB196F823500135EDB208
:10090000244B1B78002B32D07068327A03785C015C
:100910008ABBA3B203F1EE000DB1A83080B2002172
:1009200003F0F4FA18B3FFF7BDFE0446F8B196F8E9
:1009300020001CF069FF184B70681A78291E18BF38
:10094000012161F3C3021A7002F0A6FB134B1B785E
:1009500000932A46124B394601F0EAFD012F07D1D8
:100960001CF056FF1DF049F910B901F023FF0024D7
:10097000204603B0F0BD437803F00703052BC8D031
:100980001CF03AFEA3B20028C4D003F24E40C3E7E5
:1009900078A10020D0AB0020D1AB0020CDAB00204F
:1009A00096A1002073B51D4B1B7805460C469BB3E2
:1009B000FFF778FE80B31A4A137823F00703137009
:1009C000FFF740FE0646FFF745FE01F077FC0023E7
:1009D00001A8ADF804301CF04AFF01F033F91CF017
:1009E00013FF104A01AB12782946032001F09CFC4A
:1009F000012D09D11CF00CFF1DF0FFF820B90CB936
:100A00001CF044FD012323700EB9FFF749FFFFF7E7
:100A1000AFFE054B00221A6002B070BDD0AB0020C3
:100A2000D1AB0020CEAB0020C0A1002010B5114BEF
:100A30001B78EBB1FFF736FED0B10F4C20461DF00E
:100A400097F81DF0D1F8B0F5C07F11D32268C00926
:100A5000831EB3EBD21F4FEAD21094BFA2EBC31296
:100A600000222260BDE8104098BF184601F090BFF8
:100A700010BD00BFD0AB0020BCA100207FB51CF092
:100A8000C4FD18220021684628F0CFFF074B6946B5
:100A9000586802F00DFB01F063F869460220FFF789
:100AA00055FE00F0F3FF07B05DF804FB78A10020CD
:100AB00010B586B008284ED8DFE800F03232050FB6
:100AC00024243441470059B3254B196801220620DC
:100AD00006B0BDE810401CF017BE224C236800226F
:100AE00083F88020204B062118681CF0F4FD1F4B72
:100AF00020681A781E4B93F9001006B0BDE810402C
:100B00001CF000BE18220021684628F08EFF194B09
:100B10006946586802F0CCFA69460620FFF716FECF
:100B200006B010BD18220021684628F07EFF114B48
:100B30006946586802F0BCFA69460520EEE70120D4
:100B400006B0BDE810401CF0EABD012006B0BDE8CB
:100B500010401CF0E8BD06B0BDE810401CF096BC8B
:100B600074A10020C4A10020C0A10020D5AB0020AA
:100B7000D4AB002078A100202DE9F041264B90460F
:100B80001A6807460C464AB9214638461CF09BFDB8
:100B9000054648B900252846BDE8F08113681B6862
:100BA00098470028F6D0EFE71C4C2378022B0DD194
:100BB00001F06AFB06462278022AD3B208D00AD98D
:100BC000033B052B24D91CF061FCE3E70026F2E788
:100BD0000FB9002EDED101F0EDFD2378022B0AD1F2
:100BE0000F4B104800221A7003F006FA1CF0BDFFEC
:100BF00020781CF0E3FC2378072B01D11CF0B9FF0F
:100C0000B8F1000FC7D020783146FFF751FFC2E797
:100C1000002FBFD0DFE700BF78A10020D2AB0020BB
:100C2000CCAB0020102C002010B5FFF7A5FF044628
:100C300058B1074B1B782BB10120FFF781FD01F064
:100C400051FE10B90020FFF77BFD204610BD00BF0C
:100C5000D0AB002073B50D461E46FFF78DFF04464E
:100C600028B31CF08DFF38B101F042F8421ED2B219
:100C7000022A01D91CF00AFC0E4B03221A700E4BFB
:100C800002201E60FFF75CFD6B1F58425841002692
:100C90000DF107018DF80760FFF784FE9DF807301E
:100CA0002BB101F087FD31463046FFF77BFE204631
:100CB00002B070BDCEAB002074A100202DE9F04140
:100CC000734A137886B00446107003F0FF0783BBA5
:100CD000002800F0A28001F0B5F96E4B01221A70D5
:100CE0001CF091FF6C4E3578EDB22846FFF7BCFC46
:100CF00080462846FFF7B8FC4745C0F09180844203
:100D000071D2357802210120EDB21CF0DCFC08B96B
:100D10001CF0BCFB022D40F0938001F0B5FA0746B1
:100D200001F048FD002F00F09E800620FFF7E4FC54
:100D30009AE00028D6D1574B1A78002A53D0564D46
:100D400018702B78022B02D101F09EFA044601F0B4
:100D5000EBF91CF059FF1CF046FF022101201CF0AA
:100D6000B2FC08B91CF092FB2B78082B50D8DFE8B6
:100D700003F03A050B1225253D3A3A00002006B053
:100D8000BDE8F041FFF7DCBC6CB3052006B0BDE860
:100D9000F041FFF7B1BC414C0220FFF7D1FC2368C2
:100DA000002283F880203E4B042118681CF093FC3D
:100DB000206806B0BDE8F041FFF7AEBC0220FFF7A7
:100DC000BFFC18220021684628F02FFE354B6946EB
:100DD000586802F06DF900F0C3FE69460420FFF781
:100DE000B5FC00F053FE06B0BDE8F0810220FFF72D
:100DF000A7FC18220021684628F017FE294B6946F7
:100E0000586802F055F900F0ABFE69460520E6E7A8
:100E100006B0BDE8F0411CF039BB1CF0E4FE61E710
:100E20008442E0D33378022FDBB207D1042C05D102
:100E3000042B03D11C4B1B78032BD4D030781FE03C
:100E400001F0B8FC082D20D8DFE805F00D0D1F0AD1
:100E5000050A0A0D0D00154A137823F010031370CC
:100E60000220FFF76DFC002728463946FFF720FED9
:100E70003578EDB22846FFF7F7FB8442B3D3284616
:100E800006B0BDE8F0411CF0D1BB1CF0FFFAEAE768
:100E9000CFAB0020D0AB0020D2AB0020C4A10020FB
:100EA000C0A1002078A10020CBAB0020D1AB002056
:100EB00008B5054B1B78062B01D01CF0E7FABDE8FE
:100EC00008401CF00CBC00BFD2AB002008B5094B99
:100ED0001B78062B01D01CF0D9FA074B1B683BB1DD
:100EE000187828B1BDE808400121400103F00EB890
:100EF00008BD00BFD2AB0020C4A1002070B5002007
:100F00001CF02AFE1F4B1B7803F001031843C0B2EC
:100F100008B91CF0BBFA1C4B1B78022B01D01CF04B
:100F2000B5FA1A481CF05CFB1CF021FE00201CF0F6
:100F300013FE044600F0DCFE012820D1022002F05E
:100F4000FFFF03F01BF8124D044628460E4603F03F
:100F500053F8A0344FF0010346F100062B772846E2
:100F60000C4B2B62C5E9044603F01CF808B11CF0D9
:100F70008DFA094A13780133DBB2137001E0002CBB
:100F8000DFD170BDCEAB0020D2AB0020402C0020C2
:100F9000102C0020A9070200CCAB002008B5174B8D
:100FA0001B78022B01D01CF071FA154B1B789B07A4
:100FB00001D41CF06BFA13481CF012FB00F098FEF1
:100FC00001280FD0022813D000201CF0C5FD98B1D5
:100FD0000D4B0E4800221A7003F00EF8BDE80840D1
:100FE0001CF0C0BD084B094800221A7003F004F839
:100FF000022002F0A5FFE7E708BD00BFD2AB00204A
:10100000CEAB0020442C0020CCAB0020102C0020C4
:101010002DE9F843DFF85C81574D98F800302C79C2
:10102000022B814601D01CF031FA042C15D8DFE8E0
:1010300004F0031A0714180001240126274601E0D2
:10104000042400262B685B7803F00703052B0CD1E2
:101050004A4A137843F00103137000242046BDE888
:10106000F8830524EDE70224E7E743482246494692
:101070001CF012FD80B38EB13F4839461CF005FCD0
:10108000064660B9022F09D13C4A1378384643F02E
:101090000103137002F054FF1CF034FD002600F031
:1010A0009DFD20B12B6893F90030002B16DCAEB10A
:1010B00001F080FB00210846FFF774FC98F800005F
:1010C0001CF07CFA2B685B7803F00703022BC4D07A
:1010D0003046FFF711FBC0E70126E0E7022C06D0FF
:1010E000042C33D0012C33D1EC7C013401E02C7D75
:1010F0000234E4B2214E33785A0715D4204B2868C5
:101100001B681A781CF078FA530118BB03F1C00071
:10111000002102F0FBFE0746F8B13378164843F091
:10112000040333701CF0DAFA3378DB0796D52868AD
:101130001CF062FA002891D000F06CFD00288DD0E0
:101140000D481CF0E6FC0F4B186087E76C7DCCE780
:101150000024CFE703F53870DAE701F02BFB3946BE
:101160003846FFF71FFC084B0122196805201CF0C8
:10117000CBFAD9E7D2AB0020A4A10020D1AB00204C
:10118000C4A10020C0A1002074A1002013B5114CFF
:101190002378022B01D01CF079F90F4A137823F041
:1011A00007031370FFF7E4FA20781CF007FA002415
:1011B00001A8ADF804401CF05AFB084A01AB1278B4
:1011C0002146032001F0B0F80220FFF795FA02B0A3
:1011D00010BD00BFD2AB0020D1AB0020CEAB0020B1
:1011E00008B5054B1B78062B01D01CF04FF9BDE864
:1011F0000840FFF743BC00BFD2AB00202DE9F04709
:10120000DFF85881564ED8F80050564F01F076F965
:10121000554B18702B782B4413F8010C1CF0C5FAB1
:101220008000FF28514B28BFFF20187033681978C1
:1012300001310622C9B230461CF02EFC814600283E
:1012400036D03B78D90733D4032130461CF01DFB40
:10125000044680B901464FF4087002F057FE48B3C7
:101260003B7823F0050343F005033B701CF04AFC78
:1012700030461CF033FA3B78DA071DD53C481CF0A9
:10128000AFF91CF071FC3B78DB0727D4394B187899
:101290001CF094F96B7803F00703022B55D100F092
:1012A0009DFC0146002850D1BDE8F047FFF77ABB0E
:1012B0000424E0E70524DEE700F090FC82460028E5
:1012C000DCD12C4B18781CF079F950465146FFF7C9
:1012D00069FB2046BDE8F047FFF70EBAB9F1000FF1
:1012E000D4D030681CF088F90028CFD000F092FCF0
:1012F0000028CBD02048214C01F0B6FE18481CF045
:1013000008FC20600028C1D00320FFF719FA1C4B0D
:101310001B78032B11D9206801F0BEFEC02101F01B
:10132000C5F9C0B9D8F8003083F880001CF06DF919
:101330002846BDE8F047FFF7EFB90421022002F08C
:10134000EFFD10B90F481CF04BF9D8F8003000221F
:1013500083F88020EAE7BDE8F08700BFC4A1002041
:10136000A4A10020D1AB0020D4AB0020D5AB00203D
:101370003C2C0020D2AB0020CAF80400C0A1002001
:10138000CFAB0020502C002030B51B4B1A78052A1B
:1013900087B004D01B78042B01D01CF077F8174CD1
:1013A00063685A7812070DD460681CF095F92368B9
:1013B0000BB91CF06BF8206803685B6807B0BDE8E8
:1013C000304018471D781CF00FFC01352D01854277
:1013D000EAD901F0EFF91CF018F91822002168464B
:1013E00028F023FB6068694601F062FE694604202C
:1013F000FFF7ACF907B030BDD2AB002078A10020D8
:1014000070B5164B1B78032B01D01CF03FF8144D20
:101410002B685A78120707D428681CF062F92868EC
:10142000BDE87040FDF792BE1C781CF0DDFB013476
:1014300024018442F0D90B4C266801F0BBF92368E3
:101440002868002283F8802005211CF044F91CF054
:10145000DCF83046BDE87040FFF75EB9D2AB002043
:10146000C0A10020C4A1002010B5094B1B78032B9C
:1014700001D01CF00BF8074B1C68002384F8803067
:101480001CF0C3F82046BDE81040FFF745B900BF87
:10149000D2AB0020C4A1002010B5134B1A7ACAB1F8
:1014A0005868437803F00703052B13D01CF0A4F809
:1014B00080B10620FFF744F9FFF7C4F80446FFF7B0
:1014C000C9F800F0FBFE00F0D7FF64B9BDE810409A
:1014D000FFF7E6B91CF099F80022BDE8104011466C
:1014E0001046FFF79FB910BD78A10020F8B53E4E19
:1014F0003E4C30680178013123460322C9B21CF00A
:10150000AFFA002846D023685A7802F00702022A70
:1015100040D1374D69688A7802F03002202A2FD1F5
:101520002B7A022B01D81BF0B1FF2379022B01D8B3
:101530001BF0ACFF21688B7803F03003202B29D1FE
:101540006B7BFF2B1CBF6868C018E37908BF0020C5
:10155000FF2B1FD0F0B1AF7D627CBA421AD1194483
:1015600028F07BFAB0B936686A68002786F8807080
:10157000537803F00703032B10D01CF046F81EE04D
:101580001A78052A06D19A78920603D4DA78CB78AD
:101590009A42E8D0BDE8F840FFF770BA2B7DFF2BE8
:1015A000EBD0D35C042BE8D123685B78DB06E4D571
:1015B0000220FFF7C5F839463846FFF7F3F900F087
:1015C0009DFF33783344044613F8010C1CF0EDF80A
:1015D0008200FF2A28BFFF2261B23046D2B2BDE8A6
:1015E000F840FFF71FB900BFC4A10020A4A100204C
:1015F00078A1002008B50C4B1B78042B01D01BF000
:1016000045FF0A4B1B789B0701D41BF03FFF084B9B
:101610001B78032B07D1042002F092FC054A1378B3
:1016200023F01003137008BDD2AB0020CDAB002017
:10163000CBAB0020D1AB00207FB50D481BF0D0FF15
:101640001BF0E3FF18220021684628F0EEF9094B51
:101650006946586801F02CFD00F082FA69460120C5
:10166000FFF774F800F012FA07B05DF804FB00BF52
:10167000382C002078A1002037B51E4C1E4D94F95F
:1016800000308342B8BF034623702B687F2B16D9E6
:101690001CF0AAFAB0F5C07F29D32A68C009831EBE
:1016A000B3EBD21F4FEAD21096BFA2EBC3120022B7
:1016B00018462A6003B0BDE8304001F069B91CF05B
:1016C00059FA20B103B0BDE83040FFF7AFB900F0E0
:1016D000B9FA1CF099F81BF098FF23788DF80430C4
:1016E00000F03EFA01A81CF018F800F0CFF903B0A2
:1016F00030BD00BFD6AB0020BCA10020094A0A487B
:1017000008B500231370094A1370094A1370094A77
:1017100013701CF07BFA1CF075F8BDE808401CF053
:10172000EAB900BFD2AB0020102C0020D0AB0020C3
:10173000CCAB0020D3AB002038B505461BF0D2FF60
:10174000044668B1074B1A7842B11B78012B05D0CB
:10175000012211462846FFF767FA044600F06CF9AB
:10176000204638BDD2AB00202DE9F04106460F4699
:10177000154698461BF0B6FF0446C8B10E4B1A78C2
:10178000022A0DD01B78032B0AD0FEF7FDFF04467A
:1017900030B1069B424639463046FFF75BFA0446B5
:1017A0000DB12046A84700F047F92046BDE8F0817A
:1017B000002DFAD0A847F8E7D2AB00202DE9F0477A
:1017C0000446894616461BF000FF804670B907277D
:1017D000B06A431C02D001211CF00DFAB8F1000FD1
:1017E00001D000F029F93846BDE8F08701224946CA
:1017F0002046FFF7C1F90028E9D006F11C0001F0EE
:1018000033FC30461BF061FF074610B11BF0FDFEB4
:10181000DEE700F073FA224C20701CF0B1F940B101
:1018200000F06CFA032839D033D8431EDBB2012B09
:1018300031D800231B4ADFF870A0137023781B4AAD
:10184000D91E4B424B41117863F30411117096F885
:101850002100C0F10500C0B23546FEF771FF0FCD83
:1018600054460FC40FCD0FC495E8070084E8070065
:10187000A9F1050460426041FFF738F896F822307C
:10188000002BA5D00028A3D1CAF800001BF0BDFE94
:101890009DE70428CDD01BF0F9FDCAE70223C9E774
:1018A000CBAB0020CDAB002078A10020D1AB002035
:1018B00030B587B004461BF088FE054618B3174BB9
:1018C0001B78062B1DD1164B22685B689A4218D1F3
:1018D00000F094F90246C8B904210120FFF7A4F9E9
:1018E00008B91BF0D3FD18220021684628F09DF8A6
:1018F0002068694601F0DCFB20686A460521FEF796
:10190000E3FE00F099F8284607B030BD6FF0010300
:10191000002204210120FFF79DF9E1E7D2AB00206E
:1019200078A1002070B506460D461BF04EFE044619
:10193000A8B1012211463046FFF71EF9044660B1F6
:10194000084B802D38BF80251D60074BA42207203F
:101950001A70FEF7F5FEFFF769F800F06DF8204603
:1019600070BD00BFBCA10020D6AB002010B504465E
:101970001BF02BFE012384F88030BFF35F8F0B4BED
:1019800000221A70BFF35F8F68B1094B1B7843B117
:1019900000F080FC28B1074B1C60FEF75BFE00F0F6
:1019A0008DFC00F049F8012010BD00BFD3AB002032
:1019B000D0AB0020C4A1002038B505461BF005FEC1
:1019C0000446B0B10C4B1B781BB100F03BF91BF087
:1019D0001BFF0A4B1B78022B09D101222946104616
:1019E000FFF7CAF818B100210846FEF7DBFF00F048
:1019F00023F8204638BD00BFD0AB0020D2AB00207A
:101A000010B51BF0E2FD044630B1044B1B780BB15E
:101A10001BF0FCFE00F010F8204610BDD0AB0020FB
:101A2000034B00221A70034BFF221A70704700BF4D
:101A3000D8AB0020D7AB002070B5134EEFF3108564
:101A400072B6337803F0FF0433B91BF01FFDFF2497
:101A5000347085F3108870BD013C14F0FF04F7D199
:101A60001CF0C6F820B185F310881CF0C3F8E5E738
:101A70000121084602F054FA10B101201BF001FDCB
:101A80001CF0C6F8E4E700BFD8AB002010B5074C47
:101A900023781B0601D51BF0F9FC054B1B780BB90D
:101AA0001BF0F4FCFF23237010BD00BFD7AB002058
:101AB000D8AB002010B5104B5C68C4F30804BCB16F
:101AC000E4B2A4F11002D3B252B2511D06DA1BF0F7
:101AD000DDFC0A4B04F00F04185D07E0002AF8DB78
:101AE00003F1604303F5614393F80003400910BD1F
:101AF0004FF0FF30FBE700BF00ED00E014ED00E029
:101B000038B50446FFF7D6FF431C08BF7F20EFF32C
:101B1000108572B6104A3CB913782BB10F4B197867
:101B200043B249B2994206D114780134E4B2012C8F
:101B3000147004D0012485F31088204638BD1CF0B1
:101B400066F82146204602F0EBF90028F2D0204644
:101B50001BF099FCEEE700BFD8AB0020D7AB00200C
:101B600010B5094C2378FF2B01D01BF08FFC074BDD
:101B70001B780BB91BF08AFCFFF79CFF431C08BFC6
:101B80007F2040B2207010BDD7AB0020D8AB002022
:101B900011490B464FF6FF7223F80129FE22DA7035
:101BA000FF221A710022C3F80720C1F80A20B521CC
:101BB00019742D215974022199745A21D974012163
:101BC0001975032159750421DA739975BFF35F8F75
:101BD000DA75BFF35F8F7047DAAB0020024BD87C19
:101BE00000F00100704700BFD9AB0020024BDA7C47
:101BF00060F30002DA747047D9AB0020014B187D06
:101C0000704700BFD9AB0020014B1875704700BF6B
:101C1000D9AB0020024BD87CC0F34000704700BF16
:101C2000D9AB0020024BD87CC0F38000704700BFC6
:101C3000D9AB0020024BDA7C60F38202DA74704781
:101C4000D9AB0020014BD87CC0087047D9AB00202D
:101C5000024BDA7C60F3C702DA747047D9AB00201C
:101C6000014B93F900007047D9AB0020014B18706D
:101C7000704700BFD9AB002000487047DAAB0020A6
:101C8000024B0288A3F80120704700BFD9AB0020A7
:101C900000487047E0AB0020034A0368C2F80730F1
:101CA0004368C2F80B307047D9AB0020004870473A
:101CB000DCAB0020024B0288A3F80320704700BF72
:101CC000D9AB0020BFF35F8F0448C37DBFF35F8FA4
:101CD000002B00F1050008BF00207047D9AB0020A1
:101CE000024BD3F80F300360704700BFD9AB002020
:101CF000014B587D704700BFD9AB0020014B987D48
:101D0000704700BFD9AB0020054A002301210133F1
:101D1000142B82F8801002F18102F8D1704700BFC5
:101D2000F1AB0020074A0023114692F8800018B159
:101D300003EBC313C81870470133142B02F181025F
:101D4000F3D17047F1AB002010B5074C23784BB9A5
:101D5000064A042114201BF086FB14201BF091FB83
:101D60000123237010BD00BF05B60020E1D703009A
:101D700008B51BF013FF064B01221A61D3F80022AD
:101D800022F48072C3F80022BDE8084001F03CB99B
:101D90000080004010B5094CD4F8003223F4807361
:101DA000C4F8003208B11BF0F9FE1BF0F1FE01F09F
:101DB0002BF91BF041FD0123236110BD0080004081
:101DC000074BD3F8502502F0F702042A06D0002270
:101DD000C3F81021D3F8102101221A61704700BF07
:101DE0000010004010B50021094C042001F094F8C7
:101DF0000023C4F80032FFF7BBFF4FF4C023C4F840
:101E0000083301232363BDE81040FFF7D9BF00BFAB
:101E10000010004008B50021042001F07DF8FFF714
:101E2000A7FF074B4FF40042C3F808230022C3F872
:101E3000002201229A62BDE80840FFF7C1BF00BF3F
:101E40000010004008B501F097F830B9034B0122AB
:101E50001A61C3F81001D3F8103108BD001000401A
:101E600008B5084800211BF096FE50B9064AD2F882
:101E7000003243F48073C2F80032BDE8084001F03C
:101E8000B1B808BD20AF04000080004013B50023A6
:101E900001A88DF80330FFF723FF0DF103001BF0BD
:101EA0009EFE9DF803309DF80500184440B21BF0DB
:101EB00092FC9DF804401BF086FC9DF807309DF8CD
:101EC00006201B0643EA02432343034A43EA002356
:101ED000C2F86C3602B010BD00100040A0F10B0338
:101EE0000F2B10B5044601D91BF0D0FA04EB840483
:101EF00004F62E14B4F5166F38BFA4F63814044B4C
:101F000034BF44F48074A4F51664C3F8084510BDCA
:101F10000010004010B5184B184A1B681848B3FB56
:101F2000F2F33222534300229A421ED31BF0AEFA40
:101F30001BF082FC1BF05CFC1BF030FE114A1049C8
:101F4000D2F8003223F48073C2F800320E4A002324
:101F500043F213401370C1F808030C480824C0F87A
:101F60000843C1F80032537010BDD0F85015C9B203
:101F70000029DDD00132D7E7240C002040420F00B9
:101F8000001000400080004008B6002000400140E2
:101F900010B50A4C20781BF049FC00F0DFFF2078D8
:101FA000FFF7F8FE064A074BC2F808330023C2F8D1
:101FB0000032054A1371537010BD00BF07B60020F0
:101FC000001000401300060808B6002010B50021DC
:101FD0000D4C042000F0A0FF47F20203C4F80833C0
:101FE0001BF0DCFD01F010F8084BD3F8002222F4BE
:101FF0008072C3F8002201221A61054A0023C4F846
:102000000032537010BD00BF00100040008000403F
:1020100008B60020064A00231370064A1360064AD9
:102020001370064A1360064A1360C2F80330704703
:102030000FB60020CCA1002007B60020C8A10020C8
:1020400008B6002070B5324D2B780BB11BF01EFA8C
:10205000304B314C01211961D3F8042522F00302E1
:10206000C3F80425D3F8082542F00302C3F8082575
:102070000422C3F810250023C4F8FC3FC4F8FC1F59
:102080001BF098FDA0B14FF08053D3F83003D3F884
:102090003413D3F83823204B461C18BFC4F84C0720
:1020A000481C18BFC3F88415511C18BFC3F88825F5
:1020B000194C0F23C4F81035184BC4F814357F237E
:1020C000C4F81835012640F20223C4F85066C4F85B
:1020D0003435134BC4F838351BF09EFBFFF7D6FEA2
:1020E000FFF7B0FDFFF7FAFE1BF057FA30461BF082
:1020F000C8F9D4F800320BB11BF0C8F91BF042FD4F
:10210000084801211BF04EFD01232B7070BD00BF5C
:102110000FB60020008000400010004008000006BC
:10212000211001001011004010B52D4C2378002B18
:1021300041D02C4B0022C3F8FC2F2378013B0B2B02
:102140004BD8DFE803F008080608394047394A4A07
:1021500039081BF04DFB1BF060FB0120FEF7C6F9B0
:10216000214B0822C3F808230022C3F80C21D3F81E
:102170000C311E4BD3F8002222F44072C3F8002227
:1021800001221A61A3F5E043C3F8FC2F1BF006FD02
:102190001BF0FEFC1BF009FD2378012B04D003206B
:1021A0001BF0FFFC1BF0EFFC114A0023137053706F
:1021B00053711371237010BD0021042000F0ACFE98
:1021C00000F022FFC7E70B4B18781BF02FFB00F045
:1021D000C5FEF5E700F0F8FEBDE71BF057F9BAE7DA
:1021E0000FB6002000100040004001400080004079
:1021F00008B6002007B6002010B5224C23780BB992
:102200001BF044F92378033BDBB2082B09D80120EB
:1022100000FA03F340F21312134203D113F02C0F10
:1022200028D110BD00201BF097FC012807D0022800
:102230000DD00028F5D0BDE810401BF027B90020D4
:102240001BF08CFC1BF08CFC0028EAD1F3E7227811
:10225000072AD3B20AD006D8033B012BEBD8BDE83E
:1022600010401BF089BC0B2BDBD0E4E7BDE810402D
:102270001BF083BC1BF070FC0028D2D00128DAD1FF
:10228000DEE700BF0FB60020014B1878704700BF93
:1022900008B6002008B5074B07491B784878032B80
:1022A000DAB203D0052A01D008B9002008BD1BF01E
:1022B000EDF8FAE70FB6002008B60020F8B5144B89
:1022C0000546186010B900263046F8BD114F0024AD
:1022D00004707E78002EF6D00F4B1B78032BDAB2F9
:1022E00012D0052A12D01BF0D1F800227A700B4AC6
:1022F000C2F80455C2F80042D2F85035DBB2022BC6
:1023000004BF01239360DFE7054CEEE7054CECE7E3
:10231000C8A1002008B600200FB600200010004021
:1023200052000800120008002DE9F0479946494B79
:10233000494C4FF0010AC3F810A0484B1546032240
:102340001A700027C5F34003A37067702770677188
:10235000A771064699F9000088461BF039FC404BEE
:10236000404AC0B2C3F80C051268002A63D0177047
:102370006770C3F804253C4AC3F800220EB91BF06D
:1023800085F8374C0023F600C4F86065C4F8343192
:10239000D4F83421C4F82831D4F82821C4F83031D5
:1023A000D4F83021C4F80431B8F1010FD4F8042175
:1023B00005BFC4F80031D4F8003143F2024443F2BF
:1023C000134415F001003AD00C2000F02BFE244BF2
:1023D0000022C3F86821D3F86831244BC3F80C21DC
:1023E000D3F80C210822C3F804231D4B2048C3F85E
:1023F000044300211BF0CFFB164B28BBD3F840450C
:1024000099F801001BF0D4FB1A4B1C60FFF7F4FE97
:10241000104AD2F8003243F48073C2F800324146C9
:102420000122042000F010FDB8F1000F10D1BDE82A
:10243000F047FFF707BD84F801A052229CE71BF08C
:102440008BFB0028C0D1D0E70124C3F84045D7E773
:10245000BDE8F0870080004008B600200FB60020DD
:1024600000100040C8A100205200080000400140B8
:1024700020AF0400CCA1002010B51B4B1B49052246
:102480001A701B4B1A681B4B4AB30020107048701F
:10249000C3F80425184AC3F800220024C3F80441F5
:1024A000D3F80421C3F83841D3F83821C3F83041B8
:1024B000D3F83021C3F83441D3F8342147F2020273
:1024C000C3F80423FFF7CCFCFFF796FE2246214613
:1024D000042000F0B9FCBDE81040FFF7B3BC0122B6
:1024E0004A701222D7E700BF0FB6002008B60020BE
:1024F000C8A10020001000401200080013B50023FE
:102500008DF80730094BD3F8480500F07F001BF029
:1025100045F904460DF107001BF061FB9DF80730FB
:10252000E0184042C0B202B010BD00BF0010004031
:102530002DE9F84F9B46514B9DF82890504F514C38
:10254000B2F1000815464FF001021A614E4B4FF0F0
:1025500006021A704D4B18BF4FF00108002283F895
:102560000080FA704A4B82469BF900001D700E46AF
:102570001BF02EFB012DC0B2C4F80C05C4F804A555
:102580005ED9444AC4F8002200F09CFC0022012ECF
:10259000C4F86C21D4F86C1103BFC4F80021D4F83E
:1025A00000213D484FF00060E5B1364A002119F0A6
:1025B000020FC2F84811D2F848411BBFC2F84411BB
:1025C000D2F8441140F4802040F4C02019F0040FE8
:1025D00008D00021C2F80011D2F80021012240F0F9
:1025E0000100FA70274A0024C2F8044140F00200BA
:1025F000D2F804113C71C2F804039BF801001BF0EF
:10260000D7FA8DB3254926481BF0C5FA2146054661
:1026100022481BF0BAFAD0B9184AD2F8003243F473
:102620008073C2F8003200F0DDFCFFF7E5FD3146B3
:1026300040461BF0F5F8F6B9BDE8F84FFFF702BCCD
:102640000CBF184A4FF4A012C4F800229EE7002DD8
:10265000E2D00A4BD3F8002242F48072C3F8002281
:102660000222C3F84025E0E70F4829461BF08DFA07
:102670000028D1D0EDE7BDE8F88F00BF0080004012
:1026800008B60020001000400FB6002007B600205A
:1026900006B600200018140011000008F0AE040077
:1026A00020AF04000038140008AF04002DE9F04109
:1026B0003A4D2B78042B07460C4601D01AF0E6FE63
:1026C0000FB91AF0E3FE07233F2C2B70344D04D8CA
:1026D00001232B610020BDE8F081324B32481E6897
:1026E0002644324CA6F13F08C5F844854FF4A013A8
:1026F000C4F804750027C4F800321822C4F85471D5
:102700003946D4F8543127F090F9274A0523173E6B
:102710003946104613745560D6601BF036FAD5F86A
:10272000003298BB43F48073C5F80032FFF764FDB4
:102730000023C4F86C31D4F86C21C4F80431D4F807
:1027400004311A4C00F02EFC154B0122DA64D3F848
:102750004C25D3F84035904503D9984519D9934273
:1027600017D31BF069F8D4F85035DBB2092B10D021
:10277000D4F854316BB900F027FC1BF009FA0120A2
:102780001BF00FFA064B01221A61A3E743F4007312
:10279000CAE7074BC4F8043301209CE70FB60020BA
:1027A00000800040CCA10020D0A1002000100040FB
:1027B00012000008F8B5434C23780C2B7ED8DFE8D4
:1027C00003F00D0D070E2D314A62777D7D7A0D00E5
:1027D0003D4B1022C3F808230C232370F8BD1BF0D7
:1027E00007F81BF0DBF939493748D1F80032384A8D
:1027F00023F48073C1F8003243F2134500231370B1
:10280000C0F80853334D0826C5F80863C0F80032F5
:102810005370FFF7D5FA01230B61DDE72B4B012243
:102820001A61D9E70021284D042000F075FB47F21A
:102830000203C5F808331BF0B1F900F0E5FB2349AA
:10284000234AD1F8003223F48073C1F80032002308
:10285000C5F80032DCE7204F1B4D387800261AF00F
:10286000E5FF00F07BFBC5F800623878FFF792FACD
:102870001A4BC5F80833164B1E715E7001232B638B
:10288000FFF79EFAA8E7104D00F09EFB0023C5F865
:1028900000321BF07DF90D4BD3F8002222F4407278
:1028A000C3F8002201221A610D4BC5F80833E7E78F
:1028B000FFF798FA90E7FFF7ADFA8DE7BDE8F8402B
:1028C0001AF0E4BD0FB60020001000400080004068
:1028D00008B600200040014007B60020130006089B
:1028E0000200000808B50F4A1378013B0B2B07D8EC
:1028F000DFE803F00815060A060606060606060DBA
:102900001AF0C4FD00200BE0074B012119610223DE
:102910001370FFF755FA054B1022C3F8042301206A
:1029200008BD00BF0FB6002000800040001000402E
:1029300010B5154C2378012B04D023780C2B01D033
:102940001AF0A4FD08232370104B00244FF42052EA
:10295000C3F80022C3F84841D3F84821C3F84441E2
:10296000D3F844214FF4C022C3F80423FFF778FAC8
:10297000FFF742FC22462146042000F065FABDE83C
:102980001040FFF75FBA00BF0FB6002000100040F4
:1029900038B5174D2B780C2B044604D02B78012B1F
:1029A00001D01AF073FD013C0B23B4F5001F2B700E
:1029B00001D31AF06BFD0F4BC4F31404C3F8644643
:1029C0004FF400420024C3F80022C3F83C41D3F87E
:1029D0003C11C3F80423FFF743FAFFF70DFC22462E
:1029E0002146042000F030FABDE83840FFF72ABA4B
:1029F0000FB600200010004073B51AF076FEA64B0B
:102A0000D3F80423160714D5A44AD2F8681181B16B
:102A10000021C2F86811D2F86821C3F80C11D3F86C
:102A20000C319F4B1B78032B01D01AF02FFDFEF7C2
:102A300065FA9A4BD3F80423D50718D5D3F80021AB
:102A4000AAB10022C3F80021D3F800210122C3F863
:102A5000082300F049FA924B1B78032BDAB206D018
:102A6000062A1ED18F4BDB780BB11AF014FE8B4B6C
:102A7000D3F8042394071CD5D3F80421CAB100224B
:102A8000C3F80421D3F804211022C3F80823844A90
:102A90001278033A042A76D8DFE802F006756066F9
:102AA0006F001AF0F3FCE2E77E4B9B780BB1FEF768
:102AB00075FA7A4BD3F80423500411D5D3F8382192
:102AC00072B10022C3F83821D3F838214FF4804284
:102AD000C3F80823724B1B78052B57D1FEF7F6F984
:102AE0006E4BD3F80423510521D5D3F82821F2B138
:102AF0000022C3F82821D3F82831694B1B78032B17
:102B000001D01AF0C3FC674B644D01221A70D5F84E
:102B1000343163B9D5F86045C4F3C7042046FEF7E5
:102B200077FA84423EBF00B2C000C5F860055B4B37
:102B3000D3F80423920435D5D3F8342192B300227C
:102B4000574CC3F83421D3F834312378032BDAB24D
:102B50001FD0052A3DD01AF099FC23E0514B0122E9
:102B60005A71FEF7A5F9A4E70222C3F808234D4BDA
:102B700001221A71FEF708FC9BE70222C3F8082322
:102B8000FEF73EFC95E71AF081FC92E71AF07EFC16
:102B9000A6E7FFF7BFF9444B01221A610C2323700B
:102BA000FEF7F4FA3D4BD3F80423D60421D5D3F82D
:102BB0003021F2B100223A4CC3F83021D3F8303141
:102BC0002378032BDAB20BD0052A29D01AF05EFC49
:102BD0000FE0FFF7FBF90C232370FEF701FBE1E7A1
:102BE000304B01225A71FFF795F904232370FEF749
:102BF00005FB2A4CD4F804331D011ED5D4F86C31E2
:102C0000DBB1274D0026C4F86C61D4F86C312B7809
:102C1000062BDAB20BD0072A27D01AF037FC0CE0CB
:102C2000FFF7D4F90C232370FEF760FCE1E7FFF710
:102C3000AFF90C232B70FEF72FFC184BD3F80423AD
:102C4000D40638D5D3F81021AAB30022144CC3F807
:102C50001021D3F8102121780329CAB22BD027D80C
:102C6000022A5BD01AF012FC25E000F0ADF9C4F89E
:102C700000621AF08DFF0C4BD3F8002222F4407250
:102C8000C3F8002201221A61084BC4F808330C2350
:102C90002B70FEF7E9FBD0E7004001400010004038
:102CA0000FB6002008B60020008000401200000887
:102CB000063A012AD6D8524BD3F80423900315D5EF
:102CC000D3F8442192B100224E4CC3F84421D3F8EA
:102CD00044312378062BDAB22DD0082A2ED1FFF703
:102CE00081F80C23012023701AF0C8FC444BD3F860
:102CF000042351034DD5D3F84821002A49D0414C33
:102D00000025C3F84851D3F848312378062BDAB2AE
:102D100017D0082A6CD01AF0B9FB3AE01022C3F899
:102D2000082303201AF03DFF1AF02DFF0123237022
:102D30001AF0A1FCBFE7FEF75DFCD7E71AF0A6FB8F
:102D4000D4E7314B1B780BB91AF0A0FB2F4A13784C
:102D5000012B18D91378013BDBB213701378012BC8
:102D6000DDB216D100F0FAF82549294BC1F800323E
:102D7000D1F848316BB10D63FFF722F80023C1F899
:102D80004831D1F84831FFF703F90C232370FEF7DF
:102D900053FC1B4BD3F80423120424D5D3F83C2155
:102DA0000AB3184D0024C3F83C41D3F83C312B78CA
:102DB0000B2B01D01AF06AFB114B8DF80740D3F8AA
:102DC0006806C0B21AF001FD0446FFF723F80C2391
:102DD0000DF107002B701AF002FF9DF80730E01A82
:102DE00040B2FEF749FC02B0BDE87040FEF724BED9
:102DF000FEF7F8FF0C23284623701AF03FFCC8E7C3
:102E0000001000400FB6002007B6002006B60020D4
:102E10000038140010B5EFF3108472B6094BD3F8E4
:102E2000042312070AD5D3F80C213AB10022C3F8C3
:102E30000C210120D3F80C31FDF748FB84F31088F6
:102E400010BD00BF0040014010B5174B0024C3F86F
:102E50003C41D3F83C31154B154CC3F8484500F1C3
:102E6000804000F58050C3F84C051248C3F82C0987
:102E7000BAB1114AC3F850454FF4E070C3F8542575
:102E80000E4A11B90E49C3F84015C3F84425074B43
:102E9000D3F8002842F08002C3F80028C3F80405E4
:102EA00010BDC020ECE700BF0040014000F0014031
:102EB0003C41014004F00140008000403C400140A2
:102EC00010110040064B074AC3F86025A2F58E7228
:102ED000C3F864254FF48062C3F80425704700BF2F
:102EE00000F0014048110040084B0022C3F83C218B
:102EF000D3F83C31064A074BC3F8402502F5973218
:102F000002F59672C3F84425704700BF00400140A7
:102F10001011004000F001400F4B002914BF4FF486
:102F2000E072C022C3F808254FF00002C3F848251C
:102F3000C3F84C25C3F82C29C3F84025C3F8442511
:102F40001CBFC3F85025C3F85425D3F8002822F03D
:102F50008002C3F80028704700F00140054B4FF491
:102F60008062C3F808250022C3F86025C3F86425F1
:102F7000704700BF00F0014008B5084BD3F850354A
:102F8000DBB243B9064B1AF057FCD3F83C010038CA
:102F900018BF012008BD0120FCE700BF0010004061
:102FA00000400140054B064AC3F85825054AC3F8BE
:102FB0005C254FF40072C3F80425704700F001400F
:102FC0004481004000100040054B4FF40072C3F8EC
:102FD00008250022C3F85825C3F85C25704700BFB8
:102FE00000F00140054B064AC3F85025054AC3F8D6
:102FF00054254FF48072C3F80425704700F0014057
:103000003C41014000800040054B4FF48072C3F802
:1030100008250022C3F85025C3F85425704700BF87
:1030200000F00140074B084AC3F8682500F1402032
:1030300000F580304FF40062C3F86C05C3F8042536
:10304000704700BF00F0014068110040054B4FF48D
:103050000062C3F808250022C3F86825C3F86C2570
:10306000704700BF00F00140074A00231360074A81
:103070001370074B18B91870064B18707047027818
:103080001A704078F8E700BFE8A1002012B60020CF
:1030900011B6002010B60020034B1A68034B002A1B
:1030A00018BF1846704700BFE8A1002013B60020E3
:1030B00038B504460D4609B91AF0E8F90E4A0F4B27
:1030C00010780F4A1B7812682B70687092B10D4906
:1030D0000A780132D2B240B123B12046BDE838406F
:1030E00026F07CBC084B1A78F7E71BB1064B1B781F
:1030F000D21AF2E738BD00BF10B6002011B600208A
:10310000E8A1002013B6002012B600202DE9F84FE8
:1031100004460E462779062F00F23381DFE817F0C8
:10312000070083008F009B00D000DF003801002ED5
:1031300000F0D0806379022B40F2CC802268537873
:1031400003F00701052967D0907800F00105C5F16B
:10315000040110F0200FC9B200F00C0C07D1BCF133
:10316000000F13D0C5F10605A171E9B20EE0BCF164
:103170000C0FC3F3801323D100F0C00EBEF1C00FBB
:1031800040F0088183F00103002BEBD19378834852
:1031900013F00C0F18BFE171937803F00C03C35CBC
:1031A000FF2B00F0978063740B44DBB2E3749178DB
:1031B00050788D06C0F380100AD43F2917D81FE03D
:1031C0003F28CCD8BCF1000F18BF83F00103DBE728
:1031D00001F00C050C2D05D101F0C005C02DECD17E
:1031E00063720DE03F290BD980F001010DB180F031
:1031F000010111B123720233DBB291783F29EFD87C
:10320000927802F0C002802A09D0C02A09D0002A90
:1032100060D1A2741A442275012323717AE7022235
:10322000F7E70822F5E7E27C63799A4205D923683B
:103230005B7803F00703052B4CD10223EDE7227DD9
:1032400063799A4205D923685B7803F00703052B5D
:1032500040D10323E1E7032E3CD92268517801F0E5
:103260000703052B06D00D07237DC1F3C00003D44F
:103270006375E0750423D0E7617999422AD9A37276
:10328000D15C5D1C8906EDB25CBFE5725D1DD35C4F
:1032900058BFEDB213F0180FC3F3C1000AD01AF0F3
:1032A000D6FB257310B165730544EDB2A5730135E6
:1032B000A075EDB220461AF0AEFB6575E075D9E752
:1032C000627D63799A4261D923685B7803F00703D2
:1032D000052BA2D0BE428CBF0020012054E0052E59
:1032E000F8D9D4F800B063799BF800A00AF1010284
:1032F0009A42EFD11AF0800FECD19BF8013003F025
:103300000703052B2FD09BF8023094F815909B07EC
:1033100022D584F80F909BF800A00AF1FF35EDB29A
:10332000FF2D204614BF5D4400251AF074FB0BEB03
:1033300009082D1A294640461AF05BFB60B998F837
:10334000003003F07F03023398444545C2D30CD1CB
:10335000A5EB0B055FFA85F90AF1FF33DBB24B45AC
:1033600001D084F81090062357E740461AF041FB3D
:103370000028DFD008F10208A8EB0B085FFA88F9F3
:10338000EAE71AF083F80020BDE8F88F052344E748
:103390000120F9E73F287FF615AFE3E6CCF80400FB
:1033A0002DE9F0414B798CB004460D4683B38F79FB
:1033B000194B01930FCC4FF0000802AECDF82280DC
:1033C000CDF82680ADF82A800FC62B88ADF82030C6
:1033D00094E80300AB788DF82530EB798DF8283030
:1033E0004FF0FF3386E803000B932979EB788DF8D3
:1033F000247043EA01210DF1220238461AF023FA23
:1034000001AA414640461AF095F90CB0BDE8F0819A
:10341000FEF718FC0746CBE71C0C0020044B0020ED
:1034200083F8210083F8450083F86900704700BFE6
:10343000F0A100202DE9F0418846064608B91AF0AF
:1034400025F8B8F1000F01D11AF020F8154F00242B
:103450003D46414638461AF032FB78B124235C439E
:103460002B1993F820308BB91C342C4454E8002FCE
:10347000531C0DD1BFF32F8F062005E00134032C20
:1034800007F12407E5D10220BDE8F081064CEDE705
:10349000013244E800200028E8D12368013B336072
:1034A000F2E700BFF0A10020ECA10020034B0022B6
:1034B0001A70BFF35F8F024800F09EBD93B60020E4
:1034C000882C002013B5144C237843B1134B01A86A
:1034D0001B6801931AF030F918B10023237002B071
:1034E00010BD0F4A136803F5FA7313600D4A934237
:1034F00001D919F0CBFF0C48D0E9043213F5FA7367
:1035000042F10002C0E9043200F04CFD0028E6D090
:1035100019F0BCFFE3E700BF93B600205CA20020D7
:1035200060A2002040420F00882C0020064B074874
:10353000D2221A60064A00231360064A1370064A14
:1035400013601AF063BB00BF200C0020882C002001
:1035500060A2002093B600205CA2002038B5114C78
:10356000114D206000F00AFD23681A780F4B1B688C
:1035700003EB42130E4A03F5C07313601B180D4A88
:1035800041F10001C2E904310B4B156201241046E0
:1035900014771C7000F006FD18B1BDE8384019F032
:1035A00075BF38BD5CA20020C5340200200C00208D
:1035B00060A20020882C002093B6002008B5054B9F
:1035C0001B7823B1042902D010B1FFF76FFF01204F
:1035D00008BD00BF93B6002008B5074B02681B6802
:1035E0009A4204D0054B1B780BB119F04FFFBDE890
:1035F0000840FFF75BBF00BF5CA2002093B600202D
:1036000008B5044B1B780BB919F040FFBDE8084022
:10361000FFF74CBF93B6002008B5064B1B688342EA
:1036200004D0054B1B780BB119F030FFBDE8084002
:10363000FFF73CBF5CA2002093B600202DE9F843C1
:1036400032B1012A16D019F021FF0020BDE8F8831D
:10365000244ADBB1D2F8A870082421320025BC46E8
:103660002E46B44517DA6A1CB2420CBF33462B46CD
:103670000B60EAE71C4A1BB9D2F8C0721324EDE7CD
:10368000D2F8C472192402F59872E7E7D2F8A47050
:1036900002240132E2E7ACEB060506EB6505AF421A
:1036A000E1D905FB04FE02EB0E0883B152F80EE0EF
:1036B000D0F80090CE450FD811D3D8F804E0D0F858
:1036C0000480F04508D30AD80D600120BEE7B0F8A9
:1036D000008032F80EE0F4E705F1FF3CC1E76E1C14
:1036E000BFE700BF2CA5002064A2002008B5AC22D3
:1036F0000021084826F099F94FF43272064800215B
:1037000026F093F9034A01231370044B00221A7028
:1037100008BD00BF2CA5002064A2002094B60020A4
:10372000014B1870704700BF2CA500202DE9F3470E
:103730001F460023884601930B4601A99DF8286087
:1037400082469146FFF77AFF002835D1B9F1000F84
:1037500008D0B9F1010F63D019F098FE002002B033
:10376000BDE8F087464CB8F1000F6CD0D4F8A83013
:1037700004F121050820A834102BEFD0019A00FB9A
:1037800002559A1A42432946284426F035F9B8F1E1
:10379000000F0CBF022208225146284626F01EF9CF
:1037A000B9F1010F05D1B8F1000F52D0083500234F
:1037B0002B74236801332360B9F1010F57D1019BAA
:1037C000304DB8F1000F46D0192202FB035505F524
:1037D0009C757B783A78297C5B0043EAD213DBB294
:1037E000284605EB010C047890F801E0E20942EA72
:1037F0004E0214F07F04D2B204D1A2F17E0EBEF1CB
:10380000010F01D9604534D331441029A6DC32467A
:103810003946604626F0E2F82B7C1E442E7426E0E2
:10382000184CB8F1000F06D1D4F8C0322546132049
:1038300004F53074A0E7D4F8C43204F59875192063
:1038400004F5317498E7D4F8A430651C0220A43440
:1038500092E70235ABE7132202FB03550235B8E7C6
:10386000A6427FF47BAF3246394626F0B7F80120F6
:1038700075E7934204F10204F2D02044B3E700BF9D
:103880002CA5002064A2002073B5002301930C46F0
:103890000B4601A91546FFF7D1FE064620B13DB102
:1038A000012D1ED019F0F2FD0026304602B070BD89
:1038B000174D3CB3D5F8A83005F121040822A835EE
:1038C000002BF1D0019902FB01F05B1A013B1118AA
:1038D00021445A43204426F08FF82B68013B2B608B
:1038E000E3E70C4D34B9D5F8C0322C46132205F568
:1038F0003075E5E7D5F8C43205F59874192205F559
:103900003175DDE7D5F8A4306C1C0222A435D7E769
:103910002CA5002064A2002011B1012908D0704715
:10392000084B10B1C3F8A8107047C3F8A400704743
:10393000054B18B10022C3F8C4227047C3F8C00277
:10394000704700BF2CA5002064A20020022802D8E6
:10395000024B1870704719F099BD00BF94B6002053
:1039600013B5264B0146187801281BD0022842D0F7
:1039700000283CD14B7A0C68FF2B18BFE018204B75
:103980001B78002B37D000282ED0A37803F0C0037B
:10399000A3F1C0025342534101A90022FFF74EFE9A
:1039A000034621E0164B1B78002BF9D00A68487AB1
:1039B0005478FF2804F0070414BF80180020032C5B
:1039C00017D1097CFF2914D0515C042911D19278B8
:1039D00002F0C002802A07D100231A4601A9FFF78E
:1039E0002DFE80F00100C3B2184602B010BD19F0E0
:1039F0004DFD0023F8E70123F6E700BF94B6002051
:103A00002CA5002073B50E461546D8B10B460122F1
:103A100001A9FFF713FEA0B1019C0B4856B1192371
:103A20005C43031904F59C7493F848312B702044CF
:103A300002B070BD13235C43031902349B7C2B70CE
:103A4000F5E728700020F3E764A2002008B5FFF72F
:103A500087FF20B1024A537843F01003537008BD2A
:103A600096B6002008B580220021084825F0DDFF29
:103A70000022074B0548114619F0F2FF054A0023C2
:103A80001360054A1370054A137008BD96B60020EE
:103A9000DCA50020D8A5002095B6002016B7002090
:103AA0002DE9F04FDFF8F89199F8003087B004461F
:103AB000032B00F2C681DFE813F004000C000700BE
:103AC000C701022389F8003094F80480B8F1000F90
:103AD00003D1002007B0BDE8F08F724D2B79002B89
:103AE00044D1714E737843F00202727022685278AA
:103AF000110744BF43F00A03737023685B785A06CA
:103B000042BF737843F04003737023689B78DB07F0
:103B100042BFB37843F00103B37023689A78B37857
:103B200002F0C002C02A1CD143F00C03B370B3787A
:103B3000B8F1050F43F02003B37002D92046FFF718
:103B400085FF317857488B1C03310122C9B233708D
:103B500019F0A2FF08B919F099FCB8F1020F0BD8BF
:103B6000B7E7802AE3D143F00803DFE7B8F1020F9B
:103B7000AFD9022B00F29E8023684B4F9A7812F047
:103B8000010F08BFDB783A780ABFFB7000230123DE
:103B900013443B70AB79FF2B1CBF2E68F618EB79F2
:103BA00008BF0026FF2B1CBF2A6802EB030A227AFB
:103BB00008BF4FF0000AFF2A1CBF23689B18A27998
:103BC00008BF0023FF2A1CBF20688018627A08BF44
:103BD0000020FF2A1CBF216801EB020BA27C01928E
:103BE00008BF4FF0000B3EB1002B57D108B9FEF7CC
:103BF00043F8038833800226BAF1000F24D0BBF1CA
:103C0000000F21D023689A782B689B7802F0C002BD
:103C100003F00C03A2F1C00CDCF10002A3F10C0EC6
:103C200042EB0C02DEF1000343EB0E039A4201D09B
:103C300019F02CFC5946019A504625F0CFFEDDF8CC
:103C400004B0B3445FFA8BF63B78184A1E44637A9B
:103C50003E70FF2B1CBF2068C0182368997801F0C4
:103C6000C001A1F1C00608BF002071427141FFF7F9
:103C7000C9FE0F4B186018B1BB7843F00203BB704C
:103C80003978084801310322C9B219F005FF08B993
:103C900019F0FCFBB8F1040F12D81AE71846A8E790
:103CA00016B70020DCA5002096B6002095B60020AF
:103CB000D8A50020B8F1040F7FF60BAF042B64D811
:103CC000297DA37AFF2916BF2E6800267618FF2BC0
:103CD00000F0B3802268D718002E00F0AE80002FCD
:103CE00000F0AD80D35C5948337001310422C9B271
:103CF00019F0D2FE08B919F0C9FBA37AFF2B03D043
:103D00002168CA5C52074AD194F815A0AAEB030AAD
:103D10005FFA8AFA0AF1FF32D2B2791C701C25F0E0
:103D20005DFEEB7D9A445FFA8AF1494E474833784D
:103D30001944C9B2317001310522C9B219F0ACFE83
:103D400008B919F0A3FB434BDFF80CA11F686B7D8A
:103D50002D681D444FB19AF800B00DB919F096FBCB
:103D60005A463946284625F039FE31789AF800300F
:103D700036481944C9B28B1C03310622C9B23370CC
:103D800019F08AFE08B919F081FBB8F1060F7FF42B
:103D9000A0AE2046FFF75AFE2D48032341E0237BC7
:103DA000FF2B18BFC9182B7B08BF0021FF2B1CBF9E
:103DB0002868C018AB7A08BF0020FF2B34D02A68CF
:103DC000D65CC6F3C106731E022B2DD8B600033E87
:103DD000F6B218B111B1324625F000FE95F80BB0DD
:103DE00006F1010ABBF1FF0F5FFA8AFA99D02F683A
:103DF00017EB0B0F95D0AB7AFF2B16BFFB5C0023A4
:103E0000C3F3C1038DF810302B7BFF2B14BFDB19DC
:103E1000002304A903A80593FFF70CFB30B1002091
:103E2000012389F8003055E60026D2E7039B47F8C6
:103E30000B3005365FFA86FA73E7002175E73946DD
:103E400073E719F023FB44E6014843E6DCA50020B4
:103E500096B60020D8A5002095B6002082B0002399
:103E6000ADF80430044B41F205221A60BDF804207D
:103E70009A8002B0704700BF17B7002010B50279D2
:103E8000052A0FD903689A78D2070BD4064CDB7841
:103E9000E370FFF765FD18B112230348637010BD8E
:103EA0000223FAE70020FAE717B70020014B186059
:103EB000704700BFF4A500200D4A82B00D2312F90F
:103EC000131081420FDC0B4A32F81330ADF8043086
:103ED0009DF80430002063F307009DF8053063F37C
:103EE0000F2002B07047013BE9D132F8013CEDE709
:103EF000DAF80400D9F80400024A00231370024AD9
:103F0000137070471DB700201EB7002008B5034B83
:103F10001B780BB919F0BAFA012008BD1DB70020B3
:103F200011B1024B18787047012070471DB700206F
:103F3000024B012204201A70FCF7C0BE1DB70020FE
:103F400038B50C4D2B788342044608D040B9FCF7B5
:103F5000A7FA094B20461C70FCF7B0FE2C7038BD48
:103F6000002BFBD1044B1B780BB119F08FFAFCF737
:103F700083FAF3E71EB700201DB7002008B51BF039
:103F80007FF9074AA0FB020302FB013147F6FF73EA
:103F9000C01841F10001C00B40EA4140C90B08BD07
:103FA00040420F0037B50446FFF7E8FF2369181AAF
:103FB0000E4D0F496C630128B8BF01204FF4004C2F
:103FC0000C460021E0FB0C410A4A00232046DCF7A6
:103FD000E7F802460B4600210020CDE90001284603
:103FE00003F0CEFF002003B030BD00BF080F00205B
:103FF0003F420F0040420F0038B50F481BF099F9BF
:10400000044610B10524204638BD0B481BF019F9B1
:104010004FF47A75A0FB053205FB012247F6FF71CC
:104020005B1842F10002DB0B53EA4243EAD002483C
:1040300003F0CCFFE7E700BF080F0020024AD2F8E8
:104040000034002BFBD0704700E0014010B54FF06A
:104050008053D3F83021082A4ED14FF080420021FE
:10406000C2F80C11C2F81011C2F8381502F540421E
:10407000D3F80414C2F82015D3F80814C2F8241594
:10408000D3F80C14C2F82815D3F81014C2F82C1564
:10409000D3F81414C2F83015D3F81814C2F8341534
:1040A000D3F81C14C2F84015D3F82014C2F84415F4
:1040B000D3F82414C2F84815D3F82814C2F84C15C4
:1040C000D3F82C14C2F85015D3F83014C2F8541594
:1040D000D3F83414C2F86015D3F83814C2F8641554
:1040E000D3F83C14C2F86815D3F84014C2F86C1524
:1040F000D3F84434C2F8703519F08BFD18B1374B42
:10410000374AC3F88C2619F084FD18B1354BFB22D1
:10411000C3F8182519F07DFD58B14FF080424FF0DB
:104120008051D2F8E43ED1F8581261F30303C2F88B
:10413000E43E19F06EFD20B12B4B4FF40072C3F832
:1041400040264FF08053D3F83031082B17D14FF071
:104150008043D3F80024D20744BF6FF00102C3F8B4
:1041600000244FF08053D3F83431042B81BF4FF03B
:104170001023D3F808224FF08043C3F858254FF09E
:104180001023D3F80022002A03DBD3F80432002BDB
:1041900022DA164901234FF01020C1F80435122409
:1041A000FFF74CFFC0F80042FFF748FFC0F8044299
:1041B000FFF744FF0023C1F80435FFF73FFFBFF3CB
:1041C0004F8F0B490B4BCA6802F4E0621343CB607C
:1041D000BFF34F8F00BFFDE710BD00BF0050004090
:1041E0004881030000F000400090024000E00140E0
:1041F00000ED00E00400FA05014B1860704700BFB5
:10420000F8A5002010B5054B1868144619F013FDE9
:104210000028A4BF2070002010BD00BFF8A500201A
:10422000024A01238340C2F80435704700F0014080
:10423000014B00201B681847FCA50020014B1B68A0
:10424000184700BFFCA5002010B50C4C237993B98A
:10425000012323710A4B2060002818BF184600F084
:104260004BF850B923680748002BBDE8104008BF41
:10427000184600F091B86FF0770010BDFCA5002043
:10428000314202003D42020008B5064B1B682BB1CB
:104290000020E0F7FBFB08B9E0F7D6FB024B012258
:1042A0001A7008BDFCA500201FB7002038B54FF0DC
:1042B00080440123C4F8083363600023C4F800314C
:1042C000D4F8003142F21075D4F80C24D4F80C3430
:1042D000D20307D5DB0705D5012019F0AAFC013D63
:1042E000F2D138BD19F00DFD0028FAD0014B0022A3
:1042F0005A71F6E704A6002010B508490C794CB9AC
:10430000012308600B7119F0FCFC08B9002010BDF6
:104310004C71FBE76FF07700F9E700BF04A60020BF
:104320004FF080430022C3F80021D3F8002109494F
:1043300001221A60096811B1C3F804237047D3F849
:104340000021002AFBD00022C3F80021D3F800315D
:10435000704700BF04A6002010B54FF08043D3F88B
:104360000423D20715D5D3F8002192B10022C3F857
:1043700000210121D3F80021C3F8081319F0C1FC72
:10438000044B10B15A7922B95971BDE810401B682D
:10439000184710BD04A60020074A137943B901212C
:1043A000106011714FF080421846C2F818357047FE
:1043B0006FF07700704700BF0CA6002010B54FF0DB
:1043C00080431D4CD3F81814D3F8182411F4803FFF
:1043D0001AD002F00302012A01D092B900224FF054
:1043E0008043C3F818250022C3F80421D3F8042120
:1043F00001229A6022688AB9D3F80421002AFBD0EE
:1044000014E019F08FFCE9E7D3F81424D107E5D5BF
:10441000D3F81C249207F4D422681AB10222C3F8FC
:10442000042310BDD3F80421002AFBD00022C3F8D6
:104430000421D3F80431F4E70CA60020F8B54FF0BE
:104440008043194FD3F80443012504F01A040026D1
:1044500004B9F8BDB4FA84F0C0F11F00830003F57D
:1044600080739BB203F1804305FA00F2196892B29F
:1044700024EA02040029EBD01E601B684FF0804341
:10448000022AC3F808230BD1D3F81814D3F8181450
:10449000890705D1C3F81855C3F804239D60D7E7F1
:1044A0003B68C0B29847D3E70CA60020036803F02E
:1044B0001F025B09026004D0012B034818BF0020D3
:1044C00070474FF0A040704700030050034A430973
:1044D00000F01F00D35C1844C0B27047F5F8040028
:1044E000024611F0010030B515D18B07C1F3400031
:1044F00022D51249D1F8200550604FF08052C1F802
:104500002005D2F83021082A08BFD1F8202500382C
:1045100018BF012010E04FF0A0444FF08055D4F8B0
:1045200020351360C4F82035D5F83051082D08BF68
:10453000D4F82045002BD8D030BD00BF0003005078
:10454000F7B504460846FFF7C1FF04EB40060D46E9
:10455000B38ADB072AD5204619F0F7FC2946204606
:1045600019F053FC50B1204619F065FC276807EBA1
:1045700080000023C0F81035C0F8103529462046C9
:1045800019F082FC0021B18201A80195FFF78EFF8E
:10459000019B00EB8300074BD0F80027134043F04A
:1045A0000203C0F80037084603B0F0BD6FF01500F5
:1045B000FAE700BFF0F8FCFF014819F05ABB00BF52
:1045C000280C002010B504480C4619F034FB0028D4
:1045D000A4BF2070002010BD280C00202DE9F04F52
:1045E000074689B057F8049BD9F80413C9B283462B
:1045F000082241F00041484619F07FFC051E2FDAE1
:104600000023032106A8CDE90633FFF769FF634BBA
:1046100001930DF118084FF0000A019A604912F851
:10462000013B0192DA0803F007038A5C22FA03F3E4
:10463000DB071CD40AF10103022B08F104084FF038
:10464000010AEAD14FF000410022484619F055FC1A
:10465000032106A8FFF744FF0028D8D125F0004524
:104660000124002D40F0848009B0BDE8F08F4D4B4F
:1046700053440293D8F80060002EDBD0029B96FAD8
:10468000A6F61C78B6FA86F646EA44142046FFF7EA
:104690001DFF0BEB4000F208818A18F80200059418
:1046A000C1F382030393009306F00706012303FA84
:1046B00006F620EA060008F8020005A8FFF7F6FE55
:1046C000059A039B02F5E07211F0100F50F822607A
:1046D000C6F3014633D0009A3846214619F0B5FB9F
:1046E00005A80594FFF7E2FE059B03F5E073F6B21B
:1046F00050F82330C3F301439E4207D100212046E6
:1047000019F074FB3146204619F070FB05A805949A
:10471000FFF7CCFE059B012202FA03F3C0F8203517
:104720004FF08053D3F83031082B01BFD0F820353B
:10473000D0F82035D0F82035D0F820359AE7022E71
:1047400014BF022103212046039319F04FFB039B62
:10475000032B03D0022E07D1012BD7D1009A21467B
:10476000384619F072FBD1E7032ECFD1022BF4E7C4
:1047700095FAA5F3B3FA83F304FA03F225EA0205E6
:1047800003F5A2720BEB430359F82220B3F87C1017
:10479000C2F30142384619F058FB62E705F90400FC
:1047A0004CAF040005F90400044AD2F80034DB07DA
:1047B000FBD50160BFF35F8F704700BF00E0014091
:1047C0004FF080531A69B0FBF2F302FB13036BB98D
:1047D000084B0222C3F80425C3F80805D3F80024C7
:1047E000D207FBD50020C3F8040570476FF00C001A
:1047F000704700BF00E0014010B5054C0123C4F82C
:104800000435FFF7D1FF0023C4F8043510BD00BF05
:1048100000E0014010B5174C23783BBB0278C2F38F
:10482000400392070FD54FF08053D3F83021082A68
:1048300008D1D3F83431022B02BF4FF0804301225C
:10484000C3F8382601234FF08042C2F88035037840
:1048500003F00103C2F878350020E0F717F908B932
:10486000E0F7F2F801232370002010BD6FF077000D
:10487000FBE700BF20B700204FF080434FF4607289
:10488000C3F80823014B00221A60704714A60020C9
:1048900008B5FFF7F1FF03680BB1014A136008BDCB
:1048A00014A6002010B54FF08043D3F804436207EC
:1048B00007D54FF4847019F02FFD10B11E4B1B6803
:1048C0009847A30608D54FF48A7019F025FD18B152
:1048D0001A4B00201B689847600608D54FF48C706F
:1048E00019F01AFD18B1154B01201B6898472106D5
:1048F00008D54FF48E7019F00FFD18B1104B002041
:104900001B689847E20508D54FF4907019F004FD34
:1049100018B10B4B01201B689847A3050AD54FF42B
:10492000927019F0F9FC28B1054BBDE810401B68E6
:104930000220184710BD00BF1CA6002018A60020AA
:1049400014A6002080F08003042B04D8054B0344F8
:1049500013F8800C704707289ABF034B185C00209F
:10496000704700BF07F904000CF90400064B93F8E8
:104970002E00012806D0022818BF042814BF0120E9
:10498000002070470020704720A6002070B50D4A17
:10499000002392F8301001251E4618B90BB182F899
:1049A000301070BD90FAA0F3B3FA83F305FA03F464
:1049B0000C3302EB430320EA0400DE8021EA040109
:1049C0000123EAE720A6002073B50023044601AACC
:1049D0000E464FF48071019319F0BFFC4FF48A71B9
:1049E000204619F0BAFC4FF482710546204619F0B2
:1049F000B4FC20B11EB115B1144BD3F8343601AA62
:104A00004FF48471204619F0A8FC4FF486712046BB
:104A100019F0A3FC4FF48871204619F09EFC0C4B52
:104A2000234083B14FF48E75294601AA204619F020
:104A300094FC291F083589B22046ADB219F08DFCCF
:104A4000B5F5AE7FF0D1019802B070BD00700040A6
:104A5000C0FF3F002DE9F04F9A464FF0805393B0CE
:104A6000D3F830411C9D082C3FD1D3F83431012BB1
:104A70003BD00DF1080C0AAF3E4C3E46E046002309
:104A800004EB031E0133DEF8189548F8049B082B4D
:104A9000DEF81CE546F804EBF2D1D4F8F065D4F862
:104AA000403601934FF0010E0023D4F84496D4F819
:104AB0004886C4F8FC3FC4F8FCEF2E4C5CF804BBFD
:104AC00004EB031E0133CEF818B557F804BBCEF83B
:104AD0001CB5082BF2D1019BC4F84036F6B2C4F8DD
:104AE0004496C4F84886C4F8F065234B002483F844
:104AF000334083F834409C601C611D6083F83100B2
:104B00009C831C4BC3F8F015C3F8F4257DB3232216
:104B1000C3F80023184D174C00220127110107FA92
:104B200002F301F18046034006F5E04619BF95F80F
:104B30001EE095F81FC09C469E46002B04EB010327
:104B4000C6F810E5C6F814C5D3F8181514BF5646B4
:104B5000002621F08071013241EA0661082AC3F87B
:104B6000181505F10205D9D113B0BDE8F08FC3F8CF
:104B70000053CFE70070004020A60020F8B504469F
:104B8000067A4779417AC079FFF7DCFE10B96FF0F9
:104B90001500F8BD214A01F10C0502EB4503012F78
:104BA000987139D13046FFF7CDFE0028EFD002EBE7
:104BB0004505E871E378A0781B03000200F4E0608B
:104BC00003F480530343207800F00300034320796B
:104BD000000400F4E02003436078000100F030009E
:104BE0000343A079000600F080700343607900055C
:104BF00000F480100343080100F1804000F5E0401C
:104C0000C0F81835012303FA01F192F830300B4354
:104C100082F830300020BCE70020C8E720A6002042
:104C2000074B01229A600022C3F81421D3F8141113
:104C300004498020C1F88001C3F80025704700BFF7
:104C40000070004000E100E010B5FFF7E9FF154BF0
:104C5000154A93F82F00D2F8041383F82E00186831
:104C600021F0330108B141F023010020C2F81C01FA
:104C7000D2F81C41C2F81801D2F81841C2F8080154
:104C8000D2F8080193F8340093F8333003F00103AD
:104C900000F00100DB0143EA80130B43C2F800334C
:104CA00010BD00BF20A600200070004070B5204D50
:104CB00095F82E40002C38D1FF20012685F82E6073
:104CC000FFF764FE1B4B1C48C3F80041D3F80021DA
:104CD000C3F80441D3F80421C3F81041D3F81021DC
:104CE000C3F81441D3F814311C239A0806FA02F1D0
:104CF00011F0330F1CBF03F1804101F5E24102F1D5
:104D0000FF3218BF0C6006FA02F218BF096812F0F1
:104D1000330F1CBF1C501A5808335C2BE5D10720F9
:104D2000DFF792FE0020286070BD6FF07700FBE790
:104D300020A6002000700040FC700040014B93F85A
:104D40003000704720A600202DE9F743074699461A
:104D5000FFF70CFE044608BBDFF8508098F83030AF
:104D6000082601252F4203D02B421CD00134E4B287
:104D7000013E4FEA4505F5D10D4BC3F8F865131E0A
:104D800018BF01233846CDF80090FFF763FE0223D9
:104D900088F8324088F82E30304601E06FF00F007E
:104DA00003B0BDE8F0836FF01500F9E720A60020FE
:104DB000007000402DE9F341804615461A46FFF782
:104DC000D5FD0646002837D1204F97F830C008207F
:104DD0003446012318EA030F04D013EA0C0F2ED037
:104DE0000134E4B201384FEA4303F3D16B8813B1C5
:104DF00042B3012C26D828786B7818B113B9012C4E
:104E000020D80126009202464046FFF723FE6B8819
:104E10000F4A0BB143F48053C2F8F83587F832409B
:104E20002B7987F83530042387F8366087F82E30E1
:104E3000002002B0BDE8F0816FF00F00F9E76FF0DD
:104E40001500F6E76FF08500F3E700BF20A600200D
:104E50000070004030B51D4A136904466BBB00F07A
:104E60006043B3F1005F2BD192F83250B1FBF5F300
:104E700005FB131038BB0BB2002B24DD92F82E304B
:104E8000052B06D8032B0BD8022B0ED06FF0760023
:104E900030BD062BFAD10E4BC3F82C46C3F83016A2
:104EA00093683BB1C2E90441F2E78D420BD1C2E9FC
:104EB0000245EDE7C2E90241EAE76FF07700E7E774
:104EC0006FF00C00E4E76FF00600E1E720A6002099
:104ED000007000402DE9FF41574CA368002B00F003
:104EE000A88094F82E20022A07D0042A38D06FF028
:104EF0007604204604B0BDE8F081504D0126C5F887
:104F000000652168E26849B1032184F82E10C5F8D4
:104F10002C36C5F830262E600024EAE7C5F82C367A
:104F2000C5F830262E6019F030FA04F108036E60DF
:104F3000019301990220FFF747FD0028F9D03F4C6B
:104F40000025C4F80851D4F80831C4F80C51D4F83D
:104F50000C310123A36019F020FAC4F80055DBE7F7
:104F6000364D4FF00108C5F80085276857B1052276
:104F700084F82E20E268C5F82C36C5F83026C5F82E
:104F80000080C9E7A18B94F83220039203EB410320
:104F90000293C5F82C36C5F83026C5F8008019F004
:104FA000F4F994F83630002B31D1244D01236B6095
:104FB00002A90220FFF708FD0028F9D00023C5F858
:104FC0000831D5F80821C5F80C31D5F80C21A18B92
:104FD00094F83220194D0A44E16892B28A42A283C1
:104FE00021BF174AA383D2E90201236128BF1C46CF
:104FF0004FF0010328BFC2E90001AB6038BF6FF07A
:105000000F0419F0CAF90023C5F8003571E7D5F887
:10501000F465F6B208FA06F6013EBE42C5D9C5F8F7
:10502000048000210420FFF7CFFC0028F9D00137CD
:10503000F3E76FF00B045CE720A60020007000404F
:1050400028A600202DE9F0410246FFF78FFC00283A
:105050004DD1284F284C97F82E3087F82F30072352
:1050600087F82E3001237A60C4F80035D4F8045351
:10507000C4F80003E36042B125F0C00545F03305F4
:10508000C4F800530020BDE8F08100211020FFF794
:105090009BFC0028F9D00026C4F80461D4F8043140
:1050A000164BC4F82C364FF001080223C4F83036F2
:1050B000C4F8008019F069F9C4F8088019F06DF996
:1050C000C4F80461D4F80431C4F80861D4F8083194
:1050D000C4F8006597F82F3087F82E30C4F81C61AB
:1050E000D4F81C31C4F81861D4F81831C8E76FF04F
:1050F0000F00C8E720A600200070004038A600205E
:105100007FB56249614E3320FFF75EFC10F0100F4F
:1051100005460BD05E4B1022C3F80823B218C3F823
:105120002C260222C3F8302601221A6015F0200F27
:10513000584C10D094F82E30554A072B05D0D2F891
:1051400034369BB2E36000232361D2F80433DB06DC
:1051500001D5FFF779FDA80717D5002294F82E3066
:105160008DF80420A2680292062BE268ADF80C20AC
:1051700017D0072B33D0032B07D1FFF751FD0223A4
:1051800084F82E30236801A89847E9074ED594F893
:105190002E30033B042B49D8DFE803F05948284060
:1051A0005D0094F8353023B1236913B1384B0122E7
:1051B0001A60236801A89847374B93E8030086E8F4
:1051C000030000232361A368002BDED1FFF728FD35
:1051D000042384F82E3005238DF80430D2E7FFF73E
:1051E00033FD02238DF804306368CCE704238DF887
:1051F000043001A823689847254BD3F8F825D2043A
:1052000044BF01225A602269062384F82E302AB155
:105210001F4B6169C3F82C26C3F8301623692BB9DC
:1052200003238DF8043001A82368984794F82E30A2
:10523000072B0AD0164B1948D3F804330021184025
:10524000FFF7C2FB012685094DB904B070BD104BB4
:1052500001225A60EAE70E4B01229A60E6E795FACE
:10526000A5F3B3FA83F306FA03F225EA02055A0816
:10527000DB4303F001038DF809308DF804602368E7
:105280008DF8082001A89847DEE700BF28A6002077
:105290000070004020A6002030A60020C0FF3F0084
:1052A000036803F01F025B09026004D0012B03486E
:1052B00018BF002070474FF0A04070470003005017
:1052C00007B5019001A8FFF7EBFF019B00EB8300FE
:1052D000054BD0F80027134043F00303C0F8003714
:1052E00003B05DF804FB00BFF0F8FCFFCB7B37B5E3
:1052F0000446002B38D10B7B0878012B6ED819F0AF
:105300006EF80B78019301A8FFF7CAFF019B00EB31
:105310008300384BD0F80027134043F00103C0F856
:1053200000374878FF2804D019F059F84878FFF77B
:10533000C7FF8B78FF2B0FD001A88D7B0193FFF760
:10534000AFFF019B00EB83002A4BD0F800271340EE
:1053500043EA8503C0F80037C878FF2804D019F065
:1053600031F8C878FFF7ACFFCB7884F822300B7C9B
:105370009BB94B7820680D78FF2B18BF1A468B78A5
:10538000C0F8085508BF4FF0FF32FF2B08BF4FF0A1
:10539000FF33C0F80C25C0F8103523688A68C3F8BD
:1053A00024254B7B0A7B2068003B18BF0123022A7F
:1053B00017D0032A18D0012A01D143F00203C0F804
:1053C00054354B7984F82330636883B1206840F307
:1053D000073003B0BDE83040DFF736BB18F0F2FF0E
:1053E0008FE743F00403EAE743F00603E7E703B07F
:1053F00030BD00BFF0F8FCFF07B5019001A8FFF732
:105400004FFF019B00EB8300054BD0F800271340B2
:1054100043F00203C0F8003703B05DF804FB00BF9F
:10542000F0F8FCFFF8B50F4614461D46084E30460E
:1054300019F02BFA10B96FF08300F8BDB368A2B26F
:105440001B683946304698470028F4D12C60F4E7B1
:10545000349D040008B54FF48061054803F006FB55
:1054600003F022FE002818BF6FF0040008BD00BF43
:1054700021B7002038B50E4B054618681CF019F806
:105480000C4B1B6823B153F8084904B1083C03B91D
:1054900038BD1A6812B15968284690472CB1A268E5
:1054A00002B1083A23461446F1E72246FAE700BF64
:1054B00060A6002058A600200149024819F0DEBC71
:1054C0002C0C0020B02C0020014B1868704700BF46
:1054D00060A6002003484FF0FF324FF0FF3301F089
:1054E00015BA00BF94100020014801F081BA00BF36
:1054F0009410002010B5FFF7EDFF084C20681CF059
:1055000063F8034620682BB919F0B5F8BDE81040E0
:10551000FFF7EABF1CF04DF8F0E700BF60A60020DF
:1055200010B5044698B103688BB1FFF7D3FF002391
:10553000A360084B596804F1080229B9C3E90022A5
:10554000FFF7D2FF002010BD0A605A60F8E76FF045
:105550001500F8E758A6002070B5214C86B000234E
:105560002568CDE9043301261E4B03938DF81060A6
:1055700085BB1D4819F0ADFC03AB4FF440621B49DD
:10558000194800936FF0070301F0F2FCFFF7A2FF48
:105590002946284619F066F81BF075FF3146206051
:1055A0001BF09BFF124920682A461BF073FFA0B92D
:1055B000206881211BF058FF2068BE211BF059FF95
:1055C0002068F0211CF00AF8FFF78EFF0949064811
:1055D00019F054FC002006B070BD6FF00400FAE72B
:1055E00060A6002052F40400B02C0020E8E7002060
:1055F000755402002C0C0020F0B5304C87B0FFF73A
:1056000069FF206801211BF048FF20B1FFF76CFF04
:105610006FF004001EE020681BF030FF002842D12C
:10562000274B2768186859686A4603C202AD03F120
:1056300008021833106851682E4603C608329A4291
:105640003546F7D11F4938461CF006F820B1FFF760
:105650004BFF002007B0F0BD20680F211BF066FF54
:105660000028F4D120684FF6ED611BF07BFF002885
:10567000EDD1154A0821684618F0C0FF0028E6D190
:10568000206869461BF0B0FF0028E0D10F4A1021C6
:1056900002A818F0B3FF0028D9D1206802A91BF096
:1056A000BDFF0028D3D1206801211CF004F8044676
:1056B000FFF71AFF002CCCD0AAE700BF60A600209D
:1056C0006CA20400C1C204005DF4040075F404007F
:1056D00008B5FFF7FFFE044B002118681BF0EBFF35
:1056E000FFF702FF002008BD60A6002038B5044681
:1056F0000D46FFF7EFFE054B2A46186821461BF0C2
:10570000E7FEBDE83840FFF7EFBE00BF60A600200F
:10571000024B01221A7018F06EBF00BF21BB00209F
:10572000034B1A781AB100221A7005F07BB9704742
:1057300021BB002008B519F0A3FD4FF47A72A0FB3D
:10574000020302FB0133C00B40EA4340014B1B68DC
:10575000C01A08BD64A6002013B58C18FFF7EAFF35
:10576000241A002C16DD4FF4004C40F2E7300021E3
:105770004FF47A720023E4FB0C01DAF711FD0246C4
:105780000B4600210020CDE90001064802F0F8FB9D
:1057900002B010BD044B01221A7002B0BDE81040E7
:1057A00018F029BFD00E002021BB0020014802F0D4
:1057B0000DBC00BFD00E0020A0F10B030F2B9BBF30
:1057C000094B1B187F2013F90B0C084B93F9003081
:1057D0007F2B04D09842A8BF184640B270477F285C
:1057E00008BF0020704700BF24BB002036BB00204C
:1057F000034B1880034B1B680146DB6802481847BF
:1058000076A900206CA60020149E0400024B19808B
:10581000024801F071B900BF72A900207811002080
:10582000054BBFF35B8F1B68BFF35B8F43FA00F040
:1058300000F00100704700BF68A6002001238340EC
:10584000064ABFF35B8FDB4352E8000F184042E883
:1058500000010029F8D1BFF35B8F704768A60020D4
:105860000123074ABFF35B8F834052E8000F1843C0
:1058700042E800010029F8D1BFF35B8F18F0BBBEEE
:1058800068A60020044B834204D1044B06201980F3
:10589000FFF7E6BF704700BF149E040072A9002006
:1058A000012908D002291FD001BB114B1878032809
:1058B0001CD1FFF7D5BF0E4B1B78022B16D11378E6
:1058C000042B0DD8DFE803F00E0308040A001123AF
:1058D000084A02201370ECE71623F9E70B23F7E7D9
:1058E0000123F5E71223F3E70720E2E7704700BF43
:1058F0003CBB002023BB00202DE9F043414CDFF8E6
:105900000881236841485B68414E424D87B0984703
:10591000B8F804303268023B13822368074698F8CF
:1059200006005A69FFF748FF01463848904798F843
:105930001C30296898F80600C3F30002C3F3001373
:105940005B0043EA820391F84F2022F006021343E2
:1059500081F84F30FB0516D5D8F814309BB1FFF70E
:1059600047FF23682A689C69336804212748A047B9
:10597000421D3BD10B20284B1870042007B0BDE816
:10598000F043FFF76DBF98F81C1011F0040925D003
:10599000FFF72EFFF906D4F8009014D51822002145
:1059A000684624F042F898F818308DF800306A46BE
:1059B000D9F8243015480D21984723682A689C6936
:1059C00033680221D2E7D9F8083010489847A8B9BF
:1059D00023682A689C6933680146C7E7FFF708FF18
:1059E00023682A689C6933684946BFE70028C2D00B
:1059F00010F1230F0CBF0E200F20BCE7431DF7D181
:105A0000B8E700BF6CA60020282E0020149E0400DA
:105A100070A6002074A6002022BB002070B58A6802
:105A20000C46134600251BB9052D05D9012070BD74
:105A3000198A5B680D44F6E7D3681B7803F0070307
:105A4000022BF3D10C4E2A463146204613F0DBFEE2
:105A50000028EBDB094A94F84D30937594F84E30EA
:105A60001660FF2B1ABFAE3B9BB24FF400439580EC
:105A700053750020DBE700BF37BB0020002E00205D
:105A800070B5002188B00020F4F74CFC214D224C69
:105A90002860002200237F20F4F70CFC01462060E0
:105AA00028681E4D13F052FE23681D48DA681D4B0E
:105AB0001D4C1A607F21102223F0B7FFAB682360D2
:105AC0002BB31A4E1A490023009330466FF0080397
:105AD0004FF4007201F04CFAD6F88800154919F01D
:105AE0005AFA236828465B68984710F0200006D1D0
:105AF00080F31188BFF36F8F0423184602DF0E4B2B
:105B00000293236805485B6A02AA0421984708B0FB
:105B100070BD00BF74A6002070A60020149E040073
:105B200024BB0020282E00206CA60020582D002029
:105B3000E8F30020A5F40400A158020008B50146CE
:105B4000034819F05BF80120FFF78AFE002008BD2A
:105B5000D411002008B50146034819F04FF8002081
:105B6000FFF77EFE002008BDF011002013B5064BA4
:105B7000ADF806101B6805481C6902220DF10603EA
:105B80000121A04702B010BD6CA60020149E0400A5
:105B900013B5054B01911B6804481C69002201AB39
:105BA0000121A04702B010BD6CA60020149E040085
:105BB00013B5064BADF806101B6805481C69012299
:105BC0000DF106031146A04702B010BD6CA60020DF
:105BD000149E0400044B1A78012A9DBF0122002064
:105BE0001A700D20704700BF3CBB0020034B1A7891
:105BF000012A9ABF002018700D2070473CBB00207E
:105C000010B5084C2378013B012B08D8064B0748F8
:105C10001B681B6A984701232370002010BD0D20CC
:105C2000FCE700BF3CBB00206CA60020149E0400D3
:105C30002DE9F04105468AB00020FFF7F1FD00286C
:105C400040F094800120FFF7EBFD60B10120FFF7E9
:105C5000F5FD884E88480022002300F019FF044615
:105C6000002840F0B9800220FFF7DAFD40B10220A1
:105C7000FFF7E4FD814B00211A7828461FF0F6F962
:105C80000320FFF7CDFD30B10320FFF7D7FD7C499E
:105C900028461FF0F4F90420FFF7C2FD794C50B3F9
:105CA0000420FFF7CBFD2378032B40F0D78002239D
:105CB00069467548237019F0F1F8744B70491B68F8
:105CC000734E93F84F30C3F34002C3F3800343EAAB
:105CD00002130A7F22F0110213430B77B388002BC3
:105CE0006C4B18BF32461B7808BF002228461FF0B5
:105CF000CFF90023B3800720FFF792FD28B10720DA
:105D0000FFF79CFD2846FFF77BFF2378032B00F06D
:105D1000AE800520FFF784FD044688B15E4E5F4AE1
:105D200033681178DB685E48984733685D499B6A41
:105D30005D4A09885A48984718B90520FFF77EFD43
:105D400000240620FFF76CFD40B1584B284693F91C
:105D500000101FF0A9F90620FFF770FD002C00F0DD
:105D600086800AB0BDE8F04118F045BC0020FFF77E
:105D700065FD40F201184E480022002300F088FE25
:105D8000044600283FF45EAFA368DB681B78ADF8DB
:105D9000008003F0F003602B18D1694628461BF001
:105DA000B7FB064690B101211BF0FAFBA76827B9A3
:105DB000314628461BF096FB08E03A8AF9683046DF
:105DC0001BF0F3FB30B130461BF0E6FB204613F02E
:105DD000E6FBD0E77F68EAE728220021684623F047
:105DE00024FEA0680EF003FAC3680093A3680022A3
:105DF00083BB3388ADF804208DF8063094F84D301D
:105E00008DF8163094F84E30FF2B1ABFAE3B9BB284
:105E10004FF400438DF8153094F84F30C3F3C002AF
:105E2000C3F3000343EA42039DF8172022F0030264
:105E300013438DF81730A36C049394F84C308DF80D
:105E400014302846002269461FF010F9204613F04E
:105E5000A6FBFFE6198A5B680A44C9E70E4B1048A7
:105E60001B685B68984783053FF521AF43E70AB09D
:105E7000BDE8F08176A90020D411002023BB0020CA
:105E8000282E00203CBB00203C0C002074A60020E3
:105E9000002E002022BB00206CA6002034BB002076
:105EA000149E040074A900208558020072A90020E5
:105EB000F011002070B5124D2A78F2B1114C124E3B
:105EC00023681248DB6831809847236830785A6924
:105ED000FFF772FC01460D48904723680B48DB69C9
:105EE0009847022304202B70FFF79AFC08B9002082
:105EF00070BD0420FFF7A2FCF9E70D20F8E700BF12
:105F00003CBB00206CA6002076A90020149E040053
:105F100038B50F4B0F4D1B680F485B6898472B78BF
:105F2000022B05D0012B01D00D2038BD8305FBD5F8
:105F30000A4818F081FF04460028F5D103230749D9
:105F400007482B7018F09AFF19F049F82046ECE743
:105F50006CA600203CBB0020149E04003C0C0020DA
:105F6000582D002000487047282E002010B50E4CF8
:105F70000E4823685B68984710F0010010D0236832
:105F80000B4A9B6A09480121984750B94FF0FF33EB
:105F900008484FF0FF3200F0EBFD074B93F900008B
:105FA00010BD7F20FCE700BF6CA60020149E0400FB
:105FB0000D5802007811002072A9002008B50F4B7F
:105FC0000F481B685B6898470246430003F00200D5
:105FD000D30648BF40F00800910648BF40F00100DA
:105FE000930548BF40F01000510548BF40F08000C5
:105FF000D30448BF40F4807008BD00BF6CA60020E9
:10600000149E040010B586B00C4618220021684684
:1060100023F00BFD054B8DF800401B6804485B6ABC
:106020006A460C21984706B010BD00BF6CA6002040
:10603000149E0400014B1878704700BF35BB002048
:10604000F8B5114E114B3768114D1970BB6A2A8093
:106050000C46B3B10520FFF7F1FB0620FFF7EEFB7E
:10606000FB680C482146984733680B4A9B6A29888D
:106070000848984708B90020F8BD0520FFF7F0FB55
:10608000F9E70C20F8E700BF6CA6002034BB002025
:1060900074A90020149E0400855802002DE9F047E1
:1060A00086B006468A461546002118226846DDE974
:1060B0000F789DF838901C4623F0B7FC002E4ED088
:1060C000002F4CD03F2C4AD8BAF1040F98BF264B72
:1060D00005F1FF32D2B294BF33F81A300023032AFD
:1060E000ADF8003096BF214B002353F822300393C4
:1060F00004F00102A00748BF42F48072610748BF64
:1061000042F40072230748BF42F48052E50648BFBC
:1061100042F40052A00648BF42F48042D10448BF76
:1061200042F48062930448BF42F40062B9F1010F67
:1061300004BF3368059302923346424639466846A7
:1061400008BFCDF8049019F043FD0446684619F0E5
:10615000D4FE204606B0BDE8F04718F09BBA0720F1
:1061600006B0BDE8F08700BFB2BB040050AF04002A
:1061700038B505460C4661B1C02118F097FA40B118
:10618000A1682868044A19F064FEBDE8384018F098
:1061900081BA072038BD00BF0900800330B514461E
:1061A00087B005460A4699B194B1042118F07EFAE9
:1061B00070B105AB286802931023CDE9004306496E
:1061C000006802F0AFFE07B0BDE8304018F062BAD8
:1061D000072007B030BD00BF00444004F0B51646AC
:1061E00091B0102205460F460DEB0200002123F06E
:1061F0001CFC6FF0010308AC06936B1C039405971D
:106200008DF81C600BD10A492046D9F7EDFF0949EA
:1062100003AA2046DDF73EFF069811B0F0BD044BFF
:10622000054A0095202120460BF01EFEEFE700BF37
:10623000B4F404003D620200B7F4040010B58AB063
:106240000C9CA268511C07D063689A4204D00133A9
:10625000636000200AB010BD30B9237C002BF8D059
:106260000B482368024601E023680A4ACDE9002072
:106270002021094A02A80BF0F7FD02A80DF003FE49
:106280000023E360D4E90130C31A58425841E1E7E2
:10629000A1C70400E2C70400BDF4040000B591B03A
:1062A00000200393129B049300916FF001032021BF
:1062B0000590069207930DEB0100084B084A0BF07E
:1062C000D3FD084903AA08A8DDF7E4FE079B002BCD
:1062D00014BF1720002011B05DF804FBB4F40400D3
:1062E000B7F40400F3E7030070B50C468AB0154616
:1062F0004FF0FF31002220461E46FFF76FFF094B8B
:10630000094A0094202102A80BF0AEFD324629462E
:1063100002A8DDF78DFE002814BF032000200AB07C
:1063200070BD00BFB4F40400B7F4040010B5044617
:10633000DDF714FA0348044A01210DF068FC2046F9
:1063400018F0AEFA80A10400C4F404002DE9F8436B
:10635000044600AF0D46EFF31188202383F3128823
:10636000BFF36F8F04282A4A98BF2A4B9668117C86
:1063700094BF53F82030284BE9468AB06A46274834
:10638000CDE9073140F20133ADF82430244BCDE99B
:10639000050442F8103F234800234FF43151DDF744
:1063A000ABFACD4645B1EB69C3F3080323B11E4AEE
:1063B0001C4801210DF02BFC2EB1304618F0EEFDEB
:1063C00008B1037803B91948E9468AB06A46184B00
:1063D0000790CDE9053640F20133ADF82030154B7A
:1063E00042F8103F00230F484FF41151DDF784FAB3
:1063F0002946CD462046FFF799FF88F31188BFF361
:106400006F8F3046DEF7C8FBBD46BDE8F88300BF9E
:1064100078A6002060AF0400D4F40400E2F4040085
:106420000500000180A104000AF50400A3D90400BE
:106430002BF504000400000138B50A4B53F8204046
:10644000013053F82050A54200D838BD606830B103
:10645000037EDB0701D418F000FA0834F3E7236861
:106460009847FAE774AF040070B5324B324C334DA5
:10647000012286B01A70AC4220D30320FFF7DCFF64
:106480002F4C304DAC421DD10420FFF7D5FF2E4CD0
:106490002E4D2646AE4204F1300419D301F076FAAF
:1064A000294CAC4230D301F085FADBF703FE284AD1
:1064B000938923F00103938106B070BD54F8043B27
:1064C0009847D8E754F8043B002BDDD09847D9E72C
:1064D00054F80C3C059354F8103C049354F8143CC5
:1064E000039354F8183C029354F81C3C019354F85D
:1064F000203C009354E90A2354E90C0100F072FE99
:1065000054F8303C5E65C4E7D4E90A23B3F1FF3F99
:1065100008BFB2F1FF3F05D052EA0301206803D162
:1065200000F0F2FE3034BCE70A49183001F03CFBC1
:10653000F8E700BF3DBB00206C9E0400709E040085
:1065400038A0040038A00400709E0400D09E04000F
:10655000D82E0020BBF0030070B5144E144D154921
:10656000882386B003FB006601220023CDE90423C3
:106570000F22CDE902320193142303FB00554FF49F
:10658000A072044602FB00110B4B0095304600F050
:1065900029FE337C2C7423F004033374074BEE6024
:1065A000013403EBC4236B6006B070BD502E002095
:1065B00078A60020E8FD002035EA0300E8F5002079
:1065C0007FB50020FFF738FF2E4B83F308882E4C51
:1065D0002E4D636943F400736361E02384F8223035
:1065E0000023E37723766376A37684F82030626A0B
:1065F00042F4E022626284F82330DEF7BDF9DEF770
:10660000B5FA4FF0FF33A362E362DEF7B5FBDEF7C6
:1066100029FBDCF7FDFF1E481E4C00F027FEDEF7CD
:1066200001FFAC422AD30120FFF706FF0220FFF74B
:1066300003FF01F0A3F9184B184C5C61184B05934C
:1066400000250123174900954FF42062CDE903533B
:10665000CDE90155144B204600F0C4FD237C0646CD
:1066600023F004032046237418F0CDFC2846FFF7DE
:1066700073FF0D4A31462046DEF75CFA54F8043BBE
:106680009847CEE7E8FD002000ED00E06C9E040096
:1066900008300020689E040078A60020D82E002034
:1066A0008DF5040028FF00206964020038B5064C0F
:1066B000064DAC4201D3002038BDD4E9011220467A
:1066C00018F038F91834F4E70010002030100020DA
:1066D00030B585B0DDE90845034B0293CDE90045AF
:1066E00018F0E6F805B030BDA526030038B5064C15
:1066F000064DAC4200D338BD204618F041F90028C1
:10670000F9D12034F5E700BF400F00200010002031
:1067100073B50C46EFF31181202585F31288BFF382
:106720006F8F05695DB125602B680361C369013313
:10673000C361002081F31188BFF36F8F11E052EA2B
:10674000030603D125606FF00B00F3E7CDE90023CA
:106750000246083000F0F8FF18B9034B9B685B69EC
:10676000236002B070BD00BF78A60020F7B50E46CA
:1067700004469DF82010EFF31187202080F3128843
:10678000BFF36F8F656A2069854245D22568AC42A8
:1067900019D0C5B1284618F058F905F1180001F0D4
:1067A00093FAE2686869314623F018F90023C5F8C6
:1067B0008430284600F048FE04F10800394600F015
:1067C0004BFF002036E0E268D9B1206A314623F061
:1067D00005F9236AE2681344A2692362934201D156
:1067E00063692362636A01336362102104F1280044
:1067F00018F0A3FE0028DFD187F31188BFF36F8F55
:1068000018E0E0696369984208BFA069801AE061F6
:10681000314623F0E3F8E5E752EA03010CD00849DA
:10682000896804F108004E61CDE90023394622460B
:1068300000F08AFF03B0F0BD6FF02200DCE700BF7C
:1068400078A60020F7B504460846EFF3118620210C
:1068500081F31288BFF36F8F616A00293BD0E26831
:10686000E16923F0BBF8E369E26825681344A26993
:10687000E361934204BF6369E361636AAC4203F17D
:10688000FF33636236D02846002D34D018F0DDF88F
:1068900005F1180001F018FA6969E268206A23F02E
:1068A0009DF8236AE2681344A2692362934204BFFD
:1068B00063692362636A0027013363622846C5F86F
:1068C000847000F0C1FD04F10800314600F0C4FE00
:1068D000384603B0F0BD52EA030111D00A49896875
:1068E0004861CDE900233146224604F1080000F05A
:1068F0002BFFEEE7002086F31188BFF36F8FE8E7E8
:106900006FF02200F7E700BF78A600202DE9F341E1
:10691000044617461E46EFF31188202383F312889E
:10692000BFF36F8F304BC2689B6872B1806898422A
:1069300017D057EA060216D188F31188BFF36F8F7C
:106940006FF00F0002B0BDE8F08193F90E102161E5
:106950000132C4E9023288F31188BFF36F8F00203F
:10696000F0E72169F3E793F90E1090F90E309942A0
:1069700030DA9942A8BF194618F07BF80546CDE9F0
:1069800000761A482246414600F0DEFE0028E6D096
:10699000EFF31186202383F31288BFF36F8FA06873
:1069A000D0B1236821699C420AD04BB193F90E30D3
:1069B0009942A8BF19466FF07F039942B8BF1946A4
:1069C00018F057F840B10948314600F045FE6FF025
:1069D0000A00B7E70025D2E7002DF4D186F311882D
:1069E000BFF36F8FF3E700BF78A600203EBB002007
:1069F000F8B583680546002B40D0234A926893423D
:106A00003FD1C368012B03D9013BC3600020F8BD0F
:106A1000EFF31187202383F31288BFF36F8F01698F
:106A2000806818F026F82C68A54207D10023C5E934
:106A3000023387F31188BFF36F8FE7E7002CF5D09F
:106A4000D4E9003213605A60237C002623F002034D
:106A50002374C4E90066A66004F1180001F034F95B
:106A6000AC6094F90E302B612046C4F8846000F0CD
:106A7000EBFC0648394600F0EFFDC7E76FF0150064
:106A8000C5E74FF0FF30C2E778A600203EBB0020EC
:106A900073B5EFF31185202181F31288BFF36F8F57
:106AA0000468B4B12368426823F00303944208BF2A
:106AB0004360036023689B0704D02046666818F093
:106AC000DFFD344685F31188BFF36F8F204602B097
:106AD00070BD52EA0301F5D0CDE90023294600F14B
:106AE0000C02083000F030FE0028EFD1014B9B680B
:106AF0005C69EBE778A6002070B5EFF311862023E0
:106B000083F31288BFF36F8F0468A0421CD0DCB1FE
:106B1000D4E9003213605A60237C002523F002037D
:106B2000C4E900552374A56004F1180001F0CCF805
:106B3000C4F884506561204600F086FC31460B485D
:106B4000BDE8704000F088BDD0E902329A4218BF1B
:106B5000013383600221103018F0EFFC0028EDD1E2
:106B600086F31188BFF36F8F70BD00BF3FBB00205D
:106B700013B5EFF31181202484F31288BFF36F8FD4
:106B8000846844B1013C846081F31188BFF36F8F46
:106B9000002002B010BD52EA030406D181F311882F
:106BA000BFF36F8F6FF00F00F3E7CDE900230246CC
:106BB000014800F0C9FDECE73FBB0020F8B50546F1
:106BC000EFF31187202383F31288BFF36F8F002622
:106BD0002C68A5421AD0CCB1D4E9003213605A60B7
:106BE000237C002623F00203C4E900662374A66018
:106BF00004F1180001F068F86FF00A036661C4F848
:106C00008430204600F020FC0126E1E70023AB6041
:106C1000022105F1100018F090FC28B926B987F37D
:106C20001188BFF36F8FF8BD39460248BDE8F840C0
:106C300000F012BD3FBB002007B5064B009306498C
:106C400006484FF0FF334FF4806200F091F903B033
:106C50005DF804FB8CAF040028090120602F0020A0
:106C60002DE9F04FDFF89C8185B004464FF0FF36E8
:106C70004FF0FF37EFF31189202383F31288BFF31E
:106C80006F8FD4F88C5065BB022104F1A40018F07A
:106C90002EF8002800F0848004F19C0BD4F89C505E
:106CA0005D4500F08A80002D00F08780D5E9003234
:106CB00013605A602B7C4FF0000A23F002032B7400
:106CC000C5E900AAC5F808A005F1180000F0FCFF0E
:106CD0000123C5F88430C5F814A0284600F0B4FBA1
:106CE000DCE7D4F890202B68C4F88C30954208BFBC
:106CF000C4F89030D4F8A43043F00203C4F8A430B0
:106D0000EB6823F0040343F00103EB606B6889F345
:106D10001188BFF36F8F28469847EFF3118920231E
:106D200083F31288BFF36F8FEB68D80623F001025C
:106D30004ED4EA60EB689A071BD5D8F8000023F020
:106D40000203EB60A8B10268002190B143689D4244
:106D50004ED10368002943D1D8F80420C8F8003088
:106D6000904201D1C8F80430002340F8083BFFF7F7
:106D7000C3FED4F8A43023F00203C4F8A430DB052A
:106D80003ED4D4F88C30003B18BF012389F311881E
:106D9000BFF36F8F002B3FF46DAF18F020F969E758
:106DA000D4F8A430D90608D5C4F8A40089F3118812
:106DB000BFF36F8F05B0BDE8F08F0023CDE900670A
:106DC000029304F1940249460F4800F009FE51E78E
:106DD00023F01103EB6005F11000FFF78DFEA9E72A
:106DE0000B60D8F80430984208BFC8F80410BBE71D
:106DF00001461AB1136810461A46A6E71346FAE789
:106E00000023C3E798A6002040BB002070B5C368EC
:106E1000C3F340069B0705460C460DD50122002111
:106E200004F1080017F053FF00232360054B656051
:106E30005A681AB9C3E90044304670BD14605C60FA
:106E4000FAE700BF98A60020F8B5C3689A07044681
:106E50000E46C3F3400542D45F0742D40B680BB91A
:106E600083680B60E368D80744BFA3683360376862
:106E70004CBF0225012557B31B4B9A68D7F88830C1
:106E80009A421ED118F081F880F00100C0B2D7F804
:106E9000A430D907C3F380021CD5F2B1F8B10023A6
:106EA0002360D7F8903073B9C7E92344384617F008
:106EB0007CFFE36843F00403E3603368A360284683
:106EC000F8BD0020E3E71C60C7F89040EEE76FF0E4
:106ED000150506E06FF0120503E01B07DFD56FF024
:106EE0000F0500233360EAE778A60020F8B5C368F1
:106EF00003F00503002B06460C4614BF01270027AC
:106F00001CD085680122002104F1100017F0DFFE7B
:106F10001349204617F087FFE36843F01003E3604E
:106F2000F3685B0712D5336823606BB9D5F89030EE
:106F300033B9C5E92344284617F037FF3846F8BD72
:106F40001C60C5F89040F6E73460F4E7D5F88C3063
:106F50002360D5F89030C5F88C40002BEBD1F0E7DA
:106F600005ED03000146014817F088BF602F00209F
:106F7000F0B589B004460020C4E923000E9D04F159
:106F80009400C4E9250004F19C00C4E9270055B32E
:106F90002879002840F2011008BF0120C4F8A4009D
:106FA00000204FF0FF364FF0FF37CDE90330CDE939
:106FB0000100CDE906670D4B0094204600F0C8F9AA
:106FC00055B1296811B1204617F0E5FF6B791BB167
:106FD000A38943F00103A381204600F095F9C4F88A
:106FE000884009B0F0BD0120D8E700BF616C020005
:106FF00037B501900846EFF31184202181F3128800
:10700000BFF36F8FC16811F01E0F16D153EA02054E
:1070100008D101A9FFF718FF84F31188BFF36F8F20
:1070200003B030BD41F00801C1600199816204499B
:10703000103000F0B9FD0120EEE70020ECE700BFC2
:10704000EBED030001460148FFF7D2BF602F00209F
:10705000F0B585B00C46019017461D46EFF311833D
:10706000202181F31288BFF36F8F03A92046039379
:1070700017F049FE55EA0703039E09D101A92046EE
:10708000FFF7E2FE86F31188BFF36F8F05B0F0BD06
:10709000E368074943F00803E360019BA3623A46B3
:1070A0002B4604F1100000F07FFD0120EAE700BF4D
:1070B000EBED030001460148FFF7CABF602F002037
:1070C00070B5EFF31186202383F31288BFF36F8F1F
:1070D0000468A0421CD0DCB1D4E9003213605A60CD
:1070E000237C002523F002032374C4E90055A56026
:1070F00004F1180000F0E8FD2046C4F884506561F2
:1071000000F0A2F90548314600F0A6FA002070BD53
:1071100086F31188BFF36F8FF8E700BF41BB0020F3
:107120002DE9F0410746EFF31188202383F31288FD
:10713000BFF36F8F00263C68A74218D0BCB1D4E9DA
:10714000003213605A60237C002523F0020323746D
:10715000C4E90055A56004F1180000F0B5FDC4F8BD
:1071600084506561204600F06FF90136E3E736B9D7
:1071700088F31188BFF36F8F3046BDE8F081024875
:10718000414600F069FAF7E741BB00202DE9F341E1
:107190001C4652EA040307460D4616461CD0EFF380
:1071A0001188202383F31288BFF36F8F0846FFF7FF
:1071B0001FFCCDE900643A464146094800F0C4FA94
:1071C00004464FF0FF324FF0FF332846FFF79EFB97
:1071D000204602B0BDE8F0816FF00A04F8E700BF76
:1071E00041BB00202DE9F04F85B0984600F15803CF
:1071F0000732C0E91633129B838122F0070504236E
:107200000026037401EB0509119B83734FF0000AFC
:107210004FF0000B0F46C0E906664946C0E908ABCF
:107220008660C6730446DDF771F90730109B20F0C5
:1072300007006067C4E91B7502930F9B0193A9EBDC
:1072400000090E9B00934A46434639462046DDF727
:1072500055FC054B66659B6803B19B6FA367484669
:1072600005B0BDE8F08F00BF78A60020012310B55F
:10727000037483810023C0E91B33044600F0C6FF7A
:10728000014B9C6010BD00BF78A600200E4A92689A
:107290008242034604D1EFF305820AB900F006BB2F
:1072A000EFF31181202282F31288BFF36F8F1A7CD3
:1072B00012F0100204D081F31188BFF36F8F704772
:1072C000184600F02BB900BF78A6002010B5EFF3E8
:1072D0001184202282F31288BFF36F8F027CD106C3
:1072E00004D484F31188BFF36F8F10BD22F0100215
:1072F000027400F0A9F821460248BDE8104000F0F1
:10730000ABB900BF42BB002038B50446EFF311858E
:10731000202383F31288BFF36F8F037C5B070FD5A5
:10732000183000F0D1FC237C23F0040320462374A2
:1073300000F08AF829460548BDE8384000F08CB9CD
:1073400085F31188BFF36F8F38BD00BF42BB0020AB
:10735000F0B587B000250595109D04950F9D039508
:107360000E9D0295DDE912760D9D01950C9D00950F
:107370000446FFF737FFB6F1FF3F08BFB7F1FF3F05
:1073800005D056EA070305D12046FFF7BDFF20468A
:1073900007B0F0BD3A46334604F11800014900F049
:1073A00003FCF4E7BBF003000A4A93686FF00A019C
:1073B000C3F884100849C3F880004B6843F0805339
:1073C0004B60002383F31188BFF36F8F9368D3F86A
:1073D0008400704778A6002000ED00E038B5184C16
:1073E000A168E0690B68814214BF1A46002249680F
:1073F0000B605960A368E1692AB9124AC3E9002108
:107400000B60E3610AE092F90E5093F90E00854299
:1074100012DD5168C3E900210B605360A569094B77
:107420009D4200D005B9E568A3689D4202D0284678
:1074300017F000FF656138BD8A42DED01268DBE7D5
:1074400078A6002090A6002070B590F91020037C4B
:10745000002A2FDBD9062DD11A4C63F07F03224678
:10746000037452F8183FE169934207D1C0E9002143
:107470000860E0610FE09942F8D01B68002BF5D05E
:1074800093F90E6090F90E50AE42F4DD5968C0E9F0
:10749000003108605860A569954200D005B9E568DB
:1074A000A3681A7CD20606D1DA897F2A03D9AA6991
:1074B0000AB9636170BDAB4202D0284617F0BAFE2C
:1074C0006561F7E778A6002038B590F91020037CB5
:1074D000002A014604DA03F07F03037417F081FDEC
:1074E0000D4D2A46AB6852F8184F944200D004B9AB
:1074F000EC688B4207D01A7CD20604D1DA897F2A45
:1075000001D9A2692AB1A34202D0204617F092FE07
:1075100023466B6138BD00BF78A600202DE9F843F3
:10752000002A027C0CBF4FF010084FF0080818EA40
:10753000020F04460D4662D148EA0203D2090CD17B
:107540000374B8F1080F7BD1A36813B1204617F07C
:1075500050FD04F1180620270FE003F07F030374A9
:1075600017F03FFDEDE785F31188BFF36F8FEFF361
:10757000118587F31288BFF36F8F304600F0A4FBAC
:107580000B30F0D0A66D04F15807B74211D04FF080
:10759000000976B1304617F02CFDC6F8849006F14C
:1075A000180000F091FB3046FFF74EFFA66DB74282
:1075B000EFD1274B9B689C4242D1EFF30587003FF8
:1075C00018BF0127DFF888904B4653F8186F9E428A
:1075D00000D00EB9D9F80C60D9F80830B34202D007
:1075E000304617F027FEB8F1100FC9F8146006D026
:1075F00020460CF073FD17B11648FFF737FE144B09
:107600009B68A3421ED1EFF30583DBB9A289D207A1
:1076100011D585F31188BFF36F8F83F31188BFF302
:107620006F8F0423184602DFEFF31185202383F3C5
:107630001288BFF36F8F2846BDE8F843FFF7B4BE4A
:107640000027BFE785F31188BFF36F8FBDE8F8838C
:1076500078A600200830002049B9EFF3058030B942
:10766000054B5A699B689A4201D0FFF79DBE81F392
:107670001188BFF36F8F704778A6002070B50F4D4B
:107680002B46064653F8184F9C4200D004B9EC68CC
:10769000AB681A7CD20604D1DA897F2A01D9A269A3
:1076A0002AB1A34202D0204617F0C4FD23466B61E5
:1076B00031460348BDE87040FFF7CEBF78A60020F2
:1076C00042BB002070B5EFF31186202383F31288AC
:1076D000BFF36F8F1A4CA168E0690B68814214BF39
:1076E0001A46002249680B605960A368E1692AB90B
:1076F000144AC3E900210B60E3610AE092F90E50DD
:1077000093F90E00854216DD5168C3E900210B6034
:107710005360A5690B4B9D4200D005B9E568A3688D
:107720009D4202D0284617F085FD65613046BDE8D0
:107730007040FFF739BE8A42DAD01268D7E700BF3F
:1077400078A6002090A60020F8B5DDE906670C4673
:107750001146EFF305833BB1002383F31188BFF398
:107760006F8F0423184602DF0D4B0E4A9868106095
:10777000EFF31182202282F31288BFF36F8F9D688E
:10778000284617F04FFC32463B4605F118000649E3
:1077900000F00AFA2046BDE8F840FFF705BE00BF3A
:1077A00078A60020A0A60020BBF00300F8B5044690
:1077B000EFF31187202383F31288BFF36F8F037CCD
:1077C00003F01F02002A0CBF0126002649B235D162
:1077D00003F07F03037417F004FC294D037C8173CD
:1077E00063F07F032A46037452F8183FE869934216
:1077F00007D1C4E900200460EC610DE09842F8D0A4
:107800001B68002BF5D093F90EC08C45F6DD596846
:10781000C4E900310C605C60AC69944200D004B9EA
:10782000EC68AB689C4202D0204617F003FD6C6107
:1078300087F31188BFF36F8F3046F8BD9B071CD5C7
:10784000856817F0CEFB81732B689D4209D16B6868
:10785000C4E900531C606C60EAE76A689A42F6D09B
:107860001B68002BF3D093F90E208A42F5DD5A688D
:10787000C4E9003214605C60DAE78173D8E700BFC6
:1078800078A60020034648B9EFF3058232B9064ACC
:1078900051699268914201D0FFF786BD83F3118848
:1078A000BFF36F8F704700BF78A6002070B5EFF36D
:1078B0001186202383F31288BFF36F8F037C0D4D55
:1078C00003F07F0343F01003037417F08AFB2B4689
:1078D00053F8184F9C4200D004B9EC68AB689C4246
:1078E00002D0204617F0A6FC6C613046BDE870401F
:1078F000FFF75ABD78A60020F8B550EA0103054607
:107900000C4603D117F06BFB0020F8BDEFF3118795
:10791000202383F31288BFF36F8F144E144BB0688B
:107920001860FFF7D1FDB06812492A462346183087
:1079300000F03AF9B3681A7CC3F8807042F0040290
:107940001A746FF00A02C3F884200B4A536843F09C
:10795000805353600446002383F31188BFF36F8F75
:1079600017F08AFC201A20EAE070CEE778A6002003
:10797000A0A60020BBF0030000ED00E0024B03F1E5
:107980001802C3E90622704778A60020EFF31181A0
:10799000202383F31288BFF36F8F054B9A68D37B44
:1079A000013BD37381F31188BFF36F8F704700BF22
:1079B00078A60020EFF31180202383F31288BFF311
:1079C0006F8F034B9A68D37B0133D373FFF756BE97
:1079D00078A60020014B9868704700BF78A6002069
:1079E000D3B5DDE90667089CCDE90067FFF7ACFE7B
:1079F0001CB1034B9B685B69236002B0D0BD00BF24
:107A000078A60020027C12F01F02034610D10A491A
:107A100088420DD00949086868B1D9897F2909D8F9
:107A200093F90E20064B1B689A42B8BF002070479E
:107A30000020704710467047502E00204C0C00204C
:107A4000A4A60020044BC01A044BC0105843044B9A
:107A500001221A54704700BF90300020ABAAAAAA96
:107A600043BB0020F8B50B4B0B4D1E7C0B4F18236E
:107A700003FB06550446284600F026F934B1BB5DE9
:107A80000749E21AD317284600F08EF80023BB55A9
:107A9000F8BD00BF78A600209030002043BB002036
:107AA000457A0200F8B5EFF31187202383F312889B
:107AB000BFF36F8F124E134BB5681868A84206D1FA
:107AC00017F0B8FB87F31188BFF36F8FF8BD002262
:107AD0001A60337C0C4AD35C002BF3D02846FFF7A6
:107AE00091FF04460028EDD02B7CDB06EAD1FFF79E
:107AF00075FC7369AB42E5D12046FFF7B3FFE1E7C0
:107B000078A60020A0A6002043BB0020024B1868E6
:107B1000984208BF00207047500C002008B502466C
:107B2000FFF7F4FF6FF00041C8B18A4215D2D0E9E7
:107B30000230B0F1FF3F08BFB3F1FF3F03D16FF058
:107B40000040801A08BD8B4270F1000001DB05483F
:107B5000F7E79A4201D2981AF4E70020F2E78A4246
:107B6000EDD3EFE7FEFFFF7F024B186808B1F8F78F
:107B700043BC7047580C002070B50246FFF7C6FFA3
:107B80000849034600204D68014603B970BDD3E99A
:107B90000246001941EB06019342F7D0AB42F5D003
:107BA0001B68F2E7500C0020B3F1FF3F08BFB2F1B1
:107BB000FF3F2DE9F84F04469A461546984679D07E
:107BC0000161EFF31187202383F31288BFF36F8FD6
:107BD000BAF1000FDFF8E49023DBFFF7C5FF384B65
:107BE0001A68003A18BF012245194AF100035219D8
:107BF000D9E9005143F10003551943EB010806464A
:107C00000121DFF8C090C4E90223FFF77FFFD9F814
:107C100004A0D0B9C4E9009ACAF80040C9F80440E9
:107C200025E0D9E900136FF00102521A4FF0FF313D
:107C300061EB0303521B63EB0A03012A73F100019A
:107C4000BCBF012200230021DBE7D0E9022ED4E9EA
:107C5000023C93427CEB0E0B23DAD21A6EEB0C0340
:107C6000C0E902234368C4E900031C604460FFF7D5
:107C70004DFF84420DD1124B1B68013309D111B95C
:107C8000FFF772FF06463046FFF748FF0021F8F77E
:107C900089FB87F31188BFF36F8F28464146BDE803
:107CA000F88F9B1A6CEB0E025045C4E90232B1D03A
:107CB0000068AEE70025A846EFE700BFA830002027
:107CC000580C0020500C0020F8B50446EFF3118644
:107CD000202383F31288BFF36F8F026872B3FFF71C
:107CE00015FF184B5B689C4208D0D2E90231D4E9F9
:107CF0000275DB1941EB0501C2E90231D4E900321A
:107D00000025844213605A60C4E900550ED000205B
:107D10000D4A136823F001018C4204BF43F00103B4
:107D2000136086F31188BFF36F8FF8BDFFF71CFF58
:107D3000FFF7F4FE2946F8F735FBE8E76FF015008A
:107D4000E6E700BF500C0020A8A60020EFF3118248
:107D5000202383F31288BFF36F8F064B1B6840F01C
:107D600001001B1A5842584182F31188BFF36F8FEC
:107D7000704700BFA8A600202DE9F047344E354DCE
:107D8000DFF8D490354F306000230C462B60D6F8D6
:107D90000080B8F1000F10D14FF0FF3340462B6048
:107DA000FFF7BCFE4146F8F7FDFA84F31188BFF3F4
:107DB0006F8FBDE8F047FFF775BEFFF7A7FE6FF0C6
:107DC000004330B1D0E90212994272F10002B8BF0B
:107DD0000B464345194684BF434641464FEAE37C80
:107DE00038B18268D0F80CE0D21A6EEB0C0EC0E904
:107DF000022ED9F80020D218D9F8043043EB0C0336
:107E0000C9E90023A8EB010131604FF0000A4FF0EF
:107E10002008FFF77BFE0028B9D0D0E902120A4300
:107E2000B5D1D0E900210A60516002693860C0E92B
:107E300000AA84F31188BFF36F8F9047EFF311848A
:107E400088F31288BFF36F8FC7F800A0E1E700BF87
:107E5000ACA60020580C0020A8300020A8A60020C6
:107E600010B5EFF31184202383F31288BFF36F8FD3
:107E7000FFF77AFE054AD2E90031C01841F100014E
:107E800084F31188BFF36F8F10BD00BFA8300020AE
:107E90002DE9F0410446EFF31186202383F3128885
:107EA000BFF36F8F03682BB186F31188BFF36F8F19
:107EB000BDE8F081FFF74AFF07460028F4D1D4E976
:107EC0000A586A1C48F10003022A73F1000324D304
:107ED00017F0D6F9281848EB0101012871F10001CB
:107EE00042DB17F0CDF96FF00203281848EB0101CF
:107EF00083426FF000438B413BDB17F0C1F96FF019
:107F000001022D1848EB0103521B4FF0FF3161EBCA
:107F100003031A492046FFF747FE236B013323630F
:107F2000236A63B186F31188BFF36F8F20469847A9
:107F3000EFF31186202383F31288BFF36F8F54F879
:107F4000185FA542B0D0002DAED0284617F090F8AB
:107F50000023C5F8843086F31188BFF36F8F28465D
:107F6000BDE8F04117F04FB86FF001024FF0FF335A
:107F7000CFE73A464FF00043CBE700BF917E0200C7
:107F8000B3F1FF3F08BFB2F1FF3FF8B50446164614
:107F90001D4618D0EFF31187202383F31288BFF317
:107FA0006F8FFFF791FEDDE906010023C4E90A01A6
:107FB000236332462B4620460349FFF7F5FD87F33E
:107FC0001188BFF36F8FF8BD917E020070B5054632
:107FD000EFF31184202686F31288BFF36F8FFFF72B
:107FE00073FE20B184F31188BFF36F8F70BD6B6A8D
:107FF00063B184F31188BFF36F8F6B6A284698478B
:10800000EFF3118486F31288BFF36F8F05F1180028
:1080100017F068F80028E5D016F0F5FF2146024871
:10802000BDE87040FFF718BB44BB0020F0B5142337
:10803000154E03FB01000024202701B9F0BD10F804
:10804000073C40F80C4C03F03F03102BA0F1140C3C
:108050000CD826FA03F3DB0708D550F8143C2BB1F3
:1080600050F8105C2B605D6040E9054482F3118894
:10807000BFF36F8FEFF3118287F31288BFF36F8F17
:1080800001396046D9E700BF160101002DE9F74F1D
:108090001D46274B9F68012387F8603087F86130C1
:1080A00052EA050316460CBF0123002307F16002C4
:1080B000804617F075F98146EFF3118B4FF0200AD7
:1080C0008AF31288BFF36F8F97F860404CB901466E
:1080D0005A464046FFF7AAFF8BF31188BFF36F8F14
:1080E0000BE0002387F8603056EA050309D18BF3D3
:1080F0001188BFF36F8F6FF00A04204603B0BDE80C
:10810000F08FCDE900650B4A0B485946FFF71CFB81
:108110000446EFF311858AF31288BFF36F8F2A4666
:1081200049464046FFF782FF85F31188D6E700BF36
:1081300078A600205C0C002045BB002010B503464B
:10814000EFF31184202282F31288BFF36F8FC16096
:10815000012181600068834205D184F31188BFF357
:108160006F8F002010BDD0E9003213605A600023E9
:10817000C0E9003317F09BF902482146FFF76CFA7B
:10818000EFE700BF45BB002073B50446EFF311864F
:10819000202383F31288BFF36F8F8368594003EA6B
:1081A00002050A405340009300226B4608490192A1
:1081B00017F00CF8DDE9003223EA020304F10C00A9
:1081C000A3603146FFF748FA284602B070BD00BFF1
:1081D000FFF503002DE9F04105460E46174616F05F
:1081E000D4FE28B9074B9B689C6F14B9BDE8F08199
:1081F000054C3B46324629462046BDE8F04117F083
:1082000027BA00BF78A6002000100020014B83672A
:10821000704700BF001000200146024A0020FFF70F
:10822000D9BF00BF9F2603002DE9F7431F4606462E
:108230000D46904609880DF106030DF107023846F8
:1082400000F034F9044650B9274A27F47E139342CC
:1082500009D002F5807293422AD06FF0850420463F
:1082600003B0BDE8F083214B33602B8803F4E04278
:10827000B2F5005F02D06FF08604F0E703F4E0632C
:10828000B3F5806FF7D106F10809484617F0B6FF3D
:108290006B889DF806104246484617F0B3FF17F06A
:1082A0000AFBF8B92B88B380C7F30547F771D6E707
:1082B0000F4B33602B8803F4E042B2F5005FDAD154
:1082C00003F4E063B3F5806FD5D106F108094846A1
:1082D00018F0DCFA6B889DF806104246484618F004
:1082E000DAFADCE70446BAE7000140050001500570
:1082F0000002500510B50B4A03689342044609D0AA
:1083000002F58072934209D0A37923F00103A3718F
:10831000002010BD083017F09BFFF5E7083018F07B
:1083200004FEF1E7000150052DE9F04FEDB008AC77
:108330000746884699464FF4C87200212046DDE979
:1083400079ABDDE97B5621F070FB39464B4642465E
:108350002046FFF769FF074600BBE3797D9A59196C
:10836000914236D821681E48814206EB05021CD195
:10837000CDE90423789B0093CDE902B6DDE97623AD
:10838000CDF804A029460AA818F086F917F093FA48
:10839000074618B9E3797E9A2B4413602046FFF70D
:1083A000A9FF38466DB0BDE8F08F0E48814213D169
:1083B000CDE90532789B0193779B0093CDE903B615
:1083C000769BCDF808A02A4601210AA818F05FFD87
:1083D000DCE76FF08907E1E76FF08507E1E700BFB1
:1083E00000015005000250052DE9F04FEBB006AC3E
:1083F0000746884699464FF4C87200212046DDE9B9
:108400007865DDF8D4A1DDF8E8B121F00EFB39463E
:108410004B4642462046FFF707FF074608BBE37975
:10842000AB4236D87B9AE91A8A4235D320681D4F71
:10843000B84206EB01021BD1CDE90423779B0193DF
:10844000769B0093CDE9026B749A534608A818F006
:1084500039F917F030FA074618B9E379ED1A7C9B21
:108460001D602046FFF746FF38466BB0BDE8F08F31
:108470000D4FB84213D1CDE90223779B0193769B30
:108480000093CDE9046B749A534608A818F029FDAF
:10849000DFE76FF08607E4E76FF08907E1E76FF049
:1084A0008507E1E7000150050002500510B500F016
:1084B000FE44B4F1A06F08BF20F47E1000F0FC442D
:1084C000B4F1806F0CD10F4CA0420BD004F5807436
:1084D000A0420FD00C4CA0420ED06FF0850008E0F7
:1084E0000A4CF8E70820B1F5105F1070F5D12BB9F0
:1084F000002010BD0620F6E70120F4E702221A70E2
:10850000F6E700BF00014005004440040002C0033C
:108510002DE9F047054600F108071C468946384614
:108520000E889DF920A0904618F0F0F82C60B9F85C
:108530000290314600234A46204617F0B4F801461F
:1085400000284DD0384600F07FFF00283CD153462C
:108550004A464146384600F097FFA8BB04F0FF4268
:10856000B2F1906F06F4E04332D0B3F5005F0DD066
:10857000687142F204039E4202D11B4B9C422DD0F3
:108580001A4B9C420CBF0D2400241CE0C6F30222AF
:10859000012393406B7116F4E06FEAD0144A24F47F
:1085A000807393420AD002F50072944206D0114AB9
:1085B000944203D0A2F53F429342DAD1C6F3022699
:1085C0000124B440E4B22C71BDE8F04717F073B950
:1085D0000122B3F5005F6A71CBD1DCE70C24F2E72E
:1085E0006FF08500BDE8F087000180040013C0042F
:1085F0000010C00400FF40042DE9F04F144602684B
:108600009B4602F0FF4385B0B3F1906FDDE90E7831
:1086100005460E4600F083804179436A2344B3FB4C
:10862000F1F34B43BB427CD83F4B9A4261D1826805
:108630000023002A45D0177907F01F070393C8F8D5
:108640000030002C39D0686A05F1080930B3A7EB77
:10865000000AA24528BFA246093031465246484486
:1086600021F0BCF96B6A53449F42A4EB0A045644C0
:108670006B6213D103AB00933A465B4605F11101DF
:10868000484600F081FF17F016F9B8B9D8F8003065
:10869000039A1344C8F80030934468620DF10C0A41
:1086A000A74210D94CB1686A093022463146484485
:1086B00021F094F96B6A23446B62002005B0BDE899
:1086C000F08F1F46BAE75B463A463146CDF800A028
:1086D000484600F059FF17F0EEF80028EED1039A53
:1086E000D8F800301344E41B3E449344C8F80030EB
:1086F000D6E714B9C8F80040DFE75B4622463146AA
:10870000CDF8008005F1080000F03EFF17F0D3F827
:10871000D8F80030BB4288BF6FF09600CEE7BC426D
:10872000E7D96FF08900C9E700444004F0B504467A
:1087300087B00F4616460021102202A81D4601915F
:1087400021F073F9636A2BB123681B4A23F4806319
:1087500093422DD001AB2A4602A904F1080000F093
:108760006BFF17F0A8F80446D8B9102E344628BF7E
:10877000102426B1224602A9384621F02FF92B6891
:10878000224692EA0301D21A8A430B401A43D217B7
:10879000019B8A2103F096031140D2431A400A43F9
:1087A000544202A8102100F0ABF9204607B0F0BDFA
:1087B0006FF08604F5E700BF0040400401680E4AF0
:1087C0009142034615D1C169A2F11022A2F1EF1224
:1087D00091420ED18268012A0BD8C26812B1016998
:1087E0008A4206D0586928B19B691B1A58425841E1
:1087F00070470120704700BF55AA00FF70B50E4BAF
:108800009E68B6B13046FFF7D9FF044618B9F36841
:108810007BB935690DB9204670BD2846FFF7CEFFFC
:1088200028B9EB68B34204D12E462D69F2E704461D
:10883000F1E70124EFE700BFB0A600202DE9F843DF
:108840003F4E3468D4B1B468C4B1002875D0002953
:1088500073D001FB00F5B5FBF0F088426DD1281D07
:108860006BD8A9070DD025F003070437F46803E09F
:108870006368BB4207D2A469002CF9D12046BDE849
:10888000F8832F46F2E7A3681BB12E4B01201B682B
:1088900098476268D21B232A04F120081FD80123BD
:1088A000A360D4E90523C2B19361A3690BB16269E6
:1088B0005A610023C4E905333369DA0706D5FFF7A7
:1088C0009DFF18B11F4B1B68012098472A460021C5
:1088D0004046444621F0A9F8D0E7F360E5E707F108
:1088E00020016318203A5A600022C3E90224164886
:1088F00022691A6160501549D96102B1D360626979
:108900005A61A1699961B2B193619A6902B15361E7
:108910004FF00109C4E9017923610023C4E905335B
:108920003369DB07D2D5FFF769FF0028CED0054BAE
:1089300048461B68C9E7F360E7E700249EE700BFED
:10894000B0A60020640C002055AA00FF669911EE25
:1089500070B50546002800F08480424E3368002B35
:108960007FD0B268002A7CD0834203D87268134457
:10897000984203D33C4B01201B689847A5F1200483
:108980002046FFF71BFF18B1374B01201B689847A3
:1089900055F8183C012B03D0334B01201B68984736
:1089A00055F8143C002245F8182CC3B199680029E9
:1089B00042D155F81C2C02F120015A680A445A6031
:1089C00055E905321A6155F8145C2B6903B1DD6075
:1089D00020462022002121F028F823462C46206939
:1089E000002836D08268002A33D163684268203379
:1089F0001344636003692361D4E90523F2B923BBFF
:108A0000436963618269A2610BB39C61A36903B18D
:108A10005C61236903B1DC602022002121F005F8AC
:108A200033699B071DD5FFF7E9FED0B10E4BBDE8BA
:108A300070401B68012018471346D0E79361A36973
:108A4000002BDDD062695A61DAE7F360F7E7F46082
:108A5000DCE7002BE4D1F368A36103B15C61F4604F
:108A6000DEE770BDB0A60020640C002038B51422EB
:108A70000C4605460021134820F0D7FF1249134841
:108A800000F034F8232C1CD915F003031FBF043C5D
:108A9000E418C3F10403ED1822460021284620F013
:108AA000C4FF084B0A499D60C3E90054203C6C6038
:108AB0009A6811609A68DA60A1F11021A1F1EF11B2
:108AC000D16138BDB0A60020518902003D88020066
:108AD00055AA00FF014B1B68184700BF6C0C002013
:108AE000014B1B68184700BF680C0020024B186040
:108AF000024B0020196070476C0C0020680C0020AD
:108B000010B50A46044619B1024B00211B6898476C
:108B100010BD00BF98AF0400054B5A78022A04D15B
:108B20001878C31F5842584170470020704700BF53
:108B3000C4A600200E4B0340B3F1607F06D1B1F50F
:108B4000885F0CBF00206FF086007047B3F1707F24
:108B50000BD101F4E043B3F5005F06D111F4E06FEF
:108B600014BF00206FF0860070476FF086007047DA
:108B70000000C07F8A42F8B506460D4600F0D2805C
:108B80006C4B22F4FF7121F00101994222F0FF07A2
:108B90000FD003F588539F420BD022F47F7121F050
:108BA0000301A3F57063994203D003F5A0639F42CC
:108BB00027D1604B25F4FF7121F00101994210D0BB
:108BC0005D4925F0FF038B420BD025F47F7020F028
:108BD0000300A1F57061884203D001F5A0618B42CA
:108BE0000FD115F0FF000BD0544B40F000709842AD
:108BF00040F09A8082EA0500FF288CBF0020012007
:108C0000F8BD05F0FE43B3F1A06F11D102F0FE43B1
:108C1000B3F1A06F71D182EA050333F47E136CD1F6
:108C20002C046AD5C5F30540C2F305429042E4E73F
:108C3000B3F1407F61D102F0FE43B3F1407F5CD1DC
:108C400082EA050030F47E1457D131462846FFF7FA
:108C500071FF002868D13A4912F47C1001EA020140
:108C600016D0B1F1607FC2F3054335D1D1B241F0E6
:108C7000007101F17E410339102901D8314C645C47
:108C800015F47C1F2ED19C4214BF00200120B7E7B1
:108C9000B1F1607F0AD1D3B243F0007303F17E4398
:108CA000033B102B44D82849CB5CDFE7B1F1707F40
:108CB00016D106F4E043B3F5005F37D1C6F30221C5
:108CC00001238B4006F4E041B1F5005FD8D1C6F333
:108CD00002260124B440D3E7B1F1707FD0D1F1E78F
:108CE0000346CDE718B9C5F30541A1421AD02904BE
:108CF00003D5C5F3054098427FE725F47F03B3F120
:108D0000106F0AD102F0FE43B3F1106F0CD10F487F
:108D1000104040F01060A842B6E70D4B9D4203D1D1
:108D2000AF42B1E701206BE7002069E70346C9E7DE
:108D300003469BE70002000600130006FF00000246
:108D40000000C07F14F9040014F904000000FFF6CD
:108D50000001000A37B505460C46FFF7DDFE78B185
:108D6000002301930A46084801AB2946FCF75AFB49
:108D700020B9019BA34218BF6FF0930003B030BD30
:108D80006FF08800FAE700BFC8A600202DE9F8437D
:108D9000884617461C4600F057FA0546002844D17D
:108DA000D8F80060B6F8009009F4E043B3F5804FBE
:108DB000B36808BF27F0010737EA03032DD1A4B336
:108DC000244B24F4FF7222F001029A4210D0224A6E
:108DD00024F0FF0393420BD024F47F7121F00301B0
:108DE000A2F57062914203D002F5A06293421FD1B6
:108DF00014F0FF0304D0194A43F0007393421ED0CD
:108E0000F16822464846FFF7B5FE074668B9316962
:108E100022464846FFF7AEFED0B96FF08405002326
:108E2000C8F80030304617F08EF82846BDE8F883C1
:108E300004F0FE43B3F1407F04D12304E0D56FF08A
:108E40008605ECE7B3F1A06FF7D0044B9C42D6E760
:108E50003D46EAE70002000600130006FF0000029C
:108E600038B500F0FE43B3F1407F04460D4602D012
:108E70006FF0860038BDFFF75DFE0028F8D114F4CE
:108E80007C1F18D0C4F30543032B137022D9224A48
:108E90002240B2F1607F31D1E4B244F0007404F1B9
:108EA0007E44033C102CE3D81C4A125D9342DFD869
:108EB000202BDFD90EE0184B2340B3F1607F0FD198
:108EC000E3B243F0007303F17E43033B102B04D95C
:108ED000002313706FF08500CCE71149CB5CD3E71A
:108EE000B3F1707FF4D101F4E043B3F5005FEFD14B
:108EF000C1F3022101238B40DBB2C5E7B2F1707FE1
:108F0000B6D105F4E042B2F5005FB1D1C5F3022558
:108F10000122AA40CAE700BF0000C07F14F9040084
:108F200014F904002DE9F04F9B468FB001F0FE4389
:108F30000024B3F1806FDDE91868DDF868900994CA
:108F40000F46924673D10B464FF4807209A9FFF782
:108F50001DFF054600286ED1099B1B8803F4E042E3
:108F6000B2F5005F1CD113F4E06F19D0364927F435
:108F700080728A420AD001F500718F4206D03349CF
:108F80008F4203D0A1F53F418A4209D1C3F30223A6
:108F900001249C40102C0ED900266FF083052FE091
:108FA00042F20402934202D1294B9F420DD0294B39
:108FB0009F420CD10D24A0453FD321460AA8FFF7BC
:108FC000C9FE054620B100261AE00C24F3E7002470
:108FD0000998D0E9081246B33519D0F804C05FEA01
:108FE0001C2CA8EB040323D1CDE905390AABCDE94C
:108FF00003B50093CDE9014A3B4616F094FB0546C4
:10900000099816F0A0FF0746DDB9D8B924B1224669
:109010000AA9304620F0E2FCD9F800301C4438465A
:10902000C9F800400FB0BDE8F08F3546D5E72646B9
:109030006FF08605E4E72646E2E700266FF0890533
:10904000DEE72F460024EAE70010C00400FF4004DA
:10905000000180040013C00410B5114C2378580798
:1090600044BF03F0FB032370990705D500F092F885
:10907000237823F00203237063781BB1094A00238D
:10908000636053600023074863700821FFF738FDD1
:109090002378DA0744BF23F00103237010BD00BF1B
:1090A000C4A60020C8A6002038B5FFF735FDA0B93A
:1090B000124C2378980707D400F064F8237843F023
:1090C000020323700546A8B9D90762785CBF43F054
:1090D0000103237022B15A0708D50025284638BD60
:1090E000074962604A6002226270F4E743F00403B9
:1090F0002370F2E7FFF7B0FFF0E700BFC4A600203F
:10910000C8A6002038B500F140430F2B0CD81C4CEA
:10911000282202FB0344237E022B02D1636983428F
:1091200026D06FF08B001CE0421E6FF040439A4245
:109130000ED2134B00221C461D7E022D02D15D690A
:10914000854212D00132102A03F12803F4D1E8E756
:1091500000F1004303F58033B3F5704FE9D36FF0AE
:10916000870038BD6FF09600FBE7282303FB02441D
:10917000204616F0C6FE0028F4D10C60F1E700BFCF
:10918000D0A60020024B012283F8802200207047E5
:10919000D0A600202DE9F0410A4C002526464FF0CC
:1091A00001080327C4F81C8027762046013516F0F5
:1091B00058FC102D04F12804F4D1002386F88032E5
:1091C000BDE8F081D0A60020F8B51E4D95F880329C
:1091D00006460F4683B300242B462246197ED1B1A2
:1091E0003CB9022905D1D96919B91979002918BFE3
:1091F0001C460132102A03F12803EFD114B96FF095
:109200008C0006E0204616F07CFE204616F029FC75
:1092100010B100240EE01C46237E83B9012323767F
:109220003EB1651BED1003F1CC335D4305F1804584
:10923000356000203C60F8BD6FF08800E9E76FF012
:109240009600E6E7D0A60020F7B5304B00270F6068
:1092500093F8803206460D46002B52D0FFF752FF9E
:1092600010F18C0F04462ED13846FFF7ADFF0028D1
:109270004AD12B685E612B6801225A602E6873699F
:109280006FF04042013B9342CDE9000011D201AAA8
:109290006946304616F0DBFE044628B9DDE90012C7
:1092A000304616F0A6FB0446DDE9000116F0CDFEBF
:1092B00064B1286816F0D5FB14F18C0F08BF6FF06D
:1092C000870400232B60204603B0F0BD2A68936812
:1092D000D80444BF43F480639360990444BF43F4CB
:1092E000006393602B681A7E012A04BF02221A765B
:1092F000286816F006FE04460028E4D06FF09604B5
:10930000DFE76FF08804DEE70446DCE7D0A6002044
:1093100030B40D4D2C681C606C685C6000249C604F
:109320005468DC6014881C8254885C8294685C6198
:10933000D4689C611269DA6119620A4630BC014640
:1093400003F1240020F04ABB84A204002DE9F84375
:109350002329089E04460F469146984604D86FF08C
:1093600098052846BDE8F8831949082220F075FBC6
:1093700005460028F3D1A368002BF0D1216AC8F874
:109380000010243F8F42EAD3B1F5005FE7D271B9F4
:10939000C9F80000E3687360238A3380638A7380AE
:1093A0006369B360A369F360E3693361D9E70120BE
:1093B000FFF790FBC9F8000030B1D8F8002004F1A5
:1093C000240120F00BFBE5E76FF08C05C9E700BF37
:1093D00084A20400F0B50C4B0C4E0446586800B94A
:1093E000F0BDC579C5F3840556F825502D78A54202
:1093F00008D1457905F00F07B1EB871F02D1B2EB19
:10940000151FEDD00833E9E7A8AF04009CAF0400B6
:1094100010B50446A8B1806B10B1242116F0D1F923
:10942000606B40B12368074ADB79C3F3840352F8C9
:1094300023305B69984720463C21BDE81040FFF788
:109440005FBB10BD9CAF040038B505460C46A9B102
:109450003C22002120F0E9FAE3790A4AC3F38403AD
:1094600052F823301B6913B92C60002038BD98478F
:1094700068630028F8D16FF08C00F7E76FF0860082
:10948000F4E700BF9CAF040070B4DCB2012C25D817
:1094900004681CB3E57905F00305012D05D865794D
:1094A00005F00F05B2EB851F18D142600372E57914
:1094B0000C4E406BC5F38405012B56F8255008D09F
:1094C000637903F0F004302C03D003F0E003402B69
:1094D00002D1AB6870BC1847EB68FBE76FF0860001
:1094E00070BC70479CAF04002DE9F041036804464E
:1094F0000E4615461BB96FF08600BDE8F081102AB4
:109500003DD8DA79D20714D41A795209B5EB820F13
:109510004FEA8207EFD35B7903F0F003602B0AD1A7
:1095200094F90810606B2B463246BDE8F04117F005
:1095300086BA2F46EFE7902B16D10023606B1A46B0
:10954000194616F0C7FE0028D7D194F908304BB160
:10955000012BD0D10321606B2B463246BDE8F04190
:1095600016F083BE0221F6E70FB90020C5E73A46A0
:10957000314604F1200020F031FA2763F5E7014875
:10958000BBE700BF809FFFFFF7B50568DDF820C08F
:109590000F469E461DB96FF0860003B0F0BD002552
:1095A000CCF800500668002E3AD0357915F01F052A
:1095B00036D0767906F0F006102E14D1AA4231D1B9
:1095C000CCF8002002681849D279C2F3840251F81D
:1095D000222090F908105468406B3A46A44603B024
:1095E000BDE8F0406047602E05D1CDE9002C406B0E
:1095F00017F02DFBD1E7902E05D1CDE9002C406B63
:1096000016F0F9FEC9E7994208D1C369002BC2D10F
:10961000B2FBF5F305FB1324002CBCD10348BCE7D7
:109620000348BAE70348B8E79CAF0400809FFFFFF8
:10963000809CFFFF809DFFFF10B50146006808B3C6
:109640000020106018600A68537903F0B004302CD1
:1096500017D003F0E004402C13D003F0F003602B8C
:109660000FD0902B0DD0A02B0BD09279463A012A27
:1096700007D9102B09D1CB698342A0F5C54008BF9B
:10968000002010BD6FF08600FBE70148F9E700BF3E
:10969000809FFFFF2DE9FF4790F88131002B40F0BC
:1096A000988091F80FC0DFF830A100F140040CF071
:1096B0000F052F0104EB0515D5E902E6E7596D68A2
:1096C0004FEA1E180EF00F0E48EA0678360946EAF1
:1096D00007763AF81EE03F0947EA0577CDE90286AA
:1096E0002D0985EA0E450CF0F00CCDE900756444B7
:1096F0006D46E7582E6804337740102B45F8047BFD
:10970000F7D101F10F07DDE9028EDDE900544FEAE0
:10971000181949EA0E7908F00F084FEA1E1E4EEAA2
:10972000057E17F8013DCDE9029E2D093AF818E0B3
:1097300045EA0475240984EA0E444FEA131C03F039
:109740000F03CDE9005400EB0313EE46082503EBAD
:109750000508DEF80040D8F83880043588EA0404AB
:10976000182D4EF8044BF2D1DDE902E5DDE90043A6
:109770004FEA1E1848EA05780EF00F0E2D0945EA4B
:109780000475CDE9028524093AF81E5044EA0374B1
:109790001B0983EA0543CDE9004300EB0C1C6C4632
:1097A000082303EB0C052668AD6B04337540182BBA
:1097B00044F8045BF5D1B942A5D1009B01991BBACD
:1097C00009BA116053600399029B09BA1BBA9160F0
:1097D000D36004B0BDE8F087BCBB040010B50368DB
:1097E00004462BB1054A934205D1043017F0ECFB37
:1097F0000020206010BD6FF08800FBE70900000228
:10980000F8B5076805460C4607BB124B994213D1C1
:10981000061D304617F0D4FB3046394600F0A6FA54
:10982000064628B92C603046BDE8F84016F043B82B
:109830002846FFF7D3FFF6E701F0FE44B4F1007FBE
:1098400014BF6FF086006FF08500F8BD6FF08800E0
:10985000FBE700BF0900000210B5074B04689C42FB
:1098600006D1043017F0B5FBBDE8104016F023B860
:109870006FF0880010BD00BF090000022DE9F04123
:10988000047844F0007404F17E44033C102C1F461D
:1098900098BF124B3A6098BF1C5D06468846154635
:1098A00088BF00241AB12121404620F0BEF8AC4206
:1098B0000DD832680A4B9A420CD14146301D17F040
:1098C000C8FB15F0F8FF00B93C60BDE8F0816FF00F
:1098D0008900FAE76FF08800F7E700BF25F9040078
:1098E000090000022DE9F04716460268354B0D4687
:1098F00022F47E1199428AB0804616D102A9043022
:1099000017F0DCFC044620B9324602A9284620F0B4
:1099100065F8102102A8FFF7F3F8204615F0CBFFF9
:10992000044620460AB0BDE8F087274B1340B3F148
:10993000607F43D1D0F804A05FFA8AF343F000734C
:1099400003F17E43033B0022102B019298BF1F4A74
:1099500000F1080794BF12F80390914601AB202252
:1099600002A9384616F0E1F904460028D9D151463B
:10997000384616F0A2F90446D8B94A4608F17801EB
:10998000384616F0BBF9044698B9019A02A9384640
:1099900016F0B4F9044660B901AB202202A938469A
:1099A00016F0C3F9044620B9324602A9284620F031
:1099B00015F8019902A8FFF7A3F8B2E76FF0880441
:1099C000AFE700BF0002C0030000C07F36F904000B
:1099D00038B5026804464AB1104B22F47E11994210
:1099E00006D10430FFF714FD00232360002013E0AC
:1099F0000B4B1340B3F1607F08D140217830FFF763
:109A00007FF804F1080016F049F9EDE7B8220021CB
:109A100020F00BF86FF0880038BD00BF0002C003D3
:109A20000000C07F2DE9F04395B0D0F800801C9E67
:109A3000154604460F461A46B8F1000F40F0C380A1
:109A4000624B066026F47E19994511D1061D3046F9
:109A500016F05CFE39887A884346484615F023FEA6
:109A6000014610BB6FF085052046FFF7B1FF0AE005
:109A7000574B3340B3F1607F09D0B82241461FF005
:109A8000D4FF6FF08505284615B0BDE8F083F6B227
:109A900046F0007606F17E43033B102B039213D968
:109AA0004660002A48D117464EE03046FFF7CCFC0E
:109AB00020B97A882946304617F055FB15F0FBFE91
:109AC0000546002DDFD0CFE7102B1BD8DFE803F0D1
:109AD0002020201A1A2020091816141A1A12100E03
:109AE0000C003C4B6360BDE73B4BFBE73B4BF9E7AE
:109AF0003B4BF7E73B4BF5E73B4BF3E73B4BF1E7E2
:109B00003B4BEFE73B494660CB5C002BC9D0A9E754
:109B1000402A466012D9402703AB019340230093AB
:109B2000294604AB304616F017F9054660B14021CE
:109B300004A8FEF7E5FFC4E70027EDE71AB12946C0
:109B400004A81FF04BFF40270DF11009039D4B4661
:109B5000A84529D1BD4206D2C5F14002362109EB04
:109B600005001FF062FF05F1770304F1770223443B
:109B70009A4221D1BD4207D204F17800C5F14002DA
:109B80005C2128441FF051FF04F10808314640468B
:109B900016F093F805460028C9D13A4604A9404674
:109BA00016F0ACF80546C2E71A7882F0360203F8E0
:109BB000012B08F10108CBE719F8011B81F06A01BC
:109BC00002F8011FD4E76FF088055CE70002C003CC
:109BD0000000C07F0A000002130000021200000211
:109BE00011000002100000020D0000020C00000233
:109BF0000B00000247F9040038B50468ACB10C4B07
:109C000024F47E159D4206D1043017F0D2FABDE847
:109C1000384015F050BE074B2340B3F1607F04D1AC
:109C2000BDE83840083016F069B86FF0880038BDDC
:109C30000002C0030000C07F2DE9F04FCFB0044602
:109C4000039100F1480346AD00F1680618685968B1
:109C50002A4603C20833B3421546F7D104AAD2E913
:109C60004483D2E94797D2E942160193D2F824B14E
:109C70003D4BD2F8185102934FF0000CBCF10F0F7E
:109C80005AD8039B53F82C301BBA4FEAF52E87EABB
:109C90000900DDF808A093608EEAB51E28408EEA20
:109CA000756E784070445AF804EBCDF808A0704403
:109CB00003444FEA713E46EA010006EA010A8EEAD1
:109CC000B10E00EA080040EA0A008EEAB15EDDF853
:109CD00004A0CDF804800CF1010C5B448644BCF177
:109CE000400F9A4402F104027344BB461DD104A8FC
:109CF000C0E94897C0E946A5C0E94468C0E94231D7
:109D0000C0E9003E45A904F14403643453F8042F2C
:109D100051F8045F9C422A441A60F7D14FF49471C1
:109D2000FEF7EEFE4FB0BDE8F08FB0464F460E4650
:109D3000A94619465546A1E7136852F834AC52F8C3
:109D4000380C4FEAF34E8EEA734E8EEA932E52F899
:109D5000143C03444FEABA4080EAFA10734480EAA4
:109D6000DA00034491E700BFB8B004000346084698
:109D7000C1B9C3E910110D4A0D49DFF838C0C3E974
:109D800012120D4A0D49C3E914C20D4AC3E9161255
:109D90000C4A1A6602F17452A2F52302A2F692420C
:109DA0005A6670476FF08600704700BF85AE67BB8C
:109DB00067E6096A72F36E3C3AF54FA57F520E5181
:109DC0008C68059BABD9831FC02AF0B544D0B2F58F
:109DD000807F43D0802A40F0BA800A230360034684
:109DE0000024520943F8044F01EB820251F8044B5E
:109DF00043F8044F8A42F9D103680C2B30D00E2B64
:109E00005ED00A2B26D1534D534900F1A00642697A
:109E100055F8044B8768C2F307237C40CB5C634052
:109E2000140E10300C5D83EA0443D4B20C5D83EA57
:109E30000463C2F307440C5D83EA042350F8044C26
:109E4000836063400468C36063405A4003614261B9
:109E50008642DCD10020F0BD0C23BFE70E23BDE716
:109E60003C4C3D4900F1C005C26954F8046B876859
:109E7000C2F307237E40CB5C7340160E18308E5D14
:109E800083EA0643D6B28E5D83EA0663C2F30746D1
:109E90008E5D83EA062350F80C6C8360734050F8A3
:109EA000086CC360734050F8046C0361734006682B
:109EB000436173405A408361C2618542D4D1C9E78E
:109EC000244D254900F1E006446A55F8042B8768C3
:109ED000C4F307237A40CB5C87695340220E2030BD
:109EE0008A5C83EA0243E2B28A5C83EA0263C4F3D7
:109EF00007428A5C83EA022350F8142C83605340A3
:109F000050F8102CC360534050F80C2C03615340A0
:109F1000DAB243618A5C7A401F0ECF5D82EA076243
:109F2000C3F30727C3F30743CF5DCB5C82EA072265
:109F300082EA034350F8042C836153400268C361F2
:109F400053405C40036244628642BDD182E76FF0B9
:109F50001F0080E7B8B1040058FA04002DE9F04F63
:109F6000C9B002AD044628460E46174617F0D5F88C
:109F70000023314663603A462846FFF725FF064630
:109F8000002835D1029F039B3448DFF8D4C02760F6
:109F900004A903EB870301EB830251F82330A3608C
:109FA0005368E36093682361D368636104F1180E1A
:109FB000103A7B1E984671469146B8F1000F20DC9E
:109FC000002F4FEA0313C8BF1C46C3F10003D8BFDC
:109FD000002302EB0300D8BF00240EEB0401D3588A
:109FE0004EF8043043684B6083688B60C368CB6075
:109FF00002A84FF48C71FEF783FD304649B0BDE8EE
:10A00000F08F01F11004A9F1040B01945BF8044FE7
:10A01000250E1CF8055050F825A0E5B21CF8055097
:10A0200050F8255085EA3A2AC4F30725C4F30744BB
:10A030001CF805501CF8044050F8255050F82440F6
:10A040008AEA356585EA344541F8045B019CA14202
:10A05000DCD108F1FF38A9F11009AEE7E0B1040046
:10A0600058FA04002DE9F04F012993B08C469E4622
:10A0700000F274834368176856689568D46850F88E
:10A08000082B4FEA6208990008F1FF38BCF1000F75
:10A0900040F0BC81421850F8233087EA030A536825
:10A0A0007340029393686B400393D3686340DDE988
:10A0B000020404931E46D34B3032554652E9069BA8
:10A0C000CDF814B052F810BCCDF818B052F80CBC52
:10A0D000CDF81CB052E9081752F808BCCDF820B0F2
:10A0E000B8F1000F52F804BCCDF824B002F1200200
:10A0F00000F3CA80BCF1000F03D1DDE90204049E25
:10A1000055465FFA85FC020E53F82CC053F8222006
:10A1100081EA0C0181EA3221C6F307225FFA80FC52
:10A1200053F8222053F82CC081EA3261C4F307426D
:10A1300087EA0C0753F8222081EA3241220E5FFAA7
:10A1400084FC53F8222053F82CC00E9187EA322762
:10A15000C5F3072289EA0C0953F8222087EA3267FF
:10A16000C6F30742C4F3072453F8222053F82440CF
:10A1700087EA3247320EF6B253F8222053F82660AF
:10A180000F9789EA3229C0F30722C0F3074053F83A
:10A19000222053F8200089EA3269C5F307422D0EC8
:10A1A00053F8222053F82550974B89EA3248059AF4
:10A1B000CDF84080724082EA352585EA346484EA2D
:10A1C00030403C0E069A1D5D1190CCB21C5D54408F
:10A1D00084EA0564C0F30725079A5D5D84EA0524D7
:10A1E000C8F307455D5D84EA05444FEA18650A94A3
:10A1F0005E5DFDB25D5D554085EA0665C1F30726EB
:10A200009E5D85EA0625C0F307469E5D85EA064504
:10A21000060E0B9513F806C0089ACEF800405FFAB8
:10A2200088F6C0B29E5D564086EA0C66C7F3072CDE
:10A23000099A13F80CC086EA0C26C1F3074C090EE4
:10A2400013F80CC086EA0C4613F801C0195C0C9692
:10A250005140C8F30722C7F307479A5CDB5D81EAE8
:10A260000C6181EA022282EA03430D930AA8CEF828
:10A270000450CEF80860CEF80C302021FEF740FCE8
:10A28000002013B0BDE8F08F4FEA106C08F1FF38E2
:10A2900053F82CB05FFA85FC53F82CC081EA0C0C03
:10A2A000C6F307218CEA3B2C53F821108CEA316C61
:10A2B000C4F3074153F821108CEA314C210E53F8B6
:10A2C00021B0C1B253F821107940C5F3072781EAC4
:10A2D0003B2153F8277081EA3761C6F3074753F8EB
:10A2E000277081EA3741370EF6B253F827B0019153
:10A2F000E7B253F8266053F82770059989EA0707F3
:10A30000C0F3072987EA3B2753F8299087EA396980
:10A31000C5F307472D0EC4F3072453F8255053F80F
:10A32000244053F82770C0F30740714053F82000D1
:10A3300081EA3526019986EA34665FFA8CF486EA6A
:10A340003046080E53F82450069953F8200069400F
:10A3500081EA3025C6F3072089EA374753F8200001
:10A36000079985EA3065C7F3074053F8200085EA6E
:10A370003045380E53F820409DF8040053F8200073
:10A38000414081EA3420CCF3072453F8244080EA8A
:10A390003460C6F3074453F8244080EA3440340E56
:10A3A000F6B253F82490FCB2C7F3072753F82440C1
:10A3B000089953F8266053F82770614081EA3924E0
:10A3C0000199C1F30729099953F8299084EA39645E
:10A3D000CCF307494FEA1C6C714053F82CC053F87A
:10A3E000299081EA3C260199C1F3074186EA376644
:10A3F00053F8211084EA394486EA31464FF0010CC3
:10A400005CE600BFE0B1040058F9040050F82330C6
:10A41000D44A01447B4002934B68734003938B689A
:10A420006B400493CB68DDE903056340029C059310
:10A4300030311E464FF0000C51F810BCCDF818B06A
:10A4400051F80CBCCDF81CB051E9083751F808BCE4
:10A45000CDF820B051E906A9B8F1000F51F804BCBD
:10A46000CDF824B001F1200100F3BA80BCF1000F57
:10A4700003D1DDE90305059E029C5FFA84FC310EE1
:10A4800052F82CC052F8211083EA0C0383EA3123DE
:10A49000C0F307215FFA80FC52F8211052F82CC05B
:10A4A00083EA3163C5F3074187EA0C0752F82110AC
:10A4B00083EA3143210E0E9352F8211087EA3127A7
:10A4C000C5F3072152F8211087EA3167C6F3074127
:10A4D00052F8211087EA3147E9B22D0E52F82110C7
:10A4E00052F825500F978AEA010C010EC0F307407D
:10A4F00052F8211052F820008CEA312CC6F30721C3
:10A50000F6B252F8211052F826608CEA316CC4F38E
:10A510000741C4F3072489EA060652F8244052F89A
:10A520002110914A86EA352585EA346484EA304070
:10A53000040E069E155D1190DCB28CEA3141145D6B
:10A540001091744084EA0564C7F30725555D84EAD9
:10A550000524C1F30745555D84EA05481D0E079C97
:10A56000565DCDF82880FDB2555D654085EA0665EB
:10A57000C1F30726965D85EA0625C0F30746965D7A
:10A5800085EA06453E0E0B9512F806C0089CCEF8EB
:10A590000080CEB2090E965D664086EA0C66C0F376
:10A5A000072CC0B212F80CC086EA0C26C3F3074C85
:10A5B000C3F3072312F80CC0D35C86EA0C4612F8EA
:10A5C00001C0115C09980C96C7F307474140D25D62
:10A5D00081EA0C6181EA032383EA02430D9345E695
:10A5E0004FEA166C08F1FF3852F82CB05FFA84FC81
:10A5F00052F82CC083EA0C0CC0F307238CEA3B2CE6
:10A6000052F823308CEA336CC5F3074352F82330F9
:10A610008CEA334CC3B252F823305F40230E52F819
:10A62000233087EA3327C5F3072352F8233087EA1C
:10A630003367C6F3074352F8233087EA3343019365
:10A64000030EC0F3074052F823B052F82000079FD2
:10A65000EBB22D0E52F8233052F825508AEA03034C
:10A66000C6F3072AF6B252F82AA052F8266083EA07
:10A670003B2383EA3A6AC4F30743C4F3072489EA15
:10A68000060652F8244052F8233086EA352686EA38
:10A69000346686EA30465FFA8CF08AEA334352F831
:10A6A0002040069860400446300E52F8200084EAAC
:10A6B00030240198C0F3072052F8200084EA306467
:10A6C000C3F3074052F8200084EA30444FEA1C608C
:10A6D00052F820509DF8040052F82000474087EAC5
:10A6E0003520C3F3072552F8255080EA3560C6F3BC
:10A6F000074552F8255080EA3540019D2D0E52F84D
:10A700002590DDB21B0E52F82550089F52F82330D9
:10A710006F4087EA3925C6F30729F6B252F8299027
:10A7200052F82660099F85EA3965CCF30749CCF3D6
:10A73000072C774087EA332652F82C3052F82990BC
:10A7400086EA3366019BC3F3074785EA394552F829
:10A7500027304FF0010C86EA33466DE66FF0860035
:10A760008FE500BFE0B5040058FA040000487047C8
:10A7700058FB0400014800221BF0F5BD6C75002059
:10A78000024B002808BF1846704700BF8BFB04002F
:10A79000F8B506460F4605465024BC42296806D344
:10A7A00000240B482C6016F0ACFF2046F8BD41B9E0
:10A7B00071790748C1F3410116F0B1FF01462860E5
:10A7C00018B17C34A4B20D46E7E70320EEE700BFE2
:10A7D0000C310020014B002217F01BB88BFB04004A
:10A7E00010B50221044617F050F821460248BDE892
:10A7F000104016F086BF00BF0C310020F8B50446AB
:10A800000E46154600F13007E3899D4215D85B1BC3
:10A810006289E381A3892A442B4492B29BB293427A
:10A8200028BF13466281A3812EB12B4632460021F8
:10A83000204617F005F90020F8BD61790C48C1F3F6
:10A84000410116F06CFF80B123680360E38920604A
:10A850004F2B06D83030C3F15002F91818441FF0BE
:10A86000BDF8E3897C33E381CEE70320E4E700BF52
:10A870000C310020F7B50F4603794179C3F340034B
:10A880000546C1F341008DF804308DF8050001AB99
:10A890001F48490916F0BDFF0446002836D06E89CE
:10A8A000BE4228BF3E4633460022294617F0FAF83A
:10A8B00048BBAA896389B24228BF32469A4228BF60
:10A8C0001A46A281AA79A37962F30303A3712B79B3
:10A8D0002279DB0963F3C71222716B796279C3F3C2
:10A8E000C10363F3C4026271AB69A3612B8A238243
:10A8F0006B8A63822B7A2372AB8DA385EB8DE38504
:10A90000204603B0F0BD2046FFF76AFF0024F7E7BA
:10A910000C31002006490022C0E90022C0E90212E1
:10A92000C0E90422C0E9062280F82020704700BF59
:10A9300085A9020070B505680646ADB1044600233E
:10A9400044F8103B0C48294605F0A2FF0B48294665
:10A9500002F08CFE0A4829461AF019FC96F820608D
:10A9600004EBC606A64200D170BD236813B161682E
:10A97000284698470834F5E7E8750020D879002084
:10A98000087A00200148FFF7D5BF00BFD43000206F
:10A99000036823B9016005484960FAF78DBD5B681B
:10A9A0004B60036859600160704700BFB030002001
:10A9B0004368014613B90248FFF7EABF704700BF7A
:10A9C000B430002070B5036805460C4623B9BDE8D5
:10A9D00070404B68084818478B6898472B685A683E
:10A9E000831A002B01462368B8BF121ABDE87040D5
:10A9F0000148A8BF00221847B03000200146024A93
:10AA0000024817F0B5BA00BFE0B90400B830002022
:10AA10004160024A0146024817F0D0BAE0B904008A
:10AA2000B830002010B5044616F02FFD30B104F107
:10AA300008000349BDE8104017F013BB10BD00BF6C
:10AA4000E0B9040010B50446FAF774FE0023206054
:10AA500063600146054BA36004F10800206101F129
:10AA60008041FFF7D5FF204610BD00BF71AA02004C
:10AA7000014817F029BB00BFC030002010B5074CBB
:10AA800094F89C393BB9A4F5804017F029FBA4F554
:10AA9000804017F0D5FB024810BD00BFB070002009
:10AAA000B03000200022C0E9002282600246044942
:10AAB00042F80C1F4261028B02F080020283704751
:10AAC000ADAB0200064890F8763600F5AC6203F0B4
:10AAD0000F0300F25C60072B18BF1046704700BFE1
:10AAE000B070002038B5FFF7EDFF0C46054617F0B3
:10AAF000C3FBB0B10C4BB3F89A134FF6FE72914200
:10AB000003D003F25C639D4207D12B6823606B681E
:10AB1000636002232372002038BD2B8B2380012326
:10AB2000F8E70B20F8E700BFB0700020074BD3F820
:10AB30004405074B984228BF18464FF47A73584390
:10AB4000B0F57A6F88BFA0F57A607047B0700020CA
:10AB50009BC4200038B5037EDA07054605D4284695
:10AB600017F092FB0D24204638BD0F4C94F86C333F
:10AB70005B07F4D4FFF7A6FF17F07EFB0028EED0AA
:10AB800005F10C00FFF73AFF04F55B7017F058FD74
:10AB9000044620B90146284617F0A8FBE3E70D2834
:10ABA000DDD00121F7E700BFB07000200148FFF7BA
:10ABB000D1BF00BFC8750020F0B5067E87B0002366
:10ABC00016F0010604460F4615468DF8143019D0CC
:10ABD0008B885BB103A9384617F055FF012300931A
:10ABE000244803AB2A46394603F0A8FA2046FFF76B
:10ABF00069FF837E180707D1204617F045FB1E48E2
:10AC000004F09EFD07B0F0BD05F0FB030B2B1CD03C
:10AC1000637EFDB90F2B0ED80026237E590725D55C
:10AC2000238B23F4706323F0040323830121204644
:10AC300017F05CFBE6E7F0336376DBB20F2BEBD863
:10AC4000E37A65F38703E372E7E7237E43F00403C7
:10AC50002376EBE75A1C02F00F0262F30303032A88
:10AC60006376DDD8237E5A07CCD4EFE7002EC9D017
:10AC7000DCE700BF6C750020E875002070B500248B
:10AC80008AB0064606220D4607A821468DF81040D8
:10AC90008DF81A401EF0C9FE2146222201A81EF09E
:10ACA000C4FE0DF112013046FFF71CFF40BB2C68BB
:10ACB0009DF81A50144B022D07BFD3F89E03D3F80A
:10ACC000A213B3F89A23ADF8082006BF02AA03C264
:10ACD00001258DF81050B3F8741307A818F031FB54
:10ACE0000323ADF8043040F60503ADF82230042309
:10ACF0008DF824300548002301AA21461BF055FB9E
:10AD000020460AB070BD00BFB070002068750020FA
:10AD1000014802F055BD00BFAC73002010B5038997
:10AD20008B42044606D1BDE8104009484FF400416B
:10AD300017F05DB8018106484FF4004117F04EF856
:10AD4000218904F12800BDE8104000F03BBD00BFA0
:10AD5000D4300020F7B50025056004460E4606F005
:10AD600027FF207106F024FF2C4B6071A360A571B2
:10AD70002B4802F0A5F90B23237440F60F33E06053
:10AD800023833146C4E907556582656104F12400D7
:10AD900018F087FA234B244AC4E92635234604F5E4
:10ADA0009E7743F8A02F2946C4F8A8301022C4F893
:10ADB0003451A4F83A5138461EF037FE4FF00043A4
:10ADC000C4F83C31684618F082FA2946022204F59C
:10ADD0009C701EF02AFE8822294604F1AC001EF069
:10ADE00024FE2378264643F0010306F8283B30462C
:10ADF00000F00EFD21892046FFF790FF694630469E
:10AE000000F0ECFCE18D304600F0E2FC38460749EA
:10AE10002A4618F0C6FA204603B0F0BDFFFF0B0B20
:10AE2000B030002001B402003DB402008DFB0400EC
:10AE30001F2910B5044622D8C368CB40DA071ED5B7
:10AE4000837A8B4206D10F484FF4804116F0CFFF32
:10AE5000002010BD81720B484FF4804116F0BEFFF8
:10AE60000222002104F59C701EF0DFFD23789B0672
:10AE7000EED4A37AE372204617F010FBE8E7072030
:10AE8000E7E700BFD430002073B50546086817F027
:10AE9000C9FA02070C461DD50DF10301204617F033
:10AEA000DAFF9DF80330082B14D0102B14D05BBBB5
:10AEB000237F164EA660DB0705F1320506D4316903
:10AEC000204617F0E8FF33690133336129462046F5
:10AED00018F011F902B070BD4FF0FF33019305F582
:10AEE0009E73A360D5F834110131C5F834112046A2
:10AEF00017F0D1FF01A9204617F0E3FFFF212046FC
:10AF000018F005F8024DE1E70025DFE7FC730020AB
:10AF10009DFB04002DE9FF41044608689DF8288048
:10AF200017F080FA15468A8800270B468DF80C70BA
:10AF3000EAB101A900F02006184617F0A4FD2D483B
:10AF4000012201A91CF05FF840B13EB195B10E2D70
:10AF500005D13946802222301AF0CBFA65B1B8F11A
:10AF6000000F09D0D4F8D8300133C4F8D83004B079
:10AF7000BDE8F0810121EDE7D4F8AC300B2D03F1F1
:10AF80000103C4F8AC3020D1D4F8E8300133C4F860
:10AF9000E83016B3D4F8B8300133C4F8B83025B966
:10AFA000D4F8BC300133C4F8BC309DF80C30012B10
:10AFB00005D1BDF804204FF6FF739A4213D0D4F8A0
:10AFC000B0300133C4F8B030D1E70F2D02BFD4F850
:10AFD000EC300133C4F8EC30DBE7D4F8C030013397
:10AFE000C4F8C030E1E7D4F8B4300133C4F8B43069
:10AFF000BDE700BF407600202DE9F743054608680D
:10B0000017F010FA1E4603070F46904646D50DF17D
:10B010000101384617F00FFF9DF80130052B03D0D2
:10B02000082003B0BDE8F08301A9384617F023FFDC
:10B030000DF10201384617F00EFF9DF80240082C72
:10B040002ED0102C71D0002CEAD13B48414602464C
:10B05000384618F0B7F801460028E1D19DF80230D3
:10B06000082B1BD1B37E03F00F03072B16D1736996
:10B070009C4205D0C6E9040406F10C0018F069F9F9
:10B08000019B2E480133F360D0F800339C4205D970
:10B090000322214600F53F7002F0DAFB0020C0E7F2
:10B0A000002EBDD00DF10301384617F01CFF9DF8AE
:10B0B0000330224A013BDBB28DF80330D2F8004363
:10B0C00004F07F02934216D1394605F1240000F0C6
:10B0D00035FBB37E03F00F03072B0AD173699C4243
:10B0E0009ED306D1019AF368511C994222D09A420C
:10B0F00096D34146ABE704F1FF3909F07F02934252
:10B1000007D14A46394605F1240000F01BFB4C46A6
:10B11000DFE7013404F07F02934281D122463946B1
:10B1200005F1240000F00EFBD3E7054905F59E70FC
:10B1300000248CE71D2074E7FC730020B070002011
:10B140009DFB040038B50C4691F8205092F915107B
:10B1500004F11E001AF04AFA0C4B93F83925022A22
:10B1600005F0030510D103F5AC6294420CD193F8BD
:10B17000803503F00303AB4206D0BDE838400448F5
:10B180004FF0004116F02ABE38BD00BFB07000205D
:10B19000D43000202DE9F0431E468B8885B004464C
:10B1A0000D4617469BB3086817F03CF94FF00009AD
:10B1B000804601A928468DF80C9017F064FC9DF894
:10B1C0000C30012B13D1BDF804204FF6FF739A42C7
:10B1D0000DD1A3790133DBB2A37133B904F1280097
:10B1E00018F073FA05B0BDE8F08384F8069018F003
:10B1F000200F0CD05FB101A9314801221BF003FFE1
:10B20000014626B918B13A462046FFF79BFF6378FE
:10B21000013B042BE6D801A252F823F031B2020020
:10B22000E5B102004BB202009BB2020065B202001F
:10B23000D4F8D030618A013304F1A000C4F8D030D2
:10B2400005B0BDE8F04316F0EBBED4F8CC300133C6
:10B25000C4F8CC3000236370204605B0BDE8F0434D
:10B2600017F0B3BA66B95FB12378DA0708D5386842
:10B2700017F0D8F8C30603D50621204617F076F953
:10B28000D4F8C8300F480133C4F8C83000236370C5
:10B2900032462946FFF790FCDEE7D4F8C43001338C
:10B2A000C4F8C43026B1D4F8DC300133C4F8DC3043
:10B2B000002305486370324629461AF0ABFFCBE7FE
:10B2C00040760020C87500206C75002070B5D0F85D
:10B2D000942000239380D0F89420117F63F34101E0
:10B2E0001177D0F89420117F63F304111177D0F80F
:10B2F00094100A7F42F004020A77D0F89420117F5C
:10B3000063F300011177D0F894307F22DA76037866
:10B31000DA07044662D54378013B00F19401042B1F
:10B3200066D8DFE803F00365274A32004FF6FF7165
:10B33000283000F047FA204617F09BF90546002810
:10B340004CD0237C83718376002117F08BFB042380
:10B350002B76237E6B762B7FDB0603D42946204693
:10B36000FFF792FD0023A37104F12800BDE87040AF
:10B3700018F0ABB917F0A8F9054678B3E37A8371F2
:10B38000837621794B1C2371DFE7D0F89430C27AA1
:10B390009A719A76D0F8943004221A76D0F89430C4
:10B3A000027E5A761448FFF769FC0546B0B1617910
:10B3B0004B1C637117F056FBCDE7D0F89430C27A7E
:10B3C0009A719A76D0F8943004221A76D0F8943094
:10B3D000027E5A76094802F04FFEE6E7D4F8941050
:10B3E00000228A8020460B23BDE87040FFF7D2BEC2
:10B3F00000231B7FFFDE00BFC87500206C75002096
:10B40000014817F0E2B900BF1C74002010B5437862
:10B41000012B044602D0062B04D010BDBDE810401D
:10B4200017F0AFB900234370034816F08AFF204697
:10B43000BDE8104017F0C9B9C87500200148FFF7F2
:10B44000E5BF00BF1C740020F0B589B000238DF863
:10B4500010308DF81C30D0F8F030013304460D4622
:10B46000C0F8F030002A40F01281002900F0488135
:10B470000378D90740F15681284617F09DFD024612
:10B48000002840F0048102A9284617F081FB05A995
:10B49000284617F0F8FA9DF810602EB1A448012252
:10B4A00002A91BF0B0FD06469DF81C30012B37D0D9
:10B4B000022B42D00DF10601284617F0C5FA40B91B
:10B4C000BDF806304FF6FF72934202D022899A42AD
:10B4D0002DD19DF81030012B36D0022B3ED09DF897
:10B4E0001C30012B49D1BDF814204FF6FF739A424E
:10B4F00043D1D4F8F8300133C4F8F830334602AA07
:10B5000029462046FFF778FD074600283ED01D2833
:10B5100039D0D4F828310133C4F8283109B0F0BD4E
:10B52000BDF81410204617F01BF90028C2D0D4F83B
:10B5300014310133C4F81431F0E7082204F1320168
:10B5400005A81EF08AFAF0E7002E00F0DF803068D0
:10B55000716802AB03C302238DF81030082204F196
:10B5600032010DEB02001EF078FA0028B7D1D4F8B2
:10B5700024310133C4F82431D0E7D4F8F430013356
:10B58000C4F8F430BAE76378062B3DD16948294600
:10B5900016F0EBFE16B32A4620463146FFF7D2FDE1
:10B5A000286816F03FFF020718D50DF1050128465F
:10B5B00017F051FC9DF80530082B0FD1B37E03F036
:10B5C0000F03062B04D0072B08D0012B40F09E80E0
:10B5D000284617F037FD002800F0A4806378022B7E
:10B5E00018D0062B20D0012B2CD12B681B785B07A1
:10B5F00010D1D4F804310133C4F80431294620466F
:10B6000016F026FF002F89D0D4F818310133C4F882
:10B61000183183E7227CA37A9A4213D0D4F80C31F4
:10B620000133C4F80C31EDE79DF81C3043B104F14F
:10B63000A000FFF7E3F900236370204617F0C5F878
:10B64000002FE1D12B681B7803F00703012B18D0E2
:10B65000032B07D0002BE1D1D4F804310133C4F817
:10B66000043106E02946204617F059F900287FF4F6
:10B6700055AF3148294602F043FF204616F00EFF31
:10B68000C0E7D4F8FC300133C4F8FC30F1E7083AE5
:10B69000152A47D801A353F822F000BF13B50200C2
:10B6A00025B7020025B7020025B7020025B7020022
:10B6B00025B7020025B7020025B7020025B7020012
:10B6C000F5B6020001B702000DB702006FB5020027
:10B6D00019B702002FB5020025B7020025B70200F6
:10B6E00025B7020025B7020025B7020025B70200E2
:10B6F00009B60200D4F82C310133C4F82C310DE71F
:10B70000D4F81C310133C4F81C3107E7D4F82031D8
:10B710000133C4F8203101E7D4F810310133C4F803
:10B720001031FBE6D4F830310133C4F83031F5E69E
:10B7300040760020C87500206C75002000487047D6
:10B740007C7400200748D0F80033591E914206D07F
:10B75000013300F57770934218BF0020704700F561
:10B760006F707047B070002038B5044613480D461E
:10B77000FAF724FC20801148FAF7F4FB2946A0616F
:10B7800004F11C0018F02FF80023C4E9083304F179
:10B79000280017F058FE04F1380017F054FE04F1A9
:10B7A000480017F050FE2346054A43F8602F204614
:10B7B000A36617F053FE204638BD00BFB03000200E
:10B7C000E5BA02000148FAF7D1B900BFB030002055
:10B7D000C180014801F068BCBE3000200A68C0F892
:10B7E0000A204A68C0F80E20014801F04FBC00BF93
:10B7F000BE300020837C61F3000383740388DB0583
:10B8000002D50248FAF7FEBB704700BFB0300020F7
:10B8100010B58378044663B90748FAF7DBF948B9ED
:10B820000548FAF7EDF928B9A378012B1CBF0123CD
:10B83000A370002010BD00BFB030002010B504463A
:10B840006030FFF7DBF80648FAF7DAF930B9044858
:10B85000FAF7CCF910B9A37803B1A07010BD00BFFE
:10B86000B030002010B504460448FAF723FB20B995
:10B87000A378022B1CBF0223A37010BDB0300020A0
:10B8800010B58378032B044620D10388DB0614D53A
:10B890000423A370A1690E4801F00CFC0D2815D1FA
:10B8A000A269536993B100235361A26908481361E7
:10B8B000A169BDE8104001F0FDBB83690548997995
:10B8C000FAF7F8FAA378042BE4D0E1E710BD00BF43
:10B8D000BE300020B03000200148FAF747BB00BF5F
:10B8E000B0300020014812F0D2BE00BFB0300020BE
:10B8F00010B504461048FAF739FB7F2806D094F9B2
:10B9000013307F2B01D0834200DAE074F9F712FF85
:10B910006369C01A002807DA616E04F16000012231
:10B92000BDE8104016F079BB94F913102046BDE82D
:10B93000104017F0D9BD00BFB030002038B5837873
:10B940000446154633B3033B032B23D903889B07D7
:10B9500009D51248FAF774FBA378052B01D005230B
:10B96000A370002038BD17F0E5FDA8B10B48FAF729
:10B97000A1FAA378052B1CBF0523A3707F23E374D2
:10B98000F9F7D8FE05446561002104F1600016F066
:10B9900047FBE6E70D20E5E70C20E3E7B0300020A9
:10B9A00010B5044617F0CEFD20B9A378012B07D1BE
:10B9B000002010BD0448FAF723F90028F5D0F8E775
:10B9C0000123A370F4E700BFB03000202DE9F0435D
:10B9D000082985B0DDE90C8904460D4616461F4648
:10B9E0000FD180F85C201946283017F0C5FC41467D
:10B9F00004F1380017F0C0FC494604F1480017F084
:10BA0000BBFC204617F078FD50B90123CDE9019326
:10BA10000548CDF800803B463246294619F04DFBDB
:10BA200005B0BDE8F08300BFB030002008B512B10A
:10BA3000836D8B4200D2816517F05EFD48B90548E1
:10BA40001AB1BDE8084019F03ABBBDE8084019F04A
:10BA500035BB08BDB030002038B50123044603FAD9
:10BA600001F100201DF0D0F94FF4A07303FB00F5A5
:10BA7000A37CDB070AD5A36906489979FAF71AFA75
:10BA800029462046BDE8384017F0FBBD0148FAF7CB
:10BA9000B7F8F5E7B030002010B58378033B0446D3
:10BAA000032B1CD8DFE803F002061713BDE8104093
:10BAB000FFF7E6BE83690A489979FAF7FBF9A169AD
:10BAC00020460E23BDE81040002217F011BEBDE84D
:10BAD000104017F0DDBDBDE81040FFF709BF10BDF5
:10BAE000B03000200148FFF7D7BF00BF44740020EA
:10BAF0000148FFF7A9BC00BF1C740020014816F0E4
:10BB000018BE00BF1C7400209DF800000090014882
:10BB1000FFF700BA1C7400200148FFF73BBB00BFD1
:10BB20001C740020014816F0F1BE00BF1C740020F8
:10BB3000014801F0FDBD00BFAC73002073B508469D
:10BB40000E4617F093FE054628B9344696F8FE30A7
:10BB500033449C4202D3284602B070BD23780C2B9C
:10BB600010D8DFE803F007141B200F290F2E0F0F4A
:10BB70000F0F3300B4F80310194849BAC9B2FFF7E0
:10BB800057F9054620461DF07EF90444DEE761883A
:10BB9000134849BA89B2FFF7C1F8F3E71148A11C6D
:10BBA00000F084FBEEE72146684618F0DBF86946B2
:10BBB0000C4818F064F9E5E70B48A11C01F0C0FE41
:10BBC000E0E70A48A11C04F093FADBE7204618F0EE
:10BBD000E5F869460090044801F082FED2E700BF14
:10BBE0001C7400208C730020AC730020E8750020CA
:10BBF00003780448002B14BF4FF000514FF08051E0
:10BC000016F0ECB8D430002070B543789B07054699
:10BC10000C4622D403781348002B14BF21210D2198
:10BC20001BF050FF0646D0B194F8FE20214615F0D7
:10BC300024FF044668B90C4A0A482B46314605F0F1
:10BC400017FE044628B96B7843F002036B70204658
:10BC500070BD3046FEF7C4FDF9E71824F7E703246A
:10BC6000F5E700BF94720020F73A040038B50446A7
:10BC7000103018F093F904F1080018F08FF9637888
:10BC8000254623F001036370204617F04BFF15F89B
:10BC9000181B084805F0C6FF2846FEF7AFFE2378BC
:10BCA000012B02D10448FEF7A9FE2046BDE838402A
:10BCB000FFF79EBF0831002080730020F8B50A4CC2
:10BCC00005460F460326013E00D1F8BD2B784BB93F
:10BCD000637814F8032B03F500333946284617F030
:10BCE00037FFF0E7A378F4E7AAFB040030B5C3B050
:10BCF00004460D4601A817F077FD294601A817F064
:10BD0000F7FD01A92046FFF7D9FF2178024801AAD3
:10BD100005F05EFF43B030BD083100202DE9F04151
:10BD2000104C05460E46002704F106082B78ABB9E7
:10BD3000637814F8032B03F500333146284617F0D7
:10BD400027FF002818BF47F001074445EED13FB157
:10BD500031462846BDE8F041FFF7C8BFA378E8E7C1
:10BD6000BDE8F081AAFB0400F8B5002381F8FE309D
:10BD70000A4606460C460178154805F035FF074689
:10BD800088B921463046FFF7C9FF33786BB93321B4
:10BD9000204617F01DFE3421204617F019FEF9F752
:10BDA000C9FCC4F800013846F8BD3421204617F01C
:10BDB0008AFD05460028F6D0716800F001FA030EEE
:10BDC000AB70030CEB70030A2B716871E7E700BFDF
:10BDD0000831002070B5C2B0044601A80D4617F026
:10BDE00003FD204601A9FFF7BFFF044628B935210E
:10BDF00001A817F068FD18B91724204642B070BD9D
:10BE0000694617F0E1FF0028F7D1044A009BD2F8F9
:10BE1000782313402B60002BEFD1EDE7B0700020AA
:10BE20002DE9F047D4B013AF0C46054602AE3846B4
:10BE30000DF10409904617F0D7FC00234A460D2166
:10BE4000204686F840301DF0C7F870B90DF1030A9E
:10BE5000B9F80230B3B996F8403033B12B78012BE2
:10BE600003D13421304617F048FE39462846FFF703
:10BE70007BFF21462C481BF054FE0446002849D184
:10BE8000002437E0012352464946204615F097FD2D
:10BE90009AF80010304617F030FE012148461CF099
:10BEA0008AFFD5E796F84020002A37D02878314617
:10BEB000324491420B4601D1002305E093F800C0C3
:10BEC000844501F10101F4D1003B18BF0123B8F111
:10BED000000F13D12A78052A10D199F86223D207CE
:10BEE0000CD428461CF0CFFF054497F8FE303B44A5
:10BEF0009D42D7D3204654B0BDE8F087002BF0D048
:10BF0000214628461CF0D2FF0028EAD02046FEF742
:10BF100067FCB5E7DFF814903D46E6E7B8F1000F9F
:10BF2000EED10123D6E700BF94720020B07000204C
:10BF300038B500220D460969FFF772FF044650B17B
:10BF400001466A6904481CF027FA20B12046BDE882
:10BF50003840FEF745BC38BD9472002010B5034B45
:10BF60000446002217F059FD204610BD05C102000D
:10BF700010B5C2B0044601A817F036FC01A920464E
:10BF8000FFF7F2FE30B90449052201A817F0A0FC22
:10BF900042B010BD0020FBE7A5FB040010B5064B26
:10BFA0000446012217F039FD2346044A43F82C2F9A
:10BFB0006363204610BD00BF11C10200B5C102007D
:10BFC00038B500F12C040D462046FEF717FD34214C
:10BFD000284617F078FC68B1D0F80220064BD5F857
:10BFE000001112BA9A4228BF1A462046BDE83840CE
:10BFF00016F013B838BD00BF0014730F70B50D46AE
:10C00000C2B0044617F08EFD95F8FE60FEB92178A7
:10C010001A4805F007FE637866F30003264663704E
:10C0200016F8081B2846324617F0DCFC10B13046E3
:10C0300017F0B4FFF9F77EFB23786060012B1AD16B
:10C040000F48294642B0BDE87040FFF7B9BF01A8CC
:10C0500017F0CAFB294601A817F04AFC01A920469F
:10C06000FFF72CFE2178054801AA05F0B1FD6378A1
:10C0700043F00103D2E742B070BD00BF0831002099
:10C080005473002070B500F10806C4B004460D4694
:10C090001030314617F0C0FF002821DA237883B929
:10C0A00003A817F0A1FB03A90E48FFF75DFE01A945
:10C0B00003A817F007FE20B9314601A817F0ACFF1E
:10C0C00070B129462046FFF79FFD032808D141F2B1
:10C0D000883104F1180044B0BDE8704015F0A0BFED
:10C0E00044B070BD5473002043789B0707D4044BC1
:10C0F00093F83935023B012B01D8FFF7C3BF7047D6
:10C10000B0700020014817F0EDBD00BF287300207B
:10C11000014817F0E7BD00BF5473002070B5CCB0E4
:10C1200004460BA817F060FB0BA92046FFF71CFE86
:10C13000B8B901A90BA817F0C5FD90B91A4901A813
:10C1400017F06AFF002811DD33210BA817F040FC1F
:10C1500034210BA817F03CFC144801220BA917F05E
:10C160007EFD2046FFF782FD4CB070BD05210BA877
:10C1700017F0A9FB0028F4D0821C03AE00F11203D3
:10C1800010685168354603C508329A422E46F7D1E9
:10C19000074807A919F07AF9102203A907A81DF08A
:10C1A0005CFC0028D0D1DCE7387300202873002025
:10C1B000AC7300200148FFF7B1BF00BF54730020EB
:10C1C00038B5D0F80240074B24BA9C420D4628BF30
:10C1D0001C46F9F7AFFA431BA3423ABF201A401995
:10C1E000002038BD0014730F2DE9F34100230B60CC
:10C1F000438904460E46002B33D01D4F608988B317
:10C2000001282ED06068218978B302236A4615F090
:10C21000A7FB6D466B78628903F10208424520D383
:10C220002A78C2B9042B1CD1606828B106236A465B
:10C2300004F1080115F0C3FBD5F8020017F079FDF1
:10C2400017F079FD2B78002B0CBF3B4600231840DC
:10C25000336803433360414604F108001CF0ABFD32
:10C26000CCE7062002B0BDE8F08125680D44D1E797
:10C2700000F8FF07002310B583710A4B1B780446B2
:10C2800013B90948084008B95AB1002023700423A3
:10C29000637017F050FD17F04CFD0623C4F8020040
:10C2A000A37110BDC9FB040000F8FF0738B50822D0
:10C2B00004460D461DF0D1FB30B9BDE838400848B2
:10C2C0004FF4003115F093BD2B6823606B686360F9
:10C2D000BDE8384002484FF4003115F07FBD00BF83
:10C2E000D430002008B5084611B1182907D008BD80
:10C2F00006484FF4803115F071FD0020F7E7034840
:10C300004FF4803115F073FDF7E700BFD430002003
:10C3100010B500210446082201721DF086FB20465C
:10C320000449FFF7C3FF0449204617F09DFD20464E
:10C3300010BD00BFBBFB0400B0FB040070B50026BD
:10C3400004460D461422C0E90166067031460C30E1
:10C350001DF06BFB094B2946C4E9083604F128009F
:10C360001DF0E7FA294604F1300018F048FD29468F
:10C3700004F13C0018F076FB204670BD4DCA020067
:10C380003031134602488AB2002115F042BA00BF8C
:10C390000C310020014AFFF7F3BF00BF8BFB040004
:10C3A000F0B58BB06023009340238DF8073093885D
:10C3B0005BBA28335BBAADF80430124B05460C4625
:10C3C0000FCB02AE86E80F0000F092FB06AE0346EC
:10C3D00000F1100718685968324603C20833BB429F
:10C3E0001646F7D129236A46214628468DF806309D
:10C3F00017F070FE20B9282269462046FEF7FEF9A4
:10C400000BB0F0BDF87700202DE9F3411F460B6813
:10C410009DF8208015461A79D20904460E4648D068
:10C420004268002A57D05B89B3F5A06F08D9002570
:10C430000224284617F02CFE204602B0BDE8F08109
:10C44000274805F108011AF080FB10B1B8F1000F80
:10C45000EDD02378DBB1B8F1000F18D0183528469D
:10C4600018F07AFA98B9112F26D03A2F0FD1294611
:10C4700004F128001DF064FA48B13068082381896E
:10C480006A4615F091FA9DF80030802BCFD000233A
:10C490009DF8242000933146684618F007F8009D67
:10C4A000E0B92946204617F0F5FED4E901312846C7
:10C4B000984700252C46BCE73068082381896A46E6
:10C4C00015F072FABDF80210064849BA89B218F0A0
:10C4D00094FD0028DBD000250424AAE70324A8E764
:10C4E000E87500204C7100202DE9F74F084688467A
:10C4F00018F0F7F94146074637481AF02EFB374B3C
:10C500004FF00009D3F8384103F5A76383464D4641
:10C5100000931CB9284603B0BDE8F08F009821466F
:10C520001AF02AFB60BB2146404618F022FA237C11
:10C530008342064613D82046019317F0ADFD019BB8
:10C5400082461E461022414620461DF086FA0028EB
:10C5500040D035B9237CB34237D9254611E0BA46DD
:10C56000F0E7204617F098FD0190284617F094FD5B
:10C57000019B8342204607D217F08EFD5045E9D239
:10C580004E466469B146C4E717F086FD019028461F
:10C5900017F082FD019B834205D9284617F07CFDE8
:10C5A0005045D7D3ECE7A27CAB7C5340D90702D5EA
:10C5B000D307CFD4E4E7B145CCD3E1D10648214637
:10C5C0001AF0CBFA5845DBD1C4E7204617F064FDDA
:10C5D0000746C2E725469DE7E8750020B0700020B9
:10C5E0002DE9F047112BB1F80AA08AB080460D461C
:10C5F0001646994602F110076FD1538C4E483A46C1
:10C60000314605F0EBF8002867D06879C0F34100A7
:10C610001BF0D0F9840104F47C64602344F4C0442A
:10C62000009364BA96F82530ADF8004096F82420BF
:10C630008DF80690C4F3072463F305149AFA9AFA66
:10C640008DF80140ADF804A02AB9C3F3C00383F00C
:10C6500001039B01DAB230468DF8072018F0BBF8D1
:10C66000002840D13378FF2B3DD0334602AC186808
:10C670005968224603C20833BB421446F7D13B46F1
:10C6800006AA07F1100C18685968144603C4083349
:10C6900063452246F7D1384618F052F9A8BB282244
:10C6A00069462846FEF7AAF80446B0BB28464B4622
:10C6B00006AA02A91DF009F9384618F04DF980BB09
:10C6C00096F825302A79C3F3001363F345122A71D3
:10C6D0002946404617F0B5FD1FE06879C0F34100D8
:10C6E00017F0F0FC96E739464046FFF7FDFE03469B
:10C6F00000B302AC00F1100C18685968224603C25E
:10C70000083363451446F7D1B9E76A4629464046DF
:10C7100017F0E0FC04460028C1D020460AB0BDE86E
:10C72000F0876A4629464046FFF73AFE0028C7D000
:10C730000446F2E71424F0E79472002070B50B4829
:10C740000E4604F081FC044610B10124204670BD61
:10C75000074BD3F83851002DF8D03146284618F051
:10C7600008F92B7C8342F0D96D69F4E76C780020DE
:10C77000B07000202DE9F347DDE90A891D46144613
:10C7800000232B7088F8003089F8003014F8183F27
:10C79000FF2B82460E4617462AD14B792B4813F0C1
:10C7A000180318BF01232B70012388F8003021469D
:10C7B00018F042FA28B133799A0605D5012389F891
:10C7C000003002B0BDE8F087737913F0180FF8D18C
:10C7D0001F4890F83B351B07F0D407F1080100F51E
:10C7E0009C7018F0BBFA80F0010089F80000E8E7BF
:10C7F0001648214618F0B2FA0028DFD1204618F07A
:10C800000BF830B1737913F0180318BF01232B70A4
:10C81000D7E721465046FFF791FF08B10123F6E71D
:10C820000C480DF10603224607F108011AF01FFE1D
:10C8300018B1012388F80030C3E7054BBDF8062086
:10C84000B3F83C359A42E9D1F3E700BFE871002024
:10C85000B07000206C7800202DE9F04792B00646B9
:10C860000D4608A80968914618F09AF8044618BBC6
:10C870002B685B79C3F3C103012B21D103AC0DF10C
:10C880000E030194009308AA0DF10D0329683046A8
:10C89000FFF770FF2868282114F090FF9DF82630DC
:10C8A0008DF80F3000940DF10F0308AA2946304689
:10C8B00017F071FE044678B1204612B0BDE8F0874B
:10C8C0000AA817F098FF08B10224F5E70EA817F0A0
:10C8D00092FF0028D2D0F7E79DF80C309DF80D802C
:10C8E000002B00F08A809DF80F20292A40F08580D7
:10C8F0002B6804904246294604A893F804A017F038
:10C90000D5FDCAF3401A049F20B1384617F0C0FB8A
:10C910000324D1E73B79B9896AF345133B71384663
:10C9200014F0BEFF46483A46214619F000FD4A463B
:10C9300005A930460597FFF78FFF059817F0A8FB6C
:10C940008DF80C408DF80E40B8F1000FB4D02B6874
:10C950005B7913F0180F09D13A4819F049FD002806
:10C96000AAD09DF82730013B8DF827309DF827305D
:10C97000002BA9D08DF818302868012306AA0721BA
:10C9800015F05EF89DF80F703A2F12D12868012338
:10C99000818906AA15F008F8044600288CD19DF874
:10C9A0001810294A0723013B8ED012F8010B81424F
:10C9B000F9D128684679C6F3C106022E11D1112F8C
:10C9C0000FD18189082306AA14F0EEFF044600283F
:10C9D0007FF472AFBDF81A204BF6F0739A423FF421
:10C9E00073AF2B680693002315482B6006A919F036
:10C9F0009FFC069817F04CFB5EE79DF80E200AB9E5
:10CA0000002BA1D0B9F1000F0BD143EA0802CDE908
:10CA1000003229469DF80F3008AA3046FFF7F4FC93
:10CA200004469DF80C30002B8ED09DF80F30CDF8C9
:10CA300000802A4608A9304617F051FD044683E7D6
:10CA40006C750020E8750020C3FB0400014817F056
:10CA5000E5BD00BF1C71002070B58CB006460D46C8
:10CA600002A8096817F09CFF044670B99DF81030C1
:10CA7000FF2B2DD0174804A904F0E6FA40B1164860
:10CA800004A918F06BF948B9022420460CB070BD17
:10CA9000124808A91AF059F80028F0D19DF8203062
:10CAA000FF2B0CD000222B682A6001A9304601938D
:10CAB000FFF7D2FE0446019817F0EAFAE5E7296885
:10CAC00002AA304617F040FB04460028EAD0DCE713
:10CAD0001424DAE76C780020E8710020E875002063
:10CAE000004870471CBA040000487047ECB90400C5
:10CAF000004870474CBA040010B50B799B0790B002
:10CB0000044602D5002010B010BD01A817F09CFD0E
:10CB100088B907A817F009FF68B1134B93F83935A6
:10CB2000002BEFD001A817F0F8FD9DF80A30062B76
:10CB300007D0112B01D00220E5E744F64C53984270
:10CB4000E0D0227904EB4202A242234601D1002325
:10CB500004E01988814204F10204F5D1B3FA83F0AC
:10CB600040094000CFE700BFB070002038B50C4648
:10CB700005460E49104610221CF06FFF6D232370EE
:10CB800048B902236370A07095F88C305A1C85F860
:10CB90008C20E37038BD042363704023A370044BE2
:10CBA000B3F83C355BBAA380EEE700BFF87700200E
:10CBB000B07000202DE9F8430025884691460646CE
:10CBC0000746024629462B462C4697F803C0BCF17F
:10CBD000000F25D106EB8502002C08BF1446D5783E
:10CBE000002D4FD00588454504D11CB9013306F10D
:10CBF0008C04DBB28B429CBF0B461046012B2DD917
:10CC0000002C43D0B44229D934F8043C434525D103
:10CC1000844239D2021B2146201D1CF0EDFE34E077
:10CC2000B7F800C0B0F800E0F4450DD0C64503D118
:10CC300014B90133DBB23C468B429CBF0B46104615
:10CC40001946024600233846C44513D197F802C05E
:10CC5000CC4506D106EB85050523EB700220BDE827
:10CC6000F8833CB9A9EB0C0C1CF0800F1EBF0133FC
:10CC7000DBB23C4601350133232DDBB207F104075B
:10CC8000A3D1ACE71046C3E70CD820460523A0F893
:10CC9000008080F80290C370082104481CF0D0F88E
:10CCA0000020DCE7043C221A011DB6E7F830002022
:10CCB00038B51C460B4B93F83B351B070D460CD57E
:10CCC0009188D27849BA89B2FFF774FF28B16B799D
:10CCD00013F0180F03D000232370002038BD02206A
:10CCE000FCE700BFB0700020002330B4014600F123
:10CCF0008C051C46CA785AB1013AD2B2CA7022B128
:10CD00000A6840F82320012401330431A942F1D1FB
:10CD100000EB83000021222B05DD64B930BC0748FD
:10CD200008211CF0A5B8C2780430002AF5D000F81C
:10CD3000011C0133EFE730BC704700BFF830002022
:10CD400073B5012915460E46044618BF4FF400512D
:10CD5000104808BF4FF4805115F040F82B7DB3B94F
:10CD6000A368A3B1802328468DF80430009517F0FE
:10CD7000B8FD9DF8053000F00F0023F03F0303439A
:10CD80008DF805303146D4E902326846984702B042
:10CD900070BD00BFD430002043680A49002203B9A7
:10CDA00070478B4205D01A461B69F8E700231361D0
:10CDB00002E0002AFAD142600023024A194617F025
:10CDC000A3BE00BF1CBA040043680A49002203B98D
:10CDD00070478B4204D01A461B69F8E7136103E0E1
:10CDE000054B002AFAD14360034B024A002117F099
:10CDF0008BBE00BFECB904001CBA040043680B49A9
:10CE00001A461AB933B9094B436009E08A420CD07B
:10CE10001269F6E71A461B69002BFBD1034B13611D
:10CE2000024A0023012117F06FBE70471CBA0400AC
:10CE300073B5937CDB0905460C46164633D00129B1
:10CE400014BF402120211B4814F0C8FF05F1140332
:10CE50009E4203D305F174039E4222D3AB6803B311
:10CE6000337C8DF80430B37C00965A071ED5C3F38B
:10CE7000C300B27C00F00F03C2F3000243EA0213C6
:10CE8000F27CC2F3000243EA42139DF8052022F02F
:10CE90003F0213438DF805302146D5E9023268463A
:10CEA000984702B070BDC1F10201CCE7304617F0DF
:10CEB00018FDDEE7D430002038B5CB7CDB07054613
:10CEC0000C4603D50A49204617F0C8FC2A681346C9
:10CED00043B962612C60224628460121BDE83840F2
:10CEE000FFF7A6BF9C4201D05B69F1E738BD00BFE8
:10CEF000C0770020F8B5046805462CB9184E6C6858
:10CF000006F11807BCB9F8BDE37CDB0711D5224652
:10CF100000212846FFF78CFFE37C124923F002032F
:10CF20002046E37417F09AFC224601212846FFF7B9
:10CF30007FFF6469E1E7B44201D0BC420ED12246D2
:10CF400000212846FFF7FCFE06494022204617F044
:10CF5000AEFC224601212846FFF7F2FE2469D1E704
:10CF600010780020C0770020F8B5064610460D4620
:10CF7000144617F030FCA8B122462B4604F11007E6
:10CF8000106851681C4603C40832BA422346F7D1E0
:10CF9000128822802B8A1BB9304617F05EFF288248
:10CFA000002009E02378FF2BE6D00448214617F043
:10CFB000D5FE0028E0D10720F8BD00BFE8710020B1
:10CFC0000A4601460148FFF7CFBF00BF4C71002061
:10CFD0000831024889B2FFF7D3B900BF1C710020A5
:10CFE0000148FFF7F5BF00BF4C71002037B5138C27
:10CFF0005BBAADF80030538C5BBAADF802304B89A8
:10D0000008330C465BBA1546ADF8043008220023FD
:10D0100069462046ADF80630FDF7F0FB48B90146F9
:10D02000204614F0CBFB044811232A462146FFF783
:10D03000D7FA03B030BD00BF1C71002013460A466A
:10D040000146014817F02CBF4C71002008B501467D
:10D05000024817F0EAFF002008BD00BF4C71002015
:10D06000F8B5D0E9097604460D46382200211CF0B7
:10D07000DCFCC4E90976044884F83450214617F0F2
:10D08000EBFF0020F8BD00BF5471002007B501225E
:10D09000684616F032F903486946F8F779FD03B09F
:10D0A0005DF804FBB03000200148F8F781BD00BFF7
:10D0B000B03000200148F8F72BBF00BFB03000208F
:10D0C0000048704700F8FF0710B54B78022B88B076
:10D0D0000C4634D10B7833B94B691B78FF2B02D047
:10D0E00018481BF0A1F9102320690DEB0302002161
:10D0F0001CF001F818BB082320690DEB0302032183
:10D100001BF0F9FFD8B9104BD3F8384103F5E763AA
:10D110000193A4B110220DEB020120461CF09DFCEE
:10D1200008B16469F5E7082201980DEB02011CF0D3
:10D1300094FC0028F5D00548214617F01DFD08B0E5
:10D1400010BD00BF94720020B0700020E871002074
:10D15000014800F01BB800BF9879002010B5034AC1
:10D16000044617F0C0FF204610BD00BF51D1020099
:10D17000054A0160D2F878231140016009B917F01F
:10D18000BDBF17F0C3BF00BFB070002070B505462B
:10D19000044615F80B1F1248002219F073FAFF26F7
:10D1A000294620461CF0E5FA70B9E27A237B9A42C0
:10D1B0000CD0218960681BF033FE014604F1100099
:10D1C000BDE8704014F02CBFE672E9E7A37A002BAB
:10D1D000EFD0013BDBB2A372002BEAD170BD00BFE0
:10D1E000E87500200148FFF7D1BF00BF087A002092
:10D1F000002310B5C0E900338360FF23C3600346FA
:10D20000064A43F8102F04468361054A1C3004F097
:10D210007DFD4FF4FA732381204610BDE5D1020055
:10D2200025D20200014817F0AFBF00BF087A0020E6
:10D2300013B50A4B93F83935022B04D802B0BDE878
:10D24000104017F097BF08230093054B00211A46A2
:10D250001C301CF071F802B010BD00BFB07000208F
:10D26000807F0A00024B93F87633037317F04EBFAA
:10D27000B070002013B50023044601A90C480193A7
:10D28000FEF7A8FD88B9019979B1236899420CD0BD
:10D290002046FFF76DFF01A81CF080FA054BB3FB99
:10D2A000F0F320466360FFF7DDFF02B010BD00BF62
:10D2B00028730020C13F050043888B4209D041807C
:10D2C000044890F83935022B03D100F5A76019F016
:10D2D00062BC7047B070002038B50446054634F88B
:10D2E000083B8BB10B4890F839356BB100F2BC406C
:10D2F00000F09EFE40B92B884FF47A7159432046C6
:10D30000BDE8384014F08CBE2046BDE83840FDF73B
:10D3100075BB00BFB07000204FF4010310B503606F
:10D320000346054A43F8082F04460361BE2117F05F
:10D3300047FF204610BD00BFADD3020038B500F155
:10D34000080304460069984213D092B1094D95F83C
:10D350003935022B0DD105F5B260012219F053FECB
:10D3600005F5AC65854204D12046BDE83840FFF79D
:10D37000B3BF38BDB070002038B50B4D95F83935C6
:10D38000022B04460BD105F2BC4000F051FE30B92F
:10D39000A3880133A38005F5A76019F0FCFB2046A4
:10D3A000BDE83840FFF798BFB07000200148FFF794
:10D3B000E3BF00BF847900200A49002210B5C0E90C
:10D3C00002120146084CC0E9002241F8104F0262E7
:10D3D000C0E90612828490F8262022F0030280F829
:10D3E000262010BD99D40200D5D4020010B590F8C3
:10D3F0002430012B0C4606D013F0FD0F14BF0C4651
:10D400000024204610BD90F825308B718B7690F863
:10D410002510024815F098F8F3E700BF1C740020AF
:10D4200010B50446194890F8393543B190F83B15CA
:10D4300011F0080103D100F2BC4000F001FE94F8A5
:10D440002430012B02D0022B07D010BD04F11000B4
:10D45000FDF7D4FA0E4818F067FE0E4815F034F8C0
:10D4600094F826309B070AD50A484FF6FF71FDF75E
:10D4700055FC94F8263023F0020384F8263004F19A
:10D480000800BDE81040FDF793BA00BFB07000205F
:10D490006C7500201C740020014817F098BE00BF76
:10D4A0004078002010B590F82430012B04460DD1AF
:10D4B00000F1250120301CF05CF910B1022384F842
:10D4C0002430BDE81040024818F02EBE10BD00BF49
:10D4D0006C7500200148FFF7E5BF00BF40780020D1
:10D4E0000022C0E90422C0E9062202620246024983
:10D4F00042F8241FC262704761D602007FB54B78A4
:10D50000022B04460D466ED128690DF10302362127
:10D510001BF0B8FD002866D19DF803302869012B67
:10D5200038BF0123032B28BF032302AA37218DF81C
:10D5300003301BF0BAFD002855D128690DF10A020D
:10D5400038211BF0B2FD00284DD1286903A916F03F
:10D550006DFC002847D1039B002B44D023481321A6
:10D560001AF0B0FA0646206A864204D008B1FDF7E8
:10D5700037F926623046002835D0039916F065FC4D
:10D5800088BB3923206A8DF80430022201A914F0E7
:10D5900074FA40BB039B6077C4E904339DF8033001
:10D5A0002377BDF808302383BDF80A3063834FF436
:10D5B0007A7104F1240014F033FD6A6902F110035A
:10D5C000203218685968264603C608339342344609
:10D5D000F7D12B783BB96B691B78FF2B03D003483D
:10D5E00029461AF021FF04B070BD00BF94720020DC
:10D5F00010B50446006A637F41890139C91A04F1F4
:10D600001D0289B2012314F01BFA216A0548224643
:10D610001AF0B7F900B9206204F1200017F07AFE81
:10D6200010BD00BF9472002007B5036A024653B1D3
:10D63000037F5BB14169009248420140064B528B27
:10D64000064814F0D1FF03B05DF804FB03B05DF8A9
:10D6500004EBFFF7CDBF00BF895304001C7400200A
:10D660000148FFF7E1BF00BFD87900208B0513B553
:10D6700004460FD5036A6BB107480DF1060119F096
:10D6800044FF38B104F1200017F044FE04F12400F7
:10D69000FDF7B4F902B010BD6C78002038B5064D26
:10D6A0000024C5F87445214605F26C5015F051FE72
:10D6B000C5F8704538BD00BFB070002070B5064693
:10D6C000B6B004A815460C461CF03AF800233268A0
:10D6D000019301A904A8ADF80830039224BA1CF004
:10D6E00040F8694604A8042200941CF03CF8062285
:10D6F00004A806491CF037F8294604A81CF035F8A0
:10D7000004A81CF028F836B070BD00BFCAFB0400A6
:10D7100038B528300C46154615F01BFE2A46214622
:10D720000248BDE83840FEF781B900BF44740020CC
:10D73000836A994207D3036B01319942816202D314
:10D74000014802F06BBC7047E8750020C36A426B69
:10D7500001339342C36202D3014802F05FBC7047B9
:10D76000E8750020002303870149403014F058BCBD
:10D7700080EE360030B587B00446104805900D465F
:10D78000BAB1059817F005FE1023CDE90153022226
:10D79000012300931146092305A8F8F77FFC2068B0
:10D7A000059B984201D017F0F4FD059B236007B05C
:10D7B00030BD10F09EFF0028E3D0F0E7010002002A
:10D7C000F0B597B0044641680EAAFFF777FF02ADA7
:10D7D0000EA9002204F1080015F0E3FD284617F019
:10D7E00079FE4FF000470AAE06A8029717F072FEC6
:10D7F0003046069717F06EFE12A9284601220A97B6
:10D8000015F0CFFD61680EAA20460139FFF756FFDB
:10D8100012A906A8012215F0C4FD61680EAA2046CF
:10D820000131FFF74BFF12A93046012215F0B9FD77
:10D830006268064802F07F02CDE9005606AB01326D
:10D840000821FEF7C3F817B0F0BD00BF44740020F4
:10D8500070B543688B4204460E46154606D1BDE8B6
:10D86000704011484FF4807114F0C1BAEA0701D535
:10D87000838FC3B9002211462046FFF749FF0023DA
:10D88000E36220466660FFF79BFF2046FFF76AFFD2
:10D89000AB0744BF638FA387BDE8704002484FF4D5
:10D8A000807114F09BBA70BDD430002010B50446CE
:10D8B0000749403014F0B4FB238F01332387A38F33
:10D8C0000BB1013BA3872046BDE8104017F006BE10
:10D8D00080EE36000148FFF7E9BF00BFAC730020BF
:10D8E00013B504460868B4F86420019083B2012B94
:10D8F0009CBF0223ADF804309A4205D05D22534309
:10D900006422B3FBF2F3638704220DEB020104F1FE
:10D9100064001CF0A2F848B908484FF4801114F0D4
:10D9200066FA204617F0DAFD02B010BD0198606675
:10D930004FF48011014814F051FAF2E7D43000207E
:10D9400030B50368002B85B004460D460FDB6946F1
:10D9500017F09CFD1022294668461CF07EF830B96D
:10D9600010484FF4802114F042FA05B030BD012276
:10D9700029462046FFF7FEFE0A484FF4802114F0A6
:10D980002DFA4FF48071074814F028FA002320463E
:10D990006360FFF715FF204605B0BDE83040FFF794
:10D9A0007DBE00BFD430002070B5044600254FF086
:10D9B00000464560083017F08DFD04F11800A660A0
:10D9C00017F088FD4FF01C73A3632346114AA6612C
:10D9D000C4E90B556563A58743F8402F04F1500057
:10D9E000A36417F077FD04F164002665256617F03F
:10D9F000DCFC94F8683065F3000384F8683010F0BC
:10DA000060FE04F128002660E664294615F0A1FCBA
:10DA1000204670BDD5D8020010B504460648FDF773
:10DA200061FF0246204617F09BFDBDE8104001460D
:10DA3000104617F0CEBD00BF4474002002299FBFDE
:10DA40000A4B0B4A5B5C525C89BF142116210A22E7
:10DA50000223814206D3824206D383422CBF002098
:10DA6000012070470320704702207047D3FB040059
:10DA7000D0FB040010B51446064803F093FAA17CCD
:10DA800011F0010105D120461322BDE810401BF022
:10DA9000CCBF10BD6C78002070B50C4611881D46B7
:10DAA00041F0080386B0164613800223E05C00288C
:10DAB00055D06278022A0BD10F2B09D141F00B010E
:10DAC0003180E17B284606B0BDE870401BF0A5B868
:10DAD0000C2B11D941F00A013180617828461BF0E6
:10DAE0009CF8002839D1032204F10D01284606B024
:10DAF000BDE870401BF07EB80A2B0BD941F009013C
:10DB00003180617828461BF088F830BB052204F18B
:10DB10000B01EBE701AA1448002103F071FAE27847
:10DB20009DF814309A4213D10822211D01A81BF040
:10DB300094FF68B9338843F0040333800222611CE8
:10DB400028461BF057F840B9042204F10C0101E00B
:10DB50001022214628461BF04DF806B070BD013357
:10DB6000102BA3D1F9E700BF6C7800202DE9F04716
:10DB70008CB08046149D0C4628460DF10601914656
:10DB80001F461BF0EEF8064620B1062630460CB0C4
:10DB9000BDE8F087BDF8063003F46042B2F5C04F2F
:10DBA000F3D1190640F1978001A928461BF0D6F859
:10DBB0000028EAD19DF804A04FEA1A110AF00F0AD2
:10DBC000B74802AA03F01CFAB54807AA514603F069
:10DBD00017FA2822002120461BF027FF602222701E
:10DBE000BDF8062000236370A370E37002F4C053F5
:10DBF000B3F5C05F35D0AB88002BC6D02B681B783F
:10DC00009B0803F03003120563700ED401A9284667
:10DC10001BF0A4F89DF804202178C2F383030B4382
:10DC20002370637843EA82136370BDF80630DB0427
:10DC300017D4AB88022BA8D92B6862781B7803F025
:10DC40000F03134363702B68A2785B781343A370B0
:10DC50002B68E2789B781343E370032128461BF07E
:10DC600064F8BDF80630580538D401A928461BF0E1
:10DC700075F80146002888D19DF80430A371BDF8DD
:10DC8000063089F8001003F44073B3F5007F27D005
:10DC9000B3F5407F26D0B3F5807F25D001A9284673
:10DCA0001BF05CF800287FF470AF9DF80430BDF8DD
:10DCB0000620E37102F03003202B51D016D8002B40
:10DCC0004AD1510614D4102204F1080128461BF051
:10DCD00033F868B159E78246014671E70121CEE782
:10DCE0004023E4E7FF23E2E70123E0E7302B3FD0C6
:10DCF000BDF8063013F0300F07D05A063FD46FF04E
:10DD0000010323726FF07F036372BDF806301807BA
:10DD100003F0030272D4022A40D0032A47D0012A1A
:10DD200038D059073FF531AF102204F118012846C9
:10DD30001BF002F800287FF428AFBDF806305A0720
:10DD40003DD59DF82E3098077FF51FAF07A904F148
:10DD5000180016F0A9FD3AE0082204F11001B5E719
:10DD6000FF23E374FE232375022204F11601ADE7BD
:10DD700004F1100202A9384617F076FCB8E79DF8C6
:10DD80001A309B077FF501AF02A904F1080016F0D5
:10DD90008BFDBAE7082204F12001C8E7FF2384F8CD
:10DDA0002330FE2384F8243004F12601BFE704F178
:10DDB000200207A907F10A0017F056FCBAE79F07EF
:10DDC00005D06FF0010323766FF07F036376BDF813
:10DDD00006305B057FF5DAAEAB88002B3FF4D5AE9D
:10DDE0002B680DF105021978404617F07DFF0028D9
:10DDF0007FF4CBAE9DF80530A371C7E6FF212176F5
:10DE000059072ED4022A16D0032A20D0012A06D080
:10DE1000102204F1180128461AF08EFF1EE004F1CA
:10DE2000190128461AF09AFF00287FF4AEAE0522A9
:10DE300004F12301EFE704F1190128461AF08EFFDF
:10DE400000287FF4A2AE032204F12501E3E70223B8
:10DE5000637604F1270128461AF080FF0028B6D027
:10DE600093E6002A7FF491AE9DF82E309A077FF555
:10DE70008CAE022204F1190128461AF05DFF002839
:10DE80007FF483AE9DF82C30E376082207A904F1D5
:10DE90001C001BF0A3FD042204F12401BBE700BF1A
:10DEA0006C78002038B5142204460D460430002159
:10DEB0001BF0BBFD0822002104F118001BF0B5FD8A
:10DEC00094F8403023F00F0384F840300B4B0021CE
:10DED000C4E911312184616284F8301084F83A1069
:10DEE000E163102204F14C001BF09FFD294604F170
:10DEF0005C00FCF7D7FD204638BD00BFB9E1020049
:10DF000010B590F840309B07044609D4054801211C
:10DF100014F0E5FA94F8403043F0020384F84030FE
:10DF200010BD00BF1C74002010B590F840309B0756
:10DF300004461DD55C3014F0A7F900210D481AF0F5
:10DF400097FF0D48FFF76CFA201D13F01EFF04F138
:10DF5000180013F0ACFE94F84030084823F0020398
:10DF6000002184F840306162BDE8104014F0B7BA77
:10DF700010BD00BFF8300020407800201C74002045
:10DF800070B590F840308AB00D4623F0010380F858
:10DF90004030044628236A460021284613F004FD39
:10DFA0009DF80830FF2B02D102200AB070BD1E4E32
:10DFB0001E4804F1280202A900F0F8FA96F8393553
:10DFC000012B0FD806A816F0A4FCA8B906A816F0D5
:10DFD00023FC0028E8D008A904F1320015F0A2F9CA
:10DFE0000020E2E79DF81820FF2A0CD006A816F0C2
:10DFF00013FC0028EFD110E04FF6FF736386012376
:10E0000084F83A30ECE7022BF6D12B799B07F3D555
:10E01000AB7903F00F03012BEED006F5A76018F0E3
:10E020002EFA6086EBE700BFB07000206875002014
:10E03000024B93F86C03C0F380007047B07000206F
:10E0400038B504460D460A4814F049FA04F15C005C
:10E0500035B114F019F9BDE83840064817F0ABB8EF
:10E0600014F065F9BDE83840024817F0A7B800BFC2
:10E070001C7400208479002030B590F840300446AC
:10E08000980785B032D5606A00282FD043F0080386
:10E090000D6884F8403043795B0930D1102113F0CA
:10E0A0009BFB28B129461748FFF7A0F90546E8B1C0
:10E0B00000230393E38F0293A38F019394F84030DE
:10E0C000114803F0010300932946626A04F1280312
:10E0D00000F084FA0B212084606A13F07DFB38B1D4
:10E0E000636A1A79920703D55B892384002503E0CC
:10E0F0002B7F23F002032B77284605B030BD4389E0
:10E10000F3E700BF40780020687500209DF800000C
:10E110000AB9CA7670470E2A0DD1CA7E0132D2B230
:10E12000CA7643B10B8BC3F3080323B9904202D8DC
:10E13000014801F005BB7047E8750020F7B50F46B0
:10E14000194690F8403016469A07054603D4002435
:10E15000204603B0F0BD0A48012218F054FF0446DF
:10E160000028F4D03B681B889B06F1D5042300935C
:10E170000146012332462846FFF7C8FFE8E700BF03
:10E180004076002010B590F840301A07044610D4AD
:10E190005B070ED418F063F8606250B183891BB935
:10E1A000037943F008030371BDE81040014814F0FF
:10E1B0003ABA10BD1C7400200148FFF7E3BF00BF4E
:10E1C0006C75002010B590F8703004465BB900F112
:10E1D00020020146054B343016F059FA10B90123DC
:10E1E00084F8703010BD0020FCE700BFB030002084
:10E1F00008B518F078F8014620B9BDE80840024893
:10E200001AF036BE08BD00BFF830002013B54C3000
:10E2100017F07CFF8B88019123F4C45343F08003F3
:10E220008B800648002201A9FEF716FB04460198E0
:10E2300008B1FCF7D5FA204602B010BD1C710020D1
:10E2400070B508460C461546FFF7BCFF0646E8B910
:10E25000A08E40BAC0F3851015F026FF287094F800
:10E260003A303A2B05D194F95C30002B0EDB0323B6
:10E270002B7094F83A30112B08D1B4F85E3044F684
:10E280004D4299B2914203D103232B70304670BDA9
:10E290005BBA09489BB204F14C0204F13C0103F063
:10E2A0009DFA0028F2D0A08E40BAC0F3851019F074
:10E2B00089FB2870EAE700BF947200202DE9F04145
:10E2C00004460D46D1E9000186B004AF87E803009B
:10E2D000904620460DF10B0229461E46FFF7B0FF7F
:10E2E000044628BB9DF80B20012103A813F034FA43
:10E2F0002146124803AB224613F08BFA01463060E8
:10E30000D0B10F48CDF800803B4605F1200217F050
:10E3100029FE044660B9BDF814200499306813F052
:10E32000ACFB044620B9BDF91410306813F03BFA79
:10E33000204606B0BDE8F0810324F9E70C31002047
:10E3400018740020F0B587B00646002302A80D46D9
:10E35000019317F0BDFE002840F08280BDF80C301C
:10E36000002B4AD1BDF8087001AB3A462946304629
:10E37000FFF7A4FF002873D1019C6389BB426FD8CB
:10E380003946204613F0F1F9002869D1BDF80A306A
:10E390006361F7F7CFF905F10801A061204613F09A
:10E3A0002BFC40482146FEF7A7FB002858D13E4BE6
:10E3B00093F86C33580705D42379990702D5304672
:10E3C00017F07AFF214606F11800012213F032FC03
:10E3D000364800211AF034FD204613F0F5F950B903
:10E3E000214606F1180013F040FC05F120022146F9
:10E3F0003046FFF70BFF07B0F0BD06F1180104A887
:10E4000013F05EFC049CFCB1BDF8083062899A42AE
:10E4100015D1BDF80A106369994210D1A389BDF8DE
:10E420000C1099420BD1AB880B44934207DC227944
:10E430006B7BC2F3400203F001039A4203D004A8AD
:10E4400013F08DF9DEE70194174B93F86C335A07FC
:10E450000CD46CB96B7BDB0702D5304617F02CFF70
:10E4600001980028C7D0FCF7BBF9C4E7002CF7D00F
:10E47000AB882A68A189204613F0E2FAB5F90410A6
:10E48000204613F090F995F90B1004F12C0017F0C9
:10E4900042F8297B04F12E0017F070F8F7F74AF9DB
:10E4A000A06199E7A6730020B0700020F83000202A
:10E4B00073B5002201AB06460D460192FFF7FEFE42
:10E4C000019C90B905F10801204613F095FB0B481B
:10E4D0002146FEF711FB48B905F1200221463046DE
:10E4E00002B0BDE87040FFF791BE2CB1204602B0EB
:10E4F000BDE87040FCF774B902B070BDA67300208F
:10E5000070B59EB000238DF828308DF832308DF82C
:10E51000703090F840309B0705460C4632D50846CF
:10E5200014F0A7FD0646204614F0C2FD08A9ADF878
:10E5300004002046009614F02BFB18BB0DF12A01B5
:10E54000204614F0A0FAE8B9214602A819F085F98E
:10E550009DF80D20144802F0010208A9FEF7EEFE16
:10E5600023681B7803F00703012B0BD1684617F0D3
:10E570006EFD38B9684617F084FD28B16946284613
:10E58000FFF7E0FE1EB070BDBDF80430002BF9D0DF
:10E59000009B1B7803F0E003602BF3D1694628460B
:10E5A000FFF786FFEEE700BF8479002010B5104624
:10E5B0001446083114F0B6FE0649082220461BF026
:10E5C0004CFA28B1044BB3F89A3323800123237209
:10E5D00010BD00BF4E740020B07000202DE9F04F38
:10E5E00097B01F469DF8803001930025BDF8883014
:10E5F000029380469DF88C3003930E4614462946BC
:10E60000062213A8BDF884B08DF840508DF84A500A
:10E610001BF00BFA222229460DA81BF006FADFF8A0
:10E6200028A2222200210DA81BF0FFF923799A07C6
:10E630000BD505238DF85230A37903F00F03032B7C
:10E6400040F0B18000238DF85330BAF8741313A84A
:10E6500014F077FEA37903F00F03012B0AD1E379BD
:10E660000F2B00F0A980103B012B03D8618A13A85F
:10E6700014F063FE3B460EAA07F1100C18685968A7
:10E68000154603C5083363452A46F7D11868286044
:10E690006E4B0D9331460DA814F0D8FA304614F0A5
:10E6A000E8FC0546304614F0F6FC2946024606A86A
:10E6B0001AF09BFAB4F80C90B9F1000F40F0A88062
:10E6C000BDF81E50BDF81C3000932B1FADF81E3056
:10E6D000019B002B79D00123029AADF820B08DF870
:10E6E0002830ADF82A208DF8323006AB08AA214632
:10E6F000574817F0D9FA2046ADF81E5013F064F8C9
:10E70000039B05463BB9BDF81E30BDF81C209B1A83
:10E710009BB283421FD22379C3F340019B0704D4E9
:10E72000A37903F00F03012B60D06369002B65D040
:10E7300062890099C2F30A026FEA82426FEA92424A
:10E7400052BA5BBAADF81420ADF8163005AA04230E
:10E7500006A81AF0CCFABDF81C20BDF81E309B1A92
:10E760009BB29D4284BF23F007039DB22B46A28932
:10E77000214606A81AF092FABDF81C10304614F093
:10E78000A4FCA3891D446389ADB2AB4203D9012126
:10E79000304614F000F92046494613F00FF8284699
:10E7A00017B0BDE8F08F0F21204613F015F808B11F
:10E7B000102348E7082346E7237AB376B3719AF823
:10E7C0007633B3764FF6FF7151E73B4608AA07F15F
:10E7D000100E186859689446ACE803000833734576
:10E7E0006246F6D11868CCF800007EE7204612F0A9
:10E7F000E5FF237943F00203237112E7B8F80030F4
:10E80000012B38BF01235A1CA8F8002063618FE751
:10E810006389A28AC3F30A036FEAC3436FEAD3434F
:10E820005BBAADF8203053BAADF8223005224FEA7A
:10E83000D90308A906A88DF824301AF0DBF9204680
:10E8400012F0C2FF054686E7B070002001000010FC
:10E850001874002010B5502204460021A8301BF087
:10E86000E4F8034813F018FCC4E9060110BD00BF2A
:10E87000C030002038B5044620480D4613F00CFC8B
:10E88000D4E90632C31A61EB0202C4E90601D4E9F5
:10E890003A01C01842EB0101C4E93A01042D0BD83A
:10E8A000DFE805F0030B131B2300D4E93010C9186F
:10E8B00042EB0000C4E9301038BDD4E93210C91869
:10E8C00042EB0000C4E93210F6E7D4E93410C9186D
:10E8D00042EB0000C4E93410EEE7D4E93610C91861
:10E8E00042EB0000C4E93610E6E7D4E93810C91855
:10E8F00042EB0002C4E93812DEE700BFC03000205E
:10E9000038B545788D42044605D1BDE838402948E0
:10E91000042113F06CBA41702648042113F05EFA0A
:10E92000012D07D1204617F05CFD18B1224813F0E5
:10E93000C2FB206129462046FFF79CFF6378042B29
:10E9400009D8DFE803F00313192A3000B4F8A8301F
:10E950000133A4F8A830FDB1002104F1280002F031
:10E96000A3FA012D18D16378022B0BE0B4F8AA307A
:10E970000133A4F8AA30EEE7B4F8AC300133A4F8C0
:10E98000AC30012D08D1E3782278C3F3C00383F0C3
:10E99000010363F3C302227038BDB4F8AE30013313
:10E9A000A4F8AE30D7E7B4F8B0300133A4F8B030F3
:10E9B000D1E700BFD4300020C030002038B500F5CA
:10E9C000F075044629460A4816F0D6F8084B04F5B7
:10E9D000F47003F2662115F0B7FE29460448FEF7ED
:10E9E0006BFABDE838400348082113F0F7B900BFBF
:10E9F000E8710020D430002070B5174BD3F83831BF
:10EA000005460C4600F504768BB914482146FCF700
:10EA1000DFFE4FF6FE739C42AC801BD064BAA5F8B3
:10EA20001E4231460E48BDE87040FEF745BA9E4290
:10EA300001D05B69E8E7B5F81E325BBA9BB2A3422E
:10EA4000E3D03146064816F097F80648314619F0EB
:10EA500039FBDAE770BD00BFB070002044740020BD
:10EA6000E871002094720020F8B51E46036A0D4636
:10EA70009D42044617460A484FF080010CD013F01F
:10EA8000ADF9B4F8B4300133A4F8B430256284F899
:10EA9000247084F82760F8BD13F0A9F9F6E700BFE9
:10EAA000D4300020054B93F8C32780F8252093F835
:10EAB000C23780F826302030704700BFB070002089
:10EAC0002DE9F04F1546A1B00AA89B46BDF8A880D5
:10EAD000DDF8AC900E461AF01EFE6B89012EA3EBFA
:10EAE0000804A4B25F460BF1100A07D108F1050231
:10EAF0009A4267D8043C5746A4B2DA4607F10801A7
:10EB000004A80DF1180B14F0EEFBD9F80110052242
:10EB10005B4604A81AF0EDFDD9F8050015F009F9D7
:10EB200001462A48D0F800238A4238D000F53F70C9
:10EB300016F099FC01460AA81AF047FC0D23CDE90E
:10EB400000B3224604232A210AA81AF04AFC102204
:10EB500039460AA81AF0D8FC102251460AA81AF021
:10EB6000D3FC0A2249460AA81AF0CEFC29460AA874
:10EB70000096234642461AF082FD03A90AA81AF01D
:10EB80009FFD7EB9042203A9284612F076FF0446B1
:10EB90000AA81AF0CFFD204621B0BDE8F08F00F59D
:10EBA0004171C8E76989002404390094042303AA49
:10EBB00089B2284612F01EFF30B10421284612F017
:10EBC0007DFEE5E70624E3E70824E1E7B0700020D6
:10EBD000C378074A13F0010F19BF4B7992F8C307A6
:10EBE0008B7992F8C207C01AC0F3C010704700BFFB
:10EBF000B0700020F0B58BB0262200210446684694
:10EC00001AF013FF15480021FDF7C4FB054630B18B
:10EC1000002112F0AAFD20B12846FBF7E1FD0BB060
:10EC2000F0BD04F5FC736E4604F502771868596868
:10EC3000324603C20833BB421646F7D1E28804F5D8
:10EC4000EC7104A815F03BFE04483B236A462946B4
:10EC5000FDF7C6FC0028E2D0DEE700BF1C710020F3
:10EC60002DE9F04387B0074688461F48DDF8389005
:10EC7000062114461E46FBF7ADFD054620B3F6F708
:10EC800059FD22460644009601AC02F110061068B8
:10EC90005168234603C30832B2421C46F7D11822FA
:10ECA000694628468DF8148012F0E7FEB8B9B9F12C
:10ECB000000F0CD1009907F1080013F0C8F90122E8
:10ECC0002946384612F0B6FF07B0BDE8F083BDF81C
:10ECD0003C204946284612F0D0FE0028EAD02846BB
:10ECE000FBF77EFDF0E700BF0C31002030B587B0A8
:10ECF00004460D4602A8094915F097FD02AA052110
:10ED0000204617F00FFC38B9CDE900002B4602AAC7
:10ED100005212046FFF7A4FF07B030BD1076002084
:10ED20001FB504460549684615F07FFD6A46052172
:10ED3000204617F029FC04B010BD00BF107600205B
:10ED4000024B0021B3F83C251AF02BBAB07000201A
:10ED500010B50446044814F0FAFA0521024620468C
:10ED6000BDE810401AF029BAD4730020024B0821E4
:10ED7000D3F828231AF021BAB070002013B50B4B3A
:10ED800093F8C32783F85D2593F8C22783F85E259F
:10ED9000044603F5AB61684618F059F808236A4643
:10EDA0000B2120461AF0B9F902B010BDB070002056
:10EDB00030B587B000238DF803300B78FF2B044665
:10EDC0000D4611D001AA124802F0ECF89DF8163059
:10EDD0009A0709D5DB0741BF9DF8153003F00F03F3
:10EDE00063F07F038DF8033001220DF1030120460B
:10EDF00012F043FE38B99DF8033033B9102229468A
:10EE0000204612F03AFE07B030BD0822A918F7E7F5
:10EE10006C780020054B93F83B25120704D4B3F817
:10EE2000D6281B211AF0BDB900207047B070002011
:10EE300010B50446064815F0BCF838B12046044A1F
:10EE4000BDE81040082316211AF067B910BD00BFB5
:10EE50003873002010B50446064815F0AAF838B1FA
:10EE60002046044ABDE81040082317211AF055B97E
:10EE700010BD00BF647300202DE9F04391B006AED1
:10EE80000C4605462622002130461AF0CEFD2346C8
:10EE900003F110070AAC18685968224603C2083308
:10EEA000BB421446F7D1274F07F5E3630FCB86E843
:10EEB0000F0044F64C53ADF83A30FF238DF83C3048
:10EEC0000DF10B0201230021284612F06DFD9DF883
:10EED0000B90B9F1000F2DD10DF10C084246012124
:10EEE0000A23284612F060FDD7F82833CDF80D30FC
:10EEF000D7F80043204614F01CFF04F07F04CDF83F
:10EF000011000A2342460121284601348DF815409C
:10EF100012F096FD0B230093CDF8048033462A4669
:10EF2000494607F5A760FFF7CBFD40B907F53F70ED
:10EF3000FEF70CFC044832462946FEF77FF811B074
:10EF4000BDE8F083B0700020587600202DE9F04134
:10EF50000F46072106461446984617F02FFB054634
:10EF6000F8B1224643460D211AF0D7F80446A0B95D
:10EF7000284617F07CFB044678B939462846FFF747
:10EF80007BFF044648B9F3781B0703D406480821E1
:10EF900013F025FA2046BDE8F0812846FBF720FC57
:10EFA000F8E70324F6E700BFC87500201F292DE904
:10EFB000F3410D4617461E4621D8DFF88C80D8F85D
:10EFC0007833CB40DB071AD50F2117F0F7FA044648
:10EFD000A8B10379057243F00203037198F8763300
:10EFE00000225BBA8DF80020ADF801306A46032399
:10EFF00014211AF092F828B12046FBF7F1FB02B079
:10F00000BDE8F081DEB1012E0AD1684614F0E1FFBF
:10F0100008236A46162120461AF07FF80028EBD113
:10F02000B8F87423152120461AF0BBF80028E3D164
:10F0300039462046FFF720FF0028E0D0DCE72046D5
:10F04000FFF7F6FEEAE700BFB07000207FB503AE21
:10F050000C4632460C21054619F0BEFF68B9084837
:10F0600090F83B35CDE90056DB43A279617903F096
:10F07000010300F2BC7018F06AFA04B070BD00BF62
:10F08000B0700020F0B50C1EC3B014BF19271827AC
:10F09000054601A8164614F0A7FB6A4639462846DD
:10F0A00019F09AFF90B96A46294601A814F030FC7D
:10F0B00060B901A814F0DAFB40B93246214601A834
:10F0C00014F0A3FC10B91CB1012C07D043B0F0BD63
:10F0D0000246044801A914F0C2FDF7E7024601A95F
:10F0E0000148F8E7287300205473002010B5002170
:10F0F000044650221AF099FC20460249BDE810400F
:10F1000017F0F1BEB0300020F8B5174E0027078089
:10F1100096F83955012D044624D1B6F83C354FF602
:10F12000FE7293421CD0C3F30803CBB196F83A3574
:10F13000022B15D106F5AC6013F09EF880B1204685
:10F1400000F8105B17F0A4FE04236370192106F584
:10F15000A76017F054F90146201D12F061FF3D46EB
:10F160002846F8BD0125FBE7B070002038B5002324
:10F17000C0E9003383644FF0AF6203468260074A00
:10F1800043F8642F00F11405C3660446284617F0BF
:10F19000AAFE2846FFF7AAFF204638BD390E030015
:10F1A00070B5437804460BB100234370114D04F150
:10F1B00064063046FBF722FC95F83935022B10D156
:10F1C00044F62061304612F02BFF22790023012AF9
:10F1D000E3700DD1237105F5A760BDE8704017F00D
:10F1E000CAB905F5A76017F003F908B10023238118
:10F1F00070BD00BFB070002010B5164C94F83925D2
:10F20000012A24D103893BB904F5A76040F2EE211D
:10F21000BDE8104017F0F3B8013B9BB21F2B0FD88D
:10F220009A4041F2AC218A420AD8FB249C40322108
:10F23000002019F0E9FD2044A04238BF204610BD4F
:10F2400005484FF4FA6119F0EBFD0446EFE70120A1
:10F25000F5E700BFB0700020804F120070B5214D5F
:10F2600095F8392504460E46002A39D04378002BFC
:10F2700036D1012A18BF03811430FFF737FF6378B6
:10F28000A670012B1CBF01236370022E02BFB5F8CC
:10F29000EE350133A5F8EE352046FFF7ADFF014608
:10F2A00004F1640012F0BCFE95F83935012B17D13A
:10F2B000238901339BB24FF6FF72002B08BF134620
:10F2C0002381B5F8EA3595F83B15013311F00801B3
:10F2D000A5F8EA3504D1BDE87040034813F0FFB843
:10F2E00070BD00BFB07000201C740020002310B55A
:10F2F0000446038129B120460021BDE81040FFF7F4
:10F30000ADBF064814F062FCB0FA80F04009E0702E
:10F310000348FFF7F9FE0028EDD110BD2873002047
:10F32000E076002037B50023154D019395F8393567
:10F33000022B044602D1002003B030BDC378002B5D
:10F34000F9D105F51E7014F064FC18B995F83B3539
:10F350009B07F0D40B4801A9FCF73CFD10B1D5F890
:10F360007833019301A81AF019FA4FF4AF63013012
:10F37000B3FBF0F3502B38BF502363810120DBE750
:10F38000B0700020287300207FB500F10C063046D5
:10F390000C4617F07DFD012C1EBF04F0FD02B2FAF1
:10F3A00082F252091F484FF0090114BFD401C02452
:10F3B00017F004F9054690B31B4B012193F83B2548
:10F3C00019F0E4FE28B1284604B0BDE87040FBF710
:10F3D00007BA3146284617F031F90028F3D1224602
:10F3E0000E21284619F0D2FE0028ECD1284617F04D
:10F3F0003AF90028E7D1FDF777FB6A46034600F1AA
:10F40000100618685968144603C40833B3422246EC
:10F41000F7D169462846FFF72FFD0028D3D104B065
:10F4200070BD00BFE8750020B070002013B5002348
:10F430000C460848019301A9FCF7CCFC18B1064B17
:10F44000D3F878330193214601A81AF092F902B05B
:10F4500010BD00BF28730020B070002013B590F8D5
:10F460002E3003F00F03032B044604D14378022B04
:10F470000FD0032B02D0002002B010BD17F0EFF91F
:10F480000028F8D10F4B93F83935022B10D001200A
:10F49000F2E70DF1070117F0C2F99DF80730002BD4
:10F4A000F0D104F1140018F0CEF90328EAD0E2E715
:10F4B000A378012B02D9033B022BE8D8207800F077
:10F4C0000100D9E7B07000202DE9F0430446086838
:10F4D0008FB02C300D4616F043F80DF1120206469F
:10F4E0000021286819F0E1FD002840F0B880637819
:10F4F000042B00F0B480286804A917F0EAF800286B
:10F5000040F0AD80286804F10C0117F004F90028E0
:10F5100040F0A580696809A8183113F0E4FE51484D
:10F5200090F83935022B0AD1082209A900F5AC6000
:10F530001AF093FA18B9237843F0010323700DF100
:10F540001C082868414617F010F9002840F0878011
:10F5500028680DF10B02102119F094FD00287ED1CE
:10F560003146414813F006FA0BAF06463946286883
:10F570009DF80B9017F009F9002870D14FF6FF7332
:10F58000ADF80C3001232B7594F82E304E4503F066
:10F590000F0328BF4E46032BF6B24AD0286806AAAE
:10F5A00005A917F0CBF8002859D1286804F14301C8
:10F5B00017F0A9F8002852D104F114092A462B4863
:10F5C000494616F041FFBDF812300599A38504F1B4
:10F5D000200013F0BEFE069B6362BDF81030238648
:10F5E00094F82E309DF80B0043F0F00384F82E3091
:10F5F00015F0F9FF94F8343060F3830384F8343065
:10F600000321484601F050FC97E80700EB68A3622D
:10F610009DF8303084F8423004F14C0383E8070051
:10F6200098E8030004F15C0383E8030084F8586061
:10F6300015E0082209A904F114001AF00EFA0028B6
:10F64000ACD003AB0193BDF810300093BDF812109D
:10F650003B463246204617F010F900289ED10FB0E5
:10F66000BDE8F083B07000201C740020E875002015
:10F6700010B501210446FFF743F904F58870FFF740
:10F680008FFD04F15C00FFF74BFB04F5CC7017F025
:10F6900088F92378074823F0080323700121FEF737
:10F6A000CFFC054A92F86C3323F0100382F86C33D8
:10F6B00010BD00BF6C750020B070002070B504460E
:10F6C0001B480D46F6F7B6FC80BB1A4E96F8E031A3
:10F6D00063B3B6F874234FF6FF739A4206D113F062
:10F6E000EDFD014606F55B70FBF718FB2046FFF7C2
:10F6F000BFFF114804F5FC71FDF7DEFB0E4804F571
:10F700000A7115F010FA0C4804F5107115F00BFA97
:10F71000A1882046FFF770F9084815F0B3FE04F5FC
:10F7200088702946FFF7E2FD002070BD0D20FCE740
:10F73000B0300020B0700020E8710020AC730020D1
:10F7400010B543780446FBB1012B03D190F8113179
:10F75000012B17D094F8133113B90C4814F036FA72
:10F760002046FFF785FF002104F1280001F09CFBF3
:10F770004FF6FE712046FFF73FF9002104F588702F
:10F78000FFF76CFD002010BD0D20FCE75473002036
:10F7900010B40B4A92F83945022C0FD192F83B1560
:10F7A00009070BD5D2F8441504704FF47A7251430F
:10F7B00010BC0522A1F6B47117F0D0B810BC704788
:10F7C000B070002038B500F1100504462846FBF75C
:10F7D00015F9094B93F839356BB12946204617F0D6
:10F7E000D6F82378012B06D0294604F10800BDE89D
:10F7F000384017F0CCB838BDB07000202DE9F04388
:10F800000D4687B004466946286816F0AEFF0646E6
:10F8100098B9236A009A9A420BD19DF8042094F873
:10F8200024309A4205D19DF8072094F827309A4257
:10F8300007D06378022B11D00226304607B0BDE80E
:10F84000F0832378DB0711D469462046FFF7C0F91F
:10F8500060B904F5CC7017F041F9EEE7694620462F
:10F8600016F0E5FD237843F0010323700823286890
:10F870000DEB0302162119F03EFC18B1172806D033
:10F880000626DAE72B4902A814F0C6FBA8B94FF008
:10F8900000082868082304AA172119F02CFC38B3A3
:10F8A0001728EDD1002728686946FFF7CFFB81466E
:10F8B00060B317280AD00646BFE72868182116F05B
:10F8C000EFFE80460028E4D14FF000096B681B78FA
:10F8D000FF2B2CD14FF47A71204616F090FD024692
:10F8E000696804F15C00103116F02EFE4E46A4E764
:10F8F000114904A814F090FB0028D3D028681921DE
:10F9000016F0CEFE07460028CDD1DDE7B8F1000F96
:10F9100003D0286802A916F04FFF1FB1286804A978
:10F9200016F04EFF237823F00103237091E70A229B
:10F93000D6E700BF387300206473002070B504461A
:10F9400008690D4616F037FD80B12046FFF756FFD7
:10F9500094F8A031012B064605D0E3781B0702D4AA
:10F96000034812F028FD0EB902232B7570BD00BFAD
:10F97000C875002010B50E4B93F83925022A0446AD
:10F9800012D193F83B351B070ED4083016F0E0FF78
:10F990000123237205224FF47A7116F0DFFF20460F
:10F9A000BDE81040FFF70EBF00232381F7E700BF3B
:10F9B000B070002038B5054616F013FD044668B156
:10F9C0002B78074AC3F340030133DBB22846FFF725
:10F9D000BDFA044605F5CC70FFF7CCFF204638BDD4
:10F9E000D9FB0400012910B5044605D11B4814F0C9
:10F9F000EDF81B4814F0EAF863784BB304F15C00AF
:10FA000016F06AFD04F1F80016F004FF04F5DC704E
:10FA100017F075F8134815F023FD2046FFF728FE70
:10FA2000114804F5107115F08CF80F4804F50A71AF
:10FA300015F087F80C4804F5047115F09DF80A4894
:10FA400004F5FC7115F098F800212046FEF758FFE8
:10FA500004F5C070BDE8104016F06EBF287300209A
:10FA600054730020AC730020E871002038B50021E9
:10FA70000546FFF7B7FF05F17000FDF7E7FA04460A
:10FA800020B9034805F5F07115F076F8204638BD29
:10FA9000E871002008B50B460178012905D123B98A
:10FAA0000348FFF79FFF102008BD0020FCE700BFC0
:10FAB000E87500200178012902D10248FFF792BFC2
:10FAC000704700BFE87500200148FFF7F3BF00BF93
:10FAD00068770020F0B50F4689B0044603233868E4
:10FAE00002AA142119F007FB98BB3868BDF8095029
:10FAF000082304AA162119F0FEFA50BB38680DF14C
:10FB00000602152119F0D1FA18BB02233B7504A88F
:10FB100014F06AFA3449064604A814F07DFA334B0F
:10FB20006DBA93F87623EDB2AA425AD1B3F8742392
:10FB3000BDF806107EB191420BD02D480022294617
:10FB400016F0A0FD7A682A48002310322946FFF7F4
:10FB50002DFA09B0F0BD8A1A56425641002832DA11
:10FB600093F83925012AF4D193F83935012B01D1C5
:10FB7000002EEED11F4806A914F0C5F878B904A9E3
:10FB800006A814F049FA002809DB1A4803A914F062
:10FB900050F820B9039A4EF65F239A42D9D92378B8
:10FBA000012B15D004A814F02DFABDF8063063809F
:10FBB000C4E90201204601236570FA2100F8103BD8
:10FBC00012F02EFAC5E7CFD10B4815F0D0FAC0E7F6
:10FBD00004A8D4E9027614F015FA87428E41E1D3E5
:10FBE000B7E7002EBAD0A8E738730020B070002025
:10FBF000E875002054730020087A00202DE9F041B8
:10FC00000678012E044624D1134D90F801804788D0
:10FC100012480021FFF7E6FE95F876336370B5F8D9
:10FC20007433638000220023C4E90223414605F5B2
:10FC30005B70FBF7FDF8394605F55B70FBF76EF876
:10FC400002232370314605F5A760BDE8F041FFF7B8
:10FC500035BDBDE8F08100BFB0700020E875002020
:10FC60000148FFF7CBBF00BFA07700200378022B2D
:10FC70000BD1417800230370012000FA01F14FF409
:10FC80007A730248032215F01FBA70479879002052
:10FC900010B50446FEF7B0FE02212046FEF730FE06
:10FCA00004F58870FFF77CFA154A92F86C3323F05C
:10FCB000100382F86C3304F5CC7016F0DEFE04F10C
:10FCC000F80016F0A7FD94F8B831022B03D104F523
:10FCD000DC70FFF7CBFFE3884FF6FE7293420BD048
:10FCE000B4F840209A4207D0B4F8F0300133A4F8B9
:10FCF000F0302046FEF77EFFB4F84030E38010BDC0
:10FD0000B070002070B50C4686B0054601AA206888
:10FD1000002119F0CAF940BB206916F04CFB20B352
:10FD20006B78042B21D120680DF106020A2119F00D
:10FD3000BCF9D0B9BDF80430BDF806209B0AB3EB7E
:10FD4000922F12D1206802A916F00FFD68B9206821
:10FD50000C2116F0A5FC40B12068082304AA162146
:10FD600019F0C9F918B1172809D006B070BD20687C
:10FD700004A916F021FD172801D00028F5D1EB7851
:10FD8000022B02D12248FBF771FF2068082304AA46
:10FD9000172119F0B0F928B11728E6D11C48FBF754
:10FDA00065FF03E0206804A916F00AFD1948FFF773
:10FDB0005FFC1435174802A916F039FB164928468E
:10FDC00016F01BFD2846154DFFF790F9BDF80430DD
:10FDD000A5F8783502A92068FFF738F9BDF80610B4
:10FDE00005F5A760FFF754FF95F83B6516F0080688
:10FDF0000CD1314605F5A36012F0CCFA314605F27C
:10FE0000BC40FEF71DF902232375AEE70121F6E79A
:10FE100054730020E875002010760020B070002098
:10FE200010B50378022B04460BD1002341780370F0
:10FE30000448FAF7FDFF61880248BDE81040FAF770
:10FE40006DBF10BD1C74002038B5C578012D044667
:10FE500009D0022D1AD0A378052B31D8DFE803F0A2
:10FE60001C3F303F1C1C204813F0B0FE88B91E48D0
:10FE700013F0BEFE0223E37063781C48012B18BF09
:10FE80006570BDE83840322116F0B9BA184813F051
:10FE90009DFE0023E370DEE7164C94F83935022B03
:10FEA00010D194F83B5515F0080509D1294604F501
:10FEB000A36012F06FFA294604F2BC40FEF7C0F8C6
:10FEC000002038BD94F8F036022B03D104F5DE6033
:10FED000FFF7A6FF04F5A760FFF732FCF0E700216B
:10FEE0002046FFF7BBF9EBE754730020E8750020CC
:10FEF00028730020B070002070B504468EB04148D1
:10FF000013F064FE404813F061FE404804A916F067
:10FF1000FEFD0646002872D1024605993C483D4D3B
:10FF2000FDF796FC069BC5F828330799324605F580
:10FF30003F70FDF7EDFB9DF8113023F0020343F015
:10FF40000403E370BDF83430022B58D19DF8103013
:10FF5000A370023B022B52D8BDF81210C1F3080364
:10FF600033B105F56570FBF733FCBDF81230A380A3
:10FF7000294809A9FBF732FC0BAB03CBBDF81230C3
:10FF8000C4F800024FF6FE729342C4F8041236D051
:10FF9000C3F308037BB301AE0A220021304619F0F7
:10FFA00044FD0223ADF80C3018480A2332460421E0
:10FFB00001F044FE18BB04F12805284601F038FB87
:10FFC00096E8030085E80300BDF80C30A4F844303F
:10FFD00094F8423043F0F00384F84230BDF8123018
:10FFE00003F47C43A4F840300121284600F05CFF74
:10FFF000B4F84030E380237843F0040323700EB05C
:020000023000CC
:1000000070BD00BF28730020547300200831002009
:10001000AC730020B07000204474002030B59BB059
:1000200004462622002106A819F0FFFC02232046E0
:10003000ADF83C3016F0D5F900284DD0A388627891
:10004000ADF81A302849236A0A938DF81820D1F8A0
:100050009E03D1F8A213A2700BAB03C3D4F8000225
:10006000D4F80412022A03C314D10A22002103A8DF
:1000700019F0DBFCA06AE16A03AB03C3B4F84430B7
:10008000ADF814300A230093184810AB03AA0421DA
:1000900001F0E4FD144DD5F800330793D5F828237B
:1000A000A36805F549701344089313F050F9A36849
:1000B00003440993E3788DF81930262300930B4805
:1000C00010AB06AA032101F0C9FD089BC5F8303327
:1000D000099BC5F82C3305E0044806A916F017FD66
:1000E0000028D7D01BB030BDB070002008310020F0
:1000F00070B500F5EC75044628460E4616F01DFD59
:1001000010BB306871682B4603C31048FCF7F2FE41
:10011000294604F5FC7014F0A1FB294604F504708F
:1001200014F09CFB294604F50A70402214F0BFFB32
:10013000294604F51070402214F0B9FBBDE8704068
:100140000348102111F04ABE70BD00BFE8710020C5
:10015000D4300020F8B54FF040626FF00113044630
:10016000C0E900235148F023C4E9020304F1580018
:100170000E4616F01FFF0822002104F15C0019F062
:1001800054FC23464A4A43F8642F3146E366494A01
:10019000234604F1700014F026FE23460025464A4B
:1001A000C4F8F85043F8FC2F3146C4F8043104F584
:1001B0008870FEF7DBFF414BC4F88C3104F5C67341
:1001C000C4F894313E4BC4F8A83104F5D473C4F894
:1001D000B0313C4BC4F8C83104F1280704F5E4738E
:1001E000C4F8D03131463846C4E9615584F88051AD
:1001F000A4F89851A4F8A05184F8B85116F073FEF1
:100200000822294604F1200019F00FFC384601F0BD
:100210000FFA04F5F0762046FEF71CFB304614F08A
:10022000D5FC2949304614F000FB04F5FC7014F0AD
:10023000DCFC04F5007014F084FA04F5047014F08A
:10024000D4FC294604F5067014F091FA94F8223291
:1002500043F0800384F8223204F50A7014F0D0FCD5
:100260004FF0FF373223012684F8293204F510704D
:1002700084F8287284F8365284F8376214F0C0FC8F
:10028000332384F841320822294684F8407284F8E6
:100290004E5284F84F6204F5EC7019F0C6FB20460C
:1002A0000A49FFF725FF2046F8BD00BFA0860100E0
:1002B00001070300B96D040041080300C9FA0200F8
:1002C0007507030061FC02004E740020DBFB040094
:1002D00038B5154BD3F8384105463CB9EB781B07C8
:1002E00020D4BDE83840114814F065BC204614F015
:1002F00093FA08B16469F0E72146284616F02DFC10
:100300000028F7D12146284616F036FC0028F1D106
:10031000102205F5FC71204619F09FFB0028E9D05A
:10032000012038BD2046FCE7B0700020E8710020B5
:10033000F7B50C460DF106021321064618F04DFFE5
:1003400058B927493046FEF733FD30B9012C06D1A4
:10035000BDF80610304618F0ABFF03B0F0BD214FDA
:10036000D7F838510124B5B997F83B351B07EFD4BE
:10037000D7F83C51002DEBD02B7D032B09D129461A
:100380003046FEF715FD0028E7D10134E4B2052C14
:10039000DED82D69EEE7284614F02DFAE8B9284694
:1003A00014F03AFAC8B91048294616F0D6FBA0B99D
:1003B0000D48294616F0E0FB78B909491022284675
:1003C00019F04BFB48B129463046FEF7F1FC0028F6
:1003D000C3D10134E4B2052CBAD86D69C3E700BFBC
:1003E000E0770020B0700020E87500202DE9FF4183
:1003F00000F1280705463846884611F03DFF38B918
:100400002846FFF79DF90024204604B0BDE8F0819E
:1004100005F15C00FEF784FCB8F1010F03D805F587
:10042000CC7016F036FB0D21284616F0C7F80646AC
:10043000002863D0EA78012118F0A8FE00285BD1DB
:10044000B8F1010F3CD0B8F1030F3DD06978012914
:100450001DD002291AD13046FEF772FC044600284E
:100460003AD13046FEF78AFC0446A8BBB8F1020F29
:100470000CBF0246EA680221304618F09EFE044690
:1004800050BB3046FEF7C6FC044628BB0021EB7883
:100490009B0725D53946684614F0C7F969463046AA
:1004A000FEF7EAFC0446B8B9E97811F008011ED15C
:1004B0001348FDF7C5FD1348012111F06BFFA2E7BA
:1004C00005F5847016F0E4FC05F58471304616F0ED
:1004D000B5F804460028B9D03046FAF781F993E719
:1004E0003046FFF725FF04460028D3D0F4E7044840
:1004F0000121FDF7A5FD86E70446EDE7032483E728
:100500006C750020C875002038B5052938BF052155
:10051000B1F5E14FC36828BF4FF4E1418B42044677
:1005200015460CD0C160064811F02DFF6378022BF0
:1005300005D125B92046BDE8384016F02CBB38BDA2
:10054000C875002070B50D4688B00446002628689E
:100550008DF81C6005A916F0DAF818B117281FD11C
:100560008DF81C606378012B0FD0022B1AD02868FD
:1005700001AA112118F086FD00BB2046FFF7E0F824
:1005800004F5CC7016F095FA0AE094F8F830012BD7
:1005900006D104F5847105A816F099FC0028E6D16F
:1005A00008B070BD2A6904F128039A42F8D194F882
:1005B000423003F00F03072BF2D1D8E728686946D1
:1005C00016F078F80028EBD10122E11C684619F0FA
:1005D00044FA0028E4D16378012B13D0022B2DD0EC
:1005E00028680DF10502102118F04CFD00285FD09D
:1005F0001728D5D19DF81C30002B14BF01230223EE
:100600002B75BDE7286803AA02A916F097F8002801
:10061000C6D1029904F1340012F09BFE04F12806C1
:10062000039BA3630721304600F03EFCA1882046CF
:10063000FFF72EFB237843F00103237028680DF1A8
:100640000602002118F031FD0028A9D1A388BDF8C9
:1006500006209B0AB3EB922F8FD129462046FFF745
:10066000CDF800289CD1286804AA022118F030FD9A
:1006700070B1172894D1E67816F0080616D13146E5
:10068000114811F087FE31461048FDF7D9FCA7E765
:10069000049904F5C070FFF7FDF900287FF470AFEE
:1006A000049901222046FFF72FFFE4E70121EBE741
:1006B0009DF8050014F097FF94F8483060F3830329
:1006C00084F8483096E700BFC87500206C7500209C
:1006D0007FB5684615F077FE9DF81430052B08D0DD
:1006E000072B03D1054801A9FFF764F907B05DF8AE
:1006F00004FB024816F04FFAF8E700BFE875002047
:10070000014816F04BBA00BF4476002038B5184DAA
:100710000446F5F70FF895F83935014633B320460E
:1007200016F02AF958B105F5A761204616F042F9EE
:10073000E0B905F5A760BDE8384016F02CBA04F121
:100740000802104616F018F958B105F5A7611046D1
:1007500016F030F950B905F5A760BDE8384016F03D
:10076000C1B92046BDE83840FFF72CB838BD00BFFE
:10077000B07000200148FFF7C9BF00BF807700209C
:1007800038B5134A0B46D2F80023C9689142044693
:100790001DD9187DD8B10228A1EB02020CD11D6928
:1007A000284615F008FE90B1012A09D029462046B6
:1007B000BDE8384016F035BA012A4FF0000201D1E9
:1007C00042F00202BDE838400248FDF741B838BDAA
:1007D000B0700020AC73002010B5052104464FF422
:1007E0007A7018F01DFB0146201D11F019FCBDE8C0
:1007F000104002480321FFF7F9BD00BFE875002053
:1008000010B50278C2B10D4C94F83925012A03D0F5
:10081000BDE8104015F0FEBF42783AB915F0FAFF76
:1008200004F5A760BDE81040FEF78ABF013A4270A8
:10083000BDE81040FFF7D0BF10BD00BFB070002072
:100840000148FFF7DDBF00BFE076002038B505782E
:100850000446C5B9C0E901120C4890F839150129C0
:100860000FD9022903D100F5A760FFF7BFFD4FF4B0
:100870007A712046012300F80C3B11F0D1FB284689
:1008800038BD2946F5E70525F9E700BFB07000201F
:1008900070B5437804460D46002B4CD08A0715D01E
:1008A00000F5FC763146244814F058FA58B904F59E
:1008B000007013F046FF20483146FCF7FDFA1F4850
:1008C000102111F08BFA204615F055FE15F4405F0B
:1008D00005D0E3781B0702D4204615F04CFEAE0588
:1008E0000AD5680705D5E9051FD52046FFF796FB11
:1008F00005E0204615F03BFE15F4827FF3D16A0235
:1009000019D50F4B93F876231F2A04D8D3F87833E0
:10091000D340DB070FD463786BB1002204F5C070BD
:100920001146BDE87040FFF791BF204615F059FD14
:100930000028E4D0D9E770BDE8710020D430002051
:10094000B07000202DE9F84F0E460E21074615F035
:1009500035FE0546002800F08B8096F82080B146D1
:10096000B0444FF0000A06F1210BC14514D106F145
:100970002A012846FEF780FA044600284AD1BAF137
:10098000000F06D03846FFF7A3FC10B1384616F02A
:1009900002F92046BDE8F88F19F8013B132B2DD83A
:1009A000132BE2D801A252F823F000BF090A03007A
:1009B0006B090300250A03006B090300570A0300B3
:1009C000610A03006B0903006B090300690A030055
:1009D0006B0903006B0903001D0A03006B09030088
:1009E0006B0903006B0903006B0903006B0903002B
:1009F000310A03006B0903003D0A03001B2BB4D12D
:100A00002846FEF707FA02E02846FEF799F9044661
:100A10000028AAD02846F9F7E3FEBAE72846FEF7F1
:100A2000ADF9F4E7FA680221284618F0C6FBEEE7B4
:100A300001221121284618F0A9FBE8E7FB789B0763
:100A400093D401212846FFF773FC04460028E1D126
:100A50004FF0010A89E75946284615F0F4FDD6E71C
:100A60002846FEF775F9D2E72846FEF77FF9CEE76C
:100A700003248EE72DE9F0438FB00023CDE90A333C
:100A80000C938DF834304B7913F0180FCDE9081220
:100A900004460D46164626D102F1100013F0BCFEA6
:100AA00008B3304613F041FFE8B196F82430FF2B2D
:100AB00019D101220DF10A01284610F08BFF90B9DF
:100AC0009DF80A30FF2B11D101220DF10B012846B0
:100AD00010F080FF38B99DF80B30112B03D154482A
:100AE00008A914F07DFB0FB0BDE8F0836278002AFE
:100AF000F9D0002BF7D10DF114090A2249462846F6
:100B000010F068FF0028EED19DF81430152BEAD1C3
:100B1000DDF8190013F00DF9CDF80490AB890093BE
:100B2000074633462A4601212046DDF81580FDF7A9
:100B3000C7FF0028D7D101220DF10B01284610F084
:100B400049FF06F1180103A812F0CDFB9DF80B3008
:100B50000C2B4FF0010203A904F1580034D116F018
:100B60002CFA054668B1837E03F00F03072B08D1EA
:100B70004369BB422BD103694345B4D808F1010353
:100B80002B619DF80B300C95043BCDE90A870B2BAC
:100B9000A9D801A252F823F0DD0B0300E70A0300F5
:100BA000E70A0300E70A0300EF0B0300E70A03006C
:100BB000F90B0300E70A0300050C03001D0C0300FA
:100BC000270C0300110C030016F01BFAC9E78AD2A8
:100BD000476100210C3012F0BCFBCFE708A920468A
:100BE00015F0F3FE08A92046FFF7CAFD7BE708A928
:100BF0002046FEF7A3FEF5E708A904F58870FEF786
:100C000063FCEFE708A904F58870FFF77BF8E9E7D4
:100C100008A904F5DC70FEF75DFFE3E708A92046AC
:100C200016F02FF8DEE708A92046FFF78BFCD9E77E
:100C3000407800202DE9FF4100F1140739460646AF
:100C400008223A4818F009FF014640B9384890F8A0
:100C50003935022B66D000F5AC6000F025F9354837
:100C60000B2115F0ABFC054600285DD006F14301D1
:100C700015F0E9FC044600284BD1284615F0E8FCA5
:100C80000446002845D1DFF8A880012198F83B25CB
:100C9000284618F07BFA0446D8BBD8F84425022130
:100CA000284618F08AFA044698BB284615F0DBFC63
:100CB000044670BB2846FEF7ADF8044648BB98F8DA
:100CC0003B359B072CD431792846FFF731FB04468E
:100CD000F8B90223184A0D21284618F01EFA0446D6
:100CE000B8B9284615F0C3FC044690B90721384628
:100CF00000F0DAF832461149284610F0C3FD3946B3
:100D0000684613F092FD69462846FEF7B5F804469A
:100D100010B12846F9F764FD204604B0BDE8F08123
:100D20000323D7E71824F7E70324F5E7107600201C
:100D3000B0700020E8750020D6FB0400BD6D0400F3
:100D400037B50446FEF78AFB78B12046FFF772FFFD
:100D500058B96378042B10D140F2E24104F16400E9
:100D600003B0BDE8304011F05BB96378042B09D8BB
:100D7000DFE803F0060A1B45500004236370EBE72D
:100D80000023238103B030BD02236370002104F1EE
:100D9000140000F089F82378254823F0010323701C
:100DA000002363710121FDF74BF96379013363710E
:100DB0000DF10701204615F032FD68B99DF8075086
:100DC00020462946FEF7E0FA012DC5D015F0FD0FAB
:100DD000D8D140F2EE21C1E72046FEF7A3FAC8B110
:100DE0006378032B1CBF0323637001212046FEF7A9
:100DF000CBFAFF23A37161890029C3D0AEE7A11DFF
:100E00002046FEF713FB28B9A1790A48012215F004
:100E100039FCF0E763780BB10023637004F1140030
:100E2000FEF764F92046FFF70FF80146E4E700BF3C
:100E30006C750020E87500200148FFF781BF00BFF6
:100E4000F8760020F8B50B791A0704460D460FD541
:100E50000E4F97F83B1511F0080609D1012107F54F
:100E6000A36011F097FA314607F2BC40FDF7E8F8AD
:100E70002B799B0709D56378042B06D101232371B5
:100E80002046BDE8F840FFF7D5BEF8BDB0700020A1
:100E900004289ABF024B53F820000248704700BF55
:100EA00064BA040046F6040010B5837E03F00F0216
:100EB0008A4204460AD061F30303837603F00F03EA
:100EC000072B03D1024811F0F6F8A06210BD00BF55
:100ED000C030002010B50C462046074916F04DF8EA
:100EE00040B90649204616F048F80028034808BFD4
:100EF000002010BD0048FCE7107600200C77002091
:100F0000F8B507680479264D3C44A74201D3002078
:100F10003CE0BB1C9C4235D37E7802363E44A64260
:100F200030D83B785B08012B03D0052B1ED0374609
:100F3000EBE7384616F069F820B3F878073007EB8E
:100F4000D0000430B042F2D2831C9E421AD34378C0
:100F50009A1C0244B24215D800784008062818D8D6
:100F6000DFE800F01917150E17171200384616F0B3
:100F700067F838B1384616F085F802303844E1E7B2
:100F8000012B06D8062001E0012B02D8F8BD9B07F3
:100F9000F8D11046D6E76B43B3F1553FF9D9F1E7E5
:100FA000ABAAAAAAF8B515460E4607460021132299
:100FB000284618F03AFD1048314615F0C6FD18B124
:100FC0000E49284614F02CFB0024224631463846B0
:100FD00016F065F9044600B9F8BD032116F061FB6F
:100FE00002460028F1D0E1782B7C9942EDD92146C8
:100FF000284614F023FBE8E7E8750020B030002015
:1010000073B514460D46064613220021204618F0FB
:101010000CFD35B90B49204602B0BDE8704014F014
:10102000FFBA294601AA304616F056F9014630B1FA
:10103000019A204602B0BDE8704014F0FFBA02B039
:1010400070BD00BFB0300020F7B5064613480F460C
:1010500015F07BFD0446D8B905462A463946304688
:1010600016F01DF90546A0B12946684616F00BF9A1
:101070000221684616F022FB0028EED041780239A2
:10108000821C43189A42F3D8518849BAC90503D53E
:101090000124204603B0F0BD0432F3E7E8750020D8
:1010A000994215D10E4BB3F83C35D11A484248410C
:1010B000BDF80010A1EB030CDCF1000141EB0C01C9
:1010C000884209D09A420CBF01204FF0FF30704790
:1010D00004DC4FF0FF30704700207047012070475C
:1010E000B07000201346014A16F094B97D720400D6
:1010F00090F806310279934238BF134680F80631E2
:101100004FF40071014810F069BE00BFD4300020D8
:1011100037B50C460DF106020821204618F05DF89F
:1011200040B90D4BD3F8385135B9BDF806102046FB
:1011300018F0BEF803B030BD10222946204610F04A
:101140009CFC0028F6D1BDF80610204618F0ADF83A
:101150000028EFD16D69E7E7B070002030B58BB0A3
:101160000D4626220021684618F05FFC2A4C42F208
:101170000943ADF80030D4F8780412F0DAFDCDF868
:101180000200D4F88C24D4F88834D4F89C04134496
:10119000D4F890241344D4F894241344D4F8982415
:1011A0001344184412F0C5FDCDF80600D4F85004DD
:1011B00012F0BFFDCDF80A00D4F8600412F0B9FDBA
:1011C000CDF80E00D4F8640412F0B3FDCDF812008F
:1011D000D4F88034D4F87C041844D4F88434184407
:1011E00012F0A7FDCDF81600D4F81C0412F0A1FDF2
:1011F000CDF81A00D4F8200412F09BFDCDF81E00A3
:10120000D4F8580412F095FD2946CDF8220068461E
:1012100017F04CFE0BB030BDB070002010B5144676
:1012200092B0242900F2A780DFE801F0131C263ECB
:10123000A5A54C575E64A5A5A5A5A5A5A592A5A5A0
:10124000A5A5A5303B7780848CA5A5A5A5A56A8812
:101250009B004A4A08230021204612B0BDE81040F6
:1012600017F05BBF464BB3F83C250121204612B076
:10127000BDE8104017F095BF414B93F83B25022184
:10128000204612B0BDE8104017F080BF01A93D48CC
:10129000E7F78EF9082301AA1721204617F03DFF32
:1012A00039E002221821E1E7354B93F83B2512077C
:1012B00061D4D3F844250321204612B0BDE8104084
:1012C00017F07BBF3048FDF7EDFB014601A815F094
:1012D000BEFD082301AA0621DFE7294A072192F86B
:1012E000C037D2F8BC27B7E7114612B0BDE81040AE
:1012F000FFF70EBF114612B0BDE81040FFF72EBF3A
:10130000214815F066F8014601A816F03CFA21467E
:1013100001A817F0CBFD12B010BD1C4B20221921E3
:10132000204612B0BDE8104017F01FBF184B202216
:101330001A21F5E7174B10221B21F1E7164B60220B
:101340002321EDE7F9F712FA402203461C21E7E7D3
:10135000124B1B788DF8063040F21113ADF80430B3
:10136000D5E70168012201A8FAF784FF9DF80A3049
:1013700001AA242191E70020CDE700BF4E74002090
:10138000B0700020B0300020E875002005FC04009B
:10139000F3FB0400E4FB0400E3FB0400C9FB0400CE
:1013A000F7B507460E461C482721154616F07DFB6B
:1013B000044678B36979C1F3410110F019FA0DF1CF
:1013C00002022121284617F070FEC0B129462246AC
:1013D000384616F085F90146C8B9012201A816F071
:1013E000C4F904220DEB0201204610F046FB88B937
:1013F00009483246214616F0D5FA40B90AE0BDF850
:1014000002202121204617F0CCFE0028DED0204605
:10141000F9F7E6F903B0F0BD9472002038B54B78C7
:10142000022B05460C460CD10B7813B9054816F073
:10143000FBFFD4E9042128461031BDE83840FFF70E
:10144000AFBF38BD9472002070B5064608460C4602
:1014500017F078F8E8B121690E4816F056FB0546FA
:10146000B8B123695979C1F3410110F0C1F921697B
:101470002A46304616F034F920B12846BDE87040BF
:10148000F9F7AEB962690348294616F085FF0028CE
:10149000F3D170BD94720020F7B5074608460D469B
:1014A00017F050F8C0B128690223818901AA10F011
:1014B0007BFA044680B99DF80430122B0CD12B69BD
:1014C0009E890236B6B29DF80530E1B28B4205D84E
:1014D0001448294616F0A8FF03B0F0BD314489B284
:1014E000286901230DF1030210F05EFA014600287D
:1014F000F2D19DF80330222B09D0242B0BD0092BDD
:1015000003D10948882218F090FA0134DBE7074834
:10151000FDF7A0F9F9E77B68002BF6D0B86898478B
:10152000F3E700BF94720020C8740020E875002023
:10153000002202614FF6FF7282820246024942F89F
:10154000181F0262704700BF25160300F7B54B78DD
:10155000022B05460C462DD1206901A912F066FC2C
:1015600040BB20690DF10202012117F09EFD08BB6E
:10157000019B2B6162692F4602F11003203218682B
:1015800059683E4603C6083393423746F7D1BDF843
:101590000230AB824FF47A7105F1180010F040FD73
:1015A00023783BB963691B78FF2B03D0024821469F
:1015B00016F03AFF03B0F0BD9472002038B51E213A
:1015C00005460E4816F07EFA0446B0B1296912F0BD
:1015D0003CFC20B12046BDE83840F9F701B9AA8AA1
:1015E0000121204617F0DDFD0028F3D103482A46EB
:1015F000214616F0C6F90028ECD138BD94720020BF
:1016000013B500900169054B04460022044810F010
:10161000C8FF0023236102B010BD00BF3D78040065
:101620001C7400200148FFF7EBBF00BFB479002015
:1016300010B500210446302218F0F7F9204602497F
:10164000BDE8104015F04FBCB030002010B590F848
:10165000A8300446CBB901210C4810F0E5FE0C4837
:10166000FCF74EFC012384F8A8302046FBF7C6FBAC
:10167000084814F0CAFE084816F03AF9BDE81040D0
:1016800006484FF0807110F0A9BB10BD1C740020FB
:101690006C750020E875002094720020D430002082
:1016A00010B590F8A8300446F3B1104816F0FBFCD2
:1016B0000F48FEF7DBF9204613F03DFB204613F000
:1016C000EEFA2046FBF780FB2046FBF765FB002384
:1016D000084884F8A830FCF727FCBDE8104006480D
:1016E0004FF0807110F07ABB10BD00BF94720020E3
:1016F000E87500206C750020D430002010B5044639
:1017000000F076F9034BC4E90E34034B2365204601
:1017100010BD00BF17790400FB78040007B5084628
:10172000019200F0C9F82A2807D81E28019906D886
:101730000B282ED0142828D000B3002022E01F3818
:101740000B28FAD801A353F820F000BF9B17030021
:10175000A31703003B1703003B1703003B170300CD
:101760003B1703003B1703003B1703003B17030025
:10177000AB170300B3170300BB1703001148FBF7B7
:10178000A3FC012003B05DF804FB0F48FBF7B6FE95
:10179000F7E70E4812F04BFAF3E70D4812F090FA13
:1017A000EFE70C48FFF7D2FEEBE70B48FFF74CFEE4
:1017B000E7E70948FFF732FEE3E70748FFF76CFE6B
:1017C000DFE700BF68780020D87900202873002068
:1017D00054730020B47900207879002038B514467D
:1017E0004FF2BF0293420D4602D00025284638BD75
:1017F000084613F011F820B12046BDE8384013F038
:1018000094B829460A4815F0A0F905460028ECD0FE
:101810000748214615F099F90028E7D1204613F032
:1018200078F80028E2D12046BDE8384013F088B8A7
:10183000E875002038B54FF2BF034B8401F110006A
:101840000C4613F072F8094BA3F13002002808BFD0
:101850001A4602F110052346144603CCAC42186028
:101860005960224603F10803F6D138BDF87700200D
:10187000F0B58DB004460D4616460021262202A87A
:101880001F4618F0D2F806A9074814F0D5FD02A9A2
:101890002046FFF7CFFF0097334602AA294620468D
:1018A00016F06CFD0DB0F0BDE8750020014B53F84B
:1018B0002000704778BA04001FB5094C094B03900B
:1018C000009330220423214603A817F02FF920B1FA
:1018D000001BC0F3870004B010BD3020FBE700BF41
:1018E00078BA0400D779040010B50A4605480021EB
:1018F000FBF76EFB044610B100210FF05FFF20469E
:1019000010BD00BF4C7100200149FFF7EDBF00BFC3
:101910008BFB040030B503682BB90B78012B0CBF8F
:101920000020072030BD44794CB30579AC4226D85D
:10193000B3F57A7F23D38279142A20D8013201218A
:101940009140013901FB03F2B2FBF3F0814216D161
:10195000AAB102FB05F1B1FBF2F295420FD18C4224
:101960000DD8084A93420AD8B1FBF4F103F543338A
:1019700003F5A073CB4234BF00200720D2E7072035
:10198000D0E700BFBFF2FCFF10B5044616F03DFBE8
:101990002346034A43F8082FC4E90434204610BD07
:1019A000F982040070B504460060043015460E4606
:1019B00016F02BFB23460D4A43F80C2F3146C4E9A1
:1019C000053404F11C00FFF7DFFF0023C4E90D33E9
:1019D000C4E90F33C4E91133C4E91333656500F07A
:1019E000E7F8A4F85800204670BD00BFC981040084
:1019F00038B5074A04460D46FFF7D4FF054A23468B
:101A0000294604F15C0013F0EEF9204638BD00BF12
:101A1000F77F040007850400F0B597B0CDE9041204
:101A200005461E460121002368461C9F069315F0BB
:101A3000E0FF044678BB36B169463046FFF76AFFDF
:101A400010B1072427E0244E9DF80030022B0CD063
:101A5000032B13D0B5F858100498ADF802104B1CA6
:101A6000A5F8583016F0CDFD08E0304616F037FAEC
:101A70006946024605F11C0016F041FC9DF8003055
:101A800083B9049B5C89BCB9DDE90412284616F0D1
:101A900054F8044618B106A9284616F008F920465D
:101AA00017B0F0BD012BEFD1384616F07EF80028B4
:101AB000EAD09DF80C4004343B463246694607A8FC
:101AC00016F01EFA2246049906AB284616F0CBF80B
:101AD00004460028D8D0DEE738BB040013B5C2881E
:101AE0004FF6FF739A42044602D1002002B010BDA7
:101AF0000DF10302012116F0C0FE10B1194B636015
:101B0000F3E79DF80330FF2B01D1174BF7E71B09D3
:101B100001A92046ADF8043016F0BCFEE8B99DF8E6
:101B200003300DF1060103F00F032046ADF8063037
:101B300016F0B0FE88B9216823894989BDF80620CE
:101B4000C91A8A4208DC1344BDF804102381A38813
:101B5000E2800B44A380C8E706204FF6FF73E380C2
:101B6000C4E700BF0000FFFF0100FFFF024B00F0D1
:101B700003001856704700BF0CFC040037B50A4D2F
:101B80002B88044653B90CF02BFE04210DEB010009
:101B90000CF028FE0199054817F01EF92B88204605
:101BA00001332B8003B030BD78A9002054A9002058
:101BB000014817F01BB900BF54A90020024903488F
:101BC00003220CF039BE00BFDCBB0400B0300020A3
:101BD000002992F8FE30034814BF02210121F4F7D6
:101BE00083BB00BFB03000201FB5FE230029ADF835
:101BF0000E300DF10E031446009318BF0221134658
:101C000008BF012106480022F4F748FB30B9BDF8AF
:101C10000E30FE2B94BF84F8FE30172004B010BDA8
:101C2000B0300020002904484FF0FF3214BF0221D9
:101C300001210CF003BE00BFB03000201FB5ADF88D
:101C40000E300DF10E030093034813460022F4F703
:101C500025FB05B05DF804FBB0300020F0B585B081
:101C600014460DF10E02BDF8285000920E48ADF852
:101C70000E5000220F461E46F4F710FB38B10A48FA
:101C80002B4622463946F4F72FFB05B0F0BDBDF8D0
:101C90000E30AB42F3D12A463146204617F0DDFE26
:101CA0000028ECD1F1E700BFB03000200022026034
:101CB0000246024942F8041FC2607047011D03003A
:101CC00038B50421856804464FF47A7017F0A8F8F7
:101CD0002918201DF8F79CFE2368DA0702D506486C
:101CE000FCF786FA2368DB0504D5BDE838400348D5
:101CF000FAF7FABF38BD00BF6C750020587100209C
:101D00000148FFF7DDBF00BFF83000200549016042
:101D10000021C0E90311C0E90511C0E90712806084
:101D200081847047C79304002DE9F0418CB00446CC
:101D3000154688462622002102A817F076FE29467D
:101D4000204617F0FDFD20B9002420460CB0BDE868
:101D5000F08108220021684617F067FE812325489C
:101D60008DF800300021FAF715FB06460028EBD06D
:101D700004226946B8F80C700FF07FFE0446A0BB41
:101D8000B8F80A303A1D92B29B1A9BB241463046CF
:101D90000FF088FE044640BB05F1100306AC05F1C8
:101DA000200C1F4618685968224603C20833634551
:101DB0001446F7D12B78FF2B08D002AA286869684F
:101DC000134603C30835BD421A46F7D109483A23E2
:101DD00002AA3146FAF704FC044630B9B189082357
:101DE0006A4630460FF0E0FDAEE73046F8F7F8FC03
:101DF000ABE700BF1C710020014811F0BFBB00BF62
:101E000044740020014811F057BB00BF4474002007
:101E1000014811F06DBC00BF44740020014811F06E
:101E200063BB00BF44740020F8B50E4B1D68AB784F
:101E30009B07064612D56F6816F8014B29462CB948
:101E40000A20B847002805DB204609E02046B847AD
:101E50000028F1DAAB7843F00403AB704FF0FF30A9
:101E6000F8BD00BFB0A404000CB430B58BB004467C
:101E70000D462022002102A817F0D7FD02238DF87D
:101E80000A30002D0C4B0393069412DB01D06B1E1D
:101E90001C440FAA0E99079402A8019200F082F840
:101EA00015B1069B00221A700BB0BDE8304002B09D
:101EB00070470024EDE700BFAB9B0400242A2DE906
:101EC000F041054601D8012A0AD1D2F7C5FE344BAC
:101ED00016221A5001B10D600020BDE8F081304695
:101EE000064616F8014B202CF9D0A4F10907042F5F
:101EF0002346F4D92B2C32D02D2C33D14FF0010CAA
:101F00003378861C302B34D1307840F0200078288C
:101F10002BD132F0100028D17378354610220236CA
:101F20000CF10047013F0020B7FBF2FE02FB1E78D8
:101F3000392B82BF03F1FF3343F02003263B303BB4
:101F40009A421DD9704502D817D1984515D24CF048
:101F5000020C3446354614F8013B2646E8E74FF0BC
:101F6000000CCDE74FF0000CCCE7002A08BF082298
:101F7000D6E7002A08BF0A22D2E700FB0230E8E7D2
:101F800001B10D601CF0010F18BF40421CF0020FA0
:101F9000A3D0D2F761FE024B22221A5038469CE7AA
:101FA0000C0000002DE9F04F8BB04368009383785C
:101FB0009C078046924640F1F98000250878002869
:101FC00000F0F68025280AD04B1C019301354146CC
:101FD000009B98470028C0F2E3800199EEE74E7815
:101FE0008B1C252E0193F1D00027B9463C460A22CE
:101FF0001F2C22D8A6F12003102B20D8DFE803F0F5
:10200000141F1F1A1F1F1F0B1F1F1F121F171F1F19
:10201000090044F00104019B13F8016B0193002EA9
:10202000E6D13AE044F0020444F00404F3E744F05B
:102030000804F0E744F01004EDE77F2C24D8A6F163
:102040003003092B08D860064EBF02FB073702FB9E
:10205000093944F02004DEE72A2E0DD161065AF832
:10206000043B53D4002BA7BF44F020049946C3F18E
:10207000000944F02804CEE72E2E05D1630600F1B6
:10208000978044F04004C6E76C2E2ED028D8682EE6
:1020900032D06A2E37D04C2E35D0002F46F0200398
:1020A000B8BF24F04004A3F16502BCBFA4B200276E
:1020B000022A01D9612B2BD10AF1070A2AF0070A5B
:1020C0009C4E0AF1080A0727210760D506EB070B8B
:1020D00034465C455DD1AE1BA219A9EB070959E155
:1020E000742E98D07A2E96D0D7E7260648BF44F4AF
:1020F000007444F080048EE7E00548BF44F40074A7
:1021000044F4807487E744F4207484E71F4682E730
:10211000A6F16302122A00F2D880DFE812F0130061
:102120004D00D600D600D600D6004D00D600D60011
:10213000D600D600D600E800D100D600D6001A009E
:10214000D600A0005AF8043B8DF81030012704AEE9
:10215000BAE75AF8046B784B002E08BF1E4614F0FD
:10216000400F14BF39464FF0FF31304617F0A4FC42
:102170000746A9E7009B41462020984700280FDB2F
:10218000013CA742F6D34D442D1BA1469EE74C4689
:10219000F7E714F8010B009B41469847002898DAAE
:1021A00098F8023043F0040388F802304FF0FF350E
:1021B00028460BB0BDE8F08F220630D5A3052AD5FE
:1021C0000AF1070A2AF007039A4659685AF8080BD9
:1021D00024F0100B00291FFA8BFB2FDA404261EB31
:1021E00041014BF4806B04AC0A23224617F086FCB5
:1021F0001BF0400FA0EB040200F08E802BF00104D6
:102200009742A4B240F38F80002E40F08E802BF0D6
:102210001104A4B21DE05AF8040BC117D8E7E00579
:102220005AF8041B01D40846F7E7A2054BBF48B291
:1022300008B241F3C01141F3C031C9E750EA0103CC
:10224000D1D16306CFD5002FCDD124F01104A4B293
:102250003A463B4640F206410C4262D124E024F06B
:102260001004A4B20A2314F0800243D014F40071C5
:102270001FBF0AF1070A2AF007029246516814BFED
:102280005AF8080B5AF8040B50EA01023ED124F028
:10229000160B62061FFA8BFB3CD5002F3AD124F0B7
:1022A0001704A4B23A463B4621075AD4E10705D5A4
:1022B000994572DDA9EB03039F184B469B464AE004
:1022C00044F0100410237826CDE7782B04D1C6F112
:1022D000780343F01003C6E7009B4146252098474A
:1022E0000028FFF65DAF02354146304670E6082310
:1022F0000026B8E714F480715AF8040BC4D014F423
:1023000000711ABFC0B2114680B2BDE724F00604C6
:102310001FFA84FB04AC68E713465C46E10699D5D6
:102320002EB90133C0E71346F8E73B46F6E7023320
:10233000BAE700BF5CF70400DCC40400CDE9023258
:102340004146009B202098470028FFF629AFDDE991
:1023500002320BF1010BD945F0DCEB1A03EB0B0554
:102360005B46E10627D5CDE902324146009B30208D
:1023700098470028FFF614AFDDE902327EB9013537
:102380002F44791B8A4229DB144604AE9CBB2A44A5
:10239000A9EB03091546914442E017468EE7CDE9C3
:1023A0000232023541463046009B98470028DDE95D
:1023B0000232E5DAF4E640F206410C42E0D014F0D5
:1023C000020F14BF2B20202014F4806FCDE90232BD
:1023D00005F10105414618BF2D20E5E7CDE90232A0
:1023E0004146009B302098470028DDE9023205F184
:1023F0000105C6DAD4E6013CCDE90232305D009B2E
:10240000414698470028DDE90232BFDAC8E6009B62
:10241000414620209847002805F10105FFF6C0AE8F
:10242000A9EB0503002BF2DCD7E500BF38B5044C5F
:10243000044DAC4200D138BD54F8043D9847F8E74C
:1024400000000000000000007047F0B41346DA02FC
:102450008768066907D513F4402F1EBF43F30002B7
:1024600002F440225340346801258D4023F4801249
:10247000DB074CBF2C43AC4334603B68F0BC1847CF
:1024800001F0CEBB01F0C3BB0023D1F735BA43073F
:1024900001D5CFF7AFBA704703460A4600681979ED
:1024A000012303FA01F103691B68194218BF82F086
:1024B000010283680AB1DB6818471B69FCE70CF06E
:1024C0006CBE00EBC100408840087047F8B5034679
:1024D000FFF7F7FFB0FA80F0C0F11F0003EB800CAC
:1024E000CA00DCF81060171D0C4606328DB256B9D2
:1024F000012101FA00F0D9680143D960CCF81040FD
:10250000DD539D52F8BDF1000431585AD85303EB06
:10251000C0009E52C5805D52F4E710B500EBC104C7
:10252000E3888B4202F104010AD1012303FA02F28B
:10253000C36823EA0203C360002340F8213010BDC2
:10254000A28840F8213000EBC20100EBC300CB8031
:102550008280F4E708B50346FFF7B3FFB0FA80F2D4
:10256000C2F11F021846BDE80840FFF7D6BF2DE9AB
:10257000F843B1FA81F3C3F11F0200EB820906466A
:10258000D9F810700D4687B9C3F120034FF0FF341E
:102590009C40F3681C4014D094FAA4F2B2FA82F280
:1025A000131D56F82340214608E03C464FF003082F
:1025B00021463046FFF785FF854205D83046FFF7B4
:1025C000ACFF2046BDE8F88306EBC404B8F101086F
:1025D000E488C9F81040D7D0BC42E9D1D4E738B577
:1025E0000446FFF76EFF0D46034611462046FFF7EF
:1025F00068FF03449BB204EBC5055A006A8020467D
:10260000FFF75FFF014424F8313038BD70B5044650
:10261000FFF757FF0B4604EBC305511A9B1A89B20B
:1026200003444E009BB204EBC2006E805D00458007
:1026300024F8321020461146FFF743FF014424F8E6
:10264000313070BD70B509B9002070BD056801F06A
:1026500007030B33CC0804EBD304AB689C4228BFC0
:102660001C4621462846FFF782FF06460028EBD08D
:1026700001462846FFF725FFA04207D93219284610
:10268000FFF7C4FF11462846FFF720FF05EBC602FF
:102690001046538843F0010353800430D5E71146B8
:1026A000FFF7D0BF2DE9F84314464A4202EA010978
:1026B00031EA020203460BD04A46042A4F4628BF9D
:1026C0000422A1EB09096CB900252846BDE8F8836E
:1026D000042904D82146BDE8F843FFF7B3BF00271B
:1026E0000422F0E71E68A9EB020204F0070302F0DF
:1026F00007010B330B44E10801EBD20101EBD301DD
:10270000B368994228BF19463046FFF730FF80462C
:102710000028D9D03D1D05EBC00509F1FF33354434
:102720001D44B5FBF9F509FB05F5ED1B2C442B1FEA
:1027300007349B1B24F00704A41BB0EBD30F4FEA14
:10274000D3074FEAE40408D201463A463046FFF781
:102750005DFF41463046FFF7B9FE39463046FFF788
:10276000B0FE3844844207D230462246FFF74EFF7F
:1027700021463046FFF7AAFE06EBC706738843F0F2
:1027800001037380A1E7043A2DE9F843CC1D1144FD
:1027900024F0070421F00706A6EB04084FEAD80747
:1027A000B7FA87F2C2F12405AD004FF000090735F2
:1027B000C2F12002ED0804604946A760C4F80C90FD
:1027C000920004F1100017F030F9AAB2530043F060
:1027D000010363807B1B9BB204EBC5015800A4F886
:1027E0000090488024F83520A6F8029024F808309C
:1027F00004EBC70329465A8842F001025A8020465A
:10280000BDE8F843FFF762BE2DE9F04F91B099465D
:1028100002F0040305460293C2F3C2030133AC077E
:10282000DDF868A004930E46104640F092812C1DFE
:102830008DBB01F00706341DC6F1080600274FF0D6
:10284000FF334FF0040800F00201019309F1FF3259
:1028500003970097BB46434605910DB1C4F800901D
:102860000498002809DC4846CDE90632CFF738FF46
:10287000DDE90632002800F0B2800598002800F05B
:10288000CC80A4EB050C0120BCF5007FC0F0AD802E
:102890006FF0150003E00729D0D86FF01B0011B0CE
:1028A000BDE8F08F7A285BD84B280FD8472857D837
:1028B00029282ED8252850D052D8202818BF2328C0
:1028C0000CBF4FF0010B4FF0000B71E04C382E287D
:1028D00046D8DFE800F06D45454545454545454549
:1028E000454548454545454545454556454848566D
:1028F00056566D486A456D4518481845457F7C48D1
:10290000454548457C0000204FF0000B4FF004087F
:1029100035E02A38C0B2012101FA00F010EA0E0FAA
:1029200046D110F0625C2CD110EA010B40D0604619
:10293000013C4444B4FBF8F408FB04F425B1A3EBD8
:10294000050CA444B445A8D8002800F0818004995F
:102950005AF8049B013904917FE7019901390191EB
:102960004FF0000B24E012F8010C6C2834D112F85F
:10297000023C00206C2B8346C8D14FF00808434628
:10298000D6E70AF1070A2AF0070A0734FAE802BC78
:1029900024F0070435B106982044B0423FF67DAFDD
:1029A000C4E900BC08344FF0000B4FF00808434660
:1029B00012F8010F002864D0BBF1000F7FF472AF52
:1029C0002528F5D1019B013301934FF0010B4FF006
:1029D0000408ECE7584697E700208346A8E70599E6
:1029E000A4EB050C00297FF44FAF00990F293FF6A7
:1029F0004FAFEDB140310DEB010ECCF3870C0199D7
:102A00000EF820CC0EF8101C70B16CF07F0C0EF894
:102A100020CC0137009801300090C5F10801043442
:102A200006914FF6DA7EC3E7039801300390F1E791
:102A300008B10136EEE7029902360029EAD148468C
:102A4000CDE90632CDF7D8FBDDE906320644E1E7F1
:102A5000042B08D10AF1040015B1DAF80010216046
:102A600004348246A4E70AF1070323F0070303F1C5
:102A7000080A1DB1D3E90001C4E9000108340823A4
:102A800096E7631BB3F5806FBFF402AF1DB9A6F1E3
:102A90000804E01803E7029A28609B082B709DF851
:102AA0000C30BAB1EB70AF7037B108A80022C5F195
:102AB000010C009B93420FD1C5F101030DF12008D9
:102AC0004FF0000A01930DF1300B009B534512D1DA
:102AD000601BE4E66B70E6E710F8013B190608D5C9
:102AE0000CEB040EB64503F07F033FF6D6AE04F8B8
:102AF000013B0132DDE71FB198F90020002A17DB06
:102B0000029BD3B11AF80B2004F8012B0022019B81
:102B100018191044B0423FF6C0AE98F8000004F80F
:102B2000010B49462046039216F058FF039A1444BD
:102B30000AF1010A08F10108C7E798F80020029B92
:102B400055F8229045F822304846CDF755FB421CF7
:102B5000DDE76FF00D00A2E62DE9F04706460D46D1
:102B6000174698462BB398F8004093F80190DB780D
:102B7000A40004EB430498F802301C4444444FF092
:102B8000000ACA4509D3D8F8042008F108033946D9
:102B90003046AC46BDE8F047604714F8013B48F8C2
:102BA00023402046CDF728FB013004440AF1010AF6
:102BB000E7E76FF01500BDE8F08730B50246002466
:102BC000002012F8013B43B178B18C4207D1702B41
:102BD00004D0A3F140053A2D07D8002030BDA3F161
:102BE00040053A2D01D80134EAE7252B08BF80F0D3
:102BF0000100E6E70020704700F086BF0FB407B57C
:102C000004A951F8040B019100F07EFF03B05DF8B8
:102C100004EB04B070470FB407B504A951F8040BD6
:102C20000191FFF7E9FF03B05DF804EB04B07047D2
:102C300010B50369024613F0080009D11368D4687F
:102C40009C4297BF526AE31AD31A01200B6010BD51
:102C500000231846FAE713B501A90446FFF7E8FF79
:102C600020B1019BE268013B13440193606A019B20
:102C7000C01A013802B010BD10B5044650182269C0
:102C8000636AD20702D5013B184010BD984228BFA5
:102C9000C01AFAE710B504460A46C168FFF7ECFF10
:102CA0002369E06023F00803236110BD38B50D46A9
:102CB000026A8B00016843F0020342F821300446A7
:102CC00001682A46FFF7D8FFE368616820609842F0
:102CD00002BF236943F0080323612A462046FFF719
:102CE000CBFF606038BD2DE9F74FD0F80CB0066A15
:102CF000009216F82B2002F00302022A08BF56F8B1
:102D00002B209A4606EB8B030F4601934FF00001F0
:102D1000009B0CBFC2F39D09894619600446CAF89E
:102D20000010B9F1000F07D04946FFF7B3FFE36881
:102D3000A3604FF0010804E001698A0705D44FF051
:102D40000008404603B0BDE8F08FC16906EB8B0078
:102D5000884716F82B1011F001080546EFD08B07B5
:102D60001DD51FB139462046FFF7A0FF61682A46EE
:102D70002046FFF781FFD4E902138B42606007D140
:102D80002A462046FFF778FF4FF000080146A06072
:102D90002369216043F00803E1602361D1E7014624
:102DA0002046FFF777FFE168A1601FB12068216A24
:102DB00041F82090EA19CAF8002021682046FFF760
:102DC0005BFF2269206042F00802226116F82B2086
:102DD00022F0010206F82B20DDE900321A60A8E794
:102DE00070B504461546FFF747FF2368834205D1B7
:102DF0002369216023F00803236170BD226AAB00C0
:102E000043F0020342F82130204661682A46FFF76A
:102E100033FF6060F1E738B503695B07044606D508
:102E2000856AFFF718FF85422CBFA562A06238BDF6
:102E300038B50D4604462022002116F0F6FDEB6859
:102E4000E361AB68A3612B6823626B686362002255
:102E5000A2622A6923B1591E194208BF42F0010239
:102E60002261012204F12C000021BDE838400BF062
:102E70002EBF2DE9F04F9846436A87B000258B425C
:102E800004460E46934603950595AA4638D3EFF3BC
:102E90001189202383F31288BFF36F8F059A2AB11B
:102EA00029462046FFF79CFF0023059304A92046EE
:102EB000FFF7BEFE0499B14207462AD32268236A6F
:102EC00013F8221021F0030103F8221003EB820A09
:102ED000216832462046FFF7CFFEE3682060984223
:102EE00012D0002789F31188BFF36F8F039929B19E
:102EF000A2690AB12046904700230393002FC6D150
:102F0000504607B0BDE8F08F236943F00803236102
:102F1000E7E718B12046FFF7C9FEE3E75BEA0803DD
:102F20001CD001910CF031F80199B8B9B9F1000F3A
:102F300014D189F31188BFF36F8F5A46434604F1C9
:102F40002C00F3F715FEEFF31189202383F3128889
:102F5000BFF36F8FB0FA80F77F09C3E705AB03AA11
:102F600020462568FFF7BFFE0746BBE770B504465D
:102F7000C36908460D4698470246EFF311862023A1
:102F800083F31288BFF36F8F2B7843F001032B700C
:102F900061682046FFF770FE60602046FFF73BFF48
:102FA00086F31188BFF36F8F70BD2DE9F843044697
:102FB00000272026EFF3118586F31288BFF36F8F69
:102FC0002369A268190702D46368934200D2636A36
:102FD0009B1A002B42D0206A10F8221011F0030334
:102FE00000EB82093AD0022B04D150F822305FEA7C
:102FF000930805D1CB0720D4E3694846984780461B
:10300000A16842462046FFF737FE0127A0604146EF
:103010002046FFF73FFE3B4685F31188BFF36F8FD5
:10302000002BC7D137B1B9F1000F03D104F12C0047
:10303000F3F762FD4846BDE8F88341F0020100F86D
:1030400022104846E369D4F8088098474146024672
:103050002046FFF711FE0023A060DDE79946DBE77D
:10306000F8B50446C36908460D4698470646EFF38F
:103070001187202383F31288BFF36F8F2B7823F0FF
:1030800001032B7023699B0705D5E268236A03EBD4
:1030900082039D421AD12B7823F002032B70D4E9CE
:1030A0000231994204D132462046FFF7E5FDA06087
:1030B00031462046FFF7EEFD87F31188BFF36F8F8F
:1030C00004F12C00BDE8F840F3F716BD2B6860F35F
:1030D0009F032B60F0E7EFF31181202383F3128825
:1030E000BFF36F8F02698368120702D442689A4265
:1030F00000D2426AD31A81F31188BFF36F8F181E72
:1031000018BF01207047036800220BB918467047AA
:103110008B4210D10B6842B942680360914200D1E2
:10312000436000230B60012070471360436899429D
:1031300008BF4260F5E71A461B68E6E7838B13F089
:10314000070306D10368002B18BF032008BF002027
:103150007047022B05D1C08BB0FA80F04009800087
:103160007047012B04D10368002B18BF0520EDE741
:103170000020704710B50C4600B111B96FF0150072
:1031800010BD081D00F0C6F80028F9D1A368032B74
:10319000F6D9F3E72DE9F0410D4607461946281DFB
:1031A00090461E4600F0CAF8044638B133464246FF
:1031B00029463846A446BDE8F0416047BDE8F081A5
:1031C00010B4EFF31182202484F31288BFF36F8FC1
:1031D000816110BC0121CFF7AFBC38B50C46054664
:1031E00058B151B10B6843B14B6833B12022002173
:1031F00016F01BFC2C61002038BD6FF01500FBE7BA
:10320000F8B504460E46FFF7B5FF051E3BDBEFF3AE
:103210001182202383F31288BFF36F8FE38BA78B78
:103220004FF6FF718B4207F007072ED0062F2FD8DD
:10323000DFE807F0182E082E180418006FF0850537
:10324000002303E00133E3830225012382F3118885
:10325000BFF36F8FBBB100233A4631462046FFF7DC
:1032600099FF10E000233360636823B9C4E9006666
:1032700027B13D46E4E71E606660F9E7022120467B
:10328000CFF75AFC3D462846F8BD6FF00A05D7E750
:103290006FF00405D4E710B5EFF31182202383F318
:1032A0001288BFF36F8F848B04F00704022C0AD0BE
:1032B000012C0CBF6FF004006FF0850082F31188C1
:1032C000BFF36F8F08E0C38B013B9BB2C38323B96D
:1032D0002146CFF731FC204610BD2046EEE738B539
:1032E000A8B1A1B1EFF31185202282F31288BFF3B8
:1032F0006F8F848BFFF707FF30B104F0070085F371
:103300001188BFF36F8F38BD6FF07700F7E76FF06C
:103310001500F8E7034640B1426802F00302022AB2
:1033200006D0032A04D0012A05D06FF0150070479B
:103330001A68002AF9D000209860704710B54268DA
:10334000816002F00302022A03460AD0032A0BD14D
:103350000468002000225A6008B1F4F7EFFE20460E
:1033600010BD00680024F5E700242046F2E770B5A0
:103370000C8806468888241A3069A4B2844285B233
:1033800024BF641BA4B22D1BA8B2984228BF1846C4
:103390003368234413600B8803440B8070BD70B402
:1033A000838985880669ED1AADB2731B934228BFE5
:1033B000134670BC0A46011DFFF7D9BF70B40E4614
:1033C0000146C58831F80A3FEC1AA3B2934228BFE0
:1033D0001346324670BCFFF7CABF10B54B880C8845
:1033E000E41AA4B294420ED31A4492B28B884A8053
:1033F0000A800069D21A92B2824201D2002010BD26
:1034000003448B80FAE76FF01500F8E72DE9F341EC
:1034100006460F4615464FF000082A4601A93046D9
:10342000FFF7BDFF044640B102463946019816F049
:10343000D5FA2D1BA0442744EFD14246311D30461A
:10344000FFF7CBFF404602B0BDE8F0812DE9F34124
:1034500007460E4615464FF000082A4601A9384691
:10346000FFF7ACFF044648B12EB102460199304641
:1034700016F0B4FA26442D1BA044EED1424607F1C3
:103480000A013846FFF7A9FF404602B0BDE8F081C7
:10349000704710B484686468A44610BC604770B478
:1034A000C6680468806A0D0C06FB054414FA81F1B5
:1034B00084682468A44670BC60472DE9F0431C462C
:1034C000C36A1D686D4289B006468846174605F0F6
:1034D00020051CB9204609B0BDE8F083AC42A146E6
:1034E00028BFA9464B466A4641463046FFF7D7FFFC
:1034F0000028F0D16B46484502D1241A8044E8E701
:1035000013F8012BBA4201D10130F4E70120E2E7C0
:103510000B6803F580330B60008A1A0CB0EB134F75
:1035200004BFA3EB02430B60704700F070BB38B5DB
:10353000C26803680D0C090C04462D04806A02FB66
:10354000013100F083FD50B9E26AE36852792946FF
:103550002046FFF7B2FF002818BF6FF0050038BD06
:1035600010B5014604460722FF20E3F7F3FEE071A1
:1035700010BD2DE9F04F07465368D06803445069E9
:10358000C34293B003D1002013B0BDE8F08FFC68B4
:103590003B68D7F82CB0080C04FB003313FA81F514
:1035A00092E8030004AB83E80300D2E9020106AB12
:1035B00083E80300D2E90401DBF8008008AB83E86C
:1035C00003000024C8F10003A146019312AB03EBF2
:1035D000C90A4FEAC9015AF8346CAEB909F10109B8
:1035E000B9F1030FF2D1002CCDD00AAE9BF8051033
:1035F000A8EB0402301916F018FAB86A43463246AE
:103600002946FFF746FFBFE7B4B9019B334013D00B
:103610005AF8382CB86A2946CDE90223FFF739FF5A
:103620000028B1D1DDE902231A44F61A4AF8382CF1
:103630004AF8346C1D44C9E7A8EB0402B24228BF23
:103640003246A2B101F148030DEB030A0AAB5AF866
:10365000381C1819CDE9021216F0C0F9DDE9021282
:103660001144B61A4AF8381C4AF8346C14444445DC
:10367000ACD1B86A23460AAA2946FFF70AFF0028F8
:1036800082D125440446A1E7F8B507220D46064637
:10369000FF204C888F88E3F75DFEEB79834205D1EC
:1036A0003C44B4428CBF00200120F8BD0020FCE760
:1036B0000368012B81BFC91801F1FF315B4219403A
:1036C0000846704738B50D460A4681680446FFF73C
:1036D00050FFEB68696819446B6902461944E06A57
:1036E000FFF7E6FFA3680344A360104638BD70B53A
:1036F00086B0466804460D4618220021684616F03A
:1037000094F902956A460825314620460395FFF74D
:1037100030FF29460246E06AFFF7CAFF63681B1ABA
:103720001046636006B070BD13B54FF6FF730022FC
:103730000446ADF800308DF806308368ADF80420FB
:103740006846ADF80230FFF70BFF69462046FFF7E9
:10375000CEFF02B010BD70B506460C46C06A082107
:10376000FFF7A6FF0546F068401B214680B2FFF731
:103770008BFF80B1A08878B922884FF6FF739A42F8
:1037800009D16288F3689B1AB3FBF5F205FB12308E
:10379000B0FA80F0400970BD0020FCE7F7B50446A0
:1037A0000D46C06A0821FFF783FF296807460823F2
:1037B0002046FFF774FE0646002836D12B683B44AE
:1037C0002B60E26899B2D21B91422ED11A0C03BF32
:1037D000228A02F1FF3203EB0241A3F58031296016
:1037E00008236A462046FFF75AFEE8B9E36A5A7989
:1037F0006B4613F8011B8A420CD101300828F8D11E
:10380000636805E02B68BDF802206FF30F031344D3
:103810002B600AE069462046FFF79DFF0028F1D1A2
:1038200029462046CFF7A8FA0646304603B0F0BD39
:103830002DE9F04F0446A1B024220D4617A800211F
:1038400016F0F3F8E06A0821FFF732FF636881465B
:103850006FF30F0306A920460693FFF759FE069B58
:10386000E66801931E44A6EB0906082309AA31461F
:1038700020460796FFF713FE0028C0F21681E36A80
:1038800009AA5979002312F8010B814240F0FC800B
:103890000133082BF7D1A36862684B449A4280F049
:1038A000EC8001992046FFF742FEFEE0BDF826308D
:1038B0006FF30F061E4407960BAA07A92046DDF8F2
:1038C0001CA0FFF76BFF002840F0EF800BA91FFA48
:1038D0008AF0FFF7D9FE48BB039B9A45ECD1102232
:1038E000002113A816F0A1F81F9E129617AB119392
:1038F00095B1D4F82C8008214046FFF7D9FE2F89D6
:103900000246F1194046FFF7D3FEA16863680244FE
:103910000A44934280F09280002EBCD011A9204628
:10392000FFF7D0FE002840F0C080B4E76668089634
:103930000DAA08A92046FFF731FF002840F0B58006
:10394000BDF83420BDF82C309A4245D0089B6268FF
:103950009A423FD15645BFD1BDF83060002EBBD052
:103960003DB12A88BDF82C309A4202D12B89B3424E
:10397000B2D9BDF82E801F9A4FEA1A431B0498440F
:10398000E36A1B68591E5B4203F020030493A3689B
:10399000164401EA06001344009026EA0106ADF839
:1039A0002E3006BB009B5BB11F9A17A99B1A2046BD
:1039B0000A444146FFF773FD002876D1009B1F9310
:1039C0000BA8FFF7CDFD0BA92046FFF790FE0028BE
:1039D00082D06AE01E46ABE70DA9B0B2FFF754FEF5
:1039E0000028B3D0B6E7049B1F9FB34228BF3346DD
:1039F000A3EB070B17AA02933A445B4641462046C5
:103A0000FFF74DFD002850D11F9B01465B44182253
:103A100011A8059316F009F817AB139311A9059B8C
:103A200014932046FFF74EFE00283ED11F9B1F90A7
:103A3000FF1A029B3744FE1AD844B2E731446B6840
:103A4000ADF83E10204611A9CDE91337FFF73AFE35
:103A500058BB2B88ADF83C302B89ADF840300FA80F
:103A6000FF238DF84230FFF77BFD0FA92046FFF7BB
:103A70003EFED0B90123AB720DE72046FFF754FE9E
:103A800000283FF40EAF10E0A6EB090309A9204679
:103A90000393FFF760FE00287FF408AF07A92046D4
:103AA000CFF76AF900283FF407AF21B0BDE8F08FE7
:103AB00000231A46CFF73CBB13B500240094CFF780
:103AC0001BFC02B010BD03785B075FBF0368428830
:103AD000C3F34A2303EB12105DBF173020F0070039
:103AE0008008002070470020704709F0B7BC0346EB
:103AF000BFF35B8F53E8000F421C43E8002100290D
:103B0000F8D1BFF35B8F70471FB50023CDE90201E9
:103B1000CDE900331A4619461846CFF76DFF05B0B8
:103B20005DF804FB0120CFF719BD00207047436802
:103B3000DA7143681960436801225A71CFF700BDFA
:103B400070B515460C4669B1D2E901369B1B994206
:103B50000AD813680A460146981915F03FFFAB686A
:103B60002344AB60204670BD6FF01B00FBE770B5CF
:103B70000E4615461946044618B9BDE87040CFF701
:103B8000EDBC33B1C2F34A231030120D184415F0C6
:103B900025FFC4E900562046BDE87040CFF78CBE33
:103BA0002DE9F3415F1C4FEA8708064608F117002C
:103BB00020F0070080080C461546CFF751FD002382
:103BC000ADF805308DF807308DF8047068B1034604
:103BD000019A43F8102FA8F104012A46294452F80B
:103BE000045B43F8045F8A42F9D1A20102F4E07257
:103BF00042EA482222F07F4222F47002002322F09F
:103C00003F02314602B0BDE8F041FFF7B0BF07B553
:103C10000123019201AAFFF7C3FF03B05DF804FB83
:103C200007B5CDE9002302236A46FFF7B9FF03B0C9
:103C30005DF804FB1FB5CDE90123069B039301AAA0
:103C40000323FFF7ADFF05B05DF804FBF8B50646AA
:103C50000D4614461F4604B9F8BD214628463A468B
:103C6000B047241A0544F6E710B542688168044657
:103C7000D2E900230068FFF7E9FF636800221A60B9
:103C800010BD38B54B681A68CB689A4205460C4699
:103C900002D10846FFF7E8FF6368BFF35B8F53E884
:103CA000002F511C43E800100028F8D1BFF35B8FB0
:103CB000A3689D54002038BD0A2838B504460D4637
:103CC00002D10D20FFF7DDFF29462046FFF7D9FF7F
:103CD000002038BD2DE9F043054689B008460E881E
:103CE00091F80090D1F808800C461746CFF7D6FE21
:103CF000011EC6F38216C9F3C2091FDB4846CFF77F
:103D0000EDFD03462146608851F8102B0296C2F360
:103D10004A22002A01EB0204C0F30B1008BF002165
:103D20000022CDE90507CDE90314CDE90022414683
:103D30002846CFF7DFFE09B0BDE8F0830023E1E7B6
:103D400043681B685B6800209961704743681B6883
:103D50001A685268536070472DE9F04143681B6848
:103D60005A68012111771D68D5E90136D3E9004869
:103D70002F681CB96B681C60BDE8F0812146304695
:103D80004246B847241A0644F3E743681B6818689C
:103D9000CFF7F8BF70B543681D686B6898690C462B
:103DA000CFF7B8FB214603460F222868BDE87040D4
:103DB000184730B54C680368A34201D2012030BDDA
:103DC0008A682244934201D30020F8E7D1E90452E3
:103DD000954203D36FF00B038B61F5E7CA681B1B99
:103DE00042F835304368086902EBC00253600B6942
:103DF00001330B61E2E737B50C46C0B201A91546A5
:103E0000D0F71AF8002807DB019828B12A46214686
:103E1000D0F738F803B030BD6FF01500FAE7F0B511
:103E200087B01F4604460D46164601F025FB0223C7
:103E300002930DF116030193BDF83030ADF8160072
:103E4000009332463B462946204602F007FB07B066
:103E5000F0BD2DE9FF411F460D4616460446D3F737
:103E600033FF8046CCF7C8F9BDF82830009380B204
:103E7000CDE901803B4632462946204602F0EEFA63
:103E800004B0BDE8F08100221146D0F7D1B8034656
:103E900010B508460AB10021116053B1D0B1411EDE
:103EA00011F8010F80B113F8014BA04201D13D2858
:103EB000F6D100200EE0013313600AE03D2808D05F
:103EC000B0FA80F0400905E018782F28F6D1002AD2
:103ED000F1D1012010BD0830704710B513461446CB
:103EE0000A4681880068FFF7E7FDA042A8BF204688
:103EF00010BD2DE9F04F97B0044601929A468946CD
:103F000000297CD0DAB1BAFA8AF67609258F013514
:103F1000ADB2A84604F1080B6F1EBFB2B7F5004F53
:103F20003BD04A2303AA39465846FFF7C5FD00286F
:103F300007DA10F1020F08BFB8463D46ECE701264C
:103F4000E4E74928F9D800F158030DEB03000023FA
:103F500000F84C3C03A94846CCF73CF90028ECD1CA
:103F600006BBB846B8F5404F4CD0238F434504F10B
:103F7000080538D308F58041019A534689B228468E
:103F8000CFF7D6F800280ADB46B14846CCF734F91B
:103F90004A460346414628461EE016B3002017B0A5
:103FA000BDE8F08F39465846FFF782FD0028F6DB62
:103FB00005F57F513F3189B25846FFF779FD00285A
:103FC000EDDB238FBB42E9D12246013B22F8383F8B
:103FD0004FF4004102235846CFF7AAF800EAE070F8
:103FE000DDE70126BEE72246022322F8388F4FF490
:103FF00000412846CFF79CF80028BBDACFE76FF0E6
:104000001500CCE76FF00B00C9E773B5C36B036312
:104010000446C3B100F108063046CEF7DFFE054680
:1040200070B902230DF106024FF400413046FFF74C
:1040300043FD0028ACBFBDF806304FF40043238792
:10404000284602B070BD6FF01205F9E72DE9F04186
:104050008768FB6804460D4616469847BB682BB137
:10406000324629462046BDE8F04118476FF0570018
:10407000BDE8F081704715F0D8BC15F0AFBC014623
:104080000068D0F7E3B908B5D0F73CFABDE80840BE
:10409000D0F772BD0A460121FFF7B9BD013140B228
:1040A000D0F7AEBC00210120D0F7D0B938B5044616
:1040B0000D4611461A46D0F793F960B2691CD0F745
:1040C0009FFC204638BD684620F007018D4601B5AB
:1040D000D0F7AAFCBDE80140854670476FF0850027
:1040E000704761B662B680F31188BFF36F8F704777
:1040F00072B6002383F31188BFF36F8FBFF34F8F26
:1041000030BF62B6BFF36F8F704772B6002383F380
:104110001188BFF36F8FBFF34F8F20BF80F31188DB
:10412000BFF36F8F62B67047202809D9B0F1004FF6
:1041300008D80138B0FA80F0C0F11F004000704785
:10414000082070473E20704708B5D1E904319847F0
:10415000002008BD08B5D0F701FF002008BD70475A
:10416000BFF35B8F50E8003F013340E80032002A84
:10417000F8D1BFF35B8F7047002303824369C360AC
:104180007047816A8968D0F7A9BFEFF311822023B5
:1041900083F31288BFF36F8F00230B60436833B93A
:1041A000C0E9001182F31188BFF36F8F7047196067
:1041B0004160F7E710B50346EFF31181202282F347
:1041C0001288BFF36F8F006828B15C6802681A60BC
:1041D000A04208BF5A6081F31188BFF36F8F10BDF2
:1041E00008B501460830FFF7BBFF084608BD034687
:1041F00018465B68002BFBD17047426810B52AB1A6
:104200000B461C465B68002BFBD16260416010BD11
:1042100010B5044628B901F10800FFF7A1FF0846D0
:1042200010BD034618465B68002BFBD1FFF7E5FF86
:104230002046F5E710B508B14B6843604C68002391
:1042400008464B60D0F7CAFF204610BD83680B4478
:104250000360704703680B6043684B6083688B6042
:1042600070478388026819448180D018704730B441
:1042700084880568A3188380281930BC15F0AEBB6C
:1042800010B5838802685C1C8480D154D01810BD9E
:1042900030B5838802689D1CD4188580D154090AE2
:1042A000617030BD83885B1A9BB2838000681844BC
:1042B0007047034600689A88401A11441860998034
:1042C00070470268531E036083880133838002F8BD
:1042D000011C70478288521A034682800068084495
:1042E00018607047034600689A88521A01449A8001
:1042F0001960704710B503681C780121FFF7EAFFC9
:10430000204610BD10B503681C880221FFF7E2FFAC
:10431000204610BD0CB407B5034604AADB68084666
:1043200052F8041B0192984703B05DF804EB02B009
:104330007047F2F7EBBAF2F75BBBD0F793BFF0B47C
:104340001346DA028768066907D513F4402F1EBFAB
:1043500043F3000202F440225340346801258D40AB
:1043600023F48012DB074CBF2C43AC4334603B6822
:10437000F0BC18470022D1F7B1B8FFF748BC4FF0A6
:10438000FF324FF0FF330430F2F7C0BAF2F730BB20
:1043900090F87000C0F341107047F8B504461E460F
:1043A0000D461746FFF7EBFF94F870309B0715D4C6
:1043B00025B1012D10D06FF0150508E0616F0029BF
:1043C000F9D09DF818300F714E718B710025201DAA
:1043D000FFF7DCFF2846F8BDA16FF0E76FF00F058F
:1043E000F5E790F87000C0F380007047024603467E
:1043F00052F8680F90420BD100207047027A8A422F
:10440000FBD0DA6E8242F7D000680028F6D1704700
:104410000028F3D1704738B504460D46FFF7AFFFCB
:1044200094F87030DB0718D42B690BB9EB68BBB17B
:10443000A36E1BB904F16803C4E91A332B6893B95E
:10444000E26E04F16801C5E900121560E5661D46DB
:10445000201DFFF79BFF284638BD4FF0FF35F7E7DB
:104460006FF01505F4E76FF07705F1E710B5044636
:10447000034654F8500FA0420DD100200DE0447DBA
:104480008C4204D1032909D1047A944205D05C6D91
:104490008442F2D000680028F1D110BD0F29F5E761
:1044A0002DE9F04105460C46061D4FF0FF324FF056
:1044B000FF333046F2F72AFA6F6F002F6DD095F870
:1044C0007030DB0769D42B6D1BB905F15003C5E9CA
:1044D00014332368002B63D1637D0F2B09D1237A1A
:1044E000012B0CD06B6D05F15002C4E900231C6058
:1044F0006C65637D032B0FD04FF0000806E0E16888
:104500002846FFF788FF80460028EBD03046F2F7B8
:104510006FFA4046BDE8F0812A6D05F150009042E7
:104520001ED1002329E091F815C0BCF1030F10D073
:10453000013323724B68C4E900131C604C60637A3A
:10454000022B24D0032B25D0012BD5D1237ABB738A
:10455000D2E791F808C00CF1FF3C6345E8D112683E
:10456000002ADED0517D6B6D03290DD19A42137A5A
:1045700002D011680029D6D1013323726B6DC4E9D2
:1045800000031C606C65DAE79342E8D1C9E7237A3F
:10459000FB73B1E7237A3B74AEE74FF0FF38B5E722
:1045A0006FF07708B2E70346006800B1187A7047E9
:1045B0000346C08808B11878C0097047FFF727BBC9
:1045C00070B50C461546D2F729FA40B140688368A9
:1045D0001B6823B12A462146BDE87040184770BDCC
:1045E000F8B50446866803690D461746BFF35B8F2E
:1045F000D3F8A030BFF35B8F9B070ED5B36A7BB1B6
:10460000F36B9847B36A29463A4620469847336C7D
:104610000546204698472846F8BD4FF0FF35FAE793
:104620006FF08505F7E770B50446866803690D46A7
:10463000BFF35B8FD3F8A030BFF35B8F9B070BD525
:10464000F36B9847736A294620469847336C0546B2
:1046500020469847284670BD4FF0FF35FAE770B501
:1046600090F82C3003F01F03012B04460D4600F197
:104670002C0627D0022B11D04BB394F82D102046D6
:10468000FFF7B4FE0246D0B13046FFF791FF78BB8A
:104690001369A3B12A68314620461EE0018EC9B2D3
:1046A000D2F7BCF902460028E7D03046FFF780FF7A
:1046B00001465068836899B99B682A6863B96FF0AE
:1046C000850070BD018EC9B200F087F8EAE790F866
:1046D0002D1000F09BF8E5E73146BDE87040184723
:1046E000DB6813B13146984703462B600020E8E7AA
:1046F000D368002BE3D03146204698472860F5E781
:1047000010B5044619B9002084F8340010BDD0F764
:10471000D3FF0028F7D0F9E7FFF779BA4FF0FF325F
:104720004FF0FF330430F2F7F1B8F2F761B921B17D
:1047300001290DD000231B68FFDE5830006848B106
:1047400043685B79934205D000680028F8D1704730
:104750006030F3E7704710B590F83430022B044610
:1047600009D1FFF715FE94F83C2001462046BDE82C
:104770001040FFF7DCBFD2F723F8002010BD08B5CA
:10478000FFF7D5FF003818BF012008BD4FF0FF32FA
:104790004FF0FF330430F2F7B9B808B583681B6BEC
:1047A0000BB198470346002023B153F8042B0AB1FC
:1047B000127802B908BD1044F6E710B51C46FFF7A1
:1047C000B6FF48B10122C06802FA04F320B10269C1
:1047D000134201D10068F9E710BD10B50C46FFF790
:1047E000BAFF48B10123C06803FA04F120B103699C
:1047F000194201D10068F9E710BDD1F81A008368A9
:104800001B6903B118476FF08500704738B50C4637
:10481000FFF7A1FF80B1C06870B14368DA681AB1D0
:1048200011790023994201DC0068F5E71568ED5C19
:10483000A54201D00133F5E738BDF8B5CC6806468E
:104840000CB9204622E004F10C070125E268AAB168
:1048500065F07F03D9B203F07F031033DA40D2074B
:104860000ED4E368EB40DB0705D5B0693A46E9B200
:1048700000F09CF850B90135102DE7D12468DFE72E
:10488000B0693A4600F092F80028EAD0F8BD2DE968
:10489000F3475768002497F8058005460E46A14661
:1048A0003B79A34203DC002002B0BDE8F0875FFA49
:1048B00084FA3146534642462846FFF77EFF0146BA
:1048C00050B1CDF80090534601222846D2F734F972
:1048D0000028E9D10134E3E76FF03C00E4E72DE97B
:1048E000F74380460D461746FFF777FF064628B97F
:1048F0006FF00104204603B0BDE8F0830F2DF7D818
:1049000008EB0509014699F83E4000972B46002226
:104910004046D2F711F90028EAD100942B46022232
:1049200031464046D2F708F904460028E2D1009704
:104930002B46012231464046D2F7FEF804460028B5
:10494000D8D1706883685B6813B13A4629469847A6
:1049500089F83E70CEE711F0800F18BF21F080017A
:1049600002684FF0010318BF10318B4022EA0303A5
:104970000360704737B58B7900938B880C461546DA
:10498000CA78897807F0F1FC70B994F90230A178FF
:104990002A68002BB8BF21F080014FF00103B8BF97
:1049A00010318B4013432B6003B030BDF8B5064681
:1049B0000D46174607F002FD044658B92946384609
:1049C000FFF7C9FF29463046E7F7F4FA044608B96D
:1049D0000AF005FB2046F8BD0A468069802107F0F1
:1049E000D6BD43689869E7F717BB70B591F91830E1
:1049F0004668002B05460C4607DBC4F81A50B06920
:104A00002146BDE8704007F055BD3046FFF7E9FC90
:104A10000028F2D04FF0FF3070BD806907F0DCBD98
:104A20000B0648BF21F08001806B48BF1031C840A1
:104A300000F00100704782B0C3698DF80010019248
:104A40002BB102AB13E9060002B0D2F7B3B902B042
:104A5000704782B0C3698DF8001001922BB102AB90
:104A600013E9060002B0D2F7A5B902B0704770474B
:104A700003695B68D868704743680361037A63B170
:104A8000012B0CBF022303234375437A5A1E032ACA
:104A900005D8DFE802F0050505050123F4E700234A
:104AA0000375837A062B09D0072B09D0052B0CBF81
:104AB000002303238375837EC37570470123F9E7C1
:104AC0000223F7E7036993F8440030B11A6C938826
:104AD000918910695B1A9BB2C01A7047036993F8F9
:104AE0003C007047036993F8442012B993F83C00E6
:104AF0007047012070470369C3E908127047022913
:104B0000036907D0042907D0012907D11B69136065
:104B1000002070471B7EFAE75B7EF8E76FF08500A8
:104B20007047BFF35B8F0068BFF35B8F084100F0F5
:104B30000100704703691B69BFF35B8F883353E83B
:104B4000001F41F0020143E80012002AF7D1BFF331
:104B50005B8F704710B50469A06BFEF777FC10B14E
:104B6000012384F83D3010BD10B50469A06B428963
:104B7000C3889A4202D14FF0FF3010BD0122FEF7E8
:104B800065FC0028F7D004F17800F2F7EBF900207B
:104B9000F3E738B50469EFF31185202383F3128816
:104BA000BFF36F8F206CFEF731FC85F31188BFF3E4
:104BB0006F8F10B1012384F8453038BD38B50346F6
:104BC00040681B695D68AC68A37A84F8223094F869
:104BD0002D3084F82330A376696841B1237C33B942
:104BE000FFF75EFC18B96868FFF7DDFC2074002051
:104BF00038BD38B513464A78046945682069202ACB
:104C000004D0222A16D06FF0850012E0CA88072A45
:104C1000F9D16BB1DB681A6842609A8802819B798E
:104C20008372FFF729FF224608212846FFF711FF6C
:104C3000002038BDCB88002BE5D14B888381C3F39E
:104C4000400203F001030276437622460921ECE795
:104C500070B54B78212B12D1CD88036940681E694D
:104C6000072D28BF07252946FFF7B6FE044620B1C9
:104C70002A46311D0C30FFF7FAFA204670BD002499
:104C8000FBE701238B40DB43BFF35B8F50E8002F32
:104C90001A4040E800210029F8D1BFF35B8F70472C
:104CA000006902218830FFF7ECBF006903218830DA
:104CB000FFF7E7BF08B5036918690021017788305D
:104CC000FFF7DFFFBDE808400121FFF7DABF036906
:104CD000186901218830FFF7D4BF2DE9F04750F85B
:104CE000483C00F140065B680546002130461F68DD
:104CF000FFF717FF00285BD001213046FFF711FFB7
:104D00008146002854D155F8083C5A89DB889A42DC
:104D100003D115F82D3C002B4AD0BFF35B8F56E82A
:104D2000004F44F0200346E80032002AF7D1BFF3D9
:104D30005B8F14F020043BD13B695B689B68402289
:104D400093F836103846FFF74CFE804650B930468F
:104D50000521FFF796FF28462122BDE8F0470023F2
:104D6000F2F770B915F82C3C33B1428AC16855F896
:104D7000080CFEF76BFB0446214608F10C00FFF718
:104D800070FA2CB104F03F04B4FA84F94FEA5919CF
:104D900005F82D9C41463846FFF727FE40B14046B6
:104DA000D0F71CFA30460521BDE8F047FFF769BF90
:104DB000BDE8F08740297FB534D00DD8102933D015
:104DC00006D801296BD0082930D06FF0150426E0F1
:104DD0002029FAD1042308E0B1F5807F28D0B1F56D
:104DE000007F27D08029F0D1102304699BB2E1898C
:104DF00012B30B4342F2A1014FF40032E381CDE93B
:104E000001120669ADF80C3043681C6806F188038E
:104E100000211846FFF785FE88B96FF00C04204684
:104E200004B070BD0823E0E70223DEE70123DCE7DE
:104E30002023DAE74023D8E721EA0303DAE7012158
:104E40001846FFF76EFE0028E7D123695B689B6870
:104E50000A2293F826102046FFF7C3FD0546D8B175
:104E60000A2201A90C30FFF702FA20462946FFF773
:104E7000BCFD044618B12846D0F7B0F9CFE74FF093
:104E8000FF324FF0FF3306F18C00F1F771FE0B306B
:104E900008BF6FF08B04C2E76FF00B04BFE700247C
:104EA000BDE7F8B5036947681C695B689B680D46F8
:104EB00093F83D30097E06462AB3994204D1042175
:104EC00004F18800FFF7DDFE33692A7E5B689B688A
:104ED00093F836309A4204D1052104F18800FFF797
:104EE000D0FE33692A7E5B689B6893F826309A422D
:104EF00003D104F18C00F1F761FE29463846BDE884
:104F0000F840FFF78ABD994214D12A8AE968A06B5C
:104F1000FEF77CFA28B1236A1BB104F12800F2F7EE
:104F200021F804F188000421FFF7ABFE04F17800BA
:104F3000F2F718F833692A7E5B689B6893F836307D
:104F40009A4215D1236A1BB104F12800F2F70AF83E
:104F5000052104F18800FFF794FE237FABB90023FD
:104F600040F6CD4204F14800F2F76CF801232377B4
:104F700033692A7E5B689B6893F826309A42BCD1DD
:104F800004F18C00F1F7B8FDB7E7236CDA885B8990
:104F90009A42EDD00022002304F14800F2F752F8C3
:104FA000E6E738B550F8083C0446002B4FD050F8DF
:104FB000283C5B6800F160051A68002383828383C4
:104FC00002212846FFF7ADFDB8B154E9023110695E
:104FD0009847637D1BB104F15000F1F7C3FF052131
:104FE0002846FFF79EFD98B9637F6BB1002200232E
:104FF00004F12000F2F726F80AE003212846FFF723
:1050000090FD0028E1D1E4E714F80D3C002BEDD130
:1050100002212846FFF785FD38B123695A89DB88CC
:105020009A4202D02046F1F79DFF03212846FFF760
:1050300078FD60B1A2699388918912695B1A9BB26D
:105040009A4204D02046BDE83840F1F78BBF38BD06
:1050500038B550F8783C5B681D6800F110030246D3
:1050600000211846FFF75DFD002836D001211846C3
:10507000FFF757FD88BB52F8401C8A888889096968
:10508000121A92B28A1A3F2A27D9BFF35B8F53E8CC
:10509000002F42F0100143E800100028F7D1BFF3C1
:1050A0005B8FD30619D42B695B689B68402293F809
:1050B0003D102846FFF795FC044670B1438A402B0B
:1050C00028BF4023438201462846FFF78EFC20B1CB
:1050D0002046BDE83840D0F781B838BD08B503692F
:1050E00003F1880202211046FFF71BFD28B1996BDE
:1050F0004889C988401A18BF012083F83C00032161
:105100001046FFF70EFD40B11A6C90889189126924
:10511000401A80B2801A18BF012083F8440008BDED
:105120000069BFF35B8F00F1880353E8001F41F073
:10513000080143E80012002AF7D1BFF35B8F026C2D
:105140009388918912695B1A9BB29A4202D02830E7
:10515000F1F708BF704738B50469BFF35B8F04F1FE
:10516000880555E8003F43F0040345E80032002A73
:10517000F7D1BFF35B8FA36B5A89DB889A4203D0C8
:1051800004F12800F1F7EEFE04212846FFF7C9FCE0
:1051900028B904F17800BDE83840F1F7E3BE38BD26
:1051A00010B503691C69BFF35B8F04F1880050E8F8
:1051B000002F42F0010240E800210029F7D1BFF39F
:1051C0005B8F0221FFF7ADFC10B11846FFF7C3FF5C
:1051D000236A1BB904F17800F1F7C4FE0123E376DA
:1051E00004F148000022BDE810400023F1F72ABF77
:1051F00010B50C46017822788A4288B00ED06946F4
:10520000D1F700FF04A92046D1F7FCFE10220DEBD8
:105210000201684614F021FC08B010BD012A06D036
:10522000022A07D072B940886388C01AF4E7406840
:105230006368FAE71022611C013008B0BDE8104035
:1052400014F00BBC6FF01500E6E7042A0AD0102A10
:105250000DD0022A4FF0000315D103700B88438054
:1052600001207047012303700B684360F8E70223B5
:1052700000F8013B01F1100351F8042B40F8042B16
:105280009942F9D1ECE718467047012310B5062181
:10529000044600F8013BDFF75DFD18B9A37963F020
:1052A0003F03A37110BD0B6803608B8883808B79EB
:1052B0008371037823F00203037070470078C0F312
:1052C0004000704738B50446807ACFF7DBFE61694D
:1052D000054649B1637ADB0704D4836A1B6820461C
:1052E0009B6898470023636121462846BDE8384003
:1052F00009F097BC2DE9F0410C4601F10C08054678
:1053000000F10C01404617461E46FEF7A3FF6269F6
:10531000E3682F829B1A13FA87F36B8201236B7267
:1053200039464046FEF7D6FFE3687360628A002381
:10533000E3607281638234602846BDE8F08138B54D
:10534000D1E90032DA600B684A895A820C46054678
:105350000868CFF743FF20461022002114F065FBB8
:105360002846BDE83840FFF7ADBF438A23B9C0687F
:10537000B0FA80F040097047002070470F2806D827
:105380000D280BD8052814BF0220032070471328CE
:1053900004D01A2814BF0220012070470120704752
:1053A000FEF735BCFEF73CBC10B50346BFF35B8F80
:1053B00053E8000F40EA010243E80024002CF7D133
:1053C000BFF35B8F10BD0023CEF796BABFF35B8FA0
:1053D00050E8003F0B4040E80032002AF8D1BFF30C
:1053E0005B8F704710B5D3F783FD6FF4807104466F
:1053F0001030FFF7EBFF2046BDE8104000F017B972
:10540000C368DB78012B01D1FFF7ECBF7047C3689D
:10541000DB78012B01D1FFF7E5BF704738B50446B3
:105420000D46D2F713F85F3005D129462046BDE876
:105430003840D1F741BF38BD10B5028843889A4241
:1054400018D8052A16D9B3F5486F13D88488B4F54F
:10545000FA7F0FD2C188A1F10A0292B240F67640DB
:10546000824207D804FB0333B3EB810F34BF012022
:10547000002010BD0020FCE700207047002070478E
:1054800070B506460D464FF0FF304FF0FF31D2F7B2
:1054900021FB044668B103210C30FEF7E2FE0680D2
:1054A000857021460022BDE8704040F20640D2F7E8
:1054B00069BC6FF0680070BDC368187808B1D2F796
:1054C000A1BA1846D2F706BD38B54FF0FF310546F0
:1054D0004FF0FF30D2F7FEFA044668B102210C30DB
:1054E000FEF7BFFE2B88038021460022BDE838402E
:1054F00042F21600D2F746BC6FF0680038BD70B5B6
:1055000006460D464FF0FF304FF0FF31D2F7E2FA7A
:10551000044618B9BDE87040D1F7C4BE03210C3071
:10552000FEF79FFE06808570214642F22100BDE80D
:105530007040D2F7D5BB033138B5C9B205460E204D
:10554000D3F7ECF9032104460C30FEF78AFE012361
:105550000370A0F80150204638BD70B505460E46D0
:105560000F200421D3F7DAF9042104460C30FEF7AA
:1055700078FE0122067042704580204670BD08B555
:10558000072214F06AFAB0FA80F0400908BDFEF76D
:105590003EBB00280CBF08460020704718B111B16F
:1055A0000846D3F7FBB96FF01500704713B50446F2
:1055B00080B106216846DFF7CDFB48B99DF805307C
:1055C000694603F03F0320468DF80530FFF7E6FFFC
:1055D00002B010BD6FF01500FAE7003818BF0120C7
:1055E000704770B5064686B00D464FF0FF304FF05D
:1055F000FF31D2F76FFA0446B0B10C3095B10121FA
:10560000FEF73EFE06F1100203A92046009508238E
:10561000D2F74EFA0022214642F20A00D2F7B2FB3C
:1056200006B070BD2946EBE76FF06800F8E7183068
:1056300009F061BCD0F8B400003818BF01207047F1
:10564000084689691160C2691A60C27A002118305F
:1056500014F0EBB92438D3F7D9BE036800220BB994
:10566000184670478B4210D10B6842B942680360FC
:10567000914200D1436000230B600120704713600A
:105680004368994208BF4260F5E71A461B68E6E79F
:10569000837A072B01D1D3F7E5BE704703697BB14D
:1056A000BFF35B8F00F11003002253E8000F43E8C3
:1056B00000210029F9D1BFF35B8F08B1CFF78EBD70
:1056C000704710B500F1C802BFF35B8FD0F8C83047
:1056D000BFF35B8F7BB1BFF35B8F591C52E8004F68
:1056E0009C4204D142E8001CBCF1000FF6D1BFF38C
:1056F0005B8FE7D110BD1846FCE710B5837A023BFB
:105700000446062B16D8DFE803F009041515150B1F
:105710000900417200212046D4F718F8002010BD7E
:105720000088FFF7ADFE0028F9D1A37A072BF5D149
:105730000821F0E76FF07F00F1E738B5037A8B427C
:105740000446154615D100F170010722284614F0D1
:1057500084F980B1E378072243B904F17E01284639
:1057600014F07BF9B0FA80F0400938BD04F17701FC
:10577000F5E70020F9E70120F7E7F8B507460D4601
:105780004FF0FF304FF0FF31D2F7A4F90646D0B109
:105790000E210C30FEF765FD0E220446002114F0A8
:1057A00044F93B8823802B8863806B88A380AB8877
:1057B000E380EB88238131460022BDE8F84042F2C5
:1057C0001300D2F7DFBA6FF06800F8BD704710B56C
:1057D0000446F2F7DBF8234653F84C2BD2F8B4100A
:1057E00061B9E164D2F8B81061B9C2E92D33F2F7BA
:1057F000E1F82068BDE81040D3F77EBF8B42F6D0B9
:105800000968EDE70B60C2F8B830F0E703682BB128
:1058100041681A6802608B4208BF42607047704757
:105820002DE9F843446B2CB154F8085905B1083DF3
:1058300000270CB9BDE8F883D4E900682EB3F2F76D
:10584000A5F8D6F8B43004F14C01002263B19942B6
:1058500033D1E36C4ABBD6F8B820C6F8B4309142D5
:1058600001D1C6F8B830E764F2F7A4F804F13009C2
:10587000002200234846F1F70BF9064600BBD8F892
:1058800004300BB1204698472760E3680BB12046EF
:105890009847D8F820300BB120469847DDB1AB6867
:1058A00003B1083B2C461D46C3E71360D6F8B83059
:1058B000994208BFC6F8B820D5E71A461B68C5E765
:1058C000B36923B1F16920686FF06D0298473046E3
:1058D000CFF784FCCCE72B46E4E7F8B50F46002170
:1058E0000546164600234FF480320846D4F7C2FC22
:1058F000044620B92846D4F789FC2046F8BD042187
:105900000C30FEF7AEFC057047704680F5E7406B43
:1059100030B1838B8B42A0F1080001D08068F7E79B
:10592000704710B54AB989B2FFF7F1FF28B1436853
:105930009B6913B1BDE81040184710BD38B50D463E
:105940000521FFF7E4FF00231A462946D4F7ACFCF3
:10595000044610B12846CFF741FC204638BD406BC5
:1059600030B183898B42A0F1080001D08068F7E74D
:10597000704770470346006828B1596802681A608A
:10598000884208BF5A6070470346002003B9704739
:105990001A8A5B681044F9E710B5D468237802319D
:1059A00013B92170012010BD8B42FBD0038A023B4A
:1059B000038200201061F6E7FEF729B973B514469B
:1059C000014605464FF49572206800F0CAFD207527
:1059D00030B92068294600F05FFE20B908232375FE
:1059E000002002B070BD237AB3B1A3F11802534274
:1059F00053419B000193638A0093AE68238AE26857
:105A000020682946B047002808DB238A98420CD139
:105A1000002323750120E4E70223EBE710F1FF0FD9
:105A200003D34042C0B22075DAE70E20FBE738B559
:105A300004460D46D4F72EFE30B1294604F160002D
:105A4000BDE8384009F0DAB838BDF8B59368166893
:105A500005460F46144663B9506801210C30FEF725
:105A600000FCA0602B681B78002B14BF02230123CD
:105A70000370A3681B78012B03D0022B1FD00020DA
:105A80001CE02B681B78002BF9D1606804210C30D6
:105A9000FEF7E7FBE06007802A68E36852885A80D7
:105AA0006168728D738B088A9A4294BFC0EB0200C2
:105AB000C0EB0300042894BF00200120F8BD2B6830
:105AC0001B78022BDBD1606812210C30FEF7C9FB7A
:105AD000E06007802B68E268591C0232113351F8EC
:105AE000040B42F8040B9942F9D16168728D738BF3
:105AF000088A9A4294BFC0EB0200C0EB0300122850
:105B0000D9E770B40668B26A5AB3144654F8B0398B
:105B100003B1B03B002211467CB9438D408B8B42D0
:105B200001D890421FD9824238BF0246994230685C
:105B300038BF194670BCD6F741BD844207D0658D89
:105B4000648BA94238BF2946A24238BF224633B1EE
:105B5000D3F8B05005B1B03D1C462B46DCE71D46DE
:105B6000FAE71146D9E770BC7047D0680378043172
:105B700013B90170012070478B42FBD091680B8AEA
:105B80000020043B0B82106170471FB5CDE9012353
:105B9000002300931A46D6F7B3F805B05DF804FB6E
:105BA0002DE9F04104468868FFF7EEFE638D628BB5
:105BB000934228BF134683420D4626D3E16501F187
:105BC00008030027BFF35B8F53E8008F43E80072A0
:105BD000002AF9D1BFF35B8FF1F7D8FE414620468A
:105BE000D4F758FD064638B1C5F80880E765F1F7E7
:105BF000E1FE3046BDE8F081618D638B994228BF9C
:105C00001946284600F045FDF1E76FF07906F0E708
:105C10000368002203B970478B420FD10B683AB971
:105C200042680360914200D1436000230B607047DB
:105C300013604368994208BF4260F6E71A461B6842
:105C4000E8E7BFF35B8F50E8003F43F0080240E80D
:105C500000210029F7D1BFF35B8FC3F3C000704769
:105C60002DE9F041064690461F460D46B9B1042283
:105C70000121D4F7F1FD044618B9BDE8F041D4F78D
:105C8000C1BD04210C30FEF7ECFA0570A0F80180CC
:105C9000C77021463046BDE8F041FFF7C8BEBDE8F9
:105CA000F08137B50C46054601F10C00FEF72AFBE2
:105CB000228A0192E26800920346132212212846AA
:105CC000D4F722FE03B030BD37B50C46054601F1CE
:105CD0000C00FEF717FB228A0192E2680092002274
:105CE000034611462846D4F70FFE03B030BD70B509
:105CF00004460E46002200230846F0F7C9FE05467A
:105D000058B101462046D4F7C5FC044618B12946CF
:105D1000304608F086FF204670BD6FF00104FAE7B8
:105D200007B5CA681388528800920C210D22D4F757
:105D3000F1FF03B05DF804FB07B5CB6800221B88B8
:105D400000920A210B22D4F7E5FF03B05DF804FBB3
:105D50002DE9F041CB681F88BBB2162B05461BD935
:105D60000321D4F79BFE0646C0B102210C30FEF79A
:105D700078FA00244FF0170880F80080447031460C
:105D80002846FFF754FE2846A5F81A806F85FFF7CE
:105D9000B8FE2046BDE8F0810420FBE70E20F9E7BD
:105DA0002DE9F04F064685B0104690469946FFF71C
:105DB000EBFD738B728D934228BF134683428B4653
:105DC00075D9736803934046FEF711FA4FF0000A45
:105DD00004464046FFF7D8FDE168228A658A636978
:105DE000778BCB1AAD1AED1A738D9F4294BFC0EB1F
:105DF0000700C0EB0300854228BF054625BB98F885
:105E00000A00CFF73FF900220023FEF7BAF9044653
:105E100008B9574627E001464046FEF7F9F94046E3
:105E2000FFF7B2FDE168228A658A6369778DCB1A34
:105E3000AD1AED1A738B9F4294BFC0EB0700C0EB05
:105E40000300854228BF0546CDF80090DBF80470BA
:105E500003980A44ABB25946B847071E07DABAF1AD
:105E6000000F18BF5746384605B0BDE8F08F0E9BAF
:105E7000ABB9394604F10C00FEF7F3F94046FFF7E1
:105E800083FD738D728B934228BF1346B9448342BE
:105E9000BA441FFA89F9BCD9AF429AD0B9E70F9A30
:105EA0000E9B3946204698470028E2D1B1E70027EB
:105EB000D9E72DE9F3411768D7F804800023144689
:105EC0001373014606469522404600F04AFB0546FC
:105ED000207330B93146404600F0DCFB28B9082376
:105EE0002373002002B0BDE8F081A068798D7A8B21
:105EF000038A914294BFC3EB0103C3EB0203012B5E
:105F0000EFDD02210C30FEF7ACF9CDE900558046FB
:105F1000A388A26831463846FFF742FF031E06DA1F
:105F200013F1FF0F26BF5B42DBB20E23D8E7A8F8C0
:105F300000300120D6E72DE9F3411768D7F8048037
:105F4000002314461373014606469522404600F08E
:105F500008FB0546207330B93146404600F09AFBF5
:105F600028B908232373002002B0BDE8F081CDE9F1
:105F700000553146A388A2683846FFF711FF002874
:105F800007DA10F1FF0F26BF4042C0B20E20207387
:105F9000E9E70120E8E7F8B50546071F00F15403DB
:105FA00050F8044CBFF35B8F53E8001F21F004014D
:105FB00043E80012002AF7D1BFF35B8FFCB1AB6D51
:105FC00083B9636873B1201DFFF7D4FC0646014610
:105FD0003846FFF7E5FD90B163683360A3686660FB
:105FE00003B9A66005F15C013846FFF780FE30B1C9
:105FF00004F10C013846BDE8F840FFF778BEF8BD63
:106000002DE9F041846A074644B154F8B06906B1FD
:10601000B03E0022154607F104080CB9BDE8F08136
:10602000E36D9BB905B98AB94046FFF7A3FC054665
:1060300058B101462046FFF7B3FD0028EED07B683B
:106040002B60BB687D6003B9BD60224636B1D6F8CF
:10605000B03003B1B03B34461E46DEE73346FAE7C4
:1060600038B50546BFF35B8F0B68BFF35B8FDB076B
:1060700016D550F8040C98B1AB6D8BB90430FFF70E
:1060800079FC044660B10146281FFFF789FD38B14D
:1060900055F8043C5A6822609A685C6002B99C60BA
:1060A00038BDD5F7C1BD08B500230A8AC968D5F740
:1060B00009FB002008BD70B50D46D5F791F90446DF
:1060C00028B92846CFF78AF86FF07F0070BD00F13D
:1060D0000C062946304608F091FDA46AC4B154F874
:1060E000B05905B1B03D0022104607E022467DB10F
:1060F000D5F8B03003B1B03B2C461D46831C01D10E
:10610000002AF4D131462046FFF7F1FD0028EDD1F9
:106110000020DBE738B505460C46F1F737FC28468A
:10612000D5F75EF920B9F1F745FC6FF07F0038BD77
:106130000023236083683BB9C0E90144FFF760FF97
:10614000F1F738FC0020F2E71C608460F6E70120DC
:10615000704708B5D5F744F998B1836A8BB1BFF39E
:106160005B8FB03B03F1580252E8000F20F00800AB
:1061700042E800010029F7D1BFF35B8FD3F8B030BC
:10618000ECE708BD08B50421FFF7E9FB30B1BFF328
:106190005B8F406DBFF35B8FC0F3C00008BD106024
:1061A0000020704710B5029CA36833B1B1F5807F21
:1061B00028BF0E21CAB221469847A37DE268013B61
:1061C000DBB2A37522B11BB92046BDE810401047D1
:1061D00010BD1060918000207047BFF35B8F006896
:1061E000BFF35B8F704708B5072213F036FCB0FA97
:1061F00080F0400908BD10B50346BFF35B8F53E83C
:10620000000F40EA010243E80024002CF7D1BFF35D
:106210005B8F10BD0B6803608B8883808B798371E3
:10622000704770B50D46064611F8010BD3F734FEE2
:10623000044610B12C89D3F733FA6B89A34207D0F7
:10624000EB686C8123B121463046BDE870401847A9
:1062500070BD38B5BDF81040A24215460CD84CB1FF
:106260006BB1A41A8C42A8BF0C46A4B2224659199D
:1062700013F0B4FB204638BD6FF00604FAE76FF068
:106280000D04F7E730B585B0C96814461D46D5F74B
:1062900037FB00B10089ADF80E0002230093BDF872
:1062A00020200DF10E0329462046FFF7D2FF05B04E
:1062B00030BD1FB50C461946E3681C781046BDF882
:1062C00018203CB110240133069404B0BDE81040FE
:1062D000FFF7BFBF5B88ADF80E30022300930DF1CE
:1062E0000E03FFF7B6FF04B010BD30B585B01D46F4
:1062F000002314468DF80C30D5F7D8FA10B1037A84
:106300008DF80C3001230093BDF8202003AB294603
:106310002046FFF79EFF05B030BD08B5D5F7DEFA81
:1063200018B1002303604360836008BD70B500F1BD
:10633000700605463146007AFFF7A0F8044631465C
:10634000287A1CB1BDE87040FFF7E7BFD5F7C6FA61
:1063500010B104604460846070BD022A10B508D199
:10636000002300F170011A46007AD5F7F3FA0220F3
:1063700010BDFFF7DBFFFAE7F0B507683D7889B09D
:1063800006461446E5B97B88B3F5245F04D011D8DE
:10639000A3F52053032B13D8ADF80A1002220DF1F8
:1063A0000A012046D5F758FB70B16FF01503C4F809
:1063B000C43006E003F55643FF339BB2042B20D9CB
:1063C0000125284609B0F0BD7B88ADF80A300222CD
:1063D0000DF10A012046D5F73FFB0028E5D10090DA
:1063E00003AA776813233146B847021E02DAC4F8BD
:1063F000C420E6E703A92046D5F72EFB0028DFD00E
:10640000D3E7ADF80A1002220DF10A012046D5F7B4
:1064100023FB0028C9D17B88ADF80A3002220DF198
:106420000A01E8E701210C30FFF7E5BE38B5044664
:106430001546FFF78CFE40B12046D5F737FA20B15C
:10644000037ADB0701D5FFF7EDFF35B9207A04F1B8
:106450007001D5F743FA00B1856038BD38B5BDF895
:106460001010BDF81840059DA14210460CD84CB143
:106470006DB1641A9C42A8BF1C46A4B222462944AE
:1064800013F0ACFA204638BD6FF00604FAE76FF05F
:106490000D04F7E713B5044610B9002002B010BD93
:1064A00000238DF80430006842F6030301A9ADF81B
:1064B0000630FEF79DFE0028EFD1E368988800289B
:1064C000ECD12046D5F7ECFB013080B2E6E770B5A1
:1064D000CC6888B008461E46A3798DF80C30154666
:1064E000FFF7D8FFADF80D00246823786BB96388F7
:1064F000ADF80F3005230093BDF8302003AB3146D3
:106500002846FFF7A6FE08B070BD631C0DF10F0210
:10651000113453F8041B42F8041BA342F9D113238E
:10652000E9E71FB5CDE90123002300931A46D5F70B
:10653000E7FB05B05DF804FB13B5002304468DF8B6
:106540000430006842F6030301A9ADF80630FEF7F7
:106550004FFE18B92046D5F7EBFC0446204602B0A2
:1065600010BD4B8A12F0010FC3F30E0304D013F0D9
:10657000950F10D0486870B112F0020F04D013F4D8
:10658000957F0AD0896841B1134013F4DE7F14BFB0
:106590000520002070470220704703207047F8B59F
:1065A0000F4651684B8A03F094030646144613BB0A
:1065B0000122D5F7CFFC08B3A2891B210232304655
:1065C000D5F708F80546E0B1A1890C300231FDF796
:1065D00048FE20F8027BA289A16813F0FFF9D4E9F4
:1065E000041228460123D5F74FF929463046BDE865
:1065F000F840FFF760BD4FF0FF30F8BD6FF01500B9
:10660000FBE76FF00B00F8E72DE9F04105468846FF
:10661000D5F74CF9044608B3037ADA071ED500F122
:106620000C063046FFF7D9FD10F0010716D1B8F17E
:10663000000F14D0BFF35B8F56E8003F23F0020237
:1066400046E800210029F7D1BFF35B8F9B0728465E
:1066500008D5FFF77EFD2046FFF7E4FE0127384608
:10666000BDE8F081FFF773FD0028F8D02846FFF75A
:1066700089FD0028F3D0BFF35B8F56E8003F23F07D
:10668000020346E80032002AF7D1BFF35B8F2846A9
:10669000DFE77047012070470120704713B5C068DD
:1066A000144668B100238DF8043001A94FF4C0539B
:1066B000ADF80630FEF79CFD10B923680133236066
:1066C000012002B010BD0021F8B54FF0FF324FF0AD
:1066D000FF3305460846D3F7CDFD00F10C0704460D
:1066E00001213846FDF7BDFD05260670012138461B
:1066F000FDF7B7FD002306701A4621462846D3F75A
:10670000D3FD10B12046CEF769FD0020F8BD6FF033
:106710008500704700207047F0F7F8B8F0F768B9C7
:10672000CEF74EBE08B5E3F78FF8B0FA80F0400917
:1067300008BD013801288CBF00200120704738B502
:1067400003461446084601B10AB9002038BD1A8F25
:10675000012A0CD0022A0CD118252268AA4228BF8F
:106760002A4603F1380113F039F92560EDE70825D1
:10677000F3E76FF08500E9E7F0F7A2BCF8B5B0F8F1
:10678000B4600446C6F3410600F1800700220023EE
:106790003846F0F77DF9054640B9384608F0FBF970
:1067A00004F19C00BDE8F840FFF7E6BF032E05D1D9
:1067B000FFF7E4FF2846E3F71FFBE7E702F0EFFEF1
:1067C000E4E72DE9F04F824689B016460F4621B125
:1067D00042BBB0464FF0FF3403E0002AF9D08846B0
:1067E000346803F0020300930AF18005284608F09C
:1067F0004AFA4FF000090590CDF80490ACB9B8F111
:10680000000F05D03460B8F1000F01D0009B2BB110
:10681000284608F038FA059B834264D1019809B0F4
:10682000BDE8F08F4FF00108DAE7284608F02BFAB0
:106830000028E4D04845E2D0B9F1000F08BF8146F6
:10684000069003F04DF8019B0290A042024628BF3B
:10685000224613440193A4EB020BB8F1000F18D0A9
:106860002AB30099069B19B1D9680491196903915B
:10687000396807921846069302F0C5FF3968079AEF
:10688000009B11443960ABB1069B049ADA60039A0D
:106890001A61BBF1000F24D0002200232846F0F734
:1068A000F7F80146284608F0A9F95C46BDE7009BC9
:1068B000002BF1D1029B9C4201D25C469EE7002254
:1068C00000232846F0F7E4F890F83B309B0742BFDE
:1068D000DAF8783043F00103CAF8783002F05FFE4E
:1068E000EBE75C468BE7002200232846F0F7D0F860
:1068F0000146284608F082F985E770B5836F049E4B
:10690000DB0704460D4604D5BDE87040084602F09A
:1069100046BED0F8A40028B14FF0FF324FF0FF334D
:10692000EFF7F4FF002E05DAA36F764243F004037D
:10693000E667A36704F18006E5B9304608F0B5F9CB
:1069400088B9A36F43F00103A367304608F023F929
:1069500004F19C00FFF710FFD4F8A400A8B1BDE833
:106960007040F0F745B890F83B3043F0020380F8F0
:106970003B30EDE795F83B3023F0020385F83B30E0
:106980002946304608F03AF9E2E770BD002910B513
:1069900004460EDA836F494243F00403C1678367FC
:1069A000803008F0F8F804F19C00BDE81040FFF7D3
:1069B000E3BE10BDE0F760BFE0F78CBFE0F7BEBFFD
:1069C000E0F7E4BFE1F754B8E1F77CB807B500237E
:1069D000CDE90033E1F776F803B05DF804FB2DE96B
:1069E000F0474FF0FF338CB015464FF0FF32CDE942
:1069F0000A230A236A0604460E46099303D4836FCA
:106A000013F0020339D000220023CDE90A2306A89F
:106A100008F038FCDDE90A2306A8DDE9068908F05C
:106A200031FCDDE90623CDE9042300270DF1240A1A
:106A3000DDE90A230297CDE90023314600232A46E7
:106A4000204602F056FB00281FDADDE90A23014642
:106A5000CDE90023CDF808A04B4642462046E0F79A
:106A60006FFD431C11D0DDE9042306A808F02FFCBC
:106A7000DDE90623CDE90A23DAE70AAA0521E3F7CF
:106A80006DFB4FF4A0220023C1E70CB0BDE8F087F6
:106A9000FFF7A5BF10B5D0F8A42004460B469AB165
:106AA000D0F880200AB1002010BDD3E90023D0F82F
:106AB000A4109C30F0F76AFB0028F5DBA36F5B079E
:106AC000F1D5E06F4042EFE76FF01500ECE7E1F73A
:106AD0007DB8E1F707BB07B50023CDE90033E1F747
:106AE00001FB03B05DF804FBE1F72ABBE1F764BBEF
:106AF000E1F704BCE1F7D6BCE1F720BD0320704705
:106B000038B5430705460C460AD5EEF7DDFC0AF01A
:106B1000C3FD0346023B022B206817D801F0CBFCD3
:106B2000A80702D5204600F01BF9E90702D5204648
:106B3000E1F77EFDAA0402D5204600F040F9EB04FF
:106B400007D52046BDE8384000F0DAB801F09EFCD9
:106B5000E6E738BD09B9EEF7BBBD0020704738B590
:106B60000D46044608B103689C68204600F0ADF865
:106B7000854204D1204600F0B4F8012038BD2846F3
:106B8000EEF7DCFF003818BF01204000F6E738B50B
:106B90008B680C46002543B92046EEF7DBFF10B1A9
:106BA000204602F0FCFC284638BD1A8A5B68154472
:106BB000F1E74A09012301F01F018B4000EB82003D
:106BC000BFF35B8F50E8002F1A4340E800210029F3
:106BD000F8D1BFF35B8F70472DE9F7430E460C6881
:106BE00080460AF0DBFC00220023CDE900230023CD
:106BF00001461A462046E3F759FC0546C0B18468B1
:106C00004FF00009218A638AE2685B1A6169511AB0
:106C10005B1A9BB2494640460AF0C9FC074668B970
:106C200048F2DD632B87337AE3B1284602F0B7FCE4
:106C3000404603B0BDE8F0430AF0AEBC014604F1A3
:106C40000C00FDF70EFBE2686169638A521A9B1A19
:106C5000228A4F4493421FFA87F9D3D16468002CEB
:106C6000D0D1DDE72946304600F00CF80028DCD111
:106C70003068294600F02EF90028D9DA304600F0B5
:106C800018F8D2E710B5037A82887BB9531C9BB2FF
:106C9000C4880A2B08BF00239C4200EB820204BF79
:106CA00001240472D1608380002010BD6FF00B00BE
:106CB000FBE783883BB1013B9BB28380037A0BB136
:106CC0000023037270470923F7E7C2888388934241
:106CD00001D1037A1BB100EB8200C06870471846EF
:106CE0007047C38882889A4201D1027A3AB101334F
:106CF0009BB20A2B08BF0023C38000230372704796
:106D000038B50546EEF7E0FB0AF0DDFB044604B9B2
:106D100038BD2946204600F09CFDF8B92146286878
:106D200000F046FD0146C8B1037F9B0716D42378C7
:106D3000FF2B10D1637803F00F03012B0ED0022B31
:106D400009D163883BB963682BB9A3681BB9E368B1
:106D5000B3F1807F02D0286800F08FFD2469D6E768
:106D60002DE9F341074601A90068E1F7E1FD00289C
:106D700019DB0026019D05EB86134FEA861893F870
:106D80003D309B070CD5EEF79FFB0AF097FB08F10F
:106D90000408044645444CB93868294600F06DFFA4
:106DA0000136062EE6D102B0BDE8F0811022294658
:106DB000204612F052FE0028F2D06469EBE7F7B5E6
:106DC000074601A90068E1F7B3FD002818DB00269B
:106DD000019C04EB461393F89C31DB070DD5EEF7CD
:106DE00073FB0AF070FB04EB4614054604F5C2740D
:106DF00045B93868214600F02BFC0136082EE7D152
:106E000003B0F0BD10222146284612F026FE0028CD
:106E1000F3D02D69ECE708B502F058FEE3F75AFE0F
:106E200003F098FCE3F738FEE4F780FDE3F764FB3A
:106E3000E2F70EFCE2F7C8FC002008BD40B1036891
:106E4000BFF35B8FD868BFF35B8F084100F0010090
:106E5000704710B5044690F85000E3F745FB214613
:106E6000C0B2E3F735FB20B12046BDE8104002F088
:106E700096BB10BD10B58368044693B190F83C30C2
:106E80009B0713D594F83C3043F0020384F83C3060
:106E9000204602F047FC94F83B30C3F3C203032BB7
:106EA0000DD92046BDE8104002F079BB014680694B
:106EB00000F08FFF0128E5D00028F2D110BDA368B3
:106EC000DB681B7803F0F003602BEAD1204603F067
:106ED00094F9F1E738B505460C4601B3F8B18B6873
:106EE00003B3DA68F2B11B8AE3B10021FFF7A6FF12
:106EF000D8B194F83B3043F0010384F83B3020468E
:106F000002F010FCC4E906552B681B7C84F8243081
:106F1000204684F82E30FFF79CFF002038BD6FF02C
:106F20001500FBE76FF03C00F8E76FF07200F5E743
:106F3000F0B5174685B01E460446002800F0EF80E5
:106F40008368002B00F0EB808269002A00F0EA8061
:106F500000211046FFF772FF18B96FF0720005B0FC
:106F6000F0BD08211046FFF769FF0028F5D0204644
:106F700002F0BEFB204602F0D5FB94F83B30C3F391
:106F8000C203022B40F09680228F48F2DD639A42C2
:106F900040F09080A368DD68EB7923B9204602F0C9
:106FA000FEFA0020DBE7E2F729FD1022014605F199
:106FB000180012F052FD10B96FF07C00CFE7A36803
:106FC000D9688B6901F11800002B5AD1CB69002BCD
:106FD00057D10B6A002B54D14B6AB3F1807F50D14B
:106FE00094F83B305B0751D4A368DA6802F10805D6
:106FF0002B466F4602F1180C186859683E4603C6C6
:10700000083363453746F7D1283253F8041B45F857
:10701000041B9342F9D1A368DB686A46183315460E
:1070200003CD596004A98D4218602A4603F1080374
:10703000F5D148F2DD632387A36904F12400002B16
:107040006BD01A6810321168616251684160128910
:10705000028104F12E010BB11B6810331A68C4F8C9
:107060002E205A684A601B890B8194F83C3023F02B
:107070000A0343F00A0384F83C302046FFF7E9FE98
:107080008FE70021E1F772FD0028A9D1A368D96834
:107090000B7EFF2B04D14B7E03F00F03012BE4D0BA
:1070A0008B683BB9CB682BB90B691BB94B69B3F142
:1070B000807F81D0626922B394F83B30C3F3C2036E
:1070C000022B1ED1A368DB681B7EFF2B19D192F81F
:1070D000AF30B3B100220023204602F09AFC0546EF
:1070E00078B1A069A86128B103681B7C85F82430B9
:1070F00085F82E302946FFF7EDFE10B1284602F044
:107100004EFAA0693A463346214600F07BFE02283B
:107110007FF447AF6FF0040021E71A4693E76FF062
:107120003C001CE76FF0150019E700230B60436873
:1071300013B9C0E9001170471960416070470368D6
:1071400000220BB9184670478B4210D10B6842B928
:1071500042680360914200D1436000230B6001202C
:10716000704713604368994208BF4260F5E71A46CA
:107170001B68E6E708B103685868704710B4846D6F
:107180001CB12346426810BC184710BC704710B5AC
:107190000246FFF7EFFF28B1C3681BB1BDE81040FE
:1071A00010461847002010BD802AF8B507460E4645
:1071B000144617D8D5082A4612F04FFC90B96442FD
:1071C00014F0070410D0735D785DC4F108025840D4
:1071D000FF239340DB43DBB2A3401840B0FA80F0BA
:1071E0004009F8BD0020FCE70120FAE708B51022AD
:1071F00012F033FCB0FA80F0400908BD4A090123BF
:1072000001F01F018B40DB4300EB8200BFF35B8F7B
:1072100050E8002F1A4040E800210029F8D1BFF3C0
:107220005B8F7047EFF772BB4FF0FF324FF0FF33C9
:107230001430FFF7F7BF78B10368BFF35B8F01220B
:1072400002FA01F10C3353E8000F084343E800024F
:10725000002AF8D1BFF35B8F704740B10368BFF3DA
:107260005B8FD868BFF35B8F084100F00100704767
:1072700008B5024648B10021FFF7EFFF28B1BDE88D
:10728000084008211046FFF7E8BF002008BDEFF7CF
:10729000AFBB2DE9F04F89B08946019006921E469A
:1072A000FFF7E6FF0446002800F092800198FFF700
:1072B000BBFF019B5B68002B00F0B080129A00249A
:1072C00002F001021D1D4FF0FF3E0094A246A346AE
:1072D00027460294079203EB871292F83D2092070B
:1072E0005ED535F8042C022A5AD1A84648F2FE0190
:1072F00038F804298A4253D095F925C00CF1FF32A1
:10730000D2B2012A4CD809F1FF3204926A1E0592CA
:107310000022049810F8011FCDE90310059810F819
:10732000011F05900398884256D10832D2B2802AB4
:10733000EFD106998A4228BF0A46BCF1020F02D15A
:10734000BEF1010F2CD03178914205D9BCF1010F6B
:1073500026D1BEF1020F23D103EB871191F83D1026
:1073600048070BD53F2A09D899F80010FF2917D1F3
:1073700099F8011001F00F01032911D10799A1BB60
:1073800003EB87112C4691F83D103270C1F3C00118
:10739000002908BF9246009A08BF42460092E6467E
:1073A0000137062F05F1400595D1129B990721D58C
:1073B000009B4BB11D46043521462846FFF716FFBA
:1073C00010B986F800A02C4601981430FFF75FFF33
:1073D000204609B0BDE8F08F084603994140B1FA54
:1073E00081F118391144CAB2A3E732700292AB4658
:1073F0002C46D4E7129BDA070CD5BBF1000FE3D083
:1074000021465846FFF7F2FE0028DDD1029B33707B
:107410005C46D9E7129BDB05D6D5C9E71C46D3E706
:10742000BFF35B8F50E8003F013340E80032002A91
:10743000F8D1BFF35B8F704710B501F01F02012335
:107440004909934000EB8100BFF35B8F50E8002FA8
:1074500042EA030140E80014002CF7D1BFF35B8F30
:1074600003EA0200003818BF012010BD30B501F05A
:107470001F02012393404909DC4300EB8100BFF365
:107480005B8F50E8002F02EA040140E80015002D50
:10749000F7D1BFF35B8F03EA0200003818BF012069
:1074A00030BD08B507F0ECFE4FF47A72A0FB020382
:1074B00002FB0133C00B40EA434008BD2DE9F04F09
:1074C0008BB00C46804617460193FFF7ADFE022CA9
:1074D00002D1D8F804500DB9002557E040F2FF233F
:1074E00002930024ADF80C40ADF80E40ADF810400A
:1074F000797BF87B8DF81510B97B4FF48073FF22F0
:1075000041EA0021ADF812308DF81420ADF81610C4
:107510004FF0FF392E1DA246A34605EB841191F8CA
:107520003D10890724D540F2FF210691ADF81CB02B
:10753000ADF81EB0ADF820B0717BF07B8DF8251052
:10754000B17BADF8223041EA00218DF82420ADF85E
:10755000261006A902A8FFF749FE394682443046A4
:10756000FFF744FE4FF48073002818BFA146FF22A6
:107570000134062C06F14006CFD1B9F1FF3FABD064
:10758000019B0BB1C3F800A005EB891508F11400AD
:10759000FFF77DFE28460BB0BDE8F08F2DE9F041E6
:1075A00004460D4616469846FFF73EFE0821204643
:1075B000FFF753FEC8B98E421AD8CCB1276807F13D
:1075C00012006DB9C7F81250456087F810807E74BC
:1075D000002504F11400FFF75AFE2846BDE8F081AB
:1075E0003246294612F0FAF9EFE74FF0FF35F0E79F
:1075F0006FF01505EDE7E1F7B9BA2DE9F843054657
:107600008846FFF711FE6C6894B1271D002604EB35
:10761000861999F83D309B0711D537F8043C022BA9
:107620000DD1802239464046FFF7BEFD38B14C46A9
:1076300005F11400FFF72BFE2046BDE8F883013664
:10764000062E07F14007E2D10024F1E7FFF7D5BF8E
:107650002DE9F84F0E46054600284AD000294AD0A9
:10766000FFF7E2FDD5F80480B8F1000F07D1002440
:1076700005F11400FFF70BFE2046BDE8F88F08F572
:10768000C27A002708EB471303F5CC7B93F89C31B3
:10769000DB074FEA471926D531465046FFF7A6FDCE
:1076A000044600B309F5CA7308EB0302BFF35B8F0E
:1076B00058F80330BFF35B8F002BD9DDBFF35B8F2E
:1076C00052E8001F013942E80013002BF8D1BFF344
:1076D0005B8F0029CBDCCBD19BF8043061F3000336
:1076E0008BF80430C4E70137082F0AF1200AC9D10A
:1076F000BDE70446C0E70C46BEE77FB5436801908E
:10770000EBB140F2FF23ADF808300023ADF80A30AA
:10771000ADF80C30ADF80E30ADF81030ADF81230D9
:10772000ADF814304FF48073ADF8163001A902A8FB
:10773000E1F78EFA18B9019802A903F016FF07B015
:107740005DF804FB70B586B006460D46FFF71FFDD9
:10775000C30704462AD53046FFF7CFFF14F00204D2
:1077600024D1736801960BB340F2FF230293ADF866
:107770000C40ADF80E40ADF810404FF48073ADF8FA
:107780001230FF238DF814306B7BEA7B8DF81530B7
:10779000AB7B43EA0223ADF8163001A902A8E1F75A
:1077A00057FA18B9019802A903F0DFFE06B070BDC0
:1077B00030B585B00D460190044668B1002946D029
:1077C000FFF732FD03A92046E1F7B2F838B10024F3
:1077D00001981430FFF75BFD204605B030BD2B78D3
:1077E000FF2BF4D101A92846E1F732FA044618B17B
:1077F0001430FFF715FEEBE7039901EB441062012B
:1078000090F89C31DB0703D50134082CF5D1DEE775
:1078100090F89C3123F0030343F0010301EB44147F
:1078200080F89C310223A4F880310123C0F8943100
:1078300002F5C2730B4405F1100055F8044B43F8F0
:10784000044B8542F9D102F5C0728C18C0E70C4692
:10785000C2E7E1F7FDB938B50C46054660B159B14C
:10786000FFF7E2FC237F23F00203237705F11400E6
:10787000BDE83840FFF70BBD38BD38B50C460546AE
:1078800060B159B1FFF7D0FC237F43F002032377A7
:1078900005F11400BDE83840FFF7F9BC38BD70B5FC
:1078A00005460E46FFF7C0FC6C68E4B1231D0022BC
:1078B00048F2FE0104EB821090F83D0080070CD5E1
:1078C000701C03D093F92500B04206D133F8040CA4
:1078D000022802D1188888420BD00132062A03F10F
:1078E0004003E7D1002405F11400FFF7D0FC204647
:1078F00070BD1C46F7E72DE9F043074687B00D46FB
:1079000091469846FFF790FC01A93846E1F710F838
:107910000646002878D17C683CB394F8A5329B07D2
:1079200009D504F524712846FFF760FC18B194F8D6
:10793000A4324B450ED094F8CD329E0715D504F5F0
:107940002E712846FFF752FC78B194F8CC324B45A3
:107950000BD1282606F52076344407F11400FFF7F2
:1079600096FC204607B0BDE8F083019C002CF4D0C3
:1079700094F8A5329807C3F3400604D594F8CD32A5
:10798000990741D40126282202FB0642734292F84D
:10799000A51282F8A49203F0280303F5207341F0A6
:1079A00002010DF1080C82F8A512C2F8A07205F1CF
:1079B00010092A462344654610685168E646AEE839
:1079C000030008324A45F446F6D103F1100C2A466A
:1079D00003CACCF8041006A98A42CCF80000154668
:1079E0000CF1080CF3D1282202FB064608F1010233
:1079F000D2F1000848EB020896F8A52268F30002CD
:107A000086F8A5221C46A8E70024A6E72DE9F04148
:107A10000F46054618B9E0F74FFF054678B32846EC
:107A2000FFF702FC6E682EB396F8A5329A07C3F3EF
:107A300040040AD596F8A422394606F52470FFF7CB
:107A4000B3FB044608B106F5207496F8CD329B07C7
:107A50000FD596F8CC823946424606F52E70FFF7D0
:107A6000A3FB30B11CB194F82430434501D206F594
:107A70002A74264605F11400FFF709FC354628460E
:107A8000BDE8F081F8B505460E461746FFF7CCFB7A
:107A90006C68F4B194F8A5329A0706D53A46314697
:107AA00004F52470FFF780FBC8B994F8CD32C3F316
:107AB00040029B0715D53A46314604F52E70FFF774
:107AC00073FB80B101235B4203F0280303F52073AD
:107AD0001C4405F11400FFF7DAFB2046F8BD002333
:107AE000F1E71446F5E70446F3E713B5044610B989
:107AF000002002B010BD028848F2FE039A42F7D07F
:107B00000378FF2B04D1437803F00F03022BEFD04F
:107B10002146002002F0F5FE08B14068E9E701AB1C
:107B20006A46214604F044F90028E1D0009808B1E3
:107B30004068DEE72146E1F79FF90028D8D0806948
:107B4000D7E738B504460D46FFF7ABFC2584E06166
:107B5000BDE83840E0F7B2BD38B50546FFF764FB35
:107B600000212846E0F7E4FE044648B96B680BB1F3
:107B700093F8E64205F11400FFF789FBE0B238BD47
:107B80000024F7E738B50546FFF74EFB00212846ED
:107B9000E0F7CEFE044648B96B680BB193F8E542B6
:107BA00005F11400FFF773FBE0B238BD0024F7E7DE
:107BB00038B504460D46FFF737FB00212046E0F7B5
:107BC000B7FE18B963680BB183F8E55204F11400ED
:107BD000BDE83840FFF75BBB4FF48072E1F7ECB9CA
:107BE000F7B506460D46FFF780FF31460746019080
:107BF000FFF7F2FF044647B1E1F700FF844204D1EA
:107C000031460020FFF7E8FF0446E1F7F7FE844223
:107C100003D001A92046FFF7EEFC05B12C600198C6
:107C200020B903B0BDE8F040E0F746BE03B0F0BDB8
:107C30000021FFF7D5BF37B5D0F8D032C3B1012B43
:107C400019D003EB43046408B4EB530F4FEA530518
:107C50000BD9641B04210DEB0100FCF78BFB019B8E
:107C6000B3FBF4F204FB12331D44284603B030BDCD
:107C700047F23055F9E71D46F7E737B50C4605469C
:107C8000E8B1B9B1FFF7D0FA6B6873B101AB224626
:107C900002212846E1F70CFA00280EDD019A92F83D
:107CA0003D3023F0100382F83D30002405F114002C
:107CB000FFF7EDFA204603B030BD0124F6E7044695
:107CC000F8E737B50C460190FFF7AEFA01A9204658
:107CD000E0F74CFF019D18B121462846FFF7CDFF84
:107CE00005F11400FFF7D3FA03B030BD2DE9F843D6
:107CF00007460E46904699460C1D002506EB851357
:107D000093F83D309B0711D534F8043C022B0DD17C
:107D100094F82430012B09D14A4621464046FFF70A
:107D200043FA18B121463846FFF7A7FF0135062D63
:107D300004F14004E2D1BDE8F8832DE9F0410646A4
:107D40000F469046FFF770FA7468002C3FD094F805
:107D5000A5329A0709D5394604F52470FFF746FA8B
:107D600018B194F8A43243452ED094F8CD32C3F321
:107D700040059B0721D5394604F52E70FFF736FAEA
:107D80000546D0B194F8CC32434520D101252820B6
:107D900000F520702044E1F729F8282303FB05456E
:107DA0003A4695F8A53223F0020385F8A53221461C
:107DB00043463046FFF79AFF012506F11400FFF70E
:107DC00066FA2846BDE8F08100252846E0E7002550
:107DD000F3E710B50246FFF7CDF9BDE810400368A0
:107DE0001046184710B58B680C464BB994F85000F4
:107DF00001F07BFEA0692146BDE81040E1F7FCBA26
:107E00005B68F2E72DE9F0410C464E690921054611
:107E100017469846FFF721FA60B96FF072071EB156
:107E200039463046FFF7AAF994F82F30002B42D19B
:107E3000022030E004212846FFF70FFA0028ECD199
:107E400001212846FFF709FA90B994F825307BB94B
:107E5000A3690BB95B78FFDE1B685A7C082A03F123
:107E6000120105D884F8252004F1260011F0B6FD92
:107E70009EB1B6F8B41001F0C003C02B0DD1C1F310
:107E8000C2010139012908D828463A46434621460D
:107E9000FFF7A8FF0020BDE8F08194F83B30C3F362
:107EA000C203022BF0D1204603F095F8022809D135
:107EB0006FF00407B3E73A4604F12E012846E1F7D4
:107EC00075FAB5E70028E6D1DEE72DE9F04F064662
:107ED00087B00F4691469846FFF7A6F901A93046AC
:107EE000E0F726FD0546002840F0B380746804F1F1
:107EF000040A04EB851B9BF83D30980718D55146C2
:107F00003846FFF773F998B19BF83D30D9065C46C7
:107F100009D40BF11400FFF783FA9BF83D3043F0CE
:107F200010038BF83D3006F11400FFF7B0F928E09C
:107F30000135062D0AF1400ADBD1DDF804B0002539
:107F40000BEB8513A90193F83D20C2F3400A920779
:107F50001BD50135062DF3D14FF0000A544606F12A
:107F60001400FFF794F964B1BAF1000F09D07368F7
:107F70001BB1211D3046FFF7E5FB21463046E1F7F6
:107F8000D3FA204607B0BDE8F08F93F83D2022F0E9
:107F90001A0242F0120283F83D2002222BF801203F
:107FA000012283F828905A611C463A460DF1080ECA
:107FB00007F1100910685168F446ACE80300083274
:107FC0004A45E646F6D10DF1080E03F1040C72465F
:107FD00003CACCF8041006A98A42CCF800009646E1
:107FE0000CF1080CF3D1AD01B8F1000F15D00BEB7B
:107FF0000501184691F83D2022F0010281F83D204C
:108000004146E0F7F9FD3046FFF7C1F803070DD50B
:108010005D44012385F82930A1E70BEB050292F8B6
:108020003D3043F0010382F83D30ECE73B683BB95B
:108030007B682BB9BB681BB9FB68B3F1807FE7D0C5
:108040000B213046FFF709F90028E1D14FF0010A72
:1080500085E7002467E7F0B58BB006AE0446FFF76E
:10806000E3F800211022304611F0DFFC2046FFF734
:10807000DBF805A92046E0F75BFC68B1002604F1B7
:1080800014073846FFF703F9606808BB38460BB0A1
:10809000BDE8F040FFF7FBB8059B002BEED0ACB17C
:1080A000236810330025CDE9016300952B462A464D
:1080B0002946204602F0F0FAA842DFDB31462B4683
:1080C00001222046FFF701FF0646D8E72346E9E7ED
:1080D0000022031D1546114600EB811C9CF83DC093
:1080E0001CF0020F21D033F804CCBCF1020F1CD1DC
:1080F000A3F1040C664518D0D3F800C0BCF1000F02
:108100000ED1D3F804C0BCF1000F09D1D3F808C0D8
:10811000BCF1000F04D1D3F80CC0BCF1807F04D0B7
:1081200003F12C0CDD628AB165460131062903F1A9
:108130004003D1D13846FFF7AAF82DB1294651F8AE
:10814000305905B1303D21B90BB0F0BD62466546EE
:10815000EBE72046E1F7E8F92DB12B6B03B1303B9B
:1081600029461D46EFE72B46FAE72DE9F041036863
:108170009AB000211F7F0446FFF76FF8002855D101
:108180000225236826461D772046FFF74DF856F84E
:10819000148B07F075F84FF47A72A0FB020302FB10
:1081A0000131C00B40EA4140C90BC8E90801304623
:1081B000FFF76DF82068037FAB4240F02E81062D5B
:1081C00040F0B980062F00F0288108212046FFF7F3
:1081D00032F83046FFF75BF82046FEF7D8FF01077C
:1081E00000F1A3802046FFF71FF807212046FFF784
:1081F00034F880BB00252F463046FFF748F80DF1D4
:1082000008080026BE426ED1002D76D055F81869B8
:1082100006B1183E291D204603F07FF9002E6CD0D0
:10822000B36903B1183B35461E46F3E72368186867
:1082300006F02BFB68B109212046FFF70EF8002855
:108240009ED00A212046FFF708F8C0F10605EDB2DE
:1082500097E7032595E701A92046E0F769FB074664
:108260000028C7D10B212046FEF7F7FFD0B9DDF873
:1082700004E0BC460EF104080EEB8C124FEA8C139E
:1082800092F83D20920708D51AAA434402EB07153D
:108290000FCB603D85E80F0001370CF1010CBCF1FC
:1082A000060FE9D10C212046FEF7D7FFC8B9019986
:1082B000054601F5CC73024601EB421C9CF89CC1BB
:1082C0001CF0010F05D01CF0020F02D11D6030B16F
:1082D0001D460132082A03F12003EDD18CE7184630
:1082E000F6E7002588E763681BB141462046FFF7A3
:1082F00029FA013608F1100884E72046FEF747FF07
:10830000C50702D52046FFF7F8F907212046FEF7FA
:10831000A4FF50B10B212046FEF79FFF28B920464D
:10832000FFF799FE2046E0F739FB20461AB0BDE87A
:10833000F041FEF779BF062F6FD108210C30FEF710
:108340005DFF3046FEF7A3FF2046FEF720FF000743
:10835000EBD407212046FEF780FF80B10B21204699
:10836000FEF77BFF054650B92046FEF75DFFD4F8C7
:108370000480B8F1000F0ED13046FEF788FF20468A
:10838000FEF752FF07212046FEF767FF30BB30465D
:10839000FEF77DFFC9E72046E0F7C8FB08F10407B8
:1083A00008EB851393F83D3099070BD537F8043C5B
:1083B000022B07D197F82430012B03D139462046F0
:1083C000FFF75BFC0135062D07F14007E8D1304689
:1083D000FEF75DFF2046E2F773FDD0E70C21204653
:1083E000FEF73BFF0028D2D102A92046E0F7A0FA11
:1083F00005460028CBD1029901EB45126B0192F89A
:108400009C21D20705D503F5C07319442046FFF718
:1084100022FA0135082DEED1B9E71AB0BDE8F08196
:108420000020704738B50546FEF7FEFE00212846BD
:10843000FEF713FF20BB2846FEF79CFE044680B1E2
:10844000846874B1D5B12B68186806F01EFAD0B1F3
:108450002846FEF78FFE0121836828469847041EB0
:1084600006DB28460021FEF7E6FE2846FFF77DFEE4
:1084700005F11400FEF70BFF204638BD2846E4E75F
:108480006FF07704F4E76FF00504F1E710B50446E8
:1084900080B1FEF7C9FE20680A210C30FEF7CCFF40
:1084A00010B92046FFF761FE04F11400BDE810404A
:1084B000FEF7EDBE10BD10B5044680B1FEF7B4FE68
:1084C00020680A210C30FEF7D1FF10B12046FFF7DB
:1084D0004CFE04F11400BDE81040FEF7D8BE10BDFC
:1084E00038B50546426011B9C0E9021138BD4FF4F4
:1084F0007A73A1FB03416FF0004200232046C7F7C7
:108500004FFEC0EBC073E31AE86005BF6FF0004395
:1085100000F1FF30AB60AB6008BFE860E6E710B584
:10852000D0E90234406800226FF0004CE4FB0C32CA
:10853000091A581A62EBE171012871F1000305DB99
:108540004FF47A720023C7F72BFE10BD0020FCE722
:1085500070B5C468456803460CBB8268681A10444D
:1085600000281BDCF4B101F100409A685960013029
:108570002E1A401B824298BF02F1004204F1FF31E3
:1085800098BF02F1FF32D9608DBF92199219A11ED6
:108590009A609CBF9A60D96031B9986870BD6FF0DD
:1085A0000042DBE72046F9E76FF00040F6E710B540
:1085B0000C0901F00F0103B944B1092C85BFA2F1E8
:1085C0000A03E4183034E4B200F8014B092985BFEE
:1085D0000A3A89183031C9B20023017000F8013F0E
:1085E00010BD11F0010C08BF40BA2DE9F04108BFE1
:1085F00080B20023BCF1000F07D032B111F8014B5B
:10860000240224185B412046013A8C0709D5012A2F
:1086100007D931F8024B2418A2F10202204643F197
:1086200000030D4616464FF0000E0F2E05F1100503
:1086300035D814096FF00F056C432244091B0E4610
:108640001546032D41D896086FF0030722F0030565
:1086500007FB0622012A05EB010407D9695A09180C
:10866000A2F10202084643F100030234012A07D1B5
:108670002278E10748BF12021218104643F10003A6
:10868000020C42EA0342190C52EA134380B225D18C
:10869000BCF1000F01D140BA80B2BDE8F08155E9CC
:1086A0000447E41955F8087C4EEB0E08E41955F818
:1086B000047C48F10008E41948F100072418A6F1E9
:1086C0001006204643EB0703AFE756F8044B241887
:1086D000A5F10405204643F10003B2E7801841F1FB
:1086E0000003CDE72DE9F74F90F83B30C3F3C20309
:1086F000022B04460D46164640F0958083684FF0E5
:10870000000A23BBE38F00932046D4E9039894F832
:108710003AB001F007F894F83B2094F83A1002F0D0
:10872000010742F0010284F83B202039204601F085
:1087300054F80028009B0EDA94F83B30C4E9039803
:1087400067F3000384F83B3003B0BDE8F08F1A8A6A
:108750005B689244D5E7E81AA0EB0B00504421690E
:10876000202280B2FFF73DFFE18F054620312046F1
:1087700001F033F80028DFDBD4F80CA0BAF1000FC9
:108780003AD02369002B37D0DAF80C20BAF810B0B1
:108790009B1AABEB030B4FF0FF339B455A46284621
:1087A00028BF1A462169CDE90023FFF71AFFDDE94A
:1087B00000239B1A05461FD0DAF804A0C4F80CA0C9
:1087C000BAF1000F18D0BAF81020AAB1DAF80C20CC
:1087D00022611BF0010F1DD011780D44ADB20132A2
:1087E000A942226188BF0135BAF810B088BFADB286
:1087F000013B0BF1FF3BD0D17DB16DBAADB294F826
:108800003B3067F30003C4E9039884F83B303EB97A
:10881000002099E7BAF810B0BFE74FF6FF75EEE712
:10882000ED433580F4E76FF015008DE707B50223BF
:1088300000916946ADF80430E1F7E4F803B05DF863
:1088400004FB0268034642B9406840B99A683AB9E5
:10885000D868B0FA80F04009704700207047104691
:108860007047DFF7B7BFF8B50C469DF8187005469E
:108870001E4611460AB900F124010846FFF7E1FF40
:1088800010B90B78FF2B06D13146B5F8AC20A069A2
:10889000E0F792FB014695F8A83094F844009B0855
:1088A00063F3050084F8440095F8A83063F387105B
:1088B00084F8440095F8A8305B0984F8503094F8A7
:1088C000513067F3000384F8513032462046BDE84A
:1088D000F84001F0E4BBEEF719B840B10368BFF30C
:1088E0005B8FD868BFF35B8F084100F001007047D1
:1088F000F0B5064687B00F46052502210DF116009A
:10890000FBF738FDBDF81640013D44F400444FF03C
:1089100000010FD0CDE9011164BA0097A4B296F816
:10892000B22023463046E1F7DDF81130E5D020468D
:1089300007B0F0BD2C46FAE7EEF75AB890F8AA0057
:1089400070470120704700F10803BFF35B8F53E8C5
:10895000000F013043E80002002AF8D1BFF35B8F1B
:10896000704738B5044600F10803BFF35B8F53E846
:10897000000F421E43E800210029F8D1BFF35B8FAE
:10898000012801D0013838BD04F10C0528464FF00C
:10899000FF324FF0FF33FFF79EFF206D18B1E1F774
:1089A00003FF00232365B4F8B43023F00603A4F8D2
:1089B000B4302846FFF7C0FFB4F8B43023F0010309
:1089C000A4F8B4300020DEE7F0B5B0F8B4300E46BD
:1089D00003F0C00140298BB0054603D1016D002989
:1089E00040F0A5803188022940F0A4800021172A98
:1089F000059140F29F809B0504D595F9B600FFF7DD
:108A000030FF0590344614F8043FFF2B16D1B5F81B
:108A1000B43003F0C003802B05D195F8AE0010B13F
:108A2000FFF71FFF059005A92046FEF712FF00285B
:108A300072D16FF0010420460BB0F0BD2046FFF765
:108A400000FF059B002852D023B905F13C00FFF739
:108A5000EFF80590E0F7D2FF0446059B002B63D0AA
:108A600005F10C074FF0FF324FF0FF333846FFF7A8
:108A700032FF0598E0F746FD02232B84234606AC1F
:108A800085F8B60003F1100E224618685968A4460E
:108A9000ACE80300083373456446F6D105F12404BD
:108AA000134603CB61600AA98B4220601A4604F189
:108AB0000804F5D1B5F8B43043F48063A5F8B430B8
:108AC00073885BB395F8AA20029295F8A9200599BE
:108AD000CDE90062284695F8B220E1F703F800BB23
:108AE00073886B8400243846FFF726FFA3E7B1881C
:108AF00048F2FE02914204D11BB9307DFFF7B1FE6E
:108B00000590059818B12146FEF7A0FD8FE705A94D
:108B10002046FEF770FD8AE7041D9EE76B8C73808C
:108B2000E0E76FF06F04DEE76FF07C0483E76FF03F
:108B30007E0480E76FF015047DE7F0B5B0F8B4303F
:108B400013F4806587B0044627D1C3F3C203022B18
:108B500025D1ADF80030E0F751FF01AE034600F13A
:108B6000100718685968324603C20833BB421646DC
:108B7000F7D1B4F8B43003F0C003C02B04D0694679
:108B80002046FFF7B5FE0546182269462046ADF897
:108B90000250FFF719FF07B0F0BD0020FBE76FF0B0
:108BA0001500F8E72DE9F04F8B46B0F8B41090F8B7
:108BB000B0A085B00446C80790461F469DF84C20DB
:108BC0000E9B40F190813AB133B93FB9BBF1000F30
:108BD00012D16FF0780881E0002FFAD00026C1F39F
:108BE000C202022A05D116B137683FB17368172B4C
:108BF00006D86FF0150871E05E46F0E704F138071B
:108C00003B1D18460393FFF71CFE0028E1D101F03D
:108C1000C00180292DD004F13C00FFF712FE00288E
:108C200047D136B1B8F1000F03D1F16843468B420A
:108C300047D194F9B600FFF714FE0246002847D149
:108C40000F9BA365129B636094F9B600FFF709FEC2
:108C50004FF400420023CDE90023414694F8B2309E
:108C60000222E1F711FC0546002842D16FF06808A6
:108C700034E03B79FF2B04D194F8AE0008B1FFF744
:108C8000F0FDB98848F2FE02914203460ED1B4F8D5
:108C9000B42091050AD4387D40B1FFF7E2FD0028E9
:108CA000B9D0E0F72FFC84F8B600BAE7002BB8D1B2
:108CB000B1E7B4F8B4309A05B3D4381DFEF7B8FF65
:108CC000EFE7B26802EBC302013352689044AEE7AB
:108CD0000021FFF702FE28B96FF07208404605B088
:108CE000BDE8F08F08211046FFF7F7FD0028A7D157
:108CF000F2E7446194F8B21000F0D6FC404581469A
:108D000013D3C146002E57D03369002B54D071695C
:108D1000002951D00F2938D870690F2802D933693A
:108D20001844A3BB94F8B0A040E0B4F8B430C3F347
:108D30008113023B012BE5D86FF00B086AE0012894
:108D400006D1142A04D1586810B998680228E3D0D3
:108D5000073222F00700103018448842DCD822F095
:108D60000702134495F83B001A68C0F3C2000228BA
:108D7000E5D1142AECD158682928E9D1986834281B
:108D8000E6D11B7C85F83D30C6E71944EAE71A684E
:108D9000142A43D15968292940D199683E293DD1E7
:108DA0001B69B3F1000A18BF4FF0010A95F8513062
:108DB0006AF3000385F85130B4F8B230112B40F05B
:108DC0008A807F88039BCDF800A000222946204698
:108DD000FFF749FDB0F100081CDB2046FFF7ADFEB0
:108DE0008046B8B995F851306AF3000385F85130E0
:108DF000618C3A46284602F017FC804638B94F4647
:108E000066BB4A465946284600F023FE8046B8F124
:108E1000000F26DA284600F0C2FB5FE7073222F097
:108E200007011031194481423FF67CAF22F007025E
:108E3000134476E7B36803EBC80253F8381052685E
:108E4000BA4228BF3A462846924600F002FE002861
:108E500044DBB7EB0A0704D008F10108F368984532
:108E6000E8D3284600F05EFC94F8B210284601F0E2
:108E70007BF995F85130DB0713D595F83B30C3F3F8
:108E8000C203012B17D1AB690BB11B685B8BB3F528
:108E9000107F38BF4FF41073AA680021BAB98B4213
:108EA0001ED3DDE910232846FEF742F8B0F1000892
:108EB000B0DBC84612E7022BF3D1AB690BB11B68DC
:108EC0005B8BB3F5A06F38BF4FF4A063E4E7108A63
:108ED00052680144E2E76FF07A089BE7804699E721
:108EE0006FF0790896E76FF00808F7E610B5B0F86C
:108EF000B430DB070ED500F10C044FF0FF324FF019
:108F0000FF332046FFF7E7FC2046FFF715FD6FF023
:108F10005E0010BD6FF00800FBE72DE9F843044642
:108F200000F10C0791461E464FF0FF324FF0FF3321
:108F300038468846FFF7CFFCB4F8B450C5F3410378
:108F4000012B61D0EA0762D5B8F8001099B905F095
:108F5000C002802A0FD125F48075A4F8B4501822DD
:108F600004F1380010F061FD00253846FFF7E4FCFD
:108F70002846BDE8F883C5F3C20291424DD1032BC8
:108F800048D0022949D1B9F1170F46D9B4F8B23007
:108F9000062B03D194F83C30FF2B41D004F13C0068
:108FA00008F10403024608F1140153F804CB42F817
:108FB00004CB8B42F9D1B8F80230638702232387B0
:108FC000FFF73FFCE0B945F48075A4F8B4502046A3
:108FD000FFF7B3FD05460028C7D102232384B4F868
:108FE000B4305B05FFD5B4F8B43003F0C003802B78
:108FF00019D1002EB8D00A9A00212046B047B3E715
:1090000025F48075ADB2E0E76FF07705ADE76FF05E
:109010000805AAE76FF05E05A7E76FF01505A4E75E
:109020006FF07C05A1E76FF085059EE738B5B0F8D5
:10903000B430DB07044621D500F10C054FF0FF32B8
:109040004FF0FF332846FFF746FCB4F8B430C3F3C3
:109050004102032A03D003F0C003402B0BD1B4F824
:10906000B230062B0CBF6FF07A0400242846FFF7BD
:1090700063FC204638BD6FF01504F7E76FF0080475
:10908000F7E72DE9F041044600F10C0886B01646DA
:109090001F464FF0FF324FF0FF3340460D46FFF7BB
:1090A0001AFCB4F8B430C3F3C202022A14BF002180
:1090B0001821DB051AD5638FC3B1002305930E9BDE
:1090C0000493DDE90C23CDE90017CDE90223204606
:1090D00004F1380332462946FFF764FD0446404652
:1090E000FFF72AFC204606B0BDE8F0816FF0780457
:1090F000F5E7F0B500F10C0787B004461E46384688
:109100004FF0FF324FF0FF330D46FFF7E4FB012332
:1091100005930E9B0493DDE90C23CDE90223002384
:1091200000931A46294601962046FFF73BFD044668
:109130003846FFF701FC204607B0F0BD2DE9F041AD
:1091400000F10C0786B004461646984638464FF0A4
:10915000FF324FF0FF330D46FFF7BDFB0123DDE982
:109160000E010593109B04930D9B01930C9B0093A0
:10917000CDE902014346324629462046FFF712FD5B
:1091800004463846FFF7D8FB204606B0BDE8F0811C
:1091900010B500F10C044FF0FF324FF0FF332046C2
:1091A000FFF799FB2046FFF7C7FB6FF07A0010BD71
:1091B00030B5F0B1E9B1E2B1B0F8B43003F0C003BA
:1091C000802B19D1048C022C19D113680C80448C8B
:1091D0004C80182B00F1240428BF182304313430AC
:1091E00054F8045B41F8045B8442F9D11360002019
:1091F00030BD6FF01500FBE76FF06C00F8E76FF023
:109200006900F5E703688268C0889B1AC01A80B2BB
:10921000704738B5C3685C680546EC600CB92C61D2
:1092200038BD31B104F10C00FFF7ECFF18B96468E8
:10923000F3E7208AFAE7E468F1E738B5C568044641
:1092400085B169B105F10C00FFF7DCFF2369EA681D
:109250009B1A834206D12046BDE83840FFF7D9BFAC
:10926000288AF3E738BD2DE9F84390F83B30D0F871
:109270000C8013F001090F46044611461AD1CAB1F9
:1092800008F10C00FFF7BEFF05462669D8F80C3040
:10929000F31A3B44AB4211D1B9F1000F05D008F1EC
:1092A0000C00FFF7AFFFA84208D82046BDE8F843FE
:1092B000FFF7AFBFB8F810500021E6E73E44266143
:1092C000BDE8F88390F83B3091F83B20C3F3C2032C
:1092D00063F3C50281F83B2043694B6190F83A3053
:1092E00081F83A3090F8442091F8443062F3050355
:1092F00081F8443090F8443091F844209B0963F39E
:10930000871281F8442090F8503081F85030C369BA
:10931000CB6190F83B3091F83B20DB0963F3C71237
:1093200081F83B2090F83B30D2B2C3F3400363F3A3
:10933000410281F83B2090F83B30D2B2C3F3800366
:1093400063F3820281F83B2090F83C3091F83C2096
:10935000C3F3800363F3820281F83C2090F83C3031
:1093600080F83C3091F83C20C3F3400363F34102A2
:1093700081F83C20038F0B8783688BB18B687BB1AE
:10938000436A4B62836A8B62838D8B85D0F82E3063
:10939000C1F82E30D0F83230C1F83230C38ECB86CF
:1093A00090F83B30C3F3C203022B11D190F83D304B
:1093B00081F83D30C38FCB8790F8423081F842303E
:1093C000B0F84030A1F8403090F8433081F8433095
:1093D000836C8B64C36CCB6470470346002003B975
:1093E00070471A8A5B681044F9E72DE9F74F01933B
:1093F00090F83B309DF830A003F0010305460E467F
:1094000014460093BAF1000F0AD083F00109CB464D
:10941000E968002954D034B9204603B0BDE8F08F84
:10942000D146D346F4E7BBF1000F0DD001F10C009B
:10943000FFF7E8FE2B69CA689A1A871A06D14946CF
:109440002846FFF7E6FEE3E7088AF3E7A742B846B7
:1094500028BFA04656B1019A42B3BAF1000F23D0FB
:10946000184633464246194610F0B8FABBF1000FD1
:1094700004D0E86841460C30FAF7F3FEA7421BD847
:10948000009B33B1E868018A0C30FFF7BBFE8142D4
:1094900012D349462846FFF7BCFE019B0BB106B12B
:1094A0004644A4EB0804B3E73046DBE731684246A4
:1094B000184610F0BAFAD9E72B6943442B61ECE760
:1094C000002C14BF6FF068000020A6E72DE9F041E2
:1094D00006460F4615461C4605F057FD08B1002507
:1094E0002C46802F06D82A4623463046BDE8F04158
:1094F000FAF747BE0020BDE8F08110B5B8B100F121
:109500002002BFF35B8F036ABFF35B8F7BB1BFF3B6
:109510005B8F591C52E8004F9C4204D142E8001C6A
:10952000BCF1000FF6D1BFF35B8FE8D110BD002076
:10953000FCE7F8B50546E8B100272C466D68A07A2F
:10954000CBF7A0FDBFF35B8F04F1080252E8003FA8
:10955000591E42E80016002EF8D1BFF35B8FDBB234
:10956000012B07D1E7606760436A23B12046984723
:10957000002DE2D1F8BDA07ACBF784FD61690646E3
:1095800041B1637ADB0704D4836A1B6820469B6879
:10959000984767612146304605F043FBE8E710B580
:1095A000044610B304F12002BFF35B8F236ABFF3BC
:1095B0005B8FD3B1BFF35B8F591E52E8000F984207
:1095C00004D142E8001CBCF1000FF6D1BFF35B8F61
:1095D000E8D1012B09DCA06808B1FFF7AAFF606899
:1095E0002146BDE8104005F0EDB910BD2DE9F74F5B
:1095F000824617466846DDE90C230D4605F042FE1B
:10960000DDE9008900242646DDE90C235046FAF7FF
:10961000B8FDA346044618B9002E2FD1002629E034
:1096200076B9BBF1000F08D17FB92646638A9D4207
:109630003CBFABB26382ED1A11E0CBF80400F5E752
:10964000B042CBF80400F1D1EEE7638A3D449D427D
:109650003DBF658226460025ED1A28BF26464246B4
:109660004B46684605F033FEDDE90023CDE90C23C7
:10967000002DC9D1304603B0BDE8F08F3046FFF76A
:1096800058FFCBE738B538B1856800212C4624B99E
:109690002846FFF7A2FE081A38BD04F10C00FFF7B8
:1096A000B1FD64680144F2E738B50546C8B190F8E9
:1096B0003B3013F0380FC3F3C20406D0022C0CBFAA
:1096C0002824002411290DD10834A868FFF785FE4D
:1096D000A04238BF241A284628BF0024FFF7D2FF33
:1096E000001B38BD012901D03A29EED10434ECE742
:1096F000F8B5044680680027054600B9F8BD038A1E
:1097000046683BB9A368834207D1A6604760FFF76C
:1097100010FF284605463046EFE76B68834208BFD6
:109720006E60F3E78368C36003B1DB680361704771
:1097300010B50C46E0F7C4FD38B184612CB1236844
:109740001B7C80F8243080F82E3010BD10B5826864
:109750000C4622B98160BDE81040FFF7E3BF104618
:10976000FAF745FD2146BDE81040FAF746BD2DE960
:10977000F04F85B0DDE9106704468B4602A8154618
:109780009A4632463B4605F07DFD204632463B4632
:109790005946DDE90289FFF7CBFF0446C0B190F8D6
:1097A0003B306AF3C50380F83B30424602A84B4683
:1097B00005F08DFDDDE902679DF83820CDE90067F1
:1097C00029462046E0F724FE18B12046FFF7E7FEC1
:1097D0000024204605B0BDE8F08F07B501230093B3
:1097E00000230A461946FFF700FE03B05DF804FBAC
:1097F0001FB501230391009303A90023FFF7F5FD93
:1098000005B05DF804FB07B5002300930123FFF7C3
:10981000ECFD03B05DF804FB13B504220C460DEB20
:109820000201FFF7F0FF019B1BBA236002B010BDDD
:109830002DE9F84306460F461446F3689BB1FB68D2
:109840008BB194B101213046FFF7F7FC0021384677
:10985000FFF7F3FCD6F80C90B9F1000F07D16FF0C9
:109860006800BDE8F883002CF9D12046F9E7FB68D1
:10987000002BF4D0B3F810803969DB6809F10C00D3
:10988000CB1AA8EB0308FFF7BDFCD9F80C3005464E
:109890003069A045A0EB0303A5EB030501D9A54260
:1098A0001CD8454528BF4546002DD8D02A4610F083
:1098B00095F896F83B30DB0704D4F06829460C3065
:1098C000FAF7CFFC012229463046FFF7CCFC0022F4
:1098D00029463846FFF7C7FC641BAEE72546E5E797
:1098E00070B1C3685BB1006950B1D9681A8A401A77
:1098F000101A5B6803B970471A8A1044F9E71846D2
:10990000704783682BB9002914BF6FF01500002041
:1099100070471A8A8A422CBF1982891A5B6828BF4D
:109920000021EFE710B5C26803467AB1006938B18B
:10993000996800238A4204D1D268801A034498B2FD
:1099400010BD0C8A496823449BB2F3E71046F7E741
:109950002DE9F04385B004460D4690461F46FFF7BB
:10996000E1FF8146A06894F83B60A169FFF735FDEF
:1099700000230246CDE9028728460093FFF7F7FE51
:1099800006F001060546F0B194F83B3043F00103C0
:1099900084F83B302046D4E90387FFF7C3FEA06874
:1099A000FFF71BFD214602462846FFF741FF78B12D
:1099B0002846FFF7F4FD94F83B30C4E9038766F3CB
:1099C000000384F83B300025284605B0BDE8F0834D
:1099D00095F83B3043F0010385F83B30294620469B
:1099E000FFF770FC28464946FFF79CFEFFF7F5FE9F
:1099F0000028DDD195F83B3066F3000385F83B3055
:109A000094F83B3066F30003C4E9038784F83B30E5
:109A1000DAE74168FFF79CBF70B590F83B600546F8
:109A200006F0010686F00101FFF707FCEC6864B15F
:109A3000296961B126B1208AE368C91A401A70BD4C
:109A400004F10C00FFF7DEFBF6E72046F7E70846D7
:109A5000F5E773B50369994204460E4615460AD1E7
:109A6000FFF7DAFFA84206D32946204602B0BDE838
:109A70007040FFF7B2BE012300932A4631462046CC
:109A8000FFF7B3FC02B070BDF8B504464E680D4652
:109A9000FFF7C2FF864203D823692B60286810E0D5
:109AA00094F83B30DB07F9D5296849B16A6820464C
:109AB000D4E90376FFF7A7FEC4E903760028EDD0CA
:109AC0000020F8BDD1E90012FFF7C3BF704710B501
:109AD00004464FF0FF324FF0FF332046ECF7D8FF3B
:109AE0000028F6D0FDF7C6F9F3E70020704770476D
:109AF0000268034642B9406840B99A683AB9D868E2
:109B0000B0FA80F040097047002070471046704757
:109B100008B510220FF0A1FFB0FA80F0400908BD8F
:109B200070B50446154621B30B88022B2BD100F1EA
:109B30001C020B4601F1180053F8046B42F8046B49
:109B40008342F9D1081DFFF7D3FF28B994F84430B8
:109B500043F0400384F8443094F8443043F0040365
:109B600065B143F010036DBA84F84430E5830020FA
:109B700070BD90F8443003F0BB03F1E723F010030D
:109B800084F84430F3E76FF01500F1E770B5044650
:109B9000154619B30B88022B2AD1021D0B4601F181
:109BA000180053F8046B42F8046B8342F9D1081D86
:109BB000FFF79EFF28B994F8443043F0200384F85F
:109BC000443094F8443043F0020365B143F0080395
:109BD0006DBA84F84430E580002070BD90F84430C0
:109BE00003F0DD03F1E723F0080384F84430F3E7E2
:109BF0006FF01500F1E77FB50423002602A9CDE937
:109C000002630446FFF740FF0546D0B18670C67078
:109C10000DF106023A212046ADF80660FEF762FD1E
:109C200000280CDBBDF806306B8094F83C3043F024
:109C3000040384F83C3002A92046FFF743FF04B038
:109C400070BD6FF06800FAE7F7B504230F460025F2
:109C50006946CDE9005304461646FFF715FF48B1A3
:109C6000077046708570C57069462046FFF72AFF69
:109C700003B0F0BD6FF06800FAE72DE9F04F166809
:109C80008F69D1E903988BB00D4606F1080302AA4B
:109C900006F1180C18685968144603C40833634564
:109CA0002246F7D106AA06F1280C92461868596890
:109CB000144603C4083363452246F7D1EA8FB388BC
:109CC000C2F57F425BBAFC3212FA83F31FFA83FBC0
:109CD0001BB2032B03DC02200BB0BDE8F08F4FF466
:109CE00000420023CDE9002359463A230222384698
:109CF000E0F7CAFB04460028EDD0337EFF2B50D19D
:109D000002A93846FDF768FF0368014633B9436886
:109D100023B9836813B9C368002B44D0002323639D
:109D2000636384F82E3084F82F30C4F82630C4F8EA
:109D30002A3084F8243084F8253095F8442094F8AB
:109D4000443062F3050384F8443095F8443094F8C5
:109D500044209B0963F3871284F84420204602AA1A
:109D600000F09DF90246F0B981212046FFF76CFF13
:109D7000C8B95A4629462046FFF75AFD98B92046E9
:109D8000FFF7D0FC3A21204600F0EEF90022002334
:109D90002046FDF7CDF8002805DBC5E90398012032
:109DA0009AE75146BAE72046FFF7F9FB93E72DE91A
:109DB000F04F91B00546039300242823CDE90643D4
:109DC000D0F818B089469246FFF7ACFC06A92846A1
:109DD000FFF75AFE8046002800F0FD8083793A2B79
:109DE0001CD1042307990C9428460D93FFF7F5FC2A
:109DF000061EC0F2E7800CA92846FFF745FE0028A2
:109E000000F0EC8090F900200378A24280F2E68016
:109E1000892B00F0E3802846FFF784FC08F1080353
:109E200008AA08F1180618685968144603C40833CC
:109E3000B3422246F7D10CAA08F1280618685968DF
:109E4000144603C40833B3422246F7D1DDE9083291
:109E500013430A9A13430B9A134300F0BF809DF8F3
:109E60002030FF2B00F0BA809DF83030FF2B0AD154
:109E7000B9F1020F07D0B9F1040F40F0AF80BAF189
:109E8000020F40F0AB8098F80630112B67D0062BFC
:109E900067D0AB680021002B5DD195F825300222F8
:109EA00003FB02114FF400420023CDE900230431EB
:109EB0003A2302225846E0F7E7FA0446002800F069
:109EC000908095F8252005F12601FFF7C2FD071EB9
:109ED0003CDBA36895F82F20D96804F130000FF01F
:109EE0007DFD95F82F2005F130012046FFF7B1FDEB
:109EF000071E2BDBA06895F82F100C30FAF7F2F94B
:109F0000A66895F8252056F80C1F04F126000FF0DE
:109F100065FD95F825103046FAF7E4F995F82F30ED
:109F200084F8253095F8253084F82F3098F81830CB
:109F3000FF2B0CA903D15846FDF74EFE014608AA97
:109F4000204600F0ACF870B16FF004072046FFF730
:109F500026FB3E4636E01A8A5B6811449BE73021B7
:109F60009BE73C2199E7494652462046FFF76CFEA5
:109F700001460028E8D1B9F1040F27D1039B4A46D6
:109F80001BBA05A920460593FFF763FD0746204647
:109F9000FFF778FB0246002FD8D129462046FFF76D
:109FA00047FC06460028D1D12046FFF7BBFB3A21EB
:109FB000204600F0D9F8002200232046FCF7B8FF25
:109FC0000028C3DB304611B0BDE8F08F04222046E4
:109FD000FFF70EFCDAE76FF00406F3E76FF0150603
:109FE000F0E76FF00B06EDE7F0B585B004230F4600
:109FF000002502A9CDE902530446FFF745FD0646B8
:10A0000060B10DF106023A212046ADF80650FEF788
:10A0100069FBA84202DBBDF8065015B1022005B06D
:10A02000F0BD03992046FFF7D8FB0028F6DB324647
:10A0300039462046FEF7FAFB0228EFD02046FFF70C
:10A04000AEFA2846EBE70378013BDBB2037013B9A5
:10A05000C36803B11847704770B5058901460022EF
:10A06000954201DC00200BE00C68638810335343F9
:10A07000E018E65C2EB900F1100282600122E25481
:10A0800070BD0132ECE70378FF2B06D1407800F079
:10A090000F00431A584258417047002070472DE97D
:10A0A000F34128230E464FF000086946CDE90083AE
:10A0B00005461746FFF7E8FC0446002851D095F8FE
:10A0C000443080F80280C3F30502C3F3811343EAEE
:10A0D0008203C3F3031242F060021B01027043705B
:10A0E00080F8038080F8048080F8058080F806807E
:10A0F00095F83D30C3713BB93A786B69FF2A28D196
:10A1000013B393F8B830E3713A4604F1180307F13A
:10A11000100152F8040B43F8040B8A42F9D10834B9
:10A1200006F1100356F8042B44F8042B9E42F9D193
:10A13000282385F83A300023EB8769462846FFF745
:10A14000C1FC02B0BDE8F081A869FDF705FDE07132
:10A15000DAE713B193F8B730D5E7A869FDF712FD38
:10A16000F5E76FF06800ECE773B528230025CDE92B
:10A17000005390F83B3043F001030E4680F83B302B
:10A1800069460446FFF780FC18B96FF0680002B01A
:10A1900070BDA2682B46E2B9283B5BBA838094F875
:10A1A0004330FF2B08BF3346837169462046FFF7D3
:10A1B00089FC0028EBDB94F84330FF2B0DD148F2EB
:10A1C000DD63112E23870FD10021204601F049FACB
:10A1D000DDE7118A52680B44DDE7E18F2046FFF787
:10A1E000FCFA0028EBD0D0E73A2E04D1002120461B
:10A1F000FFF701FDCBE70020C9E72DE9F04F282349
:10A2000091B00025CDE9065308AB0A9308230B93C0
:10A210008369029383680446002B40F0AF8006A94F
:10A220002046FFF731FC8246002800F0F780B0F8A6
:10A23000048098FA98F81FFA88F808F128039D42DC
:10A240000093C0F2EB8003DD19462046FFF759FB6F
:10A25000DAF8086006BBDAF80C20EAB9DAF8102060
:10A26000D2B9DAF81420BAB9DAF8181040F2FF229D
:10A27000914240F0D380DAF81C20002A40F0CE80D2
:10A28000DAF82020B2F1807F40F0C880DAF824208C
:10A29000D2B2FF2A40F0C2809AF80820FF2A00F0CC
:10A2A000BD800AF1180500212846FFF7ECFE0028C2
:10A2B00040F0B48094F83C20170763D59AF800204A
:10A2C0009AF80110120142EA1112D1B2C2F38502CA
:10A2D00042EA811284F844209AF8062084F8432048
:10A2E0000022E287282284F83A20A268D268D27934
:10A2F00084F83D2094F83B20022161F3C50284F8E4
:10A300003B209AF81820FF2A00F08A8002982946FC
:10A31000FDF773F9002840F0B1800CAA0AF1280378
:10A3200028686968164603C608359D423246F7D14B
:10A33000A06904AB03AA0CA901F03AFD002800F0C3
:10A340009180A369E361039B43B15B68A3612BB177
:10A350001B681B7C84F8243084F82E3094F83B3042
:10A36000049923F0040384F83B30204601F05BFDA0
:10A37000002853DB002011B0BDE8F08F1A8A5B681B
:10A38000154449E7DAF8182052B9DAF81C203AB92E
:10A39000DAF8202022B9DAF82420B2F1807F3DD00B
:10A3A00056B9DAF80C203AB9DAF8102022B9DAF8FE
:10A3B0001420B2F1807F31D001212846FFF763FEDF
:10A3C00060BBDFF71BFBBAF81A104288914218D124
:10A3D000DAF81C104268914213D1DAF82010826832
:10A3E00091420ED1DAF82410C268914209D10521B8
:10A3F0002846FFF748FE88B908212846FFF743FEA4
:10A4000060B900210AF10800DEF7B0FB00283FF434
:10A4100055AF90F92920002A3FF450AF0220AAE757
:10A4200001212846FFF72FFE60BB02212846FFF7D7
:10A430002AFE68B1BAF81A2052B9DAF81C203AB9E3
:10A44000DAF8202022B9DAF82420B2F1807F19D07E
:10A4500002A92846DEF7FCFB0028DFD0027F900728
:10A4600010D4DBE705900CA905A8DEF73BFC00281B
:10A47000D4D00599204601F03EFC79E79AF81820DF
:10A48000FF2ACDD007992046FFF7A7F90028C5DBA2
:10A490009AF806702C2F36D02FD8B7B3A7F12B011E
:10A4A0004E424E41B6004FF006094FF000083A2FD9
:10A4B000A4F8409000F0C980112F00F0C680062F4C
:10A4C00000F0C3803B2FA9D02046FFF72BFA0122D2
:10A4D000814604A92046FFF796F9054600289DD13C
:10A4E0009DF810202C2A26D011D832B32B2A26D042
:10A4F000112A00F0CF80002515E0A7F13C0256425A
:10A5000056417600CFE70826CDE70126CBE73C2A67
:10A5100040F0B880B30714D540252E4205D12C2A2F
:10A5200010D00FD80AB1062A0CD02046FFF7FAF94E
:10A530000122431E84E00825EFE70125EDE704250D
:10A54000EBE702250FB13C2FEFD100228DF8302030
:10A550000CA901222046BDF800B0FFF754F90028ED
:10A560007FF45CAF20469DF83070FFF7DBF90238CE
:10A57000013780B2FF00ABEB000B5F453FF74EAFFA
:10A580004FF0020B2046FFF7CDF90122019005A9FB
:10A590002046FFF738F900287FF440AF9DF81420DB
:10A5A00012BB9DF814203AB3012A9DF83010A7EB96
:10A5B0000B0030D0023881423FF630AF02F0C002CB
:10A5C000802A3BD0C02A34D0002A7FF427AF20460F
:10A5D000FFF703F900287FF421AF9DF83020023205
:10A5E0005A441FFA82FB0BE001220CA92046FFF718
:10A5F0000AF90028D5D011E70BF1010B1FFA8BFBEC
:10A600005F45BFD847441FFA87F82E439DF8107066
:10A610005FFA89F94BE7023881423FF6FFAE8A1CA8
:10A620005A4420461FFA82FBFFF7D7F80028E7D0EC
:10A63000F4E69AF81830FF2B3FF4F0AE019B0222AB
:10A6400004212046FFF7B3FBE8E6112FA4F83E8073
:10A65000CDF830A007D03A2F7FF4E0AE5146204627
:10A66000FFF7C2FC87E60AA9204601F037F80590FB
:10A6700000283FF4D3AE05AB3A460CA92046E0F7DC
:10A68000FDF878E6A2F13B0101297FF65BAF3A2A9B
:10A690007FF44BAF002555E730B585B00D460A9CD9
:10A6A00008B9DEF709F9DEF72DFF55BB48F2FE03C6
:10A6B000009301956378062B28D0082B43D0022BFA
:10A6C00010D12378012B0DD100230293FF238DF8A5
:10A6D0000B30FE23ADF80C30A3788DF80E30E37804
:10A6E0008DF80F30099A6C46234603CB516004A9BC
:10A6F0008B4210601C4602F10802F5D1002005B023
:10A7000030BD2B6800936B680193D3E723798DF8F4
:10A710000A30FF238DF80B30FE238DF80C30B4F88F
:10A720000530ADF80D30E3798DF80F30237862886D
:10A73000ADF80820032BD5D19DF8083083F0020333
:10A740008DF80830CEE7D4F80200D4F8061002AB3A
:10A7500003C3F1E708B5E1F70BF8BDE80840E1F7FE
:10A760003FB80268034642B9406840B99A683AB9AE
:10A77000D868B0FA80F04009704700207047104652
:10A780007047704701F1100351F8042B40F8042B77
:10A790009942F9D1704708B504F072FD4FF47A720E
:10A7A000A0FB020302FB0131C00B40EA4140C90B90
:10A7B00008BD73B50D4614468DF8043001A9D308C1
:10A7C000022206468DF80530FFF743F910B100204C
:10A7D00002B070BDA91C6A783046FFF73AF901460D
:10A7E0000028F4D16B78E21A023A3046FFF700F8FD
:10A7F000B0FA80F04009EBE710B5044604F0C5FB61
:10A80000421E63EB03032046BDE81040FCF790BBFB
:10A8100070B508235370154690F825209A4228BF3A
:10A820001A460C466A70A91C0646FEF7ECFF68B98A
:10A830006B78E1000239C91A11F0FF0108D03046E7
:10A84000FEF7CBFFB0FA80F0400970BD0020FCE7B6
:10A850000120FAE740B10368BFF35B8FD868BFF30C
:10A860005B8F084100F00100704728B1082A03D827
:10A87000427002300FF0B2B87047704700220023D8
:10A8800010B5C0E910230446236803B910BD4FF08A
:10A89000FF324FF0FF332046ECF7FAF8FEF77FFE69
:10A8A000F2E738B504468068FFF7E8FFA3680021A7
:10A8B0000020C3E90C01A368002520469D63FFF733
:10A8C000C2FB29462046BDE83840E0F76FB970B5B5
:10A8D00005460E46E0F794FA31462846E0F75AFA64
:10A8E000044618B9E0F796FA204670BD314628466E
:10A8F000E0F7FCFF2046FFF7D4FFE0F78BFA0120DA
:10A90000F3E738B504460D46E0F77AFA29462046C3
:10A91000E0F740FA0446E0F77DFA204638BD2DE91D
:10A92000F043904685B0994600221423CDE90223D6
:10A930000D460646002861D003685F7C093740F663
:10A94000CD42002307F0F807CDE9002307F11401F9
:10A950003A230222DFF798FD044600284BD0FF235C
:10A96000424680F83D302946FFF799FB024640B148
:10A970006FF068052046FEF712FE284605B0BDE8D8
:10A98000F08388212046FFF75FF980460028EFD149
:10A9900002A92046FFF778F805460028E8D01322E0
:10A9A000414601300FF041F828469DF8303000F85C
:10A9B000043B4946FFF7E6FE02A92046FFF782F86E
:10A9C00005460028D4D1316802233A46103120468A
:10A9D000FFF7EFFE0028CBD02046FEF7A3FE3A217A
:10A9E0002046FFF7C1FB2046FFF706FF0028C4DA28
:10A9F0006FF01505BEE76FF00B05BEE74378FFDE8D
:10AA0000024608461AB152680AB1D2F8D42200238D
:10AA1000E0F7F4B82DE9F04F1E4697B01423002557
:10AA2000CDE9045303AB069302230793D2F80090B9
:10AA30008B680C464BB9A0690B21FFF70BFF8046D2
:10AA400038B1022017B0BDE8F08F1A8A5B68154450
:10AA5000F0E7D4E903B304A920460193FFF714F803
:10AA600007460028EDD0011D0EA8FFF78BFEADB202
:10AA700009F1180112A8FFF785FE412DE1D999F8D7
:10AA80000730FF2BDDD19DF83830FF2BD9D03B7834
:10AA90005B0603D59DF84830FF2BD2D07678002E88
:10AAA000CFD105992046FEF798FE0028C9DB142374
:10AAB0002C3D84F84230ADB206A92046FEF7E4FFF3
:10AAC00028B143781BB194F84210A94213D3A0696E
:10AAD0000EA9FCF7BBFD30B390F92930002BB0D1A3
:10AAE000BDF8382048F2FE039A42AAD0A0690EA908
:10AAF000FDF7E7F8A5E70278022A06D1E28F94F87D
:10AB00003A6006320A441644B6B201EBC303DBB224
:10AB10008B4284F8423094D907992046FEF75DFEB7
:10AB20000028C9DA8DE70121CDE90800ADF8280039
:10AB3000A069FFF78FFE8146E0F762F9A0690EA9D0
:10AB4000E0F728F90546002874D0002E5DD16B7817
:10AB5000FF2B77D06878E0F749F88246002869D063
:10AB600056B14278811C0DF122000EF076FFB0F153
:10AB7000000818BF4FF00108AA6892F84820002A80
:10AB800077D116B9B9F1000F54D0B8F1000F09D040
:10AB90005046E0F721F99AF801200DF122015046C4
:10ABA000FFF763FE3B78580640F19080012128466C
:10ABB000E0F764F8AA68002382F84C30AA68002005
:10ABC0000021C2E90C01AA689363A0692946FFF736
:10ABD00017FFAA683B7892F84D10DB0963F3000178
:10ABE00082F84D10AB681B6823B3A8684FF0FF32A2
:10ABF0004FF0FF33EBF74CFF0646FFF7FDFD002853
:10AC000069DAA868FFF73AFE14E094F825308DF869
:10AC100021302046FEF786FD31462046FEF7DDFD59
:10AC200040B99DF821200DF122012046FEF7EBFDF1
:10AC300000288CD0E0F7EEF8019BC4F80CB023613B
:10AC40000120FFE616B9B9F1000FF3D09DF82120DD
:10AC50000DF122010BA8FFF708FEA1690BAA2846F7
:10AC6000DFF748FF00283FF475AF2846FFF719FECD
:10AC7000E0E73978890609D4B8F1000F13D0012A2A
:10AC8000D8D102212846DFF7F9FFD3E7B8F1000F4A
:10AC900009D05046E0F7A0F89AF801200DF1220102
:10ACA0005046FFF7E2FD3B785B060CD501212846B4
:10ACB000DFF7E4FFAB6800200021C3E90C01AB68BB
:10ACC00000229A6381E7B8F1000F82D00221284662
:10ACD000DFF7D4FF7DE73046FEF761FC82E72DE920
:10ACE000F7431C46064688461546E0F789F8224693
:10ACF0009DF8283041463046E0F792F80446A0B36C
:10AD000015B32A463146DFF7F5FE78301CD1A3682B
:10AD100093F84830052B28D06078DFF767FF05F1FE
:10AD2000020907466A78494602300EF096FEB8B12D
:10AD30003846E0F751F86A7849463846FFF795FDFE
:10AD400002212046DFF79AFFA36893F8483063B9E1
:10AD5000CDE900831A4619463046E0F7E9F804E0E9
:10AD6000A36893F84830002BEAD0E0F753F8204668
:10AD700003B0BDE8F0832DE9F04799469AB014235B
:10AD80000025CDE9035302AB059302230693D2F8C5
:10AD900000A08B680C4663B9A0698DF81D300B21AB
:10ADA000D4E90387FFF756FD38B102201AB0BDE899
:10ADB000F0871A8A5B681544EDE703A92046FEF781
:10ADC00063FE0028F1D0011D0AF108060AA8FFF76A
:10ADD000D9FC31460EA8FFF7D5FCADB20AF1180137
:10ADE00012A8FFF7CFFC3F2DDFD99AF80730FF2BD1
:10ADF000DBD19DF82830FF2BD7D099F80130002BFC
:10AE0000D3D104992046FEF7E8FC0028CDDB1423BB
:10AE10002C3D84F84230ADB20DEB03012046FEF725
:10AE200033FE814628B143781BB194F84230AB42DF
:10AE30002DD3A0690AA9FCF709FC814618B3051DAA
:10AE40000EA8FFF78EFC0146002800F08B80129AB6
:10AE500040F2FF239A4216D1139BA3B91499B1F182
:10AE6000807F10D19DF85410FF290CD199F9291039
:10AE7000A1BBB9F8042048F2FE039A4203D0A069AE
:10AE80002946FCF71EFFC4E9038701208EE70699D7
:10AE90002046FEF7A2FC002887DB99F80030012B42
:10AEA0000DD094F8422099F8013002EBC303DBB2D5
:10AEB000934284F842307FF678AF05A9AEE70EA83A
:10AEC000FFF74FFC00287FF470AF99F8011007AA34
:10AED0002046FFF79DFC0028E3D166E7ADF8482047
:10AEE000ADF84A30ADF84C30ADF84E30ADF85030DA
:10AEF000ADF85230ADF854304FF48073ADF85630A1
:10AF0000A06912A9FCF768FE0DF1580C034600F188
:10AF1000100E18685968624603C208337345944698
:10AF2000F7D10DF1580C3346624603CA59601AA98D
:10AF30008A421860944603F10803F5D14FF0200AC5
:10AF40000DF148090EAE9DF81D306BBBCDF800A089
:10AF5000A0692B464A463146FFF7E1FC00287FF402
:10AF600024AF90E70EA8FCF746FB00288BD1129A7D
:10AF700040F2FF239A4209D1139B3BB9149BB3F1D2
:10AF8000807F03D19DF85430FF2B07D0A06912A910
:10AF9000FCF75CFB00283FF476AF051D0DF1380986
:10AFA0000AAE4FF0600ACEE700230093A06907AA1B
:10AFB0000EA9FFF794FE0028C8D1F6E607B50123D5
:10AFC00001930431002300911A461946DFF7B0FFC0
:10AFD00003B05DF804FBF0B58FB00023282204A96C
:10AFE000CDE9043204460393FEF74EFD07460028E0
:10AFF00073D000F1180106A8FFF7C4FB94F82F30B6
:10B00000002B55D19DF81830FF2B51D0A06901219C
:10B01000FFF720FC00284BD1A0690B21FFF71AFC99
:10B02000002845D106A903A8DDF75CFE002841D021
:10B03000039BA3612BB11B681B7C84F8243084F82C
:10B040002E3006AD039B73B9294603A8DDF74AFEEF
:10B0500000284CD0039BA3612BB11B681B7C84F898
:10B06000243084F82E30DFF7CBFE03982946DFF733
:10B0700091FE0646002846D04078FF2843D0DFF7EF
:10B08000B5FD4278811C04F12E00FFF7EEFBB3689A
:10B0900093F84830022B09D130460321DFF7EEFD4B
:10B0A00041F2883200233046DFF7A8FDDFF7B2FE19
:10B0B000002013E0BDF8182048F2FE039A42C0D0E9
:10B0C00006A9E0F7C7FB064650B1E0F71FFC0546AE
:10B0D0000028B7D13046E0F703FC02200FB0F0BDE6
:10B0E00006A9DDF7C9FE60B100F10805AAE7294607
:10B0F000FFF707FC10B143680393ACE7A369039320
:10B10000B1E706ADAFE70AAEDFF784FE07F108014D
:10B110003046FFF737FB002394F83B20CDE900537E
:10B1200012F0040FA0690CBF32461A462146DFF721
:10B13000FFFE0120D2E7F0B587B040F2FF230746BB
:10B14000ADF808300026ADF80A60ADF80C60ADF837
:10B150000E60ADF81060ADF81260ADF814604FF4F9
:10B160000073ADF8163002A9FCF736FD0546FFF76F
:10B17000F8FA30B9002F52D03B685C7C093404F0F7
:10B18000F80640F6CD420023311DCDE9002301F041
:10B19000FC013A2302223846DFF776F904460028FC
:10B1A0003AD0FF2302AA80F83D302946FEF777FF08
:10B1B000024638B16FF068052046FEF7F0F92846E0
:10B1C00007B0F0BD85212046FEF73EFD0146002870
:10B1D000F0D104222046FEF70BFB05460028E9D1FA
:10B1E00076B92046FEF79EFA3A212046FEF7BCFFCC
:10B1F0002046FFF701FB0028E1DA6FF01505DBE7D9
:10B200000FB13F6810370123324639462046FFF719
:10B21000D0FA0028E5D1CDE76FF00B05CFE77B78BA
:10B22000FFDEFFF788BF07B549BAADF80610022266
:10B230000DF10601FEF70DFC03B05DF804FB70B5DF
:10B2400088B003AB0C46019301A9142305461646AA
:10B250000293FEF719FC18B96FF0680008B070BDD2
:10B26000002343708370C37006702146031D04F1F0
:10B27000100251F8040B43F8040B9142F9D101A9D3
:10B280002846FEF71FFC0028E8D0E5E770B5054624
:10B29000FEF748FA3A212846FEF766FF03F075FEEE
:10B2A0000026421E46F1FF332846FBF741FE041EEE
:10B2B00004DA2846FEF773F9204670BD3446FBE7F2
:10B2C00038B10368BFF35B8FD868BFF35B8FC0F3FF
:10B2D0000030704770B586B040F2FF2304460D463B
:10B2E000ADF808300023ADF80A30ADF80C30ADF8F9
:10B2F0000E30ADF81030ADF81230ADF814304FF418
:10B30000B053ADF81630012680F83D6002A980697F
:10B31000FCF762FC02AA01462046FEF7C0FE18B107
:10B320006FF0680006B070BD3A2332460DF1070198
:10B3300020468DF80730FEF78CFB0028F0D18DF801
:10B34000070032460DF107012046FEF782FB002878
:10B35000E6D140F202512046FFF765FF0146002882
:10B36000DED12046FFF75FFF01460028D8D12046F6
:10B37000FFF759FF02460028D2D108238F21E38727
:10B380002046FEF761FC01460028C9D12046FFF7A0
:10B390004AFF0028C4D129462046FFF744FF002871
:10B3A000BED184F84300BDE72DE9F04F1F4685B0BC
:10B3B00000261823CDE90263D2F800A08D680C4660
:10B3C000002D68D12046D4E90398FEF789FA1728A2
:10B3D0005FD902A92046FEF757FB834600286AD0B2
:10B3E00003992046FEF7F9F9002864DBBBF8163014
:10B3F0005BBAABF81630E28F443202EB031292B222
:10B40000B6B2B24245D8B2F5A06F42D89AF807302A
:10B41000012B3ED17B78002B3BD1DEF7EFFA1022D7
:10B4200001460BF104000EF018FB064688BBA0692C
:10B43000476807EB4513013593F89C31D90744BFA2
:10B44000C3F34003F618082DF3D1142140F26762CC
:10B4500000237143CDE900230C313A230222DFF7A8
:10B4600013F8824638B3B1B2FFF734FF0546F8B996
:10B4700007F5C27607EB451393F89C31DA070ED433
:10B480000135082D06F12006F4D15046FFF7FEFEE7
:10B4900070B9012010E02B8A6D681E4490E79B076D
:10B4A000EED5022231465046FFF7C9FE0028E7D00C
:10B4B0005046FEF774F80220C4E9039805B0BDE8D1
:10B4C000F08F73B50023164640F26762CDE9002382
:10B4D0000C463A2302223021DEF7D6FF0546C8B1DA
:10B4E0000121FFF7F7FE28B16FF068042846FEF748
:10B4F00056F80CE0324621462846FFF7A0FE002809
:10B50000F2D12846FFF7C2FE04460028EED12046BD
:10B5100002B070BD6FF00B04F9E737B50D4601902E
:10B5200001A92846FCF795F90446D8B10198FFF720
:10B53000C7FE60B90198FCF773FF58B10198214626
:10B54000FCF79BF9019801222146DDF7C7F900209D
:10B5500003B030BD019804222946FFF7B2FF00284E
:10B56000ECD0F5E76FF00100F2E7F8B504460F46BE
:10B57000FCF71EF9064628B3037F9B0720D420461C
:10B58000FFF79EFEE0B92046FCF74AFF78B9042297
:10B5900039462046FFF795FF054640B110F1730F7D
:10B5A00003D039462046FCF753F82846F8BD31460B
:10B5B0002046FCF762F9012231462046DDF78EF97C
:10B5C0000025F2E76FF00B05EFE770B588B00E4687
:10B5D000019001A93046FCF73CF9044608B30FCCB2
:10B5E00003AD0FC5019823682B603146FCF730F896
:10B5F00060B10198FFF764FE40B90198FCF710FFB5
:10B6000038B10198002203A9DDF768F9002008B0DD
:10B6100070BD019803223146FFF753FF0028F0D098
:10B62000F5E76FF00100F2E77FB508230E460DEB5A
:10B63000030104461546CDF808D00393FEF724FA1B
:10B6400060B1002306804580037143718371C3712B
:10B6500002A92046FEF736FA04B070BD6FF068000C
:10B66000FAE730B587B002AB049304A90823044677
:10B670000593FEF709FA054668B3A368002233BBB9
:10B68000E08F94F83A10AB710144521A52BAAA8072
:10B69000EB710DF1060211212046ADF80630FDF7E1
:10B6A00021F8002811DBBDF806304FF6FF72002BA1
:10B6B00008BF1346EB8094F83C3043F0040384F851
:10B6C0003C3004A92046FEF7FDF907B030BD198AC9
:10B6D0005B680A44D3E76FF06800F6E773B50023B0
:10B6E00005460E46ADF80630FEF7CEF9044640B3E7
:10B6F00031462846FEF7E6F918BB95F83B30C3F310
:10B70000C203022B1DD1AB68E98FDB689B885BBA53
:10B710009BB2994215D8A28852BA92B25B1A072AF4
:10B720009BB20ED993420CD3E38853B10DF10602BC
:10B7300011212846FCF7D6FF002802DBBDF80630B1
:10B7400003B10024204602B070BD0388013B9BB2C8
:10B75000012B94BF04300020704711B914220EF061
:10B7600064B901F1140351F8042B40F8042B9942F9
:10B77000F9D17047EBF7CAB8EBF73AB90368002282
:10B7800003B970478B420FD10B683AB94268036026
:10B79000914200D1436000230B60704713604368FF
:10B7A000994208BF4260F6E71A461B68E8E738B5D9
:10B7B000836D994205460C462BD3C26D442101FB93
:10B7C00002339C4225D294F841301A0721D5036EEA
:10B7D0001BB15B680BB12046984794F841305B077A
:10B7E0000BD404F1080105F11C00FFF7C7FFEB695A
:10B7F0001BB905F1280003F07EFB214605F114007A
:10B80000FFF7BCFF4422002120460EF00EF9002075
:10B8100038BD6FF00100FBE72DE9F8430746A0F1C2
:10B82000280803F02DFD4FF47A72A0FB020302FBFF
:10B830000133C00B40EA43464FF0FF324FF0FF3375
:10B840004046FFF797FF57F80C4C25461CB155F8BA
:10B85000084904B1083C4FF0FF39C5B9B9F1FF3FC1
:10B8600010D040F2E73029464FF400444FF47A728A
:10B870000023E9FB0401C4F793FC02460B4638465B
:10B88000EBF718FC4046BDE8F843FFF775BF3146BB
:10B8900005F10800FCF75CFE50B929464046FFF769
:10B8A00086FF4CB1A36803B1083B25461C46D4E78C
:10B8B000814528BF8146F4E72346F6E710B50288A4
:10B8C0000B88934217D1A3B1012B10D0022B12D1B8
:10B8D0001022FFF73AFF04460846FFF736FF0146FD
:10B8E00020460EF0BAF8B0FA80F0400910BD0422EC
:10B8F000EFE70120FAE70020F8E72DE9F041531CBB
:10B90000044691F841300E46174601F1080500F152
:10B910001C0809D143F0040381F841304046294610
:10B92000BDE8F041FFF72ABF23F0040381F841305E
:10B9300003F0A6FC4FF47A73A0FB030203FB012281
:10B94000C00B40EA424239462846FCF7C9FD294669
:10B950004046FFF713FF0023B360236A4BB9C4E9E5
:10B96000075504F128000022BDE8F0410023EBF761
:10B97000A1BB1D602562F4E738B505464FF0FF33E3
:10B980004FF0FF320C46FFF7F5FEAB6D9C420ED335
:10B99000EA6D442101FB02339C4208D294F84140F5
:10B9A000C4F3C0042846FFF7E7FE204638BD002454
:10B9B000F8E72DE9F04F87B0044601924FF0FF33CE
:10B9C0004FF0FF3200278B46FFF7D4FEE36D029362
:10B9D000BA463D46029BBB4212D155B1294604F1FD
:10B9E0001400FFF7CBFE63692B60A369656103B99F
:10B9F000A5612046FFF7C0FE284607B0BDE8F08FDE
:10BA0000A66D442303FB076696F841301B073AD521
:10BA1000BBF1000F02D073685B4534D196F84080CB
:10BA2000D04530D3019B1A88338B9A422BD1019891
:10BA3000FFF78BFE06F11803814620B31846FFF787
:10BA400084FE0146F8B1B8F1070F4FEAD80208F0BA
:10BA5000070309D903904846CDE904230DF0FDFF03
:10BA6000DDE90312059B70B97BB119F802008A5C0D
:10BA7000C3F108035040FF2202FA03F318400028E4
:10BA800004BFC24635460137A4E7C2463546FAE749
:10BA90002DE9F04F8DB014461F464FF0FF324FF0A6
:10BAA000FF33054689469DF86060FFF763FE214637
:10BAB00002A8FFF752FE169907A8FFF74EFEBDF841
:10BAC0000830012B0BD0022B69D003B937B32846BD
:10BAD000FFF752FE002420460DB0BDE8F08F04228F
:10BAE000042A0CBF202380239F42F0D807F00701CF
:10BAF00002A8FC08FFF729FE49B1A24207D9C1F10B
:10BB00000801FF238B40015D0B4003550134944233
:10BB100004D2121B002120440DF087FFEB6D00932F
:10BB20004422002300998B423BD1EA6D002344213B
:10BB30009A4240F08C80AC69002CC8D0214628463F
:10BB4000FFF735FE06F0030644220021204646F0AA
:10BB500008060DF06AFF02A904F11800C4F8049069
:10BB600084F8407084F84160FFF7F7FD07A904F1FD
:10BB70002C00FFF7F2FD179A21462846FFF7BDFE7D
:10BB80006B692360AB696C6103B9AC612B6E002BF0
:10BB900044D01B68002B41D0204698473EE010223D
:10BBA0009EE7D5F858B002FB03FA0BEB0A0494F8B1
:10BBB000418018F0080F12D0B9F1000F02D061686F
:10BBC00089450CD194F84010B94208D102A904F17A
:10BBD00018000193FFF772FE019B442208B901335C
:10BBE000A0E707A904F12C00FFF768FED0B194F894
:10BBF0004130179A66F3010384F841302146284604
:10BC0000FFF77BFE214605F11400FFF7B7FD6B69D6
:10BC10004BF80A30AB696C6103B9AC612846FFF799
:10BC2000ABFD58E7022E3FF452AF032E3FF64FAF65
:10BC300008F10108731C08F0030803F0030398459A
:10BC40003FF645AF21462846FFF7B1FD6DE7AC6DE5
:10BC500001FB034494F8410000077FF573AF013303
:10BC600066E738B54FF0FF3204464FF0FF330D461C
:10BC7000FFF780FD29462046FFF799FD054620463F
:10BC8000FFF77AFD284638BD2DE9F0474FF0FF3326
:10BC900091464FF0FF3204468846FFF76BFD0026C1
:10BCA00037464FF0440AE36DB34209D82046FFF708
:10BCB00063FD002F14BF38466FF00100BDE8F08728
:10BCC000A56D0AFB065595F841301B0711D5B8F153
:10BCD000000F02D06B6843450BD1494605F12C009B
:10BCE000FFF7ECFD28B129462046FFF760FD00B9BB
:10BCF00001370136D7E770B583690446C0E90613FA
:10BD00000D4629B10B681B7C80F8243080F82E305A
:10BD100094F83B3023F0040384F83B302846DFF7E7
:10BD20008DFD78B104F12600B5B129684A7C123145
:10BD30000DF054FE2B681B7C84F824302B685B7C50
:10BD400084F8253003F021F9421E63EB03032046FB
:10BD5000BDE87040FBF7ECB86B78FFDEF0B5002370
:10BD600085B0044603606D460B4601F110076A4634
:10BD7000186859682E4603C60833BB423546F7D1CA
:10BD80000FCA251D85E80F0002232046238005B039
:10BD9000F0BD704751B14B78082B07D80B78037072
:10BDA0004A784270023102300DF018BE7047704779
:10BDB000F8B507460C4616461D46FEF7A2FD20B113
:10BDC000002333602C6001200BE021463846DFF76A
:10BDD00041FD306030B1DFF799FD2860003818BFB1
:10BDE0000120F8BD2146DCF77DFF08B10020F8E70F
:10BDF0002146DDF741F80028F8D008302860E2E756
:10BE00008368DA684AB1D379012B09D9013BDBB2E7
:10BE1000D37180F83D30002070476FF015007047F7
:10BE20006FF0730070472DE9F041044618B96FF0C8
:10BE30001500BDE8F0810029F9D08669002EF6D002
:10BE40000020FEF75EFD054630B93046DFF7F6FC10
:10BE500018B16FF00100ECE74668E36953B394F85A
:10BE60003B3023F0040384F83B3085BBA6612EB140
:10BE700033681B7C84F8243084F82E303046DFF79A
:10BE8000DDFC38B1A16904F1240009B10968103161
:10BE9000FFF780FF25B1294604F12E00FFF77AFF56
:10BEA00003F073F8421E63EB03032046BDE8F04144
:10BEB000FBF73EB894F83B70C7F3800745B9002FF5
:10BEC000D4D02046FFF79CFF0028CFD0B1E7002751
:10BED0003046DFF7B3FCD8B1A069DFF7AFFC18B18B
:10BEE000E069DFF7ABFC08B90025E8E76878DEF722
:10BEF0007DFE054670B194F82530002B97D042782E
:10BF0000811C04F126000DF0A8FD0028D7D18EE792
:10BF10000546D4E76FF002008BE730B56FF0404381
:10BF200014464A1E9A42A1B00ED201EA0305221D10
:10BF300004F10803694645EA8070DFF737FD08B968
:10BF40006368236021B030BD6FF08600FAE710B45B
:10BF50004468240A02D110BCECF746BA6FF08600A0
:10BF600010BC704710B44468240A02D110BCECF72E
:10BF7000DBB96FF0860010BC70472DE9F0418AB044
:10BF80000446109E089035460F4605F8013B2846AA
:10BF900090468DF82430DFF7DFFEA8B907AB059394
:10BFA0009023CDE902830D3608AB009304960197E8
:10BFB00005232A4621464FF48070DFF723FE18B987
:10BFC000079B119A0D3313600AB0BDE8F08130B5BC
:10BFD0000C2989B014461CD912F8015B8DF81C504D
:10BFE0000D9D05950C9D0690CDE9033504F10D03DB
:10BFF0000D39029306AB01910093014605234FF4DE
:10C000000070DFF7FFFD10B90E9B22781A6009B0AF
:10C0100030BD6FF09700FAE738B5049C15462268EA
:10C020008A4228BF0A4618466168A847A0600020D7
:10C0300038BDC8F705B930B585B014460D46694618
:10C04000DFF7BEFE2A4621466846C7F7F1FF10F12A
:10C050000C0F09D030B110F11C0F14BF6FF091001C
:10C060006FF08D0005B030BD6FF08D00FAE71FB5A1
:10C070006946DFF7A5FE6846F7F705FF002818BFF9
:10C080006FF0910005B05DF804FB38B50446807A86
:10C09000C8F7F8FF6169054649B1637ADB0704D444
:10C0A000836A1B6820469B6898470023636121468A
:10C0B0002846BDE8384002F0B4BD30B50906847F9B
:10C0C000054614D414F0400016D0A98BC3F30A001F
:10C0D000C1F30A01884220D802F00300022809D0E7
:10C0E00003280AD0012811D004F0010004E014F064
:10C0F0002000E9E7C4F3800030BD14F00200FBD05B
:10C1000013F4C05F0BD0C4F30010F5E714F008027D
:10C1100007D013F4C05FEFD0F5E70020ECE7012073
:10C12000EAE71046E8E7BFF35B8FD0F8A000BFF363
:10C130005B8F00F001007047BFF35B8FD0F8A00069
:10C14000BFF35B8FC0F34000704701F00F03090697
:10C15000026948BF103352F82300704790F820005E
:10C16000C0F30010704790F8203061F3041380F89A
:10C170002030704708B502691046FFF7D4FF68B950
:10C1800091F8240000F00F03000648BF103342F876
:10C190002310084602F0F2FC002008BD6FF00C00EE
:10C1A000FBE700220023EAF773BC02F06CBD02F04B
:10C1B00025BD407EC0F3C0007047437E23F00803D6
:10C1C000437670471FB504698DF80410CDE902204D
:10C1D000D4F8983001A9984704B010BD1FB5046980
:10C1E000034606208DF804002046CDE90213FFF730
:10C1F0009AFF40B1C1F81E20D4F8982001A9184632
:10C20000904704B010BD4FF0FF30FAE738B505464F
:10C210000C462046FFF7C5FF014600B938BD6FF058
:10C2200070022846FFF7DAFFF3E72DE9F8430669C5
:10C230000746D6F80090D6F840800D464FF0FF3202
:10C240004FF0FF3306F18400EAF760FB4046FFF74A
:10C25000A8FF014618BB4846FFF7A3FF044620BBD2
:10C2600099F8203023F0100389F8203098F8203016
:10C2700023F0100388F8203024BB012286F8B02078
:10C28000EDB12B68C6F8A8306B68C6F8AC3086F8FC
:10C29000B12038698430BDE8F843EAF7A9BB6FF0F4
:10C2A00067023846FFF79AFFD0E7637EDB07D7D4F3
:10C2B0006FF0670221463846FFF790FFCBE786F81C
:10C2C000B150E6E72DB10822294604F10C00F7F73A
:10C2D000CEFF002221463846FFF780FFD9E72DE93F
:10C2E000F8430546D0F80890884614461F46FFF7E5
:10C2F0002CFF0646002835D0D9F83C302846984710
:10C3000041463B8822463046FFF7D7FE804690B133
:10C310008BB92B6993F88030DB0758BF402204F0BB
:10C32000030446BF4FF480624FF400711146022CA3
:10C330000DD0032C11D02846D9F840309847B8F1D9
:10C34000000F14BF00206FF08500BDE8F883B38BA9
:10C350008B4228BF0B463B80EDE7B38B934228BF4F
:10C360001346F8E76FF01200EFE72DE9F3411F469F
:10C370004B06D0F8088004460D4616461BD0D8F868
:10C380003C3098472069FFF7D7FE88B19DF82030F0
:10C39000009329463B4632462046DFF791FD05468D
:10C3A000D8F8403020469847284602B0BDE8F081D2
:10C3B0004FF0FF35F4E76FF01505F5E770B54B0664
:10C3C000866804460D4612D0F36B98472069FFF744
:10C3D000AAFE48B129462046DFF7BEFD0546336C6C
:10C3E00020469847284670BD4FF0FF35F7E76FF0BD
:10C3F0001505F7E770B586680546F36B0C46984758
:10C400002869FFF799FEC0B121462846FFF79DFE37
:10C410000146A8B190F82030DB0711D590F82530FF
:10C4200003F00303012B0ED0F36828469847044617
:10C430002846336C9847204670BD4FF0FF34F7E72D
:10C440006FF01204F4E76FF08504F1E7F8B5876840
:10C450000646FB6B0C4698473069FFF76DFE00B34C
:10C4600021463046FFF771FE0546E8B190F82030CE
:10C47000DB0719D590F8253003F00303012B16D004
:10C4800001463B6930469847044628B995F8203064
:10C4900060F3410385F8203030463B6C98472046D6
:10C4A000F8BD4FF0FF34F7E76FF01204F4E76FF0D8
:10C4B0008504F1E72DE9F04186680769F36B0546CD
:10C4C0000C4698472869FFF737FEA0B394F8188008
:10C4D00028464146FFF739FE014678B390F82030F0
:10C4E000DA072BD518F07F0F20D197F8B030EBB1D9
:10C4F000637EDB0717D597F8B13033B1082207F117
:10C50000A80104F10C00F7F7B2FE002287F8B02072
:10C5100021462846FFF762FE04462846336C9847BA
:10C520002046BDE8F0816FF06702F1E773682246AC
:10C5300028469847F0E74FF0FF34EEE76FF012041B
:10C54000EBE770B5866805460C46F36B98472146C5
:10C550002846FFF7FAFD48B102F095FBB0FA80F4E7
:10C5600064092846336C9847204670BD0124F8E7DB
:10C5700008B503691B680021DA8CDFF74DFD28B18F
:10C58000437E23F0070343F00103437608BD08B55B
:10C5900039B903691B68DB8C013A1A44B2FBF3F228
:10C5A0005A43DFF739FD28B1437E23F0070343F0F8
:10C5B0000203437608BD08B561B903691B68DA8CCC
:10C5C000DFF72AFD28B1437E23F0070343F004037D
:10C5D000437608BD0022F3E770B586680D46F36B1D
:10C5E000044698472846C8F7F9FD2046336C98471B
:10C5F000002070BD70B586680546F36B98472869C2
:10C60000FFF79AFD044620B133683BB128469847AE
:10C6100004462846336C9847204670BD0124F8E74D
:10C62000F8B587680669FB6B044698472069FFF7F1
:10C630007AFDD8B12069FFF77FFDD0B9FB6A2046AB
:10C640009847054668B9BFF35B8F06F1A00353E82E
:10C65000001F41F0020143E80012002AF7D1BFF3A6
:10C660005B8F20463B6C98472846F8BD4FF0FF355E
:10C67000F7E76FF07705F4E7F8B587680669FB6BB5
:10C68000044698472069FFF757FDB0B13B6B204641
:10C690009847BFF35B8F054606F1A00353E8001FE0
:10C6A00021F0020143E80012002AF7D1BFF35B8FAB
:10C6B00020463B6C98472846F8BD6FF07705F7E7B2
:10C6C0002DE9F0410546D0F80880066914460F466A
:10C6D00031B32AB3D8F83C3098472869FFF723FDD7
:10C6E000D8B9C6E926742846D8F8343098470446A5
:10C6F00060B9BFF35B8FA03656E8003F43F00103FB
:10C7000046E80032002AF7D1BFF35B8FD8F84030FB
:10C71000284698472046BDE8F0816FF07704F5E79A
:10C720006FF01504F6E7F8B587680669FB6B0446F9
:10C7300098472069FFF700FDD0B92069FFF7F3FCA7
:10C74000C8B1BB6B20469847BFF35B8F054606F127
:10C75000A00353E8001F21F0010143E80012002A62
:10C76000F7D1BFF35B8F20463B6C98472846F8BD56
:10C770006FF00F05F7E76FF07705F4E74FF08053A0
:10C78000D3F83021082A05D1D3F83401003818BF76
:10C790000120704700207047C343C3F3C01300F06B
:10C7A0000F0000EB03107047F7F731BA01238B40FD
:10C7B000BFF35B8F50E8002F1A4340E800210029A7
:10C7C000F8D1BFF35B8F704700698430EAF710B986
:10C7D000006984304FF0FF324FF0FF33EAF796B82C
:10C7E00010B5807A0C46C8F74DFC836A214658681C
:10C7F000BDE8104002F0A8B873B5807A16461D4611
:10C800000C46C8F73FFC2168836ACDE90065033117
:10C8100021F0030258680421E9F75AFF00B92060AB
:10C8200002B070BDEAF768B90369C9B20C2202FB15
:10C830000133986C00F00700704770B50346C9B229
:10C840000069EFF31186202484F31288BFF36F8F01
:10C850000C2505FB0104A46C14F0C00401D0A24215
:10C8600011D105FB010001228264002086F31188AA
:10C87000BFF36F8F30B95B680C2202FB01335B683A
:10C880009847002070BD4FF0FF30EFE78022FFF7A0
:10C89000D4BFF8B5069F04690546C9B2EFF3118C01
:10C8A000202080F31288BFF36F8F0C2606FB014611
:10C8B000B06C00F0070EBEF1010F10D1B764002676
:10C8C0008CF31188BFF36F8F3EB90C2041430C44A9
:10C8D000C4E910236B685B5898473046F8BD00F0F8
:10C8E000C00087420CBF6FF077064FF0FF36E7E7D6
:10C8F00013B580240094FFF7CCFF02B010BD00698F
:10C90000CBB200EB4310002110471046EAF7F4B811
:10C9100001F021BAE7F752BDF7B51C4616460023D1
:10C9200082682360A36053690D4601AA694698474F
:10C93000019B5A1E01921BB96FF0150003B0F0BDA8
:10C940000098A26847682168676085B9B31AD0F873
:10C9500000C0634528BF63461A4403FB07112160EA
:10C96000A26002689A4206D808300090E0E76B1A8D
:10C97000B3FBF7F3EBE70020E0E713460022FFF7F5
:10C98000CBBF2DE9F047836886B05B698846914646
:10C9900001A902AA98470024A2462546029BAB4261
:10C9A00002D806B0BDE8F087019F07EBC507002657
:10C9B0007B6804933A68B2420AEB060302D8013559
:10C9C0009A46EBE703940593494603A8C04700281D
:10C9D000E7D0049B01361C44ECE710B50C4601F08F
:10C9E0008DFC0023C4E90003184610BD38B5054688
:10C9F0000C4601F083FC002D07DBA84205D9401B43
:10CA000084428CBF0020012038BD0020FCE770B5B7
:10CA10000D462846194616461C46FFF7E7FF30B973
:10CA200021462846E1F722FB6FF0150070BD24B1C6
:10CA30002246294630460CF0D1FF0020F6E7F0B43C
:10CA400003460C46DA88006819792243066987682C
:10CA5000346842F3000303F44023534001258D4022
:10CA600023F48012DB074CBF2C43AC4334603B689B
:10CA7000F0BC1847436824330B60012313607047F0
:10CA800043681B6A0020C1E900307047EAF734B8F8
:10CA90004FF0FF324FF0FF33EAF76AB803460A4619
:10CAA00000681979012303FA01F103691B6819422F
:10CAB00018BF82F0010283680AB1DB6818471B695E
:10CAC000FCE738B50546406890F84A305A060C46EF
:10CAD00003D511B93430FFF7E1FF686890F84A30A8
:10CAE0005B0606D52CB1BDE8384001213430FFF794
:10CAF000D5BF38BDF0B58FB08C46DDE914150DF10A
:10CB000001078DF800C04FF0010CCDE907C1CDE958
:10CB10000BC14468D0F810E0CDF818D00020D10740
:10CB2000CDF80100CDE9095002F0800638710D956D
:10CB300013D59EF81C201BBAD20704935DBFBDF825
:10CB40001130ADF801309DF81330CDF8013056BFEB
:10CB5000BB700523042307930B9306AB02939EB18E
:10CB6000002D14BF0223012303930AAB0493214633
:10CB70000223059351F8040B46B183681C68002317
:10CB800002AAA0470FB0F0BD0123EDE783681C683F
:10CB900004ABF5E71FB5012301930DF10F030093DB
:10CBA00000231A460521FFF7A5FF08B99DF80F00DD
:10CBB00005B05DF804FB2DE9FF41064615461C460D
:10CBC00001270DF10F080023CDE900871A46052142
:10CBD0003046FFF78FFF40B99DF80F30DB0704D5D3
:10CBE0002846214602F0D9FAEDE704B0BDE8F0810D
:10CBF0002DE9F3471F4643680D1E1B6A0646904603
:10CC000056DBEA199A4253D80069FFF741FF002129
:10CC10003046FFF756FF4FF000090FB93C463CE0A5
:10CC2000B7F5807FBA4628BF4FF4807A0AEB050338
:10CC3000002D03F1FF332A464FEA1323B8BF05F155
:10CC4000FF02B3EB222F08D06B42DBB25FFA85FA0A
:10CC500058BFC3F1000ACAF5807ACDE900990023D4
:10CC6000802206213046FFF745FF0446A8B9CDE9EA
:10CC7000008A2B46812202213046FFF73BFF044603
:10CC800058B9012200233046FFF795FFA7EB0A07AA
:10CC9000D044554404460028BFD030460121FFF758
:10CCA00010FF3069FFF7F2FE204602B0BDE8F087C2
:10CCB0006FF01504F8E7F7B51E4643680D1E1B6AB2
:10CCC0000446174614DBAA199A4211D80069FFF7E7
:10CCD000DFFE2B46CDE90076012203212046FFF737
:10CCE00009FF05462069FFF7D1FE284603B0F0BDD5
:10CCF0006FF01505F9E7F7B5446894F84A309A07DC
:10CD0000054647D5076902F0BBFA4FF47A76A0FBD7
:10CD1000063206FB0122DB0B43EA4243BA699B1A47
:10CD200015D4B4F84420B4F846609B1AB3420EDA26
:10CD3000F61A4FF4004740F2E73000214FF47A72C0
:10CD40000023E6FB0701C3F72BFA02F026FA94F85A
:10CD50004A3013F004031DD1CDE900338022AB210A
:10CD60002846FFF7C7FEB0B994F84A309B0711D5A3
:10CD7000B4F8484040F2E7310D4601464FF4004018
:10CD8000E4FB00514FF47A7200232846C3F708FAF7
:10CD900002F003FA002003B0F0BD43685B68D3F8EB
:10CDA00010350B600020704743685B6802EA0100A1
:10CDB00021EA0201C3F80805C3F80C1500207047EA
:10CDC00043685B680020C3F80815704743685B68D8
:10CDD0000020C3F80C15704743685B68D3F804253E
:10CDE00021EA02001140C3F80805C3F80C15002021
:10CDF000704730B50369586800B30024884219D1E0
:10CE000008688CB99C685860A14200D198600020E5
:10CE100008602AB15A680A609A68596002B9996034
:10CE200000200FE02846E9E720609868814208BFAB
:10CE30009C60ECE705680446002DF3D1002AE9D197
:10CE40006FF0150030BDE7F7C9BB6FF057007047B2
:10CE500013B54FF080520829136E526E28BF082177
:10CE600012BA00921BBA0C460A46694601930CF0AE
:10CE7000B5FD204602B010BD3220704708B500F065
:10CE80008AFB4FF47A73A0FB030203FB012108BD68
:10CE900008B5A1F10B030F2B06D90A298CBF6FF03F
:10CEA00015006FF0850008BDC8B200F0F8FA002048
:10CEB000F9E708B5002201201146F7F7EFF8BDE8C1
:10CEC00008400120C7F7C0BDE5F796BD37B5044659
:10CED000E8B103681B681D69F4232B71CE236B71C5
:10CEE0004FF080523623AB71136E526EC5F8072097
:10CEF000CDE90023EB7208220123291DFAF74EFB2E
:10CF000020462C6003B0BDE83040DBF75BBB036913
:10CF1000FFDE07B5C9B132B9186800F0D6FA0020B3
:10CF200003B05DF804FB012A06D11B88ADF804307C
:10CF300001A800F0CCFAF2E7022A06D11B88ADF86E
:10CF4000043001A800F0BFFAE9E76FF08500E7E7D9
:10CF500010B5046900F0D9FA10B96FF00F0010BDD8
:10CF60004FF0FF334FF0FF3204F2BC50E9F700FE00
:10CF700094F8D435002BF0D00020F0E708B500F08D
:10CF8000A8FA20B9E1F7FAFF6FF0040008BD00200D
:10CF9000FCE730B543681360057A446804EBC504C8
:10CFA000A34202D36FF0010030BD5C798C4203F1E3
:10CFB0000803F0D10020F7E74379014623B151F887
:10CFC000060B83681B6818476FF08500704743683D
:10CFD0001B68D3F88004C3F8800470474268136864
:10CFE000D3F8100150B1D269002012780A70C3F84A
:10CFF0001001D3F8102101221A6070474FF0FF3062
:10D000007047002A0FDD42681368D3F8100158B149
:10D010000020C3F81001D269D3F8100112780A7009
:10D020000120186070470020704710B543681C68E5
:10D030000369EFF31180202282F31288BFF36F8F10
:10D040001A68D17B39B991731B680122DA734FF4E6
:10D050008003C4F8043380F31188BFF36F8F10BDD1
:10D0600003691A68D17B21B1012191731B680022E9
:10D07000DA737047026911680346C87B40B15B6888
:10D080001B68D3F8580118B100230B611368988905
:10D09000704743681B68D3F81001003818BF01209F
:10D0A000704743681B68D3F80423D2065CBF102284
:10D0B000C3F80423704743681B68D3F80423D206DF
:10D0C00044BF1022C3F80823704743681B684FF41D
:10D0D0000072C3F80423704743681B684FF4007262
:10D0E000C3F80823704738B543681D68D5F8043382
:10D0F0005B02044605D4D5F8040310F0100006D1F5
:10D1000038BDFFF7B7FF0028F5D00120F8E720462B
:10D11000BDE83840FFF7BDBF0369186801601B68B0
:10D120005A60704702680346D2F8580140B95B68FC
:10D13000DB0706D4D2F82001003818BF0120704761
:10D140000120704710B4436802691B68D3F80413C8
:10D15000C90517D5D3F82011A1B1EFF3118120240F
:10D1600084F31288BFF36F8FD3F8204134B10024C9
:10D17000C3F82041D3F820410124DC6081F31188F9
:10D18000BFF36F8F1168D3F8584171B17CB100249F
:10D190000C611168C97B19B94FF48001C3F80813F9
:10D1A00011688C7B1CB100238B7310BC7047D3F8C3
:10D1B000241121B10021C3F82411D3F824311268BD
:10D1C0001368002BF1D0516810BC184713B501AAA1
:10D1D0000446FFF7DEFE002805DB019B2268197973
:10D1E0001868E2F737F802B010BD2DE9F041066982
:10D1F00033689C89BFF35B8F94420546A8BF1446F1
:10D200001033012753E8002F002A03D143E80070B0
:10D210000028F7D1BFF35B8F0CBF3B4600232BD117
:10D220003368224698680CF0D9FBEFF3118820236D
:10D2300083F31288BFF36F8F69680846FFF772FFA8
:10D24000326840B91061044688F31188BFF36F8FCC
:10D250002046BDE8F0810B689268C3F8442500229F
:10D26000C3F84845C3F82021D3F82011C3F858214A
:10D27000D3F858219F60E7E71C46E9E7F6F7C7BCFB
:10D28000002201212320F6F709BF10B50B6813B95E
:10D290001360184605E003685C681CB114600368FD
:10D2A000186810BD083303600B68013B0B60EDE7A5
:10D2B00003460A4600681979012303FA01F103695C
:10D2C0001B68194218BF82F0010283680AB1DB684B
:10D2D00018471B69FCE710B5036804464BB11A7D7B
:10D2E0003AB1186901F0B5FA206800210830FFF75B
:10D2F000DFFFA36933B9636004F11000BDE810409B
:10D30000E9F7FABB10BD10B50069C36A8B4207D1BB
:10D3100090F89C403CB92C30FFF7DDFF204610BD53
:10D320006FF01500FBE76FF00F00F8E730B504462B
:10D330000069D0F88850D0F8903085B05DB95BBBFB
:10D340002469E36604F15400E9F7D6FB002384F86E
:10D350009C3005B030BD0BB3AB421A4628BF2A46FD
:10D36000D0F88410C0F89820009119B1002D14BF96
:10D37000114600210191D0F88C10029181B1002B4F
:10D3800008BF002203926946002201F0B5F8002888
:10D39000DFD06FF00403D3E71A46E1E72A46DFE760
:10D3A0000A46EFE7F0B587B001238DF8023002237B
:10D3B0008DF804306B4403930E4601AB0DF103016D
:10D3C00000270546029104930597E7F7FBF8041E32
:10D3D0000BDB03AA3146284600F0D9FD041E07DA0C
:10D3E0009DF803102846E7F7E7F8204607B0F0BDA0
:10D3F0003C46FAE7F8B50C46054600F07DFF0022F2
:10D4000021460646284600F024FF03212046E2F785
:10D4100089FD00F023F807462B689B5953B100267D
:10D420002146284600F066FF20460121E2F77AFDFA
:10D430003046F8BD00F012F8C01B0628ECD96FF09A
:10D440007306EDE700F150039B009BB203F18043AC
:10D4500003F5883300221A601B68704708B5E2F7AD
:10D46000D5FD08BD704707B50029ACBF00230123D7
:10D470000093B8BF00210023F6F718FE03B05DF853
:10D4800004FBC7F7E1BAC7F7EDBA7047002383F38F
:10D490001188BFF36F8F0423184602DF704738B539
:10D4A0000446E4F7CFFB05462046E4F7D1FBA5424E
:10D4B00004D0BDE83840002000F046B938BDE4F79C
:10D4C000D5BB00F043B9E4F7DBBBE4F7E5BBE4F719
:10D4D000F1BB012000F02AB908B5002000F026F9C0
:10D4E00080F00100C0B208BD07B56FF001030093E2
:10D4F000002201231146184600F01AF903B05DF826
:10D5000004FB0146002000F019B9002000F018B912
:10D5100010B590F8803004460BB1FFF7B7FF2046F6
:10D5200000F010F918B9BDE81040FFF7AFBF10BD0B
:10D53000E4F75CBBE4F768BBE4F77CBBE6F706BA4C
:10D5400010B4DBB214469DF804200193234610BCAE
:10D55000E6F7ECB8E6F798B9E6F7DEB9E6F7E0B833
:10D5600007B5002300931A46E6F7E0F803B05DF82C
:10D5700004FB0022E6F788B90021E6F7CDB908B52B
:10D5800000F0FCFA00F00703400000F050001843E0
:10D5900040F0080008BDE6F7F1BC7047E1F710BEA7
:10D5A000E1F718BEE1F720BEE1F732BEE3F736B887
:10D5B000E1F7A6BDE1F7D8BDE1F7F2BD08B5E3F7A5
:10D5C00053F8BDE80840E6F7BBBC08B500F08AF8A0
:10D5D00020B1E3F7D9F810B9E4F72EFA002008BD1E
:10D5E000BFF35F8F50E8003F013340E80032002A6C
:10D5F000F8D1BFF35F8F7047407800F00703052B29
:10D6000014BFC0F340100020704708B5E4F7F6FAE5
:10D6100018B9BDE80840E3F793B80220E3F790F8A3
:10D620000021BDE808400846E3F7BCB910B5044640
:10D63000E5F7C0F8082C19D8DFE804F01C18051825
:10D640000B0B181014000021BDE810400846E3F74A
:10D65000A9B9BDE810400020E3F748B9BDE8104083
:10D66000E3F7E4B9BDE81040E3F7C8B8BDE81040FF
:10D67000FFF70CBF10BD0020E3F762B810B50446F9
:10D68000FFF7C3FFE4F76CFA204600F04AF8BDE864
:10D690001040E4F7FBB9FFF7F9BE38B50546FFF7D0
:10D6A00094FF044668B1012211462846E3F764FA64
:10D6B000044620B10820E3F743F8E3F79FF8E4F7C6
:10D6C000BBF9204638BDE5F779BF00207047E5F784
:10D6D00083BFE5F7A1BF7047E5F740BF7047E5F7A7
:10D6E0008FBF70470020E4F70BBA08B50120E4F7BC
:10D6F00007FA18B9BDE80840FFF7C8BE08BD00F03A
:10D7000071BA7047FFF752BF08B5FFF751FF01200C
:10D7100008BDFFF74FBFFFF74FBFFFF743BFFFF74E
:10D7200043BFFFF73BBFFFF73BBF7047E4F704B8C9
:10D73000E4F71AB8E4F742B8E4F7BAB8E4F7F2B895
:10D74000FFF7ABBFE4F712B9E4F736B9E4F758B91D
:10D7500008B5E2F711FF10F11D0F11DB10F1090FF1
:10D7600010DB0A2810DD1E2810DD322810DD4628C7
:10D7700011DD5528CCBF6FF003006FF0020008BD2B
:10D780000320FCE70220FAE70120F8E70020F6E793
:10D790004FF0FF30F3E76FF00100F0E710B50446FB
:10D7A000FFF7D6FF2044C0B210BD10B50446FFF706
:10D7B000CFFF201AC0B210BD10B50446FFF7C8FF56
:10D7C000201A00B210BDFFF7F0BF08B5FFF7F4FF55
:10D7D0005C3840B208BD5C30C0B2704770477047DB
:10D7E00008B5E5F717FBFFF7F9FFFFF7F8FF08BDEE
:10D7F00008B504200121E5F78FFBBDE808400C20A7
:10D80000E5F724BCE4F706BCE4F768BBE4F73EBBED
:10D8100008B500F003F808BD704770470620704750
:10D820008000002200F0FC00E5F70EBB8000002124
:10D8300000F0FC00E5F770BB00BF00BF00BF00BFF9
:10D8400000BF00BF704737B5ADF80410C9B2044639
:10D85000154641B19DF905102A46204603B0BDE8A2
:10D86000304000F0A9B9E4F7FBF90146F4E738B518
:10D870000546E4F7E7F90446E4F7F2F92A460146DB
:10D880002046BDE8384000F097B92DE9F3410E4637
:10D89000F107044636D5036893F801809D781F7818
:10D8A00003790BB9FFF7F2FD053F7A2F00F29F8055
:10D8B00008F00707052F05F0300563D022D8042FA4
:10D8C00003D1012002B0BDE8F081B5F1300218BFEC
:10D8D0000122002AF5D0102D03D0202D56D0002D86
:10D8E000EFD123689B781A070CD413F00C0FE8D102
:10D8F000E4F798F908B9002F77D1236893F902303B
:10D90000002BDEDAB30763D52379012B01D8FFF7AB
:10D91000BDFDA6792368E57993F80180FF2E14BF39
:10D92000F6180026FF2D14BFED18002508F0070893
:10D93000F6B1E4F7A1F90222014630460CF08DF869
:10D94000B0B14FF6FF77022201A93046ADF804705E
:10D950000CF083F860B1B8F1000F46D1E4F78CF910
:10D9600002226946ADF800700CF077F800283CD12F
:10D97000A5B3647C022C10D0082C2BD074B3FFF715
:10D9800085FD9EE7B5FA85F25209A2E718F0040F6B
:10D9900097D1E37CFF2BB5D193E7E4F787F92246D3
:10D9A000014628460CF059F890B14FF6FF73224615
:10D9B00001A92846ADF804300CF04FF840B1E4F767
:10D9C00081F9014688B1224628460CF046F860B934
:10D9D000002077E7E4F75CF90146F4E7E4F722F981
:10D9E0000028F5D1B8F1000FF2D003206AE7092032
:10D9F00068E703785A0607D14278DB0943EA420315
:10DA00007E3BDBB2012B04D9884234BF00200120C9
:10DA1000704701207047837AFF2B12D00268D35CD5
:10DA2000012003F00703984010F0220F0BD110F0F3
:10DA3000440F0AD100F08800003818BF012000010F
:10DA40007047002070470420704708207047022864
:10DA500004D0C31E58425841C0007047042070478C
:10DA600010B40C461146A0B1802C12D818600022C8
:10DA70004FF0FF30C3F811005C71C3F80600C3F823
:10DA80000A00D8811874586110BC1A711846E5F75D
:10DA90003DBB002010BC70470B46802B114605D8BB
:10DAA00042799A4238BF4371E5F730BB0020704796
:10DAB000012070477047FFF72CBEFFF72CBE10B552
:10DAC000034690F8210098B10C785A7EA24210D1FA
:10DAD00072B1486860B103F11001531E022B9ABF66
:10DAE0009200033A00220BF0B8FFB0FA80F0400930
:10DAF00010BD0020FCE708B5E6F7B0F9BDE8084026
:10DB000000F028B808B500F026F8BDE80840E5F7B1
:10DB1000A9BF10B503685B7803F00702052A044625
:10DB200001D09B0601D4FFF7B1FC23689B7803F07A
:10DB30003003102B02D0202B05D04BB92046BDE876
:10DB40001040E6F79BB92046BDE81040E5F7A8BFB6
:10DB5000002010BD704770470020704702207047BA
:10DB6000002070470020704770477047704770472B
:10DB7000704770470020704770477047002070471B
:10DB8000002070477047002070474FF0FF3070470B
:10DB90004FF0FF3070474FF0FF3070474FF0FF30CD
:10DBA000704770474FF0FF3070474FF0FF307047BD
:10DBB000002070470020704713B508461446E6F76A
:10DBC0007BF9002340F307202070637002B010BD82
:10DBD00007B5E6F771F9C0B203B05DF804FB0023A6
:10DBE00003707047704770474FF0FF3070477047C1
:10DBF0000020704770470020704700207047406B3E
:10DC0000036A1847704770477047704770477047FE
:10DC100070474FF08053D3F83021082A03BFD3F860
:10DC20003401B0FA80F0400900207047034600201C
:10DC3000184700F00EBE10B502461168B1B1BFF32F
:10DC40005B8FB1FA81F3C3F11F000123834021EA06
:10DC5000030352E8004F8C4204D142E8003CBCF17F
:10DC6000000FF6D1BFF35B8FE7D110BD6FF00B0053
:10DC7000FBE710B50368CB40DB0714D401238B40CE
:10DC80000268BFF35B8F43EA020150E8004F944201
:10DC900004D140E8001CBCF1000FF6D1BFF35B8F4C
:10DCA000EED1002010BD6FF01500FBE770B50C46FB
:10DCB0000021054608461646E6F7A4FA48B9337827
:10DCC000DB0003F1804303F5F833C3F81055C3F8C4
:10DCD000144570BD10B1012802D07047E6F76EBB45
:10DCE000E6F71EBB18B1012803D100F019B800F007
:10DCF00032B8704708B5E6F72FFBBDE80840E6F7F5
:10DD00009DBB4FF08053D3F83021082A06D1D3F8B9
:10DD1000340102288CBF002001207047002070478A
:10DD2000E6F7C4BA38B54FF080440223C4F808338C
:10DD30000123E3600023C4F80431D4F8043142F233
:10DD40001075D4F81834DB0304D50120FFF771FFF8
:10DD5000013DF6D138BDFFF7E5BFF7B5019001A849
:10DD6000DDE9084716461D46E6F7A0FB019BB6F124
:10DD7000000C18BF4FF0010C00EB83000B1E18BF06
:10DD80000123002D43EA4C030CBF4FF0000C4FF071
:10DD90000C0C002C43EA0C030CBF4FF0000C4FF4AA
:10DDA000E06C002F43EA0C03D0F800270CBF4FF0C3
:10DDB000000C4FF4403C43EA0C0322EA030301B198
:10DDC00009780EB13678760019430DB12D78AD0083
:10DDD00031430CB12478240229430FB13F783F042A
:10DDE0000C433C43C0F8004703B0F0BD1FB50DF134
:10DDF0000F03019300238DF80F1000931A46194664
:10DE0000FFF7ABFF05B05DF804FB10B5044608460C
:10DE1000E6F75CFB04EB4004207DC0F3401010BD2E
:10DE200010B504460846E6F751FB04EB4004207D9C
:10DE3000C0F3400010BD10B504460846E6F746FBA7
:10DE400004EB4004A08A400B10BD70B504460846A0
:10DE50001646E6F73BFB08300D4634F81030DA057D
:10DE600009D5C3F3432304EBC302314654F83330DE
:10DE7000526828469847A3682BB1E2683146284685
:10DE8000BDE87040184770BD10B504460846E6F777
:10DE90001DFB04EB4000838ADA051DD5C3F3432143
:10DEA00023F4F853838204F1120204F1720032F871
:10DEB000023F13F4807F03D0C3F3432399420BD076
:10DEC0008242F4D104EBC10300225A6004F17800CD
:10DED000BDE81040FFF7CDBE10BD10B50446FFF7FA
:10DEE00094FF38B12046FFF7A6FF800000F5807050
:10DEF00080B210BD4FF4BE70FBE7F0B5034600F5ED
:10DF00008074002005460127844695420AD1D3F843
:10DF10007C2132B10022C3F87C21D3F87C3140F05F
:10DF20000040F0BD25F0404607FA06F6314209D020
:10DF3000D4F800E0BEF1000F04D0C4F800C0D4F85B
:10DF400000E0304301350434DFE738B504460D46C0
:10DF5000FFF75BFFA8B12046FFF762FF88B92046B4
:10DF6000FFF769FF226801238340C2F80833236862
:10DF700003EB8000D0F8103523F00303C0F8103510
:10DF800038BD28460021BDE83840FFF72FBF2DE9F6
:10DF9000F043174685B004460846E6F797FAD7F8E7
:10DFA00000800E460546B8F1000F1ED02046FFF750
:10DFB00037FF18B12046FFF728FF20BB0023CDE92B
:10DFC00000338DF80E308DF80F300DF10F024346FF
:10DFD0000DF10E013046FFF7C0FE04EB4502938AB7
:10DFE00023F0020343F0010393827B689BB3314625
:10DFF000204693F80080D3F80490FFF711FF28B172
:10E00000B9F1000F1FD06FF0150027E004EB4500B9
:10E01000838A23F4604323F020038382B9F1000F45
:10E0200011D0B8F1030FEED87B6821685B6893F8D4
:10E0300000C04FEA8C031944B8F1000F11D1C1F8A8
:10E040001085C1F8108504EB4502938A23F01C0368
:10E0500043EA88039382BB6843BB002005B0BDE858
:10E06000F083D1F8102522F00302C1F810252268B0
:10E070001344D3F8102522F44F3222F44072C3F82F
:10E0800010253202D3F8101502F47C5242EA0842FD
:10E090000A43C3F8102504EB4C03A3F87C60838A81
:10E0A00043EA4C3343F020038382CCE7D3E9007882
:10E0B00031462046FFF7E8FE002FCED063689F422E
:10E0C00006D004F17800FFF7B6FD002804DAC5E7B2
:10E0D000A3689845F5D1002004EBC003C3E901789B
:10E0E00004EB4505C0B2AB8A43EA402343F4807396
:10E0F000AB82B2E72DE9F043054685B008461646E7
:10E100001F46E6F7E3F90C46804626B32846FFF79C
:10E1100087FE18B92846FFF778FE18BB05EB4809BB
:10E12000B9F8143003F01C0313B17378012B19D024
:10E1300001238DF80F300023CDE90063721CB31C5E
:10E140000DF10F012046FFF708FEB9F8143043F037
:10E150000303A9F81430002F3FD021462846FFF7CB
:10E160005FFE20B96FF0150005B0BDE8F0833E7882
:10E170002B6803EB86030022C3F81025C3F8102593
:10E1800005EB48024FEA860C938A23F4604323F0A0
:10E1900020039382787800B32968BF786144000433
:10E1A000D1F8103523F4991323F4F853C1F810353E
:10E1B000230200F4403003F47C5303433805D1F8C4
:10E1C000105500F4801003432B43C1F81035938A97
:10E1D00043EA463343F0200393820020C4E7C0E9BA
:10E1E0000312704770B504461546FFF70EFE48B19E
:10E1F0000846E6F76BF904EB40040020A38A5B0BAA
:10E200002B7070BD6FF01500FBE738B590F88C40AF
:10E2100005469CB96022214614300BF006FC2868A4
:10E22000C0F87C41D0F87C3140F30730C6F70CFCD5
:10E23000012385F88C30AB67204638BD6FF077003E
:10E24000FBE790F88C00003818BF01207047E6F714
:10E2500077B92DE9F34104461746FFF7D6FD0D4681
:10E260002668F0B12046FFF7DBFD8046C8B920469E
:10E27000FFF7E1FD820002F5807346F80380F35852
:10E2800023681344D3F8102542F00102C3F8102587
:10E2900027B1226801238340C2F8043302B0BDE8ED
:10E2A000F081D6F80433002BA4BF4FF00043C6F82A
:10E2B00004332846E6F70AF904EB4004A38AC3F3C3
:10E2C0008203042B12D0052B12D001A80195E6F78A
:10E2D000EDF8019BD0F81015D94001F00101023191
:10E2E000284602B0BDE8F041FFF780BD0321F7E703
:10E2F0000221F5E7FFF729BEFFF7EFBD4FF080538E
:10E300001A695869504370474FF080531869704735
:10E310004FF080535869704700F180431A68002A13
:10E320001FBF00221A601B68012008BF0020704731
:10E330004FF080434FF46072C3F8042370474FF0EE
:10E3400080434FF46072C3F80823704708B5E6F7BE
:10E35000A9FABDE80840FFF7CDBC10B5A1F580745F
:10E36000A4080123A34018400AD001F1804101F51F
:10E37000E041086820B10020086009680AB901205E
:10E3800010BD116819431160F9E708B5002101209B
:10E39000E6F71AFB0028F9D008BD08B500212020B7
:10E3A000E6F712FB0028F9D008BD08B50246E6F7EB
:10E3B000DDFA20B9BDE808401046E6F7DFBB6FF094
:10E3C0000F0008BD07B5019001A8E6F769FF019AA3
:10E3D00001239340C0F8083503B05DF804FB07B58E
:10E3E000019001A8E6F75CFF019A01239340C0F871
:10E3F0000C3503B05DF804FB37B5D0F818358A69E1
:10E40000DBB28DF807300B6A93423EBF4A699DF834
:10E410000740D4540B6A91F824405A1C0A62023314
:10E420003CB10C69A3428C6938BF0B619C4288BF28
:10E430008B610C699C4206D9CA68D35CC0F81C3554
:10E44000012003B030BD8D699D4201D9CB7FF5E736
:10E45000AC4238BF2C46A2422CBF00200120F0E77E
:10E4600070B590F820600446BEB9C0E9012351B1EF
:10E47000CB7B80F82930CB7880F822304B7980F83C
:10E480002330E6F733FF226801230020C2F800356D
:10E4900084F8210084F8203070BD6FF07700FBE72E
:10E4A00038B5D0E90053044633B145F30730C6F719
:10E4B000D9FA0423C5F808330023C5F8003594F8C9
:10E4C0002930ABB9D5F80805E6F796FFD5F8100561
:10E4D000421C01D0E6F790FFD5F80C05431C01D093
:10E4E000E6F78AFF94F82200FF2801D0E6F784FFC0
:10E4F000002384F8203038BDF8B590F82130044668
:10E500000E461746002B55D1436813B1012380F8FE
:10E51000213096E80F0004F1100585E80F0094F80B
:10E5200022000023FF2884F8283001D0FFF757FF8E
:10E530002FB1002384F821306FF08500F8BD2568E5
:10E5400067620423C5F80833C5F80871D5F80831A7
:10E5500073688BB133681B78C5F81C357368012B61
:10E560000DD933685B78C5F81C3566686EB1042335
:10E57000C5F804330020E1E794F82330ECE7F368B2
:10E58000012BF2D994F82330EDE7211DD5F808319D
:10E59000002BFBD0C5F808612846D5F80831FFF7F5
:10E5A0002BFF0028F2D194F82200FF28E2D0FFF7D9
:10E5B00009FFDFE76FF00F00C0E770B501460446C2
:10E5C00051F8040B0025C0F80851D0F80831FFF7C6
:10E5D00013FF78B994F82200FF2801D0FFF7F2FE6C
:10E5E000204684F8215000F80C5FD4E90131BDE8E1
:10E5F0007040184770BD0020E6F75EBF73B50E4649
:10E6000014460546E8B1E2B11046C1F7F5FD2246D1
:10E61000204482420AD13246002128460BF005FAF6
:10E620002E44B54210D1002002B070BD12F8013B5B
:10E63000A3F130010A29ECD923F02003413B052B3B
:10E64000E7D96FF01500EFE72046102201A9F3F794
:10E6500035FC019C05F8010B01340194E1E770479A
:10E660007047704708B5E7F70BFAFFF7F8FFBDE80A
:10E670000840FFF7F6BF10B50446E7F7D9FA204681
:10E68000FFF7EEFF2046BDE81040E7F749B86FF00E
:10E690006300704710F1870F06D030B110F18A0F78
:10E6A0000CBF03200120704707207047034638B194
:10E6B000006828B19888884234BF00200120704744
:10E6C000704708B5EAF7F0FCBDE80840C5F7B8BDEB
:10E6D00008B529B101F051FABDE80840FFF7DABFEB
:10E6E000072008BD08B501F0DDF9BDE80840FFF7D7
:10E6F000D1BF10B586B018220446002168460BF041
:10E7000094F96946204601F0F2F90446684601F0A2
:10E71000F4FBB4FA84F0400906B010BD10B5C02176
:10E720000446FFF7C3FF30B10A46206800210BF012
:10E730007CF9002010BD0720FCE708B5C021024687
:10E74000FFF7B4FF30B1106801F016FBBDE80840D8
:10E75000FFF7A0BF072008BD38B505460C4659B1E4
:10E76000C021FFF7A3FF38B12868214601F074FBF0
:10E77000BDE83840FFF78EBF072038BD37B50546E6
:10E780000C4669B1C021FFF791FF48B1286801AB81
:10E79000214601F07CFB03B0BDE83040FFF77ABFB3
:10E7A000072003B030BD08B504210246FFF77EFF05
:10E7B00018B113680020186008BD0720FCE710B5E9
:10E7C0000A46044641B10421FFF770FF20B12368D7
:10E7D00092681A60002010BD0720FCE700207047F7
:10E7E000EAF762BC08B501F086FBBDE80840FFF718
:10E7F00051BF70B5049C0D461846D4E902138B42F4
:10E80000164603D00131A160002070BD216871B1AE
:10E81000636863B11B889D4228BF1D462A46B047E6
:10E82000002804DC6FF0040323610120EDE7636836
:10E8300003B11D800023F7E7C5F702BD08B5084600
:10E8400011460122E7F7CAFC002814BF1720002058
:10E8500008BD08B1C6F7F2BD704710B5436904465C
:10E860003BB90020E268537843F001035370404203
:10E8700010BD98470028F4D00028B8BF4042E36894
:10E88000FF28A8BFFF201870ECE740B1C368587894
:10E8900010F001001EBF1878B0FA80F040097047F0
:10E8A000EFF31183202383F31288BFF36F8FFEE70A
:10E8B0002DE9F04F89B0DDE912680592434605461F
:10E8C000324606A80F4600F0DDFCDDE90634CDE94E
:10E8D0000234EFF311844FF0200989F31288BFF35B
:10E8E0006F8F05F10C0A05F1140B059A149B39463C
:10E8F0002846984730B184F31188BFF36F8F09B071
:10E90000BDE8F08F56EA0806F5D0DDE9022306A837
:10E9100000F0DDFCDDE906685246CDE900682146DD
:10E920005846E8F711FFEFF3118489F31288BFF31B
:10E930006F8FDAE710B400F10C04C0E9034400243F
:10E94000047510BCF3F71FBF38B50446EFF311850B
:10E95000202383F31288BFF36F8FC3F735FE04F1D2
:10E960000C0000F0F9FB30B1294604F11400BDE8B9
:10E970003840E8F771BE85F31188BFF36F8F38BD5B
:10E9800010B582696AB1C36842EA0301890708D1F8
:10E990004169A2FB011424B95B182CBF012100219D
:10E9A00002D36FF0150005E001619B1A42698A42AB
:10E9B00001D8002010BD02691A608269036101312B
:10E9C0009B1AF3E72DE9F04105460F46EFF3118856
:10E9D000202383F31288BFF36F8F0669FEB90468A2
:10E9E000A0421CD0DCB1D4E9003213605A60237C11
:10E9F000A66023F002032374C4E9006604F1180042
:10EA0000E9F762F92046C4F884606761E8F71CFD05
:10EA1000414605F10800BDE8F041E8F71DBE3E6043
:10EA2000EB692F61013BEB6188F31188BFF36F8FB6
:10EA3000BDE8F08110B52024EFF3118384F3128830
:10EA4000BFF36F8FF5F754FBF6E7D0E900321360A0
:10EA50005A60027C002322F00202C0E900330274F3
:10EA60008360704713B501240094E7F77FFE02B07E
:10EA700010BD90F90E308B4201D0E8F797BE002010
:10EA8000704703460020C3E90200C3E90033704722
:10EA9000D0E9003213605A60027C002322F00202A7
:10EAA000C0E900330274836070472DE9F04190465D
:10EAB0009DF81820079E04460D4602B1456822467F
:10EAC00052F80C7F974217D0B7B13846FFF7E0FFF6
:10EAD00007F11800E9F7F8F80023C7F88430C7F801
:10EAE00014803846E8F7B0FC04F108003146E8F736
:10EAF000B3FD0020BDE8F081A3B10820E9F78CFB4D
:10EB0000002838D00122C0F804800260016801F0BA
:10EB100003015DB922680A430260626820606AB935
:10EB200060600BE0C8F800304046EFE72A68032A2F
:10EB300016D80160616869B9C4E90000042104F1D4
:10EB4000140000F0FAFC0028CED186F31188BFF340
:10EB50006F8FCFE70A6802F0030202430A60DFE723
:10EB600022F003020A4302602A6802F0030240EA2C
:10EB700002032B60E2E76FF00B00E6E70023C0E939
:10EB80000033037200F10C03C0E9033300F11403F6
:10EB9000C0E90533704770B50546EFF311862023B1
:10EBA00083F31288BFF36F8F034653F80C4F9C42D8
:10EBB0001BD074B12046FFF76BFF04F11800E9F792
:10EBC00083F80023C4F8843063612046E8F73CFCF6
:10EBD0000124082105F1140000F0AFFC38B934B964
:10EBE00086F31188BFF36F8F70BD0024F1E73146C3
:10EBF00005F10800BDE87040E8F72EBD07B50A46EC
:10EC0000EFF31183202181F31288BFF36F8F0193FB
:10EC10000123009300231946FFF747FF03B05DF877
:10EC200004FB07B50A46EFF31183202181F3128814
:10EC3000BFF36F8F0193002300931946FFF735FF51
:10EC400003B05DF804FB13B50A46EFF311812023EE
:10EC500083F31288BFF36F8F03683BB901240191DE
:10EC600000941946FFF721FF204606E0934206D1A3
:10EC700081F31188BFF36F8F002002B010BD1B68B5
:10EC800023F00303E9E7EFF31183202282F31288D4
:10EC9000BFF36F8F006818B10268920718BF406811
:10ECA00083F31188BFF36F8F7047EFF31183202236
:10ECB00082F31288BFF36F8F406818B10268920721
:10ECC00018BF406883F31188BFF36F8F70475AB144
:10ECD0008A4209D300F11003C0E90212C0E9000022
:10ECE000C0E90433002070476FF0150070470268D8
:10ECF00001238B4022EA0303036022FA01F000F0B3
:10ED0000010070477047F8B504460E460C300321E9
:10ED1000FFF7EDFF054630B1103420272046E8F715
:10ED2000D3FF0B3001D02846F8BD336883F3118838
:10ED3000BFF36F8FEFF3118387F31288BFF36F8FE9
:10ED40003360EBE770B5C368C3F340069B07044626
:10ED500016D4856802210C30FFF7C9FF80B1D5F8C1
:10ED60008C206AB194421DD122689EB9D5F89030AA
:10ED7000C5F88C209C4201D1C5F890200023236067
:10ED8000E36813F01F001EBF43F00203E36040F08E
:10ED9000020070BD3260D5F89020944208BFC5F8DB
:10EDA0009060EBE716461268DBE738B5E0B150F843
:10EDB000944F844218D0BCB1D4E9003213605A6039
:10EDC000237C002523F00203C4E900552374A560C9
:10EDD00004F11800E8F778FFC4F884506561204614
:10EDE000BDE83840E8F730BB38BD73B50446EFF3F3
:10EDF0001185202383F31288BFF36F8F0023A0F1C6
:10EE00001006032104380193FFF771FF28B1A369AD
:10EE1000019301A93046E8F717F885F31188BFF38D
:10EE20006F8F02B070BD38B504460D461022002128
:10EE30000AF0FBFD656038BDEFF31183202282F3F9
:10EE40001288BFF36F8FC06800F01F0083F3118832
:10EE5000BFF36F8F704713B501900846EFF311842D
:10EE6000202383F31288BFF36F8F01A9E7F7ECFF2C
:10EE700084F31188BFF36F8F02B010BD10B5FFF798
:10EE8000EAFF041E08DDEFF31180202383F31288CC
:10EE9000BFF36F8FE8F7F6FC204610BD70B50D4646
:10EEA000EFF31186202383F31288BFF36F8FE8F707
:10EEB0001DF8044686F31188BFF36F8F38B14FF009
:10EEC000FF324FF0FF3305F11000E7F751FE204607
:10EED00070BD08B5A82200210AF0A7FD08BD38B50D
:10EEE000302204460D4600210AF09FFD4FF4807346
:10EEF0006560E36038BD37B50446EFF31183202227
:10EF000082F31288BFF36F8F01A90193FFF7FBFE15
:10EF10002046019DFFF716FF85F31188BFF36F8F21
:10EF200003B030BDF7B505460E46EFF3118420233C
:10EF300083F31288BFF36F8FC36803F01F03002BA6
:10EF400014BF012700270CD001A90194FFF7DBFEB5
:10EF50002846019CFFF7F6FE31462846E7F756FFA4
:10EF6000034684F31188BFF36F8F3BB14FF0FF323C
:10EF70004FF0FF3306F10800E7F7FAFD384603B01B
:10EF8000F0BDC0E9000000207047EFF305800038B5
:10EF900018BF012070476FF057007047002070477E
:10EFA00038B58589EFF31181202282F31288BFF3EF
:10EFB0006F8F037C13F0080404D081F31188BFF332
:10EFC0006F8F38BD0122E8F7A9FAEB07F9D584F372
:10EFD0001188BFF36F8F0423184602DFF1E7E8F7CB
:10EFE00071BBD0E9003213605A600023C0E90033DE
:10EFF000704708B5FFF7F5FF037C23F002030374A5
:10F000000023836008BD10B5EFF31184202383F340
:10F010001288BFF36F8FE8F717FA84F31188BFF3F4
:10F020006F8F10BD38B504460D46E8F74DFA237CC6
:10F0300043F002032374D5B1A5602B689D4209D12A
:10F040006B68C4E900531C606C6010E06A689A4207
:10F05000F6D01B68002BF3D093F90E1094F90E2014
:10F060009142F3DD5A68C4E9003214605C6038BD37
:10F0700008B5EFF31181202282F31288BFF36F8F5E
:10F0800083680BB1FFF7B5FF81F31188BFF36F8F72
:10F0900008BD08B5037C13F0280F01460CD1836826
:10F0A0000BB1FFF7A6FF0B7C23F004030B7408469B
:10F0B000BDE80840E8F7C8B908BD38B50446EFF325
:10F0C0001185202383F31288BFF36F8FE8F73EFE8C
:10F0D00018B9A4F11800FFF7DCFF85F31188BFF31E
:10F0E0006F8F38BD08B50346EFF31181202282F3FC
:10F0F0001288BFF36F8F0068834207D008B1FFF713
:10F1000078FF81F31188BFF36F8F08BD0020F8E707
:10F1100070B50546EFF31184202383F31288BFF303
:10F120006F8F83680BB1FFF764FF183520262846E0
:10F13000E8F7CAFD0B3004D084F31188BFF36F8F5A
:10F1400070BD84F31188BFF36F8FEFF3118486F3E2
:10F150001288BFF36F8FEAE770B50546EFF31186AB
:10F16000202383F31288BFF36F8F04680020A54229
:10F1700004D186F31188BFF36F8F70BD002CF8D0D7
:10F180002046FFF736FF04F11800E8F79DFD204602
:10F19000E8F75AF92C680120E9E738B50C4605462E
:10F1A000E8F7AAFBB4F1FF3F08BFB5F1FF3F1FBF6F
:10F1B00047F6FF7300224FF47A71E0FB01321ABF69
:10F1C000D80B40EA42404FF0FF3038BD2DE9F04700
:10F1D00006460F4691469A46EFF31188202383F3A3
:10F1E0001288BFF36F8F0068864206D028B173681B
:10F1F000984214BF0568002568B90024B9F1000FD2
:10F2000002D051462046C84788F31188BFF36F8F5C
:10F210002046BDE8F0875146B84704460028EDD1A6
:10F2200035B17368AB4200D02C6828462546E3E729
:10F230002C46FAE708B5E8F7E5FBBDE80840E8F733
:10F2400011BC70B5EFF31186202282F31288BFF350
:10F250006F8F03686BB1E8F78FFC04460D46E8F743
:10F2600083FC201A65F1000186F31188BFF36F8FCC
:10F2700070BD18461946F7E708B5E8F7F1FD08BD77
:10F28000E8F7EEBDB3F1FF3F08BFB2F1FF3F70B545
:10F2900006461D46144614D01A4316D0002B08DB30
:10F2A000E8F7DEFD041941EB0501C6E900413046EF
:10F2B00070BD6FF001031C1B4FF0FF3363EB0501C2
:10F2C000F3E74FF0FF342146EFE70024FBE7B3F10B
:10F2D000FF3F08BFB2F1FF3FF8B5074616461C4690
:10F2E00010D054EA020311D0E8F7BAFDB0420A4642
:10F2F000A14103460AD2F31A64EB0204C7E90034C1
:10F300003846F8BD4FF0FF331C46F7E70023FBE714
:10F3100030B50023C0E90812002400F118020025CE
:10F32000C0E90622C0E90033C0E902450363436334
:10F3300030BD0346EFF31182202181F31288BFF321
:10F340006F8F0021006B196382F31188BFF36F8FF9
:10F35000704730B5D0E90034984208D03CB1A56878
:10F36000DDB112F9522C15F9525CAA4207DDC1E950
:10F370000004216041600FE0A342F8D01B68002B1D
:10F38000F5D09D684DB115F9525C9542F4DD5A688F
:10F39000C1E900321160596030BD00239B7BFFDE64
:10F3A0002DE9F84F00250F461446984601462E4693
:10F3B0004FF0200AA946BD4202DB3046BDE8F88F77
:10F3C000EFF3118B8AF31288BFF36F8F4B7B03F03F
:10F3D0003F03082B09D853B1013B072B07D8DFE8BF
:10F3E00003F0281C06220606062E102B2DD0B8F19D
:10F3F000000F3BD12378002B38D04B7B03F03F0329
:10F40000082B3AD8002B3AD0013B072B37D8DFE83E
:10F4100003F04339363F363636460B699B68002B7E
:10F42000E5D0022317E00B691B68002BDFD0042313
:10F4300011E00B699B68002BD9D001230BE00B690D
:10F440005B6A002BD3D0102305E00B69DA895B8956
:10F450009A42CCD02023CA68C1F80890C2F3863003
:10F46000034363F39432CA6084F800908BF31188ED
:10F47000BFF36F8F013514319DE7102B13D08C60D3
:10F480000136F3E7086922461030FFF762FFF6E71E
:10F49000086922461430F8E708692246F5E708694A
:10F4A00022462830F1E7086922463030EDE72DE9A1
:10F4B000F843846805460E46D4B16378012B22D107
:10F4C00014F8503C9A0711D5A4F160073846FFF7AD
:10F4D0001FFE082E14BF00236FF00303636214F8AD
:10F4E000503CDB0602D13846FFF78DFD0023237028
:10F4F0000023AB60EB68C3F38632164366F39433A4
:10F50000EB60BDE8F883022BF0D12378002BEDD01F
:10F5100054F8048CB8F1000FE8D027464FF00009EA
:10F5200007F8149904F11400E8F7CEFBC4F82C9006
:10F5300039464046FFF78FFCD8E738B5EFF3118521
:10F54000202383F31288BFF36F8F0468A04211D089
:10F55000D4E9003213605A600023C4E90033204626
:10F56000FFF7A5FF85F31188BFF36F8F201E18BF2B
:10F57000012038BD0024F5E72DE9F3470446DDE915
:10F580000A9815460E4659B302F0010AE8F722FA26
:10F590000746EFF31181202383F31288BFF36F8FA7
:10F5A000A80744BF0023A360A36803EA0600BAF1DA
:10F5B000000F0CD086420CD16A0744BF8343A3607E
:10F5C00081F31188BFF36F8F02B0BDE8F087002888
:10F5D000F2D159EA080305D181F31188BFF36F8F87
:10F5E0000020F1E7C7E919652246CDE9009804F14A
:10F5F0000C00E8F7A9F80028F2D1786EE4E710B51E
:10F600000446D0E919020B6812F0010F03EA000367
:10F6100001D0984210D17BB16366520742BF4A685D
:10F620001A434A6004F11800E8F74EFB0023C4F8BF
:10F6300084302046FFF72DFD002010BD0A46E8F774
:10F64000A3BD0A460021E8F79FBD5200FFF794BF13
:10F65000043270B504460ED2EFF31185202686F3EE
:10F660001288BFF36F8F41F00401984785F311882A
:10F67000BFF36F8F08B9002070BD40F8044BFBE763
:10F6800010B5014670B151F8040DEFF31184202339
:10F6900083F31288BFF36F8FC2F796FF84F311884C
:10F6A000BFF36F8F10BD73B515461C4600260DF1D4
:10F6B00007030DF106028DF80760E8F7F7FE58B969
:10F6C0009DF8070004B120709DF80620294602B07D
:10F6D000BDE87040E9F77EBE304602B070BD10B4A0
:10F6E0000124019B019410BCE8F712BF08B503790F
:10F6F000934206D10830E9F7F7FEBDE8084000F074
:10F70000DAB86FF0860008BD08B5036803F0FE4361
:10F71000B3F1806F04D10830E9F77AFE002008BD0C
:10F720006FF08800FBE72DE9F04796B004469A4653
:10F730000E4690460021442205A8DDE92257DDF857
:10F740007C900AF072F92146CDF800A0434632467B
:10F7500005A8FFF7C4FF044668B9B9F1000F0ED140
:10F7600003ABCDE90073DDE920122B4605A8E8F7CD
:10F7700043FF044660B105A8FFF7C6FF1DE01E99D0
:10F780004A4605A8FFF7B2FF04460028E8D0F2E792
:10F79000039A05B1154404ABBA1A294605A8E8F73F
:10F7A000C5FF04460028E6D1DDE903321344249A5C
:10F7B00005A81360FFF7A8FF0446204616B0BDE871
:10F7C000F08710B5044608B1E9F79AF92046BDE87C
:10F7D0001040E9F785B900F4E040B0F5805F04D04F
:10F7E000A0F500535842584170470120704738B582
:10F7F000037904460D4653B963692B60237E012BC0
:10F800004FF000000AD028606FF0960005E0D0E9C4
:10F81000081200F0C9FB0028EED038BD0223237681
:10F82000FBE73AB1002918BF0023D21A212118445E
:10F830000AF0FBB870472DE9F341D0F8048047691E
:10F84000044640460E4600F080FB054660BB5FFA6A
:10F8500088F31BB93FB16FF0860525E0013F6FF0DB
:10F8600040439F42F7D2A06820F47F4020F003007D
:10F870000028F0D162884FF6F8739A4218D8277999
:10F8800007B901A83146E9F79FFC054660B90FCCDE
:10F89000D6F800C066460FC694E8030086E8030069
:10F8A00017B9019BCCF81430284602B0BDE8F081AE
:10F8B0006FF08505F8E700F6FF7240F67E739A4216
:10F8C0001DD9434213F07F0306D03D2BC3F1000046
:10F8D00028D16FF09300704710F1920F22DA10F5E3
:10F8E000A14F0AD018DC10F5C74F3DD023DB10F52F
:10F8F000C54F14D010F5C14F1DD16FF08500704772
:10F90000683040F25513C34013F0010F0CBF6FF085
:10F9100083006FF08600704710F5994F0BD16FF0A0
:10F920008600704710F13C0F10DA10F15F0F05DA16
:10F9300010F1680FE4DA6FF08300704710F1400FA8
:10F9400014BF6FF083006FF0930070470028D6D08B
:10F95000F1DC10F1220FD0D010F1200F14BF6FF0A6
:10F9600083006FF0850070476FF09600704741F29A
:10F97000052398421AD8B0F5905F09D241F20103ED
:10F9800098420CD0B0F5885F09D06FF085007047C1
:10F99000A0F5905080B22923C340DB07F5D511F0C4
:10F9A000070F14BF6FF0860000207047B0F5105F9E
:10F9B000EBD121F04003802B06D0B1F5807F14BF3E
:10F9C0006FF08600002070470020704770B5046A11
:10F9D00005460E463CB90120E9F77CF8286228B1BB
:10F9E0006E62204670BD6FF08A00FBE76FF08C00FE
:10F9F000F8E7F8B50F46114606461546FFF7E6FF4D
:10FA0000044620B9306A2A46394609F0E7FF204605
:10FA1000F8BDF8B504460F4600881E46154692B15B
:10FA2000FFF7D9FE78B1089BD10019602088FFF755
:10FA30009EFF044628B93946304609F0CFFF079BA0
:10FA40001D602046F8BD6FF08504FAE710B5044646
:10FA5000006A10B1616AFFF7B4FE0020C4E9080033
:10FA600010BD38B50446FFF7F1FF237E012B0FD000
:10FA7000023B012B0FD8E369012B14BF6FF09605F1
:10FA8000002528220021204609F0CFFF284638BD56
:10FA9000E369002BF1E76FF09605F2E708B1FFF795
:10FAA000E0BF704713B50446C0B101A9E9F7CCFB2C
:10FAB000044698B9019B1A7E022A12D103221A76B3
:10FAC0001A79FF2A10D01AB1586900F051FA044689
:10FAD000019800F023FA002818BF0446204602B01F
:10FAE00010BD6FF09604F3E76FF08404F0E773B590
:10FAF000054608460C4600F000FA00231A4601A904
:10FB00002846E9F743F950B9019E35460FCD0FC499
:10FB100095E8030084E80300304600F014FA02B0D0
:10FB200070BD70B514460288049E10461D46FFF74E
:10FB300052FE68B922F4405044F20103984207D0C3
:10FB400002F44F42B2F5824F02D0B2F5844F0ED18B
:10FB5000B4420FD82246284609F040FF321B00214C
:10FB6000281909F062FF059B00201C6070BD6FF032
:10FB70008500FBE76FF08900F8E72DE9FF41884633
:10FB80001F4616460AB300233B60012203A9E9F78A
:10FB9000FDF8044690B9039D6B681B0AD5E908126D
:10FBA00010D1CDE9006743462846FFF7BAFF044667
:10FBB000284600F0C8F9002C08BF0446204604B0CF
:10FBC000BDE8F0816FF08604F2E76FF08904F5E795
:10FBD0002DE9F0411E4686B0002305460F460493EA
:10FBE00033609046002A53D0B2F1005F53D204A98B
:10FBF000FFF721FE044668B90498436A73B104987C
:10FC00006A6843880593120A036A50F8241F0FD0CC
:10FC10006FF086040498FFF741FF2FE06B681B0A22
:10FC2000F6D14146FFF7D2FE04460028E7D0F1E7BF
:10FC300005AACDE901020091424639462846FFF760
:10FC4000E8FE04460028E5D10499059B4A88CAB914
:10FC50004B804FF6F872934217D82B88049813B153
:10FC600002889A42D4D16B8813B142889A42CFD18C
:10FC70003146FFF7BCFD04460028CBD1204606B034
:10FC8000BDE8F0819A42C3D1E3E76FF08504C1E794
:10FC90006FF08604F2E76FF08504EFE710B50446D5
:10FCA000006830B1012805D1201DE9F797FD002338
:10FCB000236010BD6FF08800F9E738B50C46016885
:10FCC000054691B904F0FE43B3F1007F13D1031D43
:10FCD0006C22184609F0A9FE2146E9F791FD044679
:10FCE00028B901232B60204638BD6FF088042846D0
:10FCF000FFF7D4FFF7E76FF08604F8E738B505465D
:10FD0000006878B112B90024204638BD012809D115
:10FD1000281DE9F7A1FD04460028F4D02846FFF786
:10FD2000BDFFF1E76FF08804F8E738B500241C60E8
:10FD30000546006868B1012808D1281DE9F79EFD35
:10FD400004462846FFF7AAFF204638BD6FF0880416
:10FD5000F7E76FF08804F7E730B4039C00252560CF
:10FD600000F0FE44B4F1007F02D130BC01F0EAB8EB
:10FD70006FF0860030BC704710B50446006858B17B
:10FD800001280AD104F10800E9F722FE00232360CC
:10FD9000A3886FF30803A38010BD6FF08600F5E71A
:10FDA0002DE9F0430C4685B00168984600230546CE
:10FDB00017460393002940D100F10809B8224846AC
:10FDC00009F033FEB8F1000F20463B460CBF4FF45C
:10FDD00000624FF4806203A9E8F7D8FF044670BBC5
:10FDE000039C2A1D21883846E9F73AF8064658BB95
:10FDF0006B7968F300036B716168D4E90823090A21
:10FE0000B8F1000F12D009BB00972146484601F017
:10FE1000C6F8044698B901232B60039800F093F8C4
:10FE2000002E18BF304605B0BDE8F08371B90097C9
:10FE30002146484601F0B5F8EBE76FF08804284604
:10FE4000FFF79AFF2646E8E70446F8E76FF08604D6
:10FE5000F5E70123FFF7A4BF38B50546006898B160
:10FE600012B90024204638BD01280AD105F1080046
:10FE7000E9F7C2FE04460028F3D02846FFF77CFFCE
:10FE8000F0E76FF08604F8E76FF08804EAE72DE901
:10FE9000F041054600680F461646984610B36A7949
:10FEA000D2071FD52A79EAB1B2421ED801281FD144
:10FEB00005F1080001F077F8044618B10023C8F8EE
:10FEC00000602B7137B1D8F80030324621463846F1
:10FED000FFF7A7FC2846FFF74FFF002C18BF20466E
:10FEE000BDE8F0816FF08804E8E76FF08904E5E78A
:10FEF0006FF08604E2E7E8F72DBF1822002109F031
:10FF000094BD037E022B06D1C3695A1C03D0013372
:10FF1000C361002070476FF096007047034668B1D8
:10FF2000017E8A1E012A0BD80329C26903D1012A46
:10FF300001D1FFF796BD1AB1013ADA61002070478E
:10FF40006FF096007047FFF7E9BFC0B2FF280CBF03
:10FF50006FF08600002070471FB5014601AA0220FD
:10FF6000FBF7DBFF8C3018BF012005B05DF804FB08
:10FF70001FB50146044601AA0220FBF7CEFF8C30D4
:10FF800002D1002004B010BD21460220DBF708FE9C
:10FF900010B16FF09800F5E701AA21460220FBF7A7
:10FFA000BCFF8C30EDD0F4E72DE9F041074686B078
:10FFB0001446884600293FD0002A3DD0B2F5005FA4
:10FFC0003DD202F1240631460120E8F783FD0546C3
:10FFD000C0B303463A4621464046E9F799F97F699E
:10FFE0003846FFF7B9FF012820D00023009332469E
:10FFF0002B4639460220DBF7FBFCD0B903AA394671
:020000024000BC
:100000000220FBF78AFF044620B9049B9E4205D0DC
:100010006FF0980439460220DBF7C2FD31462846CE
:10002000FFF7CFFB204606B0BDE8F0816FF08A04F1
:10003000F4E76FF09804F1E76FF08604F2E76FF0F1
:100040008D04EFE76FF08C04ECE7FFF7BABB2DE906
:10005000F047466986B005468A469146314603AA6E
:100060000220FBF75AFF044618BBDDF81080012080
:100070004146E8F72FFD0746002837D003AA31464E
:1000800002200294FBF749FF044670B902ABCDE9A8
:1000900000730246434631460220DBF717FD029B00
:1000A0009845044609D06FF0980441463846FFF75A
:1000B00088FB204606B0BDE8F0870028F5D1009502
:1000C0004B46524641463846E9F740F90446002877
:1000D000EBD1DAF8001031B1D9F80030002B08BFAD
:1000E0006FF09104E1E76FF09104DEE76FF08C04AC
:1000F000DFE730B5416F01F00303032B85B0044601
:1001000006D1826A3AB9436B023B012B1AD80262CC
:10011000002005B030BD056B2378681E0343606A7C
:10012000003818BF0120023A43EA8013520843EA1C
:10013000C2032370236A0020C2B2954200F101007D
:1001400006D853B141F0100161676FF08600E0E717
:10015000C2F10F02A3541B0AEEE703AB0093102277
:100160002346214604F13800E9F70EFA0028D0D0E2
:10017000636F43F010036367CBE72DE9F04788B066
:100180000DF1100A05460C46174600211022504674
:100190009846DDF8409009F048FC002303931022B4
:1001A00003AB0093A918534605F13800E9F7ECF9C1
:1001B000064658B16B6F43F010036B675046102131
:1001C000E8F79EFC304608B0BDE8F0870AEB040172
:1001D0000446221D974209D2A742EFD918F80430ED
:1001E0000A5D534009F804300134F5E758F804304B
:1001F0000859434049F804301446EAE778220021C0
:1002000009F013BC2DE9F0410446174608460122C7
:1002100019461E46E9F7DEF80546A8B1037903F052
:100220001F03102B10D138342046E9F7F1F8294686
:100230002046E9F709F948B93246394620460123F4
:10024000BDE8F041E9F720B96FF08600BDE8F08124
:1002500010B5044640B13830E9F7DAF82046782185
:10026000BDE81040E8F74CBC10BD2DE9F0411D463B
:10027000073B062B0446164628D800F11103C5F1AA
:100280000F07A046416307630F2218460021013F74
:1002900009F0CBFB08F8107F2A46314609F09EFB97
:1002A000681C226B0021404409F0BFFB0123E37767
:1002B000E0182A46314609F091FB636F43F00103D1
:1002C00063672046BDE8F041FFF713BF6FF086007B
:1002D000BDE8F081022B30B412D0102B10D813F0EF
:1002E00001050DD1B1F57F4F0AD2C0E90A35436F40
:1002F000C0E9082143F00203436730BCFFF7F9BEB1
:100300006FF0860030BC70472DE9FF47436F13F054
:10031000100604460F4615464BD1002A41D0180757
:1003200047D45907626A40D4954242D8217881EA7D
:1003300012212170617843F004034A4062706367C0
:1003400004F138080DF10C09E16A023101F00F01E6
:10035000C1F11003AB4228BF2B4604EB010C002275
:1003600002F1040E9E450CEB020025D993422CD8D5
:10037000E26AED1A1A441F440B44102BE26202D0C9
:10038000636A9A422BD1CDF8009023461022214671
:100390004046E9F7F9F810B3636F43F01003636761
:1003A0000646304604B0BDE8F087E36A2B4493422A
:1003B000C6D96FF08606F4E7B8585CF802A080EA68
:1003C0000A004CF802007246CAE717F802E090F8FB
:1003D00000C08CEA0E0C00F801CB0132C6E7002DFC
:1003E000B2D1E26A636A9A42DBD1636FE56243F09D
:1003F00008036367D5E72DE9F04F9A46436FDB06A4
:100400008BB004468946164600F1C980836A2BB139
:10041000C36A1344026A934200F2C180149B9E4255
:1004200000F2BD80159B1E6004F1380303930EB9E2
:1004300033468FE0E36A03F00F07C7F11005B542BA
:1004400028BF35462B44E362636B23F00203012B84
:1004500044D0636B33F002082DD10DF1180B4B46DD
:10046000CDF800B02A4639462046FFF786FE0346FF
:1004700000286FD1E3195846A3F1040C08F10402D7
:10048000954271D24344454578D82A46594650464C
:1004900009F0A4FA7B19102B03D0E26A236A9A426E
:1004A00079D105AB00930398234610222146E9F742
:1004B0006BF8034660BB2F44102F68D1206B0021DE
:1004C000CBB2984267D9C3F10F03234401311A7CA0
:1004D0000132D2B21A74002AF2D05CE0E119002392
:1004E000181D854201EB030217D29D421ED87B19CD
:1004F000102B03D0E26A236A9A421FD105AB009306
:100500000398234610222146E9F73EF80346A8B196
:10051000626F42F0100262671CE059F8032051F844
:1005200003C082EA0C02CA500346D9E719F8030057
:100530001178414002F8011B0133D6E74B46CDF854
:1005400000A02A4639462046FFF717FE034600283A
:100550003FF47FAF102106A80393E8F7D1FA039B7D
:1005600018460BB0BDE8F08F5CF8021050F804EBB1
:1005700081EA0E014CF8021090467FE71A781BF8CA
:1005800008104A4003F8012B08F101087BE7E26AF2
:10059000236A9A4292D0761BA944AA4447E76FF097
:1005A0008603DDE7F7B5436F1746DA0604460E46C5
:1005B0003AD403F00302032A39D1426A0AB11B0775
:1005C00035D5236A13B1E26A934230D1A36ABB42A4
:1005D0002DD10022216B1046D3B28B4202F10102D1
:1005E0001DD300942346102200212046FFF7C5FDAD
:1005F000054688B926B13A462146304609F0EEF95B
:100600000026102231466667204609F00EFA1022B5
:100610003146A01809F009FA284603B0F0BDC3F12D
:100620000F0323441874D7E76FF09605F4E76FF0D3
:100630008605F1E72DE9F04F85B015461A460E9B69
:10064000DDE90FB7DDE9119ADDE913860446FFF70E
:100650000CFEF0B933462A4639462046FFF73AFEEB
:10066000B8B93A4659462046FFF74EFE88B903AB63
:10067000CDE900532A46534649462046FFF7BBFEC4
:1006800038B932464146204605B0BDE8F04FFFF785
:1006900089BF05B0BDE8F08F10B588B00F9C0694F7
:1006A0000E9C05940D9C04940C9C03940B9C02944A
:1006B0000A9CCDE9003413460A460121FFF7BAFF30
:1006C00008B010BDF0B58DB00C4614990391139984
:1006D000159D02911299179F069708AECDE900313A
:1006E000CDE90456134600212246FFF7A3FF58B96F
:1006F00016983A46314600F0F6FC28B128462146C5
:10070000E8F7FEF96FF094000DB0F0BD3C22002137
:1007100009F08BB910B5044600F007FC2046BDE88F
:100720001040E8F7DDB910B54FF4C4710120E8F7C7
:10073000D1F9044608B100F0A9F8204610BD1346CF
:100740000A46022100F0A7B810B50446FFF780FD65
:100750002046BDE81040E8F7C3B910B57821012064
:10076000E8F7B8F9044608B1FFF748FD204610BD88
:1007700013460A460221FFF745BD10B5044600F0B6
:10078000D1FC2046BDE81040E8F7AAB910B54FF4F7
:100790008C710120E8F79EF9044608B100F0BDFC19
:1007A000204610BDE9F7DABBE9F70EBBE9F75ABC02
:1007B0002DE9F04F85B01E460023039303AB009351
:1007C0008B460B46914600F5B0711022DDE90EA76D
:1007D0000446E8F7D9FE804638B110215846E8F7BC
:1007E0008FF9404605B0BDE8F08F94F88031EBB149
:1007F000CB4400252A1D964232D2AE4238D894F816
:100800008031012BEDD104F5B87404EB090200210D
:10081000081D864202EB010332D28E42E1D9785C98
:100820001A78424003F8012B0131F6E704F5B8725B
:100830004A440546291D8E4202EB050309D2AE4209
:10084000D6D91AF805101A784A4003F8012B013559
:10085000F5E75AF805305059434053510D46E9E742
:100860005BF805305AF805104B407B511546C1E73F
:100870001BF805301AF8052053407B550135BCE7BD
:100880007B585458634053500146C1E74FF4C4723B
:10089000002109F0CAB82DE9F0431E4623F04003B9
:1008A000802B044689B00846904608D0B6F5807F74
:1008B00005D06FF08605284609B0BDE8F083012217
:1008C0003146E8F787FD05460028F2D0077907F0A2
:1008D0001F07102FEDD12046E8F79AFD2946204644
:1008E000E8F7B2FD05460028E5D10123324641462E
:1008F0002046E8F7C9FD05460028DCD101463A4606
:1009000004A809F092F803AB009304AB3A461946E9
:1009100020460395E8F738FE05460028CBD1DDE9EF
:100920000423C4E93023DDE90623C4E9322300228D
:100930000023C4E91023C4E91223042184F88101AF
:100940004FF0020C03200F4611FB0C724FEA021805
:1009500004EB021201F1040ED2F80C90936899FA9C
:1009600089F91BBA4FEA59094FEA0E1649EAC379C9
:1009700004EB0E1E5B0899FA89F91BBACEF8083011
:10098000CEF80C9092F8079043EAC9138EF808301D
:1009900054F80830D2F8048098FA88F81BBA4FEA65
:1009A000580848EAC3785B081BBAA35198FA88F83C
:1009B000CEF80480D27B12F0010F0CBF00226FF042
:1009C0001E0253400138A3554FEA6101BCD10422F5
:1009D000082104EB0113013A186C5E6C00BA36BAB8
:1009E000C3E91060986CDE6C00BA36BAC3E91260D5
:1009F0004FEA6101EDD14FF0030C0220031D1F01EE
:100A000004EB031104F15002403F01260FE007EB15
:100A10000208002351F803E052F803908EEA090E11
:100A200048F803E00433102BF4D10136103286422B
:100A3000EDDBBCF1010C4FEA4000DFD13BE72DE9D3
:100A4000F04788B04FF0000804468A461746CDF8B4
:100A50000C801D46002B6FD000F5B0761022414669
:100A6000304604F5B87908F0E0FF102241464846C8
:100A700008F0DBFF002200230C2DC4E95023C4E959
:100A8000522384F880A115D13B68C4F860317B689B
:100A90007360BB68B360012384F86F3103AB0093CC
:100AA000102204F5A87331462046E8F76DFD08B022
:100AB000BDE8F0876B0FEA0012BA1BBACDE90488D3
:100AC000CDE9063204F5AE7A102DA8464FF00003AA
:100AD00028BF4FF010081A1D90451CD203F25F1278
:100AE0002244984521D8324631462046E8F7D2FDC7
:100AF000B5EB08054744E7D104AB116853F8040B84
:100B0000414042F8041B4A45F7D13246314620465F
:100B1000E8F7C0FDC2E7BB185AF8021053F8043CCE
:100B20004B404AF802301346D5E7F85C12F8011F33
:100B3000414011700133D4E76FF08600B7E72DE92B
:100B4000F04114460E46D0E95221151951F1000525
:100B50004FF0000328BF0123002B75D16D0F73D117
:100B600012F00F071DD0C7F11005A54200F5B872AD
:100B700028BF254602EB070C03F1040E75450CEB6C
:100B800003012DD29D4234D82F44102F02D111469B
:100B9000E8F780FDD0E95221AA1841F10001641B59
:100BA0002E44A21841F10001C0E95221254600F56A
:100BB000B87237190F2D26D814F00F010DD024F07C
:100BC0000F0333440022151D8D422ED904F00C046E
:100BD00004F26F1210448C422FD30020BDE8F08144
:100BE000F1585CF8038081EA08014CF80310734661
:100BF000C2E716F803E091F800C08CEA0E0C01F889
:100C000001CB0133BEE70023A7EB050E5EF803100E
:100C100052F803C081EA0C01D1500433102BF5D1F6
:100C20001146E8F737FD103DC4E702F5B8769A584B
:100C300087597A4082512A46C5E71A5D10F8015F4C
:100C40006A4002700134C6E76FF08600C6E72DE9FE
:100C5000F04F87B0144605460F461022002102A827
:100C6000984608F0E2FE109BA342C0F09380119BCF
:100C70001C60002C38D0474504D2A8EB0703A342E0
:100C8000C0F08B80D5E9506B31195BF100024FF059
:100C9000000328BF0123002B7FD16FF01F038B427D
:100CA0004FF00F03934178D356EA0B0320D1D5F8C8
:100CB00048311B0705D005F5B87211462846E8F7FC
:100CC000E9FCA6194BF10003C5E95063A044274491
:100CD0000F2CA8EB0401A7EB040230D8002C47D15D
:100CE000102102A8E7F70CFF002007B0BDE8F08F45
:100CF00016F00F0AE5D0CAF11009A14528BFA14698
:100D0000CDE900784B46524602A92846FFF750FD30
:100D10000028EAD109EB0A02102A05D105F5B872BC
:100D200011462846E8F7B6FCD5E9506319EB0606EC
:100D300043F1000BA4EB09044F44C844C1E7D5F8C4
:100D40006C311BBA01331BBAC5F86C312846CDE9AA
:100D500000211023002202A9FFF72AFD0028C4D198
:100D600005F5B87211462846E8F794FC103CAFE749
:100D7000D5F86C311BBA01331BBAC5F86C31284663
:100D8000CDE900212346002202A9FFF711FD00282A
:100D9000A6D0AAE76FF08900A7E76FF08600A4E766
:100DA0002DE9F04F002287B01A60D0E95031D0E928
:100DB00052264FEAC109F6001943DDE910780446CE
:100DC00049EA53794FEAC30A46EA52764FEAC20B20
:100DD00008D1120706D000F5B87211460193E8F762
:100DE00059FC019BA8F104050C2D4DD81B0705D01B
:100DF00004F5B87211462046E8F74CFC424604F56B
:100E0000A871384608F0EAFD4AEA0B0349EA0602EF
:100E1000134303D1002007B0BDE8F08F9BFA8BF39A
:100E2000039399FA89F336BA049304F5B8729AFADF
:100E30008AF30296059302A8134604F5C076196852
:100E400050F804CB81EA0C0143F8041BB342F6D1FD
:100E500011462046E8F71EFC0023E118F858D1F8A7
:100E600070114140184608308045F95003F10403E1
:100E7000F3D225F0030304339845CBD9F95CD05C59
:100E80004140F9540133F7E76FF08600C3E77FB5BF
:100E900015461A46089B0446FFF7D1FD38B9DDE92F
:100EA00009122046FFF74BFE18B16FF0860004B020
:100EB00070BD03AECDE900560C9B0B992A46204627
:100EC000FFF7C5FE0028F2D10D9B01930E9B009306
:100ED0000246014633462046FFF762FF0028E6D06F
:100EE000E3E7F0B58DB00C46169903911399159F61
:100EF00002911299179D049508AECDE90031CDE914
:100F00000576134600212246FFF7C1FF58B9149811
:100F10003A46314600F0E7F828B128462146E7F77F
:100F2000EFFD6FF094000DB0F0BD10B5044640B178
:100F3000E8F76EFA20464FF4C471BDE81040E7F7B9
:100F4000DFBD10BD2DE9F0439DB0DDE924890446E5
:100F50000E46174600216C2201A81D4608F065FDCB
:100F60002146C9F8008001A8E8F74AFC044668B9A0
:100F70003A46314601A8E8F76FFC044630B94B46C3
:100F80004246294601A8E8F779FC044601A8E8F79B
:100F900025FC002C18BF20461DB0BDE8F083E8F703
:100FA00041BDE8F73FBD38B51C460368154623B17F
:100FB000E8F798FC00B9256038BD6FF08800FBE7C2
:100FC0006822002108F031BD10B16821E7F798BD13
:100FD00070472DE9F04105460E46144612B3036CE6
:100FE00003F03F079B18036422BF436C0133436443
:100FF0007FB1C7F1400842450FD34246384408F05C
:10100000EDFC29462846E8F717FE27444644A7F199
:1010100040043F2C09D82CB1002722463146E8195C
:1010200008F0DCFC0020BDE8F081374606EB040840
:10103000394628464037E8F7FFFDA8EB07033F2B6A
:10104000F6D8A4F1400323F03F0340331E44E41AD2
:10105000DFE738B5036C03F03F035A1C0D46382A0E
:101060004FF08001C154044610442FD8C2F1380219
:10107000002108F0DAFCD4E910315A0F42EAC1022B
:10108000DB0012BA1BBAA263E36321462046E8F7ED
:10109000D3FDA36C1BBA2B60E36C1BBA6B60236D92
:1010A0001BBAAB60636D1BBAEB60A36D1BBA2B61FF
:1010B000E36D1BBA6B61236E1BBAAB61636E1BBA27
:1010C0002046EB61FFF780FF002038BDC2F14002EF
:1010D000002108F0AAFC21462046E8F7ADFD3822A1
:1010E00000212046C5E7002370B51C461E1DB242F4
:1010F00005D293420BD3A0B240EA144070BDC5188C
:101100002D680B441B686B401C433346EEE7C55CFF
:10111000CE5C75402C430133EBE74FF48C72002119
:1011200008F083BC18B14FF48C71E7F7E9BC704745
:1011300070B50C230024CD5822462EBA42EA46024E
:1011400012BAC250043B1A1DC5F3C014F3D10B7878
:10115000DB095A421343DB17C27B03F0870353407A
:10116000C373002070BD38B5054618B96FF086040A
:10117000204638BD0468002CF8D00029F6D00123A1
:10118000E8F782F904460028F2D12B68002BEDD055
:101190009B79023B022BE9D824210120E7F79AFC36
:1011A00020B1A8631021E7F7ABFCE1E76FF08C04F6
:1011B000DEE72DE9F04F0F4685B016468046002841
:1011C00079D00368002B76D0002974D0846B002C72
:1011D00071D01D79206A05F01F05F8B12A1AB242B4
:1011E0001CD21030204408F0F9FB04F11002002357
:1011F000191DA9422CD923441A1B954231D803AB9F
:1012000000932A46234621464046E8F7BDF9E0B957
:10121000236A2062EA1A334417445E1B05F1FF3942
:101220004FF0010A0DF10C0BB144B9FBF5F9CA45B9
:1012300038D34EB1206A103032463946204408F087
:10124000CDFB236A33442362002005B0BDE8F08F54
:1012500052F8100C1368434042F8103C04320B461D
:10126000C6E71A7C19784A4003F8012BC4E7FA58FC
:10127000E0584240E2500B46191D8D4204EB030238
:10128000F5D2AB4210D3CDF800B023462A46214612
:101290004046E8F779F90028D7D1761B2F440AF1A8
:1012A000010AC4E70023E7E7F85C1178414002F83F
:1012B000011B0133E5E76FF08600C6E72DE9F04F2B
:1012C00093B006460391002800F0CB800368002B02
:1012D00000F0C780856B002D00F0C380002900F06E
:1012E000C08006AF102138460DF128081C790DF199
:1012F0003809E7F705FC10214046E7F701FC10210B
:101300004846E7F7FDFB326804F01F0492B392F8F9
:1013100004A00AF01F0A0DF1140BCDF800B04B46E3
:10132000524649463046E8F72FF950B9BAF1100F46
:1013300007D149463846FFF7FBFE39464046FFF7DE
:10134000F7FE10214846E7F7DBFB2B6AA34205F1C5
:10135000100A11D33846CC460022111DA14265D98E
:10136000A2421ED21AF80210B85C414009F80210DD
:101370000132F5E79246CEE74846CC46002293423A
:101380003ED91AF802100CF8011B01329442F6D82B
:10139000C4460022111DA14237D909EB0201A24225
:1013A0003BD348460022A5F1040C111DA14246D9A9
:1013B000A918A2424CD33046CDF800B02B462246A5
:1013C0002946E8F7E1F8064620B90398224629465F
:1013D00008F004FB10213846E7F792FB1021404645
:1013E000E7F78EFB0023102150462B62E7F788FBBE
:1013F00010212846E7F784FB304613B0BDE8F08F94
:101400000CBF01210021C901BDE702685CF8043B63
:101410005A4040F8042B0A46BCE7087818F802C086
:1014200080EA0C0001F8010B0132B8E76A1850F8A5
:10143000043BD2685A404CF8042B0A468DE75CF80E
:10144000012050F8043B5A404CF801200A46ACE712
:1014500019F802C0087880EA0C0001F8010B01328B
:10146000A7E76FF08606C7E700F591405430EBF729
:1014700023BF00F59140543003F0A2BE00F5844034
:101480007830EAF775BDE9F7F9BA00F5804090F8D1
:101490009C097047243000F081BC00F5824008B5FB
:1014A000383019B1F0F7D2F8002008BDF0F7F8F89D
:1014B000FAE700F5804090F8E001704700F58040C1
:1014C000D0F83801704700F58040D0F83C017047F3
:1014D00000F58040C0E91C12704700F5804080F89C
:1014E0006C10704713B54B7913F0180F0ED000F540
:1014F000804001916C3001A9EBF7AEFA04460198E7
:1015000008B1E9F76DF9204602B010BD0724FAE7EB
:1015100010B504460846E9F733F9024604F5804061
:101520000021BDE810406C30EAF72ABF38B500F55D
:101530008043044693F8393593B900F586406C3002
:10154000E9F776FC054648B904F584407830EAF7B7
:101550008DFB04F585402430EAF788FB284638BD2A
:101560000D25FBE738B500F58043044693F839555F
:1015700085B900F586406C30E9F7D0FB04F584406E
:101580007830EAF773FB04F585402430EAF76EFB08
:10159000284638BD0D25FBE7E9F722B94089704799
:1015A000037961F345130371704700F066BA00F0E8
:1015B000D7B910B50446FFF768FF20B1201DBDE87C
:1015C000104000F0A1BC10BD10B50446FFF75DFF50
:1015D00018B16068003818BF012010BD00F58A40BE
:1015E00000223830EEF790BF38B500F5804304464E
:1015F00093F8395585B900F585405C30EAF756FE19
:1016000004F584407830EAF731FB04F58540243056
:10161000EAF72CFB284638BD0D25FBE738B500F569
:101620008043044693F8395585B900F585407C30F0
:10163000ECF786F904F584407830EAF717FB04F5F7
:1016400085402430EAF712FB284638BD0D25FBE71C
:1016500000F58E401030704738B500F580420546E1
:1016600092F83925A2B9A9B10B789BB100F5854054
:101670005C3002F0F9FB044605F584407830EAF767
:10168000F5FA05F585402430EAF7F0FA204638BD32
:101690000D24FBE70724F9E700F5804090F83905B1
:1016A0007047EFF7F5BB08B500F58A403830EDF725
:1016B000F9F9006808BD00F58A4010B538300C46CD
:1016C00021B1BDE810400021EDF7F8BF0121EEF790
:1016D00089F9204610BD002300F5814210B508327B
:1016E000436000F1080319468033934204D100F5AA
:1016F000804300229A6010BD446843F8804C4160EA
:10170000F1E710B500F5804201B910BD43680C68DF
:101710000B6041601389013B13812146F4E770B5EA
:1017200004460E4665683DB931462046E9F722F881
:101730000028F7D0284670BD2B68636004F580440C
:101740002389628901339BB29342238138BF1346B8
:10175000638100232B60EDE701704270704743689E
:10176000036003B1DB694360704738B5C3890D4638
:10177000194489B28B42044601D9032038BDE9F7E8
:1017800007F80028F9D1A3896581AB4228BF2B4611
:10179000A381F3E74389194489B2994201D3FFF742
:1017A000E4BF032070478389194481F31001438902
:1017B00089B2994228BF19468181704743898B427B
:1017C00028BF0B46838170478389408983429ABF33
:1017D000C01A80B200207047837903F00F03012BF9
:1017E00004D1C079431A58425841704700207047CD
:1017F0000329034609D80279C2F38000520706D4B0
:101800005A7961F342025A717047072070470D20E0
:1018100070472DE9F04188465978064617461D461F
:10182000FFF77DFF044618B900242046BDE8F0818B
:101830008022002108F0F9F86379E78168F3471303
:1018400063712A780023C4E90734A388520002F0A8
:10185000860223F4C45323F0060342F408621A43B9
:10186000A28069782046FFF7C3FF014620B12146D8
:101870003046FFF746FFD7E72046FFF776FF002800
:10188000D3D0F4E7C0E90912704710B4446A2CB110
:10189000002242622346826A10BC184710BC70477F
:1018A000C3890B44C38143895B1A438183898B427B
:1018B00086BF5B1A9BB200238381704743898B42AA
:1018C00094BFDB1A5B1A99B2FFF74FBF70B544891A
:1018D000A1422FD215880D44AEB2B14201D8A54223
:1018E00001DB641A1480C4899860214489B24F29AD
:1018F000054610D83030C1F150040844A4B2186035
:101900009C801188A14238BF9980138838BF0C464B
:101910001B1B138070BD503989B22D689D607B29D7
:1019200006D80435C1F17C040D44A4B21D60E7E77C
:101930007C39F1E70024E3E70B880BB9938070470B
:1019400093681B689360043313607C2393800B8837
:101950007C2B28BF7C2393800A88D31A0B80704786
:10196000F0B587B01546ADF806300DF1060203ABB1
:101970000746FFF7ABFF2C46BDF810601EB9601B91
:1019800080B207B0F0BD03993246204608F026F831
:1019900003AA0DF1060138463444FFF7CDFFEBE70B
:1019A0004B880988FFF7DCBF38B54589CC18AC42B5
:1019B00003DCFFF7D5FF002038BD0620FCE710B49C
:1019C0004C889C4203D3098810BCFFF7EDBF06206A
:1019D00010BC704770B5134616460A468189054605
:1019E000FFF7E2FF044618B931B22846FFF7DBFEE5
:1019F000204670BDF0B587B01546ADF806309CB2F4
:101A00000DF1060203AB0746FFF760FFBDF810605B
:101A100026B9B4FA84F0400907B0F0BD0C9B0398D6
:101A20003246294607F0C8F80028F2D0A41B03AAC2
:101A30000DF1060138463544A4B2FFF77DFFE5E716
:101A400070B586B01446ADF806300DF1060203AB52
:101A50000646FFF73BFFBDF810500DB906B070BD4C
:101A60002A462146039807F0C7FF03AA0DF1060195
:101A700030462C44FFF760FFEDE72DE9F0410F46BB
:101A80001146B0F80A8005461646FFF783FE044665
:101A900028B933463A4641462846FFF7D1FF20464B
:101AA000BDE8F0812DE9F04186B00D46ADF8063075
:101AB00099B2134416469AB29642074626D86A89C6
:101AC0009A4225DBB0F80A80FFF764FE044608BBA3
:101AD00003AB0DF1060231462846FFF7F7FEBDF8CD
:101AE00010601EB9204606B0BDE8F081039A414659
:101AF00038463346FFF7A4FFB04403AA0DF10601B0
:101B000028461FFA88F8FFF717FFE8E70724E9E7F8
:101B10000624E7E70324E5E72DE9F04182420C467D
:101B200088B006461546194601D1A34218D36B4624
:101B30000EAA2846FFF7CAFEBDF8047017B908B010
:101B4000BDE8F081009A214630463B46FFF778FF1A
:101B50003C446A460EA92846A4B2FFF7EDFEEBE727
:101B6000BDF838703C443944A5B28CB2002FE6D0A1
:101B7000202FB84628BF4FF02008A4EB0804A4B2D9
:101B8000A5EB080543466A462146ADB23046FFF74D
:101B9000E7FEA7EB080743466A4629463046BFB230
:101BA000FFF74EFFE2E737B515460091024629469A
:101BB00000230446FFF7B0FF2946204603B0BDE8E6
:101BC0003040FFF76DBEF7B50F46002105461646BB
:101BD000E8F714FE044630B90146009733462A461A
:101BE0002846FFF799FF204603B0F0BDC289E8F709
:101BF00041BE4189FFF7FABF38B50B8843828B7825
:101C000003720D46044691F903102C3003F083FC57
:101C1000297904F12E0003F0B1FC6A79237962F38B
:101C2000410323716B796279C3F3400363F30002CC
:101C3000627138BD0B7923F004030B71036823B97B
:101C4000C1E9073301604160704712B1012A06D033
:101C50007047C1E9073203681962016070470023C9
:101C6000CB6143680B62D961EDE70368994204BF19
:101C7000CB6903604368994204BF0B6A43600B6AF7
:101C80000BB1CA69DA61CB690BB10A6A1A620B79C6
:101C9000002262F38203C1E907210B71704710B57E
:101CA000FFF7E3FFBDE810400846E8F799BD10B51F
:101CB0000446216801B910BD2046FFF7F0FFF8E7A0
:101CC0000B68036003B1DB694360704700687047CD
:101CD00000EB8103032901D90020704753F8040F5A
:101CE0000028FAD10131C9B2F4E70021FFF7F0BFB3
:101CF00038B50B794D7943F00403C5F341050A4625
:101D00000B7129460446FFF7E3FF106248B92368C8
:101D1000D3612260D36903B11A6204EB8504626067
:101D200038BDC369D361C261F4E710B54B79C3F321
:101D3000410300EB830254688C4209D10C6A546061
:101D400034B16479C4F341049C421CBF0023536046
:101D500003688B4204BFCB690360CB690BB10A6A8D
:101D60001A620B6A0BB1CA69DA610B79002262F35D
:101D70008203C1E907210B7110BD10B5FFF7D5FF34
:101D8000BDE810400846E8F72BBD10B504462168B1
:101D900001B910BD2046FFF7F0FFF8E7F0B590F865
:101DA000204000F1100505EBC4062B469E4203D1EE
:101DB000022C09D103200EE01F68B94202D15F68EE
:101DC000BA4209D00833F1E7631C80F8203045F8A7
:101DD000341000207260F0BD1820FCE703680B434C
:101DE000036043680B4343600830E8F7E1BD436894
:101DF000194201D1FFF7F2BF704710B540B100237F
:101E0000441E98B2814203D90133E25C002AF8D122
:101E100010BD03461A78184601330AB9104601E08E
:101E20008A42F7D17047A0F14103192B9CBF2030A3
:101E3000C0B2704738B5034610469AB1012A19D18D
:101E400001391A4611F8015F134612F8010B8DB1E2
:101E5000FFF7E9FF04462846FFF7E5FF8442F1D08B
:101E600000200FE001391A4611F8014F134612F80D
:101E7000015B2CB91B78002B14BF0120022001E06C
:101E8000AC42F1D038BD08B50022FFF7D3FF831E66
:101E90005842584108BD70B506460D460024AC4274
:101EA00001D3012009E0305D020604F1010405D4EC
:101EB00007F0C3FD0028F2D0002070BD4306FBD51B
:101EC000810613D5C20613D50307F5D4032308E012
:101ED000AC42F1D0325D02F0C002802A04F101046C
:101EE000EAD1013BDBB2FF2BF2D1D8E70123F8E7BF
:101EF0000223F6E710B50446BEF77EF901462046F8
:101F0000BDE81040FFF7C7BF38B50025046805607D
:101F100004B938BD606884421CBF436863600368CD
:101F2000456008BF00249847F2E710B50446E3F780
:101F300001FC206000F1004001386060204610BDC7
:101F400003685A1A11EA220138BF194643685A1A1F
:101F500013EA220338BF0B46436070474368496861
:101F6000981A8A1A92EA000F58BF581AC00F704781
:101F700038B50C461146A2689442034606D005685F
:101F8000AC420BD10260E8F71DFDA46038BD94425D
:101F90000DD011469268002AF9D1F6E72A460021B1
:101FA000F9E78B68002BF0D09B688B60EDE7002988
:101FB000F7D1002DE9D0AA681A60E6E72DE9F047CD
:101FC000936805460C461646984732468146214698
:101FD0002846FFF7CDFFD5F800A04FF00008574680
:101FE0002FB14A4639462046FFF7B8FF58B1B8F13D
:101FF000000F0BD1C4F808A02C6031462846BDE87C
:10200000F047E8F7DFBCB846BF68E9E7D8F8083022
:10201000A360C8F80840BDE8F0871144E8F7F8BCB1
:1020200038B50D460446E3F785FB2A4601462046AF
:10203000BDE83840FFF7F1BFD1E9003103F10043BB
:10204000013B8B4201D0E8F7E3BCE8F7D7BC8368DB
:10205000984203D04368CB1A002B01DAE8F7D8BCCA
:10206000704770B5066804460D467EB18B68984788
:102070007368C01A002809DB20462A463146FFF75C
:1020800077FF33683046BDE8704018472946204640
:10209000BDE87040E8F796BC10B50446E3F74AFB8C
:1020A000D4E90031E2689A42A0EB030002D1002893
:1020B000A8BF013110BD08B5FFF7EEFF4FF47A72EB
:1020C0000023BEF76DF808BD0368C1688B4202BFEC
:1020D00043680133436001F180410830E8F798BC60
:1020E00070B500250446C0E901550C3007F040FBEF
:1020F00004F10D00EFF742FD214604F11000E8F76E
:10210000A1FC214604F12400E8F704FC214604F177
:102110004800EFF7CBFD214604F15C00FFF7DBFA46
:1021200004F5804021466C30EAF708F904F5824056
:102130002146383005F0D3FB04F583402146643056
:10214000EFF7DCFA04F5844021467830E9F706FF22
:1021500004F5854021462430E9F720FF04F5854049
:1021600004F5804621465C30EAF7D2F804F5854054
:10217000214686F8FA527C30EBF716FC04F58640CF
:102180002146683003F06FFA04F5864021466C3032
:10219000E8F7E0FD04F589402146383004F0FEF808
:1021A00004F5894021463C30EBF77CFE04F58A407B
:1021B00021463830EDF7CEFF04F58F402146103030
:1021C000EBF7FAF804F58F402146383002F07BFF38
:1021D00004F58F4021463C3005F0AAF904F5914002
:1021E0002146453005F0FBFB04F59140214648307F
:1021F00005F071FA04F5914021465430EBF78CF864
:1022000004F5914021466830EAF7A8FF04F59240B2
:1022100021460430EFF78CF904F59240214628302E
:10222000EBF75EF904F5924021465830EAF7E0FFFB
:1022300086F89C59EFF7BCFCC6F8A009204670BD93
:1022400000F5804310B50122044600F5854083F86F
:102250009C297C3003F031F904F586406C30E8F7B6
:1022600057FD04F15800EFF7A9FC04F58A40383017
:10227000BDE81040EDF740BE837EC22003F00F039F
:10228000D84000F00100704710B504460C30E8F764
:10229000B5FBE37A23F0FC03E372238B03F08003A6
:1022A000238310BD024608B5E8F740FC137E99076A
:1022B00002D5642828BF64205B0704D5B0F57A7F77
:1022C00028BF4FF47A70537E0F2B02D9BC2828BF49
:1022D000BC20936833F07C4204D0C3F319039842C6
:1022E00028BF1846002808BF0A2008BD38B50129B4
:1022F0004568044602D1FFF7D5FF6060E3F71AFA9C
:1023000063696268014604F10C0098420CD0954262
:102310000CD0246813195B1A0A2B4CBF0A222146E1
:10232000BDE83840FFF779BE2160F9E738BD027E8D
:10233000D10705D442F0010202760121FFF7D6BF92
:102340007047017ECA070FD5C1F3C302013202F004
:102350000F0262F3C601042A017601D8E8F7FABB3E
:10236000027E22F0780202767047037E13F0010F9E
:1023700008D023F0780303760B681B88DB0601D5B1
:10238000E8F7E8BB7047037EDB0702D50121FFF7C2
:10239000ADBF7047037E10B4C3F340048C4208D035
:1023A00061F341030376DB0703D510BC0121FFF77E
:1023B0009DBF10BC7047C37A032B0FD903F0FC01FB
:1023C000FC290BD0FC33C372DBB2032B06D8437E4F
:1023D00023F0F00343760121FFF788BF7047C37AEB
:1023E000427E10B403F0FC04FC2C1CBF0433C37207
:1023F000002908BF08210F2928BF0F211309C9B2DE
:102400008B4238BF0B46114663F30711037E4176BA
:10241000DB0705D50F2A03D810BC0121FFF766BFE3
:1024200010BC704700887047037861F3000300F820
:10243000283B09B1E9F7ECB9E9F700BA0378DB0703
:1024400004D500F11001143007F093B90B20704748
:1024500010B5044690B0E36908466BB121B9216A12
:1024600010B0BDE81040184701A800F0B1FF18B93E
:10247000D4E9073101A8984710B010BD07B5C3696A
:102480004BB17F2907D0027C8DF805108DF8042010
:10249000016A01A8984703B05DF804FB0378590767
:1024A00058BFC3F3C003417858BF83F0010302460D
:1024B00054BFDBB2002331B928300BB101F04CB866
:1024C000D17AE9F7CFB970470278910606D522F0A4
:1024D00020020270827AC272FFF7E0BF704710B527
:1024E0000378C3F380028A4204462CD061F382034E
:1024F000037059B92178C1F3C00104F12800E9F74C
:1025000079F92046BDE81040FFF7C8BF43885A0656
:1025100006D5A030E8F772FA638823F040036380A1
:102520006378062B09D104F1A000E8F767FA0023CD
:10253000637004F19800E8F73BFA2378C3F3800155
:102540005B07D7D5D9E710BD1F2908B50CD8C268DD
:10255000CA40D20708D50278C17242F02002027048
:10256000FFF79CFF002008BD0720FCE729B10123ED
:1025700003FA01F1438819434180437813B9983035
:10258000E8F716BA704730B4C5684382FF23037476
:10259000002A14BF13462B462B40436130BCFFF783
:1025A000E5BF70B50478E4071AD54478012C19D03A
:1025B000468816F0020F15D1022C13D0C6F3800402
:1025C00076070FD4002AC361049B036214BF13462D
:1025D0004FF496730A460121FFF7D5FF204670BDE0
:1025E0000D20FCE70520FAE770B50478E40716D55E
:1025F0004478012C15D0468816F0020F11D1022C18
:102600000FD0C6F3800476070BD4C361049B03622A
:1026100013460A460221FFF7B6FF204670BD0D2083
:10262000FCE70520FAE70278D20708D54278042AA9
:1026300005D04388DB0602D40421FFF797BF70471B
:1026400008B50178CA0712D54278052A0DD042880C
:1026500012F0200F09D1C2F3001282F0010262F3DE
:10266000410101700521FFF781FF002008BD0D2009
:10267000FCE730B500248BB0D0F894508DF81040B2
:102680002146062207A88DF81A4007F0CEF922222B
:10269000214601A807F0C9F94FF6FF71012307A8E9
:1026A000ADF812108DF81A308DF8104000F045FE8C
:1026B00007238DF8243001A803232946019300F055
:1026C000C5FA28460BB030BD70B500248AB0054667
:1026D0002146062207A88DF810408DF81A4007F011
:1026E000A4F92222214601A807F09FF9D5F832006B
:1026F000D5F83610D5F8946002AB03C302232989BC
:102700008DF8103007A800F014FE314601A88DF8AE
:102710001A40019400F09AFA304600F0AAFC4FF0FB
:10272000FF3303700F2343708470C47030460AB0C7
:1027300070BD21B9D0F8E4300133C0F8E430837AB9
:1027400093420CD1B0F83A21B2F5007F3EBF01327E
:1027500092B2A0F83A2100F59C7002F0CABE704710
:10276000C38D8B4209D003785B0708D54FF6FF7302
:10277000994214BF16200020704700207047162091
:10278000704738B50446FFF759FE04F1280540B9F3
:1027900028460121E9F72EF82046BDE83840E8F741
:1027A00095BD21782846C1F38001E9F723F82189F6
:1027B0002846E9F707F8002120466170FFF748FE38
:1027C0002046BDE8384000F000B838B543780446EC
:1027D000002B65D1027812F0010305D14380BDE8DA
:1027E0003840A030E8F70AB943885D0617D50622BD
:1027F00062706178002934D001228A4023EA020302
:1028000004F1A00563802846E8F7F8F86378062B02
:1028100046D8DFE803F0262B303535353A009807E7
:1028200001D50122E4E7590701D50222E0E71D079F
:1028300001D50322DCE79806C3F300110BD571B173
:1028400092070CD4228802F0FD0242F4806242F02A
:1028500002022280CDE70029CBD00422C8E705225E
:10286000C6E72046BDE83840FFF718BE2046BDE861
:102870003840FFF786BF2046BDE8384000F011B869
:102880002046BDE83840E8F721BDE17A04F1280090
:10289000E8F7E8FF28466421BDE83840FFF7C0BBF1
:1028A00038BD38B50446FFF7C9FD40B1E3690020E3
:1028B000607043BB2046BDE83840FFF786BF638A9F
:1028C00004F1280583B9217C2846E8F7CBFF284688
:1028D000E9F702F801462046FFF7D0FD2046FFF752
:1028E000ADFD0028EFD0E1E723785B0703D4217C1E
:1028F0002846E8F7B7FF628A217C2846E9F71EF8E8
:102900000028D3D138BD216A9847D3E710B50446D3
:10291000FFF7B4FD2046BDE81040FFF7C2BF13B576
:10292000044608460DF1070100F068FB9DF80730EA
:10293000042B12D0072B17D1D4F808310133C4F877
:1029400008312378DA0705D5DB0603D503212046B5
:10295000FFF70CFE012002B010BDD4F800310133A6
:10296000C4F800310020F6E7D4F80C310133C4F884
:102970000C31F7E710B528300C46E8F7B3FF2146D5
:10298000BDE8104002F025BE00887047036819704A
:10299000090A5970704708B503460068FFF7F4FF4D
:1029A00039B140F01001184689B2BDE80840FFF780
:1029B000EDBF20F01001F6E708B50068FFF7E4FF6F
:1029C00010F4807F0CBF0320022008BD00F44052A9
:1029D000B2F5005F034622D120F44E5020F03F00B4
:1029E00048F2400290421ED010D8B0F5446F1AD081
:1029F00007D8B0F5046F18BF002814BF01200020CD
:102A00007047B0F5004018BF0120704703F44C43F5
:102A10004CF64042B3F5404F18BF9042EDE700F44A
:102A20004063181EEFE70020704708B501460068B4
:102A3000FFF7AAFFFFF7CAFF20B1BDE8084008462C
:102A4000FFF7BABFFF2008BD38B505460C46FFF7B3
:102A5000ECFFFF281FBF2B681B5A2380002008BFF4
:102A6000062038BD03689970704708B50246FFF725
:102A7000A3FF01461068FFF787FFFFF7A7FF01EBF1
:102A80004000C0B208BD38B505460C46FFF7EDFF63
:102A90002B6801461846FFF777FFC0F38120022814
:102AA00005D0032807D000232372002038BD5B5ACD
:102AB00023800123F8E719440122204600F01DFC81
:102AC0000223F1E700F44053B3F5005F04D100F4B2
:102AD0004C43B3F54C4F08D0B0F5804F05D3C0F34D
:102AE000801080F00100C0B270470020704710B520
:102AF00002460068FFF748FF0446FFF7E3FFA8B16E
:102B00001046FFF759FF01462046FFF75FFFC4F369
:102B1000812401EB4001022CC8B202D0032C03D067
:102B200010BD0230C0B2FBE70830FBE7FF20F7E73B
:102B300038B505460C46FFF7DAFFFF281FBF2B68A4
:102B40001B5A2380002008BF062038BD10B503465D
:102B50000068FFF719FF04461846FFF72DFF0146EE
:102B60002046FFF733FFC4F3812301EB4002022B21
:102B7000D2B208D0032B09D02046FFF7A3FF02EB07
:102B80004000C0B210BD0232D2B2F5E70832FBE716
:102B900038B505460C46FFF7D9FF2D680146284693
:102BA000FFF7F2FEC0F38130022804D0032808D0DA
:102BB00070B1062038BD6B5A238001232372002098
:102BC000F8E701222944204600F097FB0223F5E7AD
:102BD0002072F4E700F01800102805D0A0F11803C7
:102BE00058425841C00070470420704700F0070366
:102BF0000120984010F0220F09D110F0880F08D161
:102C000000F04400003818BF0120C00070470420C5
:102C1000704710207047037A012B06D0022B0CBF9F
:102C200003200020884080B270470220FAE708B5F0
:102C30004307024608D0FFF7CDFF12F0180F0CBF74
:102C400005300630C0B208BDFF20FCE72DE9F74390
:102C5000071D0446B0F8009045880E4638460E2100
:102C6000FFF7D9FF04EB010849EA050202430A21F4
:102C70004046FFF7D0FF92B2A37D104380B25BB114
:102C8000012B04D1E1894FF6FF72914204D0B9F1D2
:102C9000020F18BF40F02000A27F003A18BF0122A7
:102CA000B5F5805F40EAC20003D0B5F5005F0AD0F9
:102CB0008DB9227B7AB173B1228B638B9A420AD190
:102CC00040F0400007E0227B002B61D1637F002AA7
:102CD00058D1002BF4D194F82130316803F001036E
:102CE00040EA03257F22684605F07FFF29466846B3
:102CF00005F0AAFFEB0503D40121684605F0E3FFC8
:102D00002846FFF763FE18B1618B684605F09CFF0B
:102D10004146684605F0A3FF2846FFF7D3FE18B1E9
:102D2000218B684605F090FF3946684605F097FF0D
:102D3000BDF80430B380A57F8DB1E37F1D432946E4
:102D4000684605F06AFF2846FFF771FF411E89B209
:102D5000684605F0B8FF2846FFF748FF0546238878
:102D6000032B04D194F82010684605F056FF023575
:102D7000E9B2684605F0A7FFBDF80430B38003B0A0
:102D8000BDE8F083002BA6D1237F002BA3D197E7CA
:102D90000AB9637FF9E7022A8ED1022B8CD1F8E7BA
:102DA00010B580F480720446C2F30021FFF70EFED6
:102DB00048B98A1CC4F38123022B06D0032B15D0FB
:102DC0002BB1FF2010BD0A1DF4E70232D2B220461B
:102DD000FFF778FEA40B02EB4002022CD0B207D022
:102DE000032C08D0002C18BFFF20EBE70832EDE7DA
:102DF0000230C0B2E6E70830FBE708B58388032B52
:102E000006D90068FFF7C0FDBDE80840FFF7C8BF5E
:102E1000FF2008BD08B58288022A034609D9006848
:102E2000FFF7B2FD020704D51846BDE80840FFF7DA
:102E3000E4BFFF2008BD38B505460C46FFF7EAFFA2
:102E4000FF281FBF2B681B5C03F00703237014BF10
:102E50000020062038BD38B505460C46FFF7DAFFDE
:102E6000FF281FBF2B681B5C03F01803237014BFDF
:102E70000020062038BD38B505460C46FFF7CAFFCE
:102E8000FF281FBF431C2A68DBB200201ABFD3589B
:102E90002360062038BD38B50C460546FFF7BAFF5B
:102EA0002A68431CD9B252FA83F35454220A5A7046
:102EB000220C240E9A70DC702B7F43F001032B77D9
:102EC00038BD70B506460D46FFF7A4FF36680446C8
:102ED000305CFFF77FFE0534024629463019BDE815
:102EE000704006F07BBD70B506460D46FFF792FFB9
:102EF000FF28044609D03268105CFFF76BFE2244BD
:102F00000244002053792B7070BD0620FCE770B599
:102F100006460D46FFF77EFF32680446105CFFF759
:102F200059FE22440244557170BD10B50446FFF7A6
:102F300071FFFF2806D02368185CFFF757FE0230A8
:102F4000C0B210BD0220FCE710B50446FFF755FFE4
:102F5000FF28014612D023681846FFF715FD020727
:102F60000CD5A488A1420BDA585CFFF760FEFF285D
:102F700008D00144C9B28C42B8BFFF21084610BD39
:102F8000FF21FBE70146F9E710B50446FFF7DCFF38
:102F9000FF2803460FD02068027802F00702032AB8
:102FA00008D1FFF7F1FC00F44050B0F5005F1CBF02
:102FB00001339BB2D8B210BD38B50546FFF7E4FF28
:102FC000FF28044618D02868037803F00703032B72
:102FD00008D1FFF7D9FC00F44050B0F5005F04BF02
:102FE0000134E4B22846FFF7A0FFAB8804449C42BA
:102FF000CCBF0620002038BD0620FCE7F8B505460A
:103000000E46FFF7C1FFFF28044619D02F68384647
:10301000FFF7BAFC00F44050B0F5005F18BF04F1B0
:10302000FF34284618BFE4B2FFF77FFFAA88631C6D
:1030300050FA83F3934203DC3B5D33700020F8BD0C
:103040000620FCE707B503681B7803F00703032B92
:1030500003D0002003B05DF804FB0DF10701FFF77A
:10306000CDFF0028F5D19DF80700031F58425841B5
:10307000F0E710B50446FFF787FFFF2816BF236867
:103080000020C01810BD10B50446FFF7F2FF2368FA
:10309000C01AC0B210BD38B50546FFF7F4FF0446AC
:1030A0002846FFF742FF2044C0F17F0080B238BDC0
:1030B00070B505468688FFF7E6FF04462846FFF709
:1030C00034FF0444301B80B270BD70B506460C4618
:1030D000FFF7D9FF05463046FFF727FF05442C448C
:1030E000B48070BD38B504460568FFF71EFFA3889D
:1030F000181A284438BD2DE9F04104469EB000233B
:1031000008A803930D4606F006FB2068FFF73CFC79
:10311000030751D50DF10B012046FFF78CFE002867
:103120004AD103A92046FFF7A6FE0646002843D150
:103130000DF110089DF80B2003994346284606F030
:10314000D8FAA16808A806F040F92046FFF7EDFE7E
:1031500005462046FFF797FF07462046FFF7A8FFE2
:10316000023D0D2302463946CDE9008308A8EBB2A3
:1031700006F037F92046FFF786FF25680246294604
:1031800008A806F0C1F92046FFF773FF0546204660
:10319000FFF78EFF2A460346294608A8009606F048
:1031A000E6F92046FFF79EFF014608A806F088FAD8
:1031B000237F43F01003237708A806F0BBFA1EB064
:1031C000BDE8F081F0B50446A3B000230CA80E467C
:1031D0001546039306F09FFA2068FFF7D5FB10F021
:1031E00008005CD00DF10B012046FFF724FE30B142
:1031F00008240CA806F09EFA204623B0F0BD03A9CF
:103200002046FFF738FE0028F2D104AF9DF80B20CE
:1032100003993B46304606F06CFA29460CA806F0A6
:10322000D4F82046FFF781FE851E2046FFF72BFFCE
:1032300006462046FFF73CFFEDB20D23024631461D
:10324000CDE900730CA82B4606F0CBF82046FFF71B
:103250001AFF2668024631460CA806F055F92046AA
:10326000FFF707FF06462046FFF722FF012203462D
:103270000092314632460CA806F079F908A90CA84C
:1032800006F01EFA2046FFF72DFF2A46014608A841
:1032900006F0E3FB041E18BF0124E400A9E704467E
:1032A000A7E738B50D4605F5804504460430E8F734
:1032B0005BFAD5F8AC332367204638BD10B54FF61E
:1032C000FF74EEF775FC80B2A042FAD010BD10B5C5
:1032D00004460821FBF786FA237823F0010343F024
:1032E0000203237010BD10B50446082206F076FBD9
:1032F000237883F00203237010BD10B40C461AB17A
:10330000012A05D010BC704710BC082206F066BB2D
:1033100001F10802013812F8013D00F8013FA24214
:10332000F9D1EFE710B50446FFF7DDFF0223237262
:1033300010BD012301800371704701234180437157
:10334000704740F20113018041808380704700681C
:1033500070470160704702688A6000230B608B80B1
:10336000704710B504460068002801DBFBF7BAF986
:103370004FF00043236010BD38B50B6802689A42D5
:1033800004460D4603D0FFF7ECFF2B682360204670
:1033900038BD10B50446FFF7E4FF4FF0004323604B
:1033A00010BDF0B587B0002704460E4615460597B8
:1033B000FFF7D7FF01221023CDE901630097AB1D72
:1033C000114605A8E2F76AFE059B236007B0F0BD31
:1033D000F0B585B00C463C22002105468DF80C1056
:1033E00006F023FB6CB323681B785B0703D006262B
:1033F000304605B0F0BD01AF39462046FFF7C8FBA7
:1034000006460028F4D19DF80C30022BEFD197E846
:10341000030005F1320785E8030039462046FFF72F
:1034200087FB18B139462046FFF70EFBA37985F8D4
:10343000363094F9153085F83730A37D85F838306B
:10344000D6E70726D4E710B510220446002106F07F
:10345000ECFA4FF000432360204610BD38B5044617
:1034600000254FF6FE732946082245800571C3806A
:1034700003810A3006F0D9FA638A656103F0FE031E
:1034800043F4FE4343F00103638204F1280084F80F
:103490005D50FFF77EFF04F13800FFF77AFF04F17B
:1034A0004800FFF776FFA56584F85C5004F16000E2
:1034B000BDE83840E7F7A2BA38B5036A04460D46BE
:1034C0001BB1426A0121284698472388DA070AD4AB
:1034D0002B681B889B0606D504F160001021BDE80F
:1034E0003840FEF79DBD38BD8378022B1CBF0223F8
:1034F00083701C30E8F716BB0078C0F3401080F0F2
:10350000010000F0010070478269127F0346C2F398
:103510008000520741BF188800F00C00B0FA80F01C
:10352000400970470078C0F3800080F0010000F08F
:10353000010070470078C0F3400080F0010000F007
:1035400001007047837C024613F0010002BF5078EF
:10355000C04300F001007047E8F722BA38B590F890
:103560005C30934204460D4607D11C30E8F7E0FA80
:10357000A36D9D4224BF0135A56538BD70B5036AB2
:1035800005460C4616462BB121B11AB9426A31469E
:10359000204698472846FFF7AFFF40B93CB1E37D8E
:1035A0009B0704D5227D21692846FFF7D7FF3246C5
:1035B000214605F11C00BDE87040E8F799BA37B51F
:1035C0000446806903681B881D072ED5037FD90632
:1035D0002BD40DF10701FFF73EFC30BBA069037F40
:1035E000DA0703D494F85C10FFF791FC2046FFF74C
:1035F00083FFD0B19DF80730082B16D1A36904F1E1
:1036000038029A60A069037FDB0709D4A56D2946BB
:10361000FFF741FC94F85C2029462046FFF79EFF07
:10362000A06904F10A01FFF766FD03B030BD37B5AC
:1036300005460C46FFF760FF08BB0B681B881A079E
:103640001DD50B7FDB071AD50DF102012046FFF7D0
:1036500002FCA0B99DF80230082B10D101A9204628
:10366000FFF709FC58B90DF103012046FFF73BFCB9
:1036700028B99DF8032001992846FFF76FFF03B092
:1036800030BD4FF47A736030B1FBF3F1FEF7C8BC84
:1036900010B58378C178032B1CBF03238370836923
:1036A0001B7E044663B1FFF72FFF48B10331C9B257
:1036B0000529204628BF0521BDE81040E8F7CCB910
:1036C0002046BDE81040E8F7DBB838B58378052B15
:1036D00005460BD00024FFF772FF2846EC702C71D2
:1036E00085F85D40FFF7D4FF204638BD0D20FCE78C
:1036F0002DE9F7431E46044660300D469046E7F735
:103700007DF90E2E27D005D82EB30B2E25D003B071
:10371000BDE8F0830F2EFAD100272B7F5B0705D57C
:10372000AA79394604F11C00E8F7E8F92946204651
:10373000FFF77DFF9FB92046FFF7E6FE78B1E378FB
:103740002A7E9A420BD90133E370204603B0BDE8CC
:10375000F043FFF79DBF0127DFE70127E6E70023DE
:10376000E37023797EB32046FFF7DCFE074620B1E5
:103770006F7E9F4294BF0027012704F11C09009728
:10378000324629464846E8F7BFF9F7B123790133B5
:1037900023712B7F0E2E43F002032B77D5D1A37814
:1037A00094F85D10062B1CBF0623A3702046E8F793
:1037B00053F994F85D300133DBB2052B28BF0523A4
:1037C00084F85D30A3E73746D7E7A378022B1CBF08
:1037D0000223A370424633462946484603B0BDE85B
:1037E000F043E8F799B9704710B50021044680F816
:1037F000FE10C0F80011FE2206F017F9204610BD99
:1038000002780E2A034612D80E2A17D8DFE802F0F3
:103810001A2628200808162816161616221628001A
:1038200010225878904234BF002001207047352A7A
:1038300012D005D8332A13D0342A13D00120704770
:103840004A2AFBD15A78022A0ED9981C03F0F1BA01
:1038500000F090BA00F09CBA00F0CCBA0222E0E787
:103860000822DEE70422DCE70020704770B590F8FC
:10387000FE30FF2B054600EB030622D1062070BD6B
:103880006378FF2BFAD0A31C9E42F7D3204605F0A5
:10389000FAFA20448642F1D32046FFF7B1FF002810
:1038A000ECD0611B227889B2284605F004FD00287F
:1038B000E4D1204605F0E7FA0444B442E0D3002006
:1038C000DDE70446F9E70A4690F8FE1005F0F3BC80
:1038D00070B506460C468D18AC4201D1012006E0B9
:1038E00014F8011B3046FFF7EEFF0028F4D170BD3D
:1038F00038B50C46054691F8FE2006F06FF894F8AE
:10390000FE3085F8FE30D4F80031C5F8003138BDFE
:1039100070B55388FE2B0546164608460ED82A4633
:103920003146FEF74CF8044630B9738885F8FE300E
:10393000E1F700FFC5F80001204670BD0724FBE752
:1039400038B50446084681B14D7894F8FE20A91C8C
:10395000031B51FA83F3D21A014406F04DF894F890
:10396000FE30023B5B1B84F8FE3038BD2DE9F84386
:10397000884690F8FE50044617461E46FFF7A3FF00
:10398000C5F1FE05ADB2014618B1437802331D44BE
:10399000ADB206F10209A94518D82046FFF7D0FFBD
:1039A00094F8FE30E018994484F8FE9004F80380FF
:1039B000467005F072FA3246394606F00FF8E1F724
:1039C000B9FEC4F800010020BDE8F8830320FBE73E
:1039D00010B50446FFF777FF01462046BDE81040CA
:1039E000FFF7AEBF002910B514BF33210E211446D6
:1039F000FFF769FF38B1D0F802302360D0F8063005
:103A00006360002010BD1720FCE700294FF0080379
:103A100014BF33210E21FFF7A9BF10B50270427801
:103A2000014622F0030242700022426041F8183F32
:103A300004468262C0E90812083000F0AFFA04F1CF
:103A4000100000F0ABFA204610BDF8B5044604F1B2
:103A5000100718300D4604F10806E6F7CFFF384688
:103A600000F09CFA304600F099FA95F8FE30C3B1A8
:103A70006378217843F00103637032462846FFF7EC
:103A8000B1FF18B996E8030087E8030023781BB953
:103A900029462046E8F752F82046BDE8F840E8F706
:103AA000A7B8F8BD13B50B46002104468DF80710E2
:103AB000104662B918690DF10702102105F0E2FA0B
:103AC000B8B99DF80730A3B1FF2B08BF2520637854
:103AD00023F002036370D4E909310022626203B16A
:103AE000984741F2883104F11800FEF799FA02B0C4
:103AF00010BD0620EBE7FFF7D5BF90F8403030B59A
:103B00000246C4189442154606D1402B09D05A1CCF
:103B100080F84020C15404E02D788D4202F101026A
:103B2000F0D130BD10B50378002B044614BF05203A
:103B3000032000F50030FAF7D5FD2378002B14BFE1
:103B400006200420BDE8104000F50030FAF7CABD99
:103B500010B586B0084611460593FFF7B4FE04463B
:103B6000A0B1437893B105F098F963780022CDE9CC
:103B7000010301231146009305A8E2F78FFA2046BE
:103B800005F08BF96278002105F04FFF06B010BDFB
:103B900037B5084611461D46FFF795FE044698B115
:103BA000427872B105F079F96278014601AB284696
:103BB000FAF78EFD024620B96278019BD21A18BF2F
:103BC0000122104603B030BD0246FAE730B5C3B05B
:103BD000044601A8FFF708FE01A92046E8F7C4F84B
:103BE00001A905462046FFF730FF284643B030BD07
:103BF00010B5C2B0044601A8FFF7F6FD01A92046A2
:103C0000E8F7B2F818B901A92046E7F797FF42B0E4
:103C100010BD08B54378024613F0010006D002F14A
:103C2000100000F0C6F980F00100C0B208BDE8F74E
:103C30007FB938B50D460446E1F77CFD00232B60C3
:103C4000626B04F12C039A4207D0236BC21A002A3C
:103C5000BCBF1B1A2B60002038BD1720FCE7F8B54D
:103C600006460D4616F8101B0446174628463246EF
:103C7000FFF7B8FE78B104F10801304600F0CCF946
:103C8000002812DD29462046E8F7B8F92046E7F774
:103C9000AFFF002008E02378002BECD12946204616
:103CA000E7F74CFF0028E6D0F8BD002FEAD1002846
:103CB000ECD041F2883104F11800FEF7B1F9E5E7E4
:103CC000E8F736B910B50C460E21FFF7FCFD38B108
:103CD000D0F802302360D0F806306360002010BDB9
:103CE0001720FCE710B5C2B0044601A8FFF77CFD21
:103CF00001A92046E8F738F818B901A92046E8F7E5
:103D0000F3F942B010BD30B5C3B0054601A80C466A
:103D1000FFF76AFD01A92846E8F726F810B1172039
:103D200043B030BD214601A8FFF7CCFF0028F7D0F3
:103D3000F5E700BA70474200400800F0553002F045
:103D4000AA3202439300920802F0333203F0CC33DC
:103D5000134318011B0903F00F3300F0F030184330
:103D600000BA70474A78102A28BF10220231016039
:103D70000271704741780230FEF78DB8024608465E
:103D80005178102902F1020228BF102100F0C6B8B4
:103D90004078022894BF00200120704713B50446E4
:103DA000684601F002FB62786388023AD2B2012AC7
:103DB0005BBA684628BF0122211DADF8003001F032
:103DC00002FB009802B010BD30B5044685B00D4628
:103DD0000C22002101A805F028FEA31C62780193A3
:103DE00003A8002104F0C7FF294601A8E8F7FCF961
:103DF00005B030BD07B501A9FFF7E6FFB0FA80F0C6
:103E0000400903B05DF804FB7FB50D460646144635
:103E100000210C2201A805F008FE28680390214625
:103E200001A80296E8F7E0F904B070BD37B50D4679
:103E300001AA3521044605F0CFF820B92A4601A988
:103E40002046FFF7E1FF03B030BD13B50022044662
:103E50006846E8F70FFA9DF806306A463521204695
:103E600005F05BF902B010BD10B50446083000F053
:103E70002FF801462046BDE81040E8F733BA10B5E8
:103E80000446083000F006F801462046BDE8104020
:103E9000E8F728BA70B50E68097905463046FDF78F
:103EA000ACFFC4B2102C0FD822462946304605F08C
:103EB000D4FD08B92B5D4BB122463146284605F0AA
:103EC0008DFD0020285570BD0720FCE71820FAE77B
:103ED00013B511230446084600918DF80430FEF70F
:103EE00009F828B169462046FFF7D4FF02B010BD9B
:103EF0000720FBE701380F288CBF00200120704706
:103F000008B54B1E0F2B07D800F8011B102200210B
:103F100005F08BFD002008BD0720FCE770B50446C6
:103F20001646FFF7EDFF054628B92046314610F842
:103F3000012B05F053FD284670BDF8B50278054603
:103F40001046FFF7D7FF40B30C88D600F6B2013A0F
:103F5000B4FBF6F306FB1344C4F3C403D2B2D31A82
:103F600055FA83F304F007045B78012707FA04F499
:103F700013EA040011D04B88B3FBF6F106FB1133B2
:103F8000C3F3C401521A55FA82F203F007035078C2
:103F90009F403840003818BF0120F8BD4FF0FF3374
:103FA000037043708370C370037143718371C37175
:103FB000704703884FF6FF72934208D1D0F8022071
:103FC000013204D1C088C01A18BF012070470120F7
:103FD00070470023037043708370C3700371437193
:103FE00083710123C37170470346008840B9D3F839
:103FF000022032B9D888A0F58073584258417047E2
:104000000020704710B50446D0F80200FFF791FE7B
:10401000218849BA89B210BDF8B50546FFF7C9FF36
:104020000C4601462046FFF7C4FF81421AD12846BC
:10403000FFF7E8FF074620460E46FFF7E3FF8E42F4
:1040400008BF874214D1EB885BBAC3F34E0299B222
:10405000E3885BBA98B2C3F34E039A420ED00AD9F2
:1040600001200AE0002914BF01204FF0FF3004E0D6
:10407000B842B141F4D34FF0FF30F8BD01F0010375
:1040800000F001029A4201D0002BECE70020F4E797
:1040900008B1E6F7A5BB7047837C5A0701D400F04E
:1040A00020BCC3F3C300704700F038001F2805D8B8
:1040B000082805D0103818BF01207047022070472B
:1040C0000020704720B1831E58425841400170477C
:1040D0000820704730B587B093798DF804303C30B4
:1040E00000230D46144602A908328DF80530E8F782
:1040F0003DFD02A800F06FFC811C89B204A800F00D
:10410000A4FCA8B102A800F066FC02A90246284659
:10411000E6F774FBB0B9022201A92846E6F76EFB68
:1041200080B9A388A0715BBA08335BBAA38009E0A9
:1041300004A800F050FC04A902462846E6F75EFBFE
:104140000028DFD007B030BDF0B502F1180787B006
:10415000064638460C46154600F0FEFB38B12A46A6
:104160002146304607B0BDE8F040E8F719B93846B7
:1041700000F0E6FB00285AD028212046FDF790FBEE
:10418000A979002955D1022301AA2046FDF70CFC8C
:1041900000284CD1AA889DF8053052BA013392B25A
:1041A000B2EBC30F4FEAC30740D301468DF8053089
:1041B00001AA20460223FDF743FC08223946204687
:1041C000FDF701FD98BB05F1080202A906F13C00CC
:1041D000E8F7CCFC02A800F0FEFB3946034602AA31
:1041E0002046FDF72DFC02A800F0F5FB014604A8CF
:1041F00000F02BFC68B902A800F0EDFBC61904A87A
:1042000000F0E9FBB6B2034604AA31462046FDF7AA
:1042100017FCAB885BBA08335BBAAB80282229460F
:10422000204607B0BDE8F040E6F7E8BA062007B040
:10423000F0BD2A4621463046FFF74CFF0028EDD05E
:10424000F5E710B504460C30FDF752FD04F12000EF
:10425000BDE81040E6F7ACBB70B514461E460846F4
:10426000022332462146FDF7AAFB054670B9737852
:1042700062880133B2EBC30F4FEAC30108D3204673
:1042800004F0A4FD0221204604F095FD284670BDEF
:104290000625FBE730B591B00D46044602A804F0B0
:1042A00085FD282306AA02A92846FDF788FB2821B8
:1042B00002A804F080FD9DF81E3073B920466B46BD
:1042C00002AA2946FFF7C8FF0446B8B9BDF80A306C
:1042D0002BB9032C6AD0002C40D100240EE002AA96
:1042E000294601A800F07EFB00286DD19DF804301E
:1042F000012B25D96D2B2BD11CB10624204611B0E2
:1043000030BD029B039301A800F065FB014603A8A2
:1043100004F05CFD01A800F05EFB0628EDD8BDF8B6
:104320000C302A2B02D19DF80120AAB1BDF808401B
:10433000BDF80A201444A4B20833E31A5C425C417D
:1043400001A800F048FB014602A804F034FDBDE7D7
:10435000002C18BF0324F3E70224F1E7BDF808108E
:104360000839082289B22846FDF71DFC022C11D11C
:104370009DF800308DF81E30BDF81C305BBA083B4C
:104380005BBAADF81C3006AA282300212846FDF7A9
:1043900057FBA2E79DF80130013B8DF801306A46DA
:1043A000022328212846FDF74BFBE5E79DF80E1078
:1043B00004A800F039FB04A8BDF80C4000F00BFB8A
:1043C00004AA03462146E1E7044697E72DE9F047B2
:1043D00088B006460D4605A81746984604F0E2FC4C
:1043E00003AB05AA29463046FFF736FF044690B9CD
:1043F0008246083706F13C09BDF816307BB9BAF1A0
:10440000000F32D1BDF81410BDF81630194489B22E
:104410002846FDF7D3F9204608B0BDE8F08705AA85
:10442000294604A800F0DEFA40BB9DF81030012BAD
:104430000FD96D2B15D1BAF1000F14D106AB009333
:1044400005AA3B462946484600F016FBB0B94FF096
:10445000010A04A800F0BFFA014605A804F0ABFC6D
:10446000CAE73F2BF5D90224D5E7434606AA2946D9
:1044700006F13C00E8F71CFC0028C3D00446CAE75C
:1044800007B5084608226946FDF7A4FA48B9BDF801
:1044900002305BBA98B2C3F3CC032BB900F0010031
:1044A000400003B05DF804FB0220FAE738B504468B
:1044B0003AB1012A0ED02368002B0CBF0320002044
:1044C00038BD0D680A6020688542F4D0FFF7E0FD32
:1044D0002560F0E70868FDF78CFB0546F3E72DE95A
:1044E000F0418CB00D4607460021904602A82622D6
:1044F0001E4605F09AFA2622002102A805F095FA38
:1045000005F1080406AA05F1180C20686168134635
:1045100003C3083464451A46F7D102AA05F1280CF2
:1045200020686168134603C3083464451A46F7D10E
:10453000EB798DF82C306B789DF82D201B0963F3F7
:104540000102112E8DF82D204FF0000501D03A2EDA
:104550001DD19DF848200195414601A8FFF7A6FF0F
:10456000019DB0B9112E02AA29460BD107F13000E6
:1045700000F013FD04462846FFF78AFD20460CB0E4
:10458000BDE8F08107F1280005F0F5F9F2E72C46C7
:10459000F1E70324EFE72DE9FF41DDF82880064627
:1045A0000C4617461D4698F800301BB92B780BB106
:1045B00000200FE020680223818903AAFDF7F4F9A7
:1045C00040B92B782C2B18D007D853B12B3B58422D
:1045D0005841400004B0BDE8F0813B2B1CD03C2B7F
:1045E000E6D1216843463A463046FFF7EFFE002801
:1045F000F0D19DF80C302B70D5E70122019298F88C
:104600000020009221463A463046E7F7FDFE216839
:104610003046FFF735FFEAE70220DBE773B50446D3
:1046200000F10C06E5680DB902B070BD29463046B0
:10463000FDF77BFB002201A920460195E8F70CF964
:104640000198FFF725FDEDE770B53C2204460E46C4
:10465000002105F0EAF93146204600F0A1F90546AF
:1046600010B10625284670BDA379112B05D03A2B31
:1046700003D0062BF6D1142300E0082304F128020E
:1046800028213046FDF790F90028EBD0E9E7F0B596
:10469000044603C989B006AD85E80300294604A88D
:1046A00017461E4601F014FD10B9BDF8143093BB37
:1046B000BDF81C307BB3069B1B7803F0E003602B36
:1046C00029D106F58646683600953B460DF10F0266
:1046D00021463046E9F74AFA30B9A379112B05D0C3
:1046E0003A2B16D0062B10D009B0F0BD9DF80F3034
:1046F00004F1280123B12A46304601F093FBF3E789
:104700000822284604F018FBEEE7142204F12801E1
:10471000F7E70822FAE71720E6E78379062B01D0AE
:10472000112B03D1408D40BA80B2704700207047F2
:1047300038B5054614460732D20805F04FF92C74F7
:1047400038BD0821FAF74EB813B504460868496821
:104750006B4603C39DF80030002283F002036946D4
:1047600020468DF80030FEF7C8FD02B010BD4FF0B6
:10477000FF320023C27049BA6FF001020370437028
:10478000837002714371C18070470368B3F17F4F3A
:1047900005D18088A0F1FE0358425841704700209F
:1047A000704708B50246FFF7F0FF40B19079FB284B
:1047B0009DBFC0F3400080F00100C0B2002008BDE2
:1047C00008B50246FFF7E1FF20B19079A0F1FC03A4
:1047D0005842584108BD0268034642B9406840B992
:1047E0009A683AB9D868B0FA80F04009704700205A
:1047F000704710467047026803464AB9406848B996
:104800009A6842B9D86800F17F43584258417047CE
:104810000020704710467047038848F2FE0023F4DA
:104820007C531B1A5842584170476FF00102002315
:1048300002706FF07F0242708370C3700371437126
:104840008371C3710830FFF77FBF10B5144604F0C1
:104850008FF984428CBF0020012010BD0B680360DB
:104860004B6843607047F8B5D40802F0070722464A
:1048700005460E4605F0B2F867B1013F80233B4183
:104880002A5DDBB2591E0A402A55315D5B420B405E
:104890001A432A55F8BD0A7C402A04D9403AD2B2BC
:1048A0000831FFF7E0BF70470A7CFFF7DCBF38B57F
:1048B000044615460430FFF7D6FFE57038BD0B6897
:1048C00003604B6843604FF0FF310023C17252BA5E
:1048D0006FF0010103724372837201734373C281EB
:1048E000704708B50278FF2A03D1407800F00F0026
:1048F00008BD038848F2FE0223F47C53934206D09D
:10490000FFF779FF00280CBF0E200020F0E70220FF
:10491000EEE708B50378FF2B05D1FFF7E2FF831E12
:104920005842584108BD0020FCE7038848F2FE02C7
:1049300023F47C53934201D0FFF7EBBF0120704773
:1049400008B50378FF2B05D1FFF7CBFFC31E5842F4
:10495000584108BD0020FCE708B50378FF2B06D1BD
:10496000FFF7BFFF032894BF0020012008BD0020EF
:10497000FCE708B5802204F0FBF8C0B208BD03785C
:1049800003F0F003602B09D1808840BA80B2283050
:10499000B0F5A06F8CBF0020012070470020704749
:1049A00070B50E4602460546282300213046FCF726
:1049B000FBFF044668B92846FFF7E1FF48B1AB8822
:1049C00072895BBA9BB22833934218BF06242046F3
:1049D00070BD0624FBE7037813B1407802307047BE
:1049E00001207047F8B50F461646054602460123DA
:1049F00031463846FCF7E3FF044610B92B7813B96B
:104A000068702046F8BD02232A4631463846FCF736
:104A1000D6FF38B92846FFF7DEFF7388834238BFD8
:104A20000624EEE70446ECE738B507220C460021E1
:104A3000054604F0FAFF012C0DBF00230123023CC0
:104A40002B701CBF2B706C7038BD11F0070108B5BE
:104A500006D0C1F10801C9B2FFF7E6FF002008BD8A
:104A60001820FCE710B50021044680F88C108C2239
:104A700004F0DBFF204610BD2DE9F041069F0D46F6
:104A8000164698463A46042331462846FCF797FFD7
:104A9000044640B9BB7803F0C002402A10D005D9C3
:104AA0001B0600D506242046BDE8F08108F1080069
:104AB000FFF76BFE0028F5D0B8F80E30BB80F2E7A8
:104AC0003A46314628460623BDE8F041FCF777BF59
:104AD0000023C0E90033C0E90233036100F174022E
:104AE00000F114039A420AD10023C0F8883000F183
:104AF0007803C0F8A03000F1900343677047016964
:104B0000596103611833EDE7F8B506460F461446C0
:104B10001D46AC4200D1F8BD224639463046E8F782
:104B20000FF92469F5E70A4641680B4623B911617C
:104B300042600121E8F704B99A4201D01B69F5E708
:104B4000704710B444680A46234600210BB910BCD4
:104B500070479A4207D019461B69F7E70B693BB1CA
:104B60001B690B6104E00029F8D10CB12369436093
:104B700010BC0021E8F7E4B810B404680A462346E4
:104B800000210BB910BC70479A4207D019465B69E7
:104B9000F7E74B693BB15B694B6104E00029F8D151
:104BA0000CB163690360D37C10BC23F00203D3749F
:104BB0000021E8F73DB9406818B9003818BF012056
:104BC0007047037D032BF8D00069F5E710B5044664
:104BD0001822002104F029FF23696FF3110343F425
:104BE000403343F04003236110BD10B50446FFF786
:104BF000EDFF638A23F4BE7343F48E73638210BDAA
:104C000010B518220446002104F00FFF002323757D
:104C100010BD70B500230B6004680D4616460CB934
:104C2000204670BD10223146204604F016FF0028B1
:104C3000F6D02C602469F2E707B50A46043001A9D2
:104C4000FFF7E7FF003818BF012003B05DF804FB51
:104C500037B50A46044601A90430FFF7DAFF0546D6
:104C6000C8B1037D032B18D1019B73B963680BB1E5
:104C70001B69636020462A460021E8F761F8636FEC
:104C80002B610020656703B030BD1A69002AF1D09E
:104C900012691A61EEE71720F5E72520F3E738B52A
:104CA0004168044601B938BD0B7D0D69032B02D163
:104CB0002046FFF7CDFF2946F4E770B500230B60CF
:104CC00004680D4616460CB9204670BD10223146C8
:104CD000204604F0C2FE0028F6D02C606469F2E79A
:104CE00037B50A4601A90446FFF7E7FF0546F0B1CC
:104CF00004F1140398421CD304F17403984218D2AF
:104D0000019B73B923680BB15B69236020462A4677
:104D10000021E8F78DF823696B610020256103B05D
:104D200030BD5A69002AF1D052695A61EEE7172066
:104D3000F5E72520F3E7F8B50546044655F8141BBA
:104D400000F1740601B9F8BDA9424F6904D3B1421C
:104D500002D22046FFF7C4FF3946F3E707B50A46FB
:104D600001A9FFF7AAFF003818BF012003B05DF8C2
:104D700004FB08B5428C4B8C9A4208D11022114496
:104D8000104404F06AFEB0FA80F0400908BD00202B
:104D9000FCE738B5028A0B8C9A4204460D4601D0D6
:104DA000002038BDFFF717FD18B1638C4BB9012007
:104DB000F7E710222946204604F04FFE0028F4D0E1
:104DC000EEE76A8C9A42EBD112342046FFF703FDDE
:104DD0000028ECD11022A918204604F03EFEB0FABB
:104DE00080F04009DDE770B50021044616461D46F7
:104DF000382204F01AFEC4E90965204670BD00227D
:104E00004FF44041C0E90012826070474FF2BF0387
:104E1000984208D000F53B50213080B213288CBF57
:104E20000020012070470120704710B584680022DF
:104E3000234603B910BD994207D01A461B6BF8E709
:104E4000136B3BB11B6B136304E0002AF8D10CB168
:104E5000236B836000230B63ECE710B502880146E7
:104E60004FF6FF74A2421ABF013292B24FF4404291
:104E70001046FFF7CBFF0028F4D10A80104610BD82
:104E800010B586B00446ADF814101022002101A818
:104E900004F0CBFD01A92046E8F792F806B010BD5A
:104EA000F0B51C468BB006460D461746002126225B
:104EB000684604F0BAFD238C2BB12A8A9A4202D0AC
:104EC00007200BB0F0BD23466A4604F1200C186899
:104ED0005968144603C4083363452246F7D118685D
:104EE00020609B88A38004A8FFF775FC90B105F1B2
:104EF00012042046FFF76FFC0028E1D1234604AAE4
:104F000005F1220C18685968144603C40833634538
:104F10002246F7D1BDF8223023B96B8C002BCFD0BD
:104F2000ADF822306846FFF756FC58B12B466C4668
:104F300005F1100C18685968224603C2083363450E
:104F40001446F7D12B8A43B12B8AADF820306A463C
:104F500039463046E8F74AF8B3E72A46294630464C
:104F6000E8F702F80028EFD0AAE770B584680D468C
:104F7000164604B970BD31462046FFF70AFF50B10E
:104F8000A9892846FCF78CFC636AA06A3246294648
:104F9000BDE870401847246BEBE72DE9F3410E465E
:104FA0001546804611222946304604F077FC044617
:104FB000B0B9082269463046FCF70CFD044678B9C2
:104FC000BDF800305BBA6B84BDF802305BBA2B844D
:104FD000D8F8047047B92A4631464046FFF7C5FF66
:104FE000204602B0BDE8F0817B68B8682A463146A9
:104FF00098470028F4D13F68ECE7806818B900387A
:1050000018BF01207047038A8B42F8D0006BF5E788
:10501000036823B91720B0FA80F04009704799421D
:1050200001D01B6BF5E70020F5E738B505460830E1
:105030000C46FFF7EDFF68B121462846FFF7F5FE65
:1050400012220021204604F0F0FC12220021A018B8
:1050500004F0EBFC002038BD38B504460D46FFF7E0
:10506000D7FF10B923682B63256038BD00F5804356
:1050700093F89C3913B10F30ECF7BEBE704700F5C2
:10508000804393F89C3913B10F30ECF7BBBE7047E7
:1050900010B400F5804494F89C491CB110BC0F304A
:1050A000ECF7B6BE10BC704700F5804393F89C390E
:1050B00013B10F30ECF7B2BE70477047704708B5B8
:1050C000FFF7FCFF08BD704770B504461E46154645
:1050D000E8F74EF800236660238129462046BDE8A4
:1050E000704000F022B80021C0E900118160FF216A
:1050F000C160014641F8102F8161704710B5044628
:105100001030E5F77BFC0023A37210BD03685BB190
:10511000027B1F2A02D8D340DB0705D40146FF23B8
:1051200001F80C3F04F025BB704770B5866900F1AB
:1051300010039E4204460D4603D0837A1D448572B7
:1051400070BD4368002BFBD00368002BF8D0FFF73D
:10515000DDFF2189237BA572E3720131002003F07A
:1051600053FE01463046BDE87040FCF759BF1C3085
:1051700004F0BDB810B50446FFF7C0FF04F11C00F1
:10518000BDE81040E5F73ABC0121FFF7CEBF38B5C6
:105190000C466107054601D5E8F74AF8E20002D55A
:1051A0002846E8F767F8630404D52846BDE8384088
:1051B000E8F758B838BD0830E5F720BCE8F78CB8F8
:1051C00002888A4202D00180E8F786B87047034619
:1051D00000201A6883F824000AB159681047704704
:1051E00070B590F82430012B96B005460C466ED170
:1051F000206801AA1A2103F0EFFE0646002866D1B6
:10520000BDF804102068FCF7D9FABDF80430BDF8E9
:1052100006102068194489B2FCF7A7FA3C223146EF
:1052200007A804F002FC9DF85530206843F02003E5
:105230008DF85530438AADF84E30037A8DF85230F0
:105240002C3000F08DF9236861688DF8530093F8D5
:105250002E308DF85430183107A8FEF744F8206836
:1052600002236A46812103F046FF80BB9DF800308F
:105270002068C3F3C0021B0943EA02139DF85520BE
:1052800022F01F0213438DF855300DF1350208232B
:10529000022103F030FFD0B9206809AB10220321AE
:1052A00003F0DCFE064690B9206814AA122103F030
:1052B000FCFE18B117280AD1ADF85060206802AB87
:1052C0001222082103F080FE18B117281DD016B055
:1052D00070BD9DF8093033B92B68002BF7D0696891
:1052E00007A89847F3E70DF13D0102A8FEF746FD38
:1052F00095F82630DA07EFD505F11C010DF13D00D8
:10530000FEF71BFE0028E7D1E1E795F82630DB0722
:10531000E2D5DCE710B50446006808B1E5F760FAAD
:105320000023236010BD10B50446006A48B1C1B126
:1053300001221144FCF7A1FB20B104F12000FFF78A
:10534000E9FF10BD637F0133DBB2FF2B6377F8D138
:1053500020774FF4FA7104F12400BDE81040FCF707
:105360005FBE6269531E1340636123B9237F2269C4
:105370006261013B2377237F04F124000BB1218B71
:10538000EBE74FF4FA71E8E70B4601461846FFF7E2
:10539000CABF002801DBF9F7A5B9704743886FF34E
:1053A0000B0343F08F034380704710B5042204467B
:1053B000002104F03AFB4FF4287323802046BDE817
:1053C0001040FFF7EBBF10B5FFF7E8FF0B7804467E
:1053D0008078DB0963F30000A0700B78C0B2C3F3E0
:1053E000801363F34100A0700B78C0B2C3F3401385
:1053F00063F38200A0700B78C0B2C3F3001363F3B1
:10540000C300A0700B78C3F3800383F00103C0B224
:1054100063F30410A0700B78C3F3400383F001031F
:10542000C0B263F34510A0700B78C0B2DB4363F3E6
:105430008610012AA07012D94B78C2B2DB0963F33F
:10544000C712A2704A78E378C2F3801282F0010298
:1054500062F30003E3704A7862F34303E37010BD24
:105460004030E5F7CBBA10B5044688B06A46183428
:10547000E8F724F9204600226946FDF792FF20460E
:1054800008B010BD00228287E8F76CB937B5054631
:1054900000680C46F9F72DF9014638B1286801ABD0
:1054A00010222146F9F714F903B030BD102220462E
:1054B00003B0BDE8304004F0B8BA1FB5044610216F
:1054C0006846F9F78FF9002269462046E8F752F955
:1054D00004B010BD1022002104F0A7BA018FB0F86B
:1054E0006420914204D3416802220131E8F7B0B947
:1054F000704730B50588002902F1FF344FEA5203A6
:105500004FF6FF7105FB043318BF00210B44B3FBBA
:10551000F2F2028030BD7F2930B51FD001EAE1737D
:1055200041783F298CBF0022012202EBD10202F018
:105530001F0262F3C70141705B4201889BB2DB002E
:10554000551EC1F30A049BB205FB043393FBF2F32F
:105550000A4663F30A020280002030BD0720FCE700
:105560004378072B08D90388C3F3C7005B0754BFF0
:105570004042C04340B270477F2070474378027872
:10558000FF2B18BF013310B51CBFDBB24370082BD3
:1055900028BF08235C1E12FB0411B1FBF3F101705C
:1055A00010BD10B504460222002104F03EFA6388C3
:1055B00003F0F00343F4FE43638002220021201D28
:1055C00004F033FAA01D0222BDE81040002104F0CF
:1055D0002CBA0B1AD8B21B0603D47F2908BF0020AF
:1055E000704700207047FF21E8F728BA7F2938B5B7
:1055F000044614D04378C170072B8ABF8578FF25F5
:1056000005F00305FFF787FF48B92046E8F704FADD
:105610002946E8F713FAA37860F30103A37038BDB5
:1056200000224274827C22F0030242F0030201F560
:105630008E41827410314022FFF77AB830B4847CF6
:1056400044F0020484749478857CC4F3001464F3F9
:1056500000058574927802F00F024274CA7830BC5B
:105660000431FFF765B8704738B5037A012B0D4652
:10567000144603D0022B0BD0062038BD01881046FB
:10568000FFF775F820462946FFF705F90020F4E7F3
:1056900001461046FFF758F8F4E7F7B515460846F7
:1056A0006A46194605F10807DDE90846FFF7DCFF01
:1056B00008223946684604F0D0F928B9238843F017
:1056C0003003238003B0F0BD3846FFF75EF823882F
:1056D00048B143F020032380E98949BA89B23046B2
:1056E00003F0A6FAEEE743F01003238008223946C0
:1056F000304603F07FFAE5E7F7B5154608466A46F7
:10570000194605F10807DDE90846FFF7ADFF082255
:105710003946684604F0A1F928B9238843F0030309
:10572000238003B0F0BD3846FFF72FF8238848B137
:1057300043F002032380E98949BA89B2304603F075
:1057400077FAEEE743F0010323800822394630461A
:1057500003F050FAE5E72DE9FF470E46B1F80C805B
:10576000174601A9022230469A46FCF733F904464F
:10577000002867D19DF80430112B50D0292B4ED032
:10578000E021384603F049FA044600285AD19DF832
:105790000410384603F041FA0446002852D19DF81F
:1057A0000550ED000635FF2D4BD89AF800300BB1AF
:1057B0003C2B12D1B1892A4603A803F0DCFA00235E
:1057C000BDF80E0068BB43B19DF80830012B04D82A
:1057D00002A8FFF700F92D1AADB205EB000930461B
:1057E000FBF7F2FF814532DC9DF804308AF8003087
:1057F000E9B2384603F011FA044618BBB2892B46C9
:105800003146384603F04AFA0446D8B90FFA89F10E
:105810003046FBF7C8FF204604B0BDE8F087E12121
:10582000B7E703AA314602A8FFF7DCF8044648B9F7
:1058300002A8FFF7D0F8014603A803F0BCFA012341
:10584000BEE7012441463046FBF7B8FFE3E70624F4
:10585000F8E72DE9F7430E468F8915466946082279
:105860003046FCF7B7F8044678BBBDF80090BDF8A9
:10587000028099FA99F91FFA89F929F00F034FF27A
:10588000B00198FA98F88B421FFA88F89AB224D19E
:1058900028F00F03934225D1F321284603F0BDF9E8
:1058A000044690B908F00F0141EA0911C9B228462F
:1058B00003F0B3F9044640B9BDF8061049BA89B2FD
:1058C000284603F0B5F9044618B139463046FBF7CF
:1058D00075FF204603B0BDE8F08309F47F43B3F5BC
:1058E000704F13D1F221284603F097F9044600289F
:1058F000EBD15FFA89F1284603F08FF904460028BE
:10590000E3D14146284603F093F9D3E708F47F43F7
:10591000B3F5704F10D1F121284603F07EF904460B
:105920000028D2D14946284603F082F904460028CF
:10593000CBD15FFA88F1BAE7F021284603F06DF980
:1059400004460028C1D104226946284603F052F9D2
:10595000B0E72DE9F04F9DB08846269E1D468B8905
:10596000059307463378039391464FF4C04A2822A3
:1059700012A94046ADF81CA0FCF72CF8044683465B
:1059800030B10023337005994046FBF717FFA3E0C1
:1059900008AA14A93846E8F76DF80DAA18A93846E0
:1059A000E8F768F8AB8804935146284603F040F9BD
:1059B000044610B186F800B0E5E79DF831309DF857
:1059C000451053EA01020DD041EA03114FF4C142E0
:1059D000C9B22846ADF81C2003F01FF910B134708D
:1059E0000446D0E79DF848B09DF849309DF84AA09C
:1059F0009DF84B204FEA8B0B0BF03C0B99004BEAC8
:105A0000931B4AEA020A03F00F0353EA0A0A01F061
:105A1000C00171D15BEA0101BDF81C3060D143F4D3
:105A2000C053ADF81C309DF84E10112904D029291F
:105A300002D0002940F08A80039B012B40F286802F
:105A4000BDF81C3043F48063ADF81C309DF84F1056
:105A5000402900F08480FF2900F08680012940F071
:105A60008880BDF81C3043F48073ADF81C3014A856
:105A7000FEF7B1FE8346002800F08280BDF81C309E
:105A800043F04003ADF81C309DF86030FF2B40F030
:105A9000AA802B4607AA18A93846E7F7FDFF002879
:105AA0005AD19DF84E308DF81B304FF0010A039B00
:105AB0009A45C0F0CB8086F800A0002C7FF463AF3D
:105AC000BDF81C3004995BBAADF81E300DF11E0212
:105AD0000223284603F002F920461DB0BDE8F08FEE
:105AE00043F480532846ADF81C3003F096F80028A4
:105AF00099D086F800A073E7BBF1000F0FD1BDF875
:105B00001C2042F40062ADF81C201943284603F023
:105B100084F8824698B186F800B0044633E74BEA31
:105B20000101284603F079F8834618B10023337049
:105B3000044628E79DF8491001F00F01E6E702222C
:105B40000DF14A01284603F055F8D0E7284603F046
:105B500064F800283FF47AAF0023337040E7BDF8C3
:105B60001C3043F4007380E7BDF81C3043F44073ED
:105B70007BE7284603F051F800283FF478AFEBE7C5
:105B800014A8FEF749FE824670B107AB0093019559
:105B900008AB14AA49463846FFF77FFD00283FF4BA
:105BA00073AF86F800B01BE79DF832309A07C3F355
:105BB000400B12D5BDF81C30019543F04003ADF801
:105BC0001C3007AB009314AA08AB49463846FFF7D0
:105BD00064FD00283FF458AF8BE7102214A9284633
:105BE00003F008F8DAE718A8FEF716FE824650B16F
:105BF00007AB009301950DAB18AA09F10A013846CD
:105C0000FFF77AFD4BE79DF84630C3F3400B9B0747
:105C100013D5BDF81C30019543F00403ADF81C30DA
:105C200007AB009318AA0DAB09F10A013846FFF73C
:105C300063FD00283FF435AF5BE7102218A9284622
:105C400002F0D8FF00283FF42CAFAAE79DF81B30E4
:105C5000112B0ED0292B12D0002B7FF42CAF0DF17D
:105C60001B032A4641463846FFF775FDB8B1044686
:105C700021E72A4641463846FFF7EBFDF7E7EE21DC
:105C8000284602F0CAFF044610B186F800A07AE662
:105C90002B464A464146384600F006F8E7E70AF147
:105CA000010A5FFA8AFA02E72DE9FF471C46FF2343
:105CB00005460E4692468DF80F3000200DF10F0775
:105CC0009DF80F3013B904B0BDE8F087D4E900980F
:105CD00023460097524631462846FFF73AFE0028F1
:105CE000F1D0C4E90098EBE701F0F003E02B19D103
:105CF00001F00E010E291BD8DFE801F0081A0C1A7A
:105D00000E1A101A1A1A1A1A1A1A120000231370ED
:105D1000002070472B23FAE72C23F8E73C23F6E713
:105D20002923F4E701F0F801F02901D11123EEE76E
:105D300006207047F0B585B007460E4610460DF1B7
:105D40000301144603F00AF818B10625284605B0E9
:105D5000F0BD9DF80330DB0751D50DF1020120465F
:105D600002F0FCFF0028F0D19DF80250A2886B1CC5
:105D70009A42EAD3236801AA595D3846FFF7B4FF77
:105D80000028E2D10935ED08013D022201A9304683
:105D90008DF80550FBF771FE0028D6D10221304660
:105DA000FBF701FD9DF8022021683046FBF765FEF8
:105DB00005460028C9D19DF802103046FBF7F3FCD8
:105DC0009DF80210204602F0B0FF9DF8021002A8D4
:105DD0000231FEF73AFE0028B8D102A8FEF7FBFD1B
:105DE00002A902463046FBF748FE0028ADD102A8C2
:105DF000FEF7F1FD01B23046FBF7D5FCA6E701A99D
:105E0000204602F0ABFF00289FD10DF10201204691
:105E100002F0A4FF002898D19DF80250A388AB425D
:105E2000B0D292E737B500230D46104669461446B6
:105E3000ADF80230ADF8043002F090FF0146F0B941
:105E40009DF8003003F0F803F02B18D10822284603
:105E500003F0EBFD9DF8003003F00303022B3CD070
:105E6000032B4AD0012B0DF1020120460AD002F08B
:105E700078FF20B901A9204602F073FFA8B10620DF
:105E800003B030BD02F06DFF0028F8D10DF1010123
:105E9000204602F063FF0028F1D19DF801306FEA3F
:105EA00003536FEA1353ADF80430BDF802305BBA08
:105EB0002B80BDF804305BBA6B809DF800305B0727
:105EC000DDD40DF10601204602F04BFF0028D6D1AB
:105ED000BDF806305BBAEB80D2E70DF10101204638
:105EE00002F03CFF0028CAD19DF801306FEA03534D
:105EF0006FEA1353ADF80230BCE70DF10101204603
:105F000002F02CFF0028BAD19DF801204FF2B00317
:105F100043EA121102F00F02ADF802101343C2E778
:105F200073B50D46694616461C46FFF77BFFB8B9A8
:105F30009CB9B488083464BAA4B2082269462846D9
:105F4000ADF80440FBF799FD044618B9082128462E
:105F5000FBF729FC204602B070BDAB89E41AEAE7E2
:105F60000624F7E72DE9F04F8FB08F8900930D4697
:105F70009246984604A913460DF10D02BDF8604003
:105F80008146E7F7F3FD20B1062630460FB0BDE8A5
:105F9000F08F282204A92846FBF76FFD064600284B
:105FA000F2D128212846FBF7FEFBB3469DF80D30C1
:105FB00083B9002C45D0283CE41B391D64BAA4B237
:105FC00002230DF10E0289B22846ADF80E40FBF710
:105FD00037FDDAE7B8F80430002BD5D0D8F8003018
:105FE0001B7803F0F002E02A1ED103F00E020E2A05
:105FF00010D10023012140468DF80D3002F095FEAE
:1060000000944346524629464846FFF7ABFF002816
:10601000CCD0B9E703F001034246294648468DF843
:106020000D30FFF787FEF2E703F0F803F02BABD15A
:1060300023464246294648468DF80DB0FFF770FFCB
:10604000E5E7B8F80440AB89283C1C44B4E78388F2
:10605000042B08D90368187800F0C000A0F1800371
:1060600058425841704700207047032907D90078EB
:1060700000F0D800A0F1C0035842584170470020FA
:10608000704781880068FFF7F0BF70B50C46054681
:10609000114620461E46FFF7E8FF08B9062070BDEE
:1060A000208840BAC0F30A00288063885BBA6B80FE
:1060B000237813F0200308D0042AEFD92379DB00DA
:1060C000AB80052333800020E9E7AB800423F9E7A8
:1060D00037B50C468A8809680DF10603FFF7D5FF2E
:1060E000054620B9BDF80610204602F01EFE2846DF
:1060F00003B030BD4B795B0907D11AB10368013396
:106100000360704783680133836070474B795B0994
:1061100002BF43680133436070474B795B0902BF9C
:10612000C3680133C360704790F840305A0706D502
:1061300023F0040380F840304430E4F739BC704762
:1061400070B50B791546DA0706460C4619D523F0CB
:1061500001030B7120460021FBF730FB1DB12379B1
:1061600023F0080323712279214606F14C00C2F383
:10617000C002FFF7BFFF29462046BDE87040FBF78D
:1061800084BB70BD08B50B7913F0010309D1426AD5
:10619000914204BF436203840430FBF7EEFD01200B
:1061A00008BD0020FCE738B504460D46FFF7C8FFE0
:1061B00029462046BDE83840FFF7E4BF38B504461D
:1061C000406A0D4668B131B1027922F008020271CD
:1061D000606A42892284218C42898A4207D9FBF76E
:1061E000EDFA04F14400BDE83840E4F7E1BB3BB10F
:1061F00001798022C1F3C00103F12400FFF779F98E
:10620000616A20462A46FFF79BFF616A2046FFF736
:10621000B9FFE6E7F0B590F84030002787B067F3A4
:10622000C30380F840309B0704460D4616468DF8A0
:10623000147012D58B885BB103A92846FCF723FCA8
:1062400003AB0097324629462046E7F777FF03461F
:1062500003AA31462046FFF7B1FF07B0F0BD70B585
:10626000446805460CB9204670BD2379E669D90714
:1062700014D55A0612D443F01003237163795B09D5
:106280000ED121462846E7F77BFE2379E66923F005
:106290001003237130B9DBB2DB07E4D43446E1E705
:1062A0000220F2E7214628460222FFF749FF214655
:1062B0002846FFF767FFF1E737B500F118050446F8
:1062C00029466846FBF7FCFC4C34009909B903B039
:1062D00030BD2046FFF721FF2846FBF7E0FC68466B
:1062E000FBF73DFAF1E7F7B50446DFF723FA04F1CF
:1062F0001806054631466846FBF7E2FC04F14C07F8
:10630000009929B9A069003818BF012003B0F0BD79
:106310008B69EB1AB3F5FA6F05D33846FFF7FDFE2C
:106320003046FBF7BCFC6846FBF719FAE8E7704714
:1063300070B500260C680E60237943F00103054612
:10634000237131462046FBF739FA6661DFF7F2F92F
:106350002146A061281DFBF7CBFC05F14400BDE8F8
:106360007040E4F725BB70B5054604300E46FBF7D8
:10637000BCFC014680B10379C3F30014DB060BD4E7
:106380004379C3F34103B34206D2284605230322CF
:10639000FFF709FF204670BD1720FCE710B5044643
:1063A000EBF706FC2080204610BD4FF480531046CA
:1063B0005380FCF74BBC28B1807E00F00F00C31F58
:1063C0005842584170470246182308460021FBF7FF
:1063D000EBBA10B504464178E8F74CFA04F1A8008E
:1063E00010BD4078023802288CBF00200120704781
:1063F0004078033801288CBF00200120704708B581
:10640000002002F001FD013008BD10B504467034D3
:10641000E8F7D4FA02212046E6F722FE30B92046FA
:1064200044F64C51BDE81040FEF72ABD10BDCB79B3
:106430000A790968E8F718BB0B464FF47C4200F56F
:10644000EC711846FEF73BBA70B50C46516815461C
:106450001831204604F11E06FCF745FF3046FFF7D1
:10646000A0F828682C30FFF77BF801463046FFF78C
:10647000BDF80023E376DFF75DF9A06070BD90F80A
:10648000423003F00F03072B0CBFB0F840004FF66B
:10649000FE70704790F8203030B50246C418944220
:1064A000154606D1202B09D05A1C80F82020C15453
:1064B00004E02D788D4202F10102F0D130BD38B5F3
:1064C00091F820500C460D44AC4200D138BD14F870
:1064D000011BFFF7DFFFF7E710B504460830E4F7CC
:1064E0008DFA2046BDE81040FBF7E1BB30B587B020
:1064F0000D46014668461446FFF765FF9DF81430C7
:10650000AB420DD12046FEF766F938B9102221467C
:1065100001A803F0A2FAB0FA80F0400907B030BD3C
:106520000020FBE770B50D461646FBF7CFFB04468F
:106530000CB9204670BD324629462046FFF7D6FFEB
:106540000028F7D1E469F3E773B50C4616460A460E
:1065500007210546FFF7E6FF38B9CDE900003346CD
:10656000224607212846E8F77BFB02B070BD642174
:106570005C30E8F7BBBB4278022A04D1C3789B07A2
:1065800001D4FFF7F4BF7047F7B504460E46014645
:1065900068461746FBF794FB009D0DB903B0F0BDAC
:1065A0003A4631462846FFF7A1FF18B12946204652
:1065B000FBF775FB6846FBF7D2F8EDE730B587B01F
:1065C000044603220D4602A80021FBF7C5F804F19A
:1065D000700002AA0021E6F703FD044650B3A5F1BE
:1065E0001003012B4FF0FF3388BF00238DF80730D5
:1065F0008379C571012262F3030383710DF10701F1
:10660000FBF73BFA98B99DF8073043B915230A22E6
:1066100003A920468DF80C30FBF72FFA38B9012278
:1066200003A920468DF80C50FBF727FA18B1204635
:10663000E4F7D6F80024204607B030BD0A46082308
:10664000032102F06ABD0B7A0A46042102F065BDFF
:1066500010B50446E8F77CFB20B92046BDE81040A1
:10666000E8F784BB10BD0222122102F09ABD10B5DA
:106670000446E8F7DDFB20B92046BDE81040E8F706
:10668000E9BB10BD70B5164604460D46E6F728FA7C
:106690003346024629462046BDE87040E8F786BCEE
:1066A00007B501AA02F098FCB0FA80F0400903B0E7
:1066B0005DF804FB13B50C460DF10702012102F051
:1066C000E1FC20B99DF8073043F00403237002B0C9
:1066D00010BD10B50A460C46122102F0E6FC18B9AE
:1066E0002388012B98BF062010BD37B5144601AA98
:1066F000054602F071FC20B901AA2946204600F0A7
:10670000CAFB03B030BD0A460321FFF7EEBF0A46BD
:106710000421FFF7EABF1FB50C46002301A98DF83D
:106720000C30FFF7F4FF38B9214601A800F0CFFB89
:1067300080F00100C000C0B204B010BDF8B50E4634
:1067400015460A460521074602F0C2FC044650B928
:106750002A460821384602F0BBFC20B1172806BFA4
:1067600033682B6006242046F8BD37B508230D4654
:106770006A460B2102F0BFFC044618B92946684658
:1067800000F076FB204603B030BD7FB50D466A466B
:106790000F21064602F020FC044650B96A463146F5
:1067A00001A800F02FFB044618B9294601A800F003
:1067B00009FB204604B070BD0A460021E8F762BC20
:1067C0000A460121E8F75EBC73B50D4601AA0D210A
:1067D000064602F001FC044660B9202101A802F03F
:1067E000F5FA2A4601A93046FBF7DAF8BDF806307B
:1067F00085F82030204602B070BD00F12C0350F81F
:10680000042B41F8042B9842F9D103880B8083783C
:106810008B707047002300F8043BE4F7EFB88378EF
:10682000052B06D102230B704379012B12D91720B7
:10683000704701230B7002894379012A0CD88278B2
:10684000042A09D0022BF2D8012A03D0022B01D04E
:1068500000230B7000207047022BF8D9E7E707B53B
:1068600083798DF807300DF10701E8F7DFFDB0FA05
:1068700080F0400903B05DF804FB2DE9F0410446C7
:1068800010460E4617461D46FEF7ADFE804604F143
:10689000140000F0D8FF804525D1A38DC6F3080170
:1068A000C3F30803B1FA81F2B3FA83F352095B0927
:1068B0009A4209D195F9002094F94C309A420DD0B2
:1068C00012DC4FF0FF3004E000290CBF01204FF034
:1068D000FF30431E58425841BDE8F0816A7894F871
:1068E0004D309A4202D0ECD90120F2E7228EBDF859
:1068F00018309A4201D0F7D3E3E72A89B4F854302C
:106900009A42F0D1AA7A94F856309A42EBD1AA78FA
:1069100094F84E309A42E6D1EB7894F84F209A42A0
:10692000E9D194F85830BB4204D034BF01204FF075
:10693000FF30CEE70020CCE70278012A034606D1DB
:1069400000210170D0E90120596002B11047704761
:106950004378FF2B1CBF013343707047F8B50E46D8
:1069600017460446DEF7E6FE39460546304602F095
:1069700057FA28446060F8BD0378013B012B9FBFA4
:106980004068081AC043C00F88BF00207047034604
:1069900008461A78013A012A02D85968FBF757BB12
:1069A000704710B504461030E4F728F80023238020
:1069B000238110BD08B54378032B04D90846E8F7B6
:1069C000BFFE102008BD0020FCE77FB504460D4641
:1069D000FFF707FDE0B128680DF10602002102F083
:1069E00064FBA8B9286802A9FFF7BFFE80B96378E5
:1069F000022B3CD12A6904F128039A4208D1B4F849
:106A00004020BDF806309A4204D02046E8F798FEB0
:106A100004B070BD236A029A9A4205D19DF80F20F6
:106A200094F827309A4207D002A92046FFF7FFFCCE
:106A3000237843F001032370DEF77CFE2063237884
:106A4000DB0704D402A92046E8F7C2F860B14FF48E
:106A50007A7120466E68FFF7D2FC10360246314646
:106A600004F15C00FFF770FD02232B75D0E7286965
:106A7000FFF7A1FC0028E2D1CAE710B500230446C5
:106A800003800381E8F784FE2046BDE81040E8F764
:106A900099BE10B5FFF75CFF012304460370052281
:106AA0004FF47A71FFF75AFF2046BDE81040E8F72F
:106AB00089BE10B5002304460380E8F769FE237AF7
:106AC000012B06D105224FF47A7104F10800FFF77B
:106AD00045FF2046BDE81040E8F774BE0022028161
:106AE000E8F770BE1FB5044600F128016846FDF7BF
:106AF0009CFE69462046E8F75DFF04B010BD10B566
:106B000004461030E3F77AFF0023237010BD70B500
:106B10000C46054626220021204602F086FF02236D
:106B200084F82430002384F8253022462846262382
:106B3000BDE870400321EBF781B808B5082202F0E8
:106B40008CFFB0FA80F0400908BD08B50B4600F58F
:106B5000EC711846FFF7F1FF08BD10B50C4600F5C3
:106B6000EC712046FFF7E9FF28B104F10800BDE809
:106B70001040FDF716BE10BD10B50C4600F5EC71C7
:106B80002046FFF7DAFF28B104F10800BDE8104005
:106B9000FDF716BE10BD0021E9F728BC30B58DB059
:106BA00004466846FBF7C1F9082200210DEB0200FC
:106BB00002F03BFF214604A8FBF782F8049D7DB953
:106BC000694604F10800FBF737FA02A906A8FBF7AB
:106BD00077F80699F1B902A8FBF769F80DB030BD56
:106BE000294606A8FFF7EFFB0699009B5B1A002BCE
:106BF00006DA6846FBF7A4F904A8FAF7B0FDDDE76A
:106C000029462046FBF731F80122294602A8FBF766
:106C100011F8F1E72046E9F75BFD06A8FAF79FFDBA
:106C2000D7E708B50346FFF7DCFB88B18A7E02F0A0
:106C30000F02072A0CD15A78022A09D103F128023F
:106C4000914205D118460121BDE80840E9F7CEBBC5
:106C500008BD38B50C46002184F8201005462046B2
:106C6000FFF718FC1121FFF715FC94F8293013B138
:106C70000421FFF70FFC21462846BDE83840E9F71C
:106C800061BE70B504469AB00869FFF794FB002313
:106C9000064620460D468DF84C308DF855308DF85F
:106CA0002830FFF79EFB18B994F8F830012B21D15A
:106CB00028680DF10602002102F0F7F9D0B96B68DF
:106CC0000DF1560103F11002203352F8040B41F884
:106CD000040B9A42F9D10BA80021FFF7DBFB0B2133
:106CE000FFF7D8FB28680DF14D01FFF70CFD18B137
:106CF000172840D01AB070BD04210BA8FFF7CAFBBB
:106D00000821FFF7C7FB0521FFF7C4FB2A6904F13F
:106D100028039A424BD128680DF10502112102F097
:106D2000B1F960B31728E5D1BDF80620B4F84030BA
:106D30009A4228D16EB129462046E8F75FFD002827
:106D4000D8D1286801AA102102F09CF9F8B11728BF
:106D5000D0D1286802A9FFF737FD18B31728C9D189
:106D60000223294620462B75E9F70AFD0BA9204688
:106D7000E9F7E8FDBEE700238DF85530C6E79DF83A
:106D80000530012BD0D12046E8F7DAFCB2E79DF8B8
:106D90000400FEF728FC94F8483060F3830384F87D
:106DA0004830D6E702A90BA8FFF789FBD8E70BA963
:106DB0002046FFF74EFF9DE7E9F75CBE014610460F
:106DC000EAF740B838B50C4605460C2200212046AB
:106DD00002F02BFE28788009EAF7C8FE20706B7855
:106DE0006370AB78A370EB78E3702B7923716B79C8
:106DF0006371AB79A371B5F807305BBA23816B7A05
:106E0000A37238BD10B55388072B044608461146B7
:106E100009D12246FAF7D3FD20B90523E3710123F6
:106E20002072637210BD22460A23BDE81040FAF7B3
:106E3000C6BD03784BB9B0F8010040BA0B3880B238
:106E40000F288CBF0020012070470020704738B504
:106E50000D4604460868FCF76CFF2B7923716B79AB
:106E60006371AB79A371EB792060E371204638BD83
:106E700038B5054600680C46FCF75BFF20602B79AF
:106E800023716B796371AB79A371EB79E37138BDD1
:106E90000821F7F7A7BC37B5044600231068019016
:106EA00023720D4601A8082101F090FFBDF80630BD
:106EB000032B0AD9224601A92846FAF780FD10B90A
:106EC000BDF80630237203B030BD0620FBE708B5DD
:106ED000027A082A05D102F0C0FDB0FA80F040091C
:106EE00008BD0020FCE70021E9F7DEBF807E00F04E
:106EF0000F00012806D00C3000F00F0003288CBFD3
:106F000000200120704708B5082906D8DFE801F005
:106F1000070F12171B2228332E00002008BD807E89
:106F200000F00F00072814BF00200120F6E7FBF750
:106F3000A3F9F3E7807E00F00F000428F3E7BDE833
:106F40000840FFF7D3BF807E00F00F00B0FA80F05A
:106F50004009E3E7807E10F00F0018BF0120DDE755
:106F6000FBF78AF980F00100C0B2D7E7807E00F01D
:106F70000F000528D7E70120D0E738B50C460546B5
:106F800001782046FFF7BFFF88B16B884FF6FE728D
:106F9000934202D0228B9A420AD16B683BB10822FD
:106FA0002146184602F059FDB0FA80F0400938BD7C
:106FB0000020FCE700220260704707B54FF6FE7321
:106FC000019169468DF80020ADF80230E9F782FFA3
:106FD00003B05DF804FB07B50B7A012B02D10B88D7
:106FE000002103E0022B4FF6FE73F9D101916946AF
:106FF0008DF80020ADF80230E9F76CFF03B05DF8C2
:1070000004FBFFF7DABFFFF7E6BF4278012A0BD98E
:10701000C3780733DB10991C8A4234BF002001205B
:10702000102BC8BF002070470020704790F9023035
:10703000002BA6BFD0F8030000BA4AF6AA7070472A
:1070400070B544780546DCB190F90260002EACBF03
:1070500006220222944213D3FFF7E8FF002E4AF6DD
:10706000AA72B4BFEB78EB79801A18BF012003EB4A
:107070008003023404339C4234BF0020012070BDE1
:107080000020FCE790F90230002BB5BFC078C07932
:10709000022306231844C0B2704738B5044615468B
:1070A000236808461144227913445B1ADAB202F0CD
:1070B000A3FC23795B1B237138BD4A780232D2B21C
:1070C000FFF7EBBFF8B5064608460D46FFF7DAFFB7
:1070D000841C2C446F78BB1C2B449C4206D328464E
:1070E000FFF7D0FF3B1A58425841F8BD2378677824
:1070F000DA070CD55B08062B06D1AB7803F00F033B
:10710000A3F57C735BBA638002373C44E2E7214617
:107110003046FFF7D2FF6B78023BDB1B6B70D9E781
:107120002DE9F843CC78073401EBD40405468846B2
:1071300004344FF0FF366FF0010798F80100831C0C
:1071400043449C420AD398F803300733A0EBD300A2
:10715000C0B2831E58425841BDE8F8832378DA074D
:107160002ED55B0822D0022B09D10321404600F026
:1071700098FAA21C6378023B23449A4203D96378AD
:1071800002331C44D9E753885BBA03F4406353B11C
:1071900048B1837803F00F03A3F580635BBA9BB219
:1071A00022F8043BE6E74FF6FF63F9E7A21C637899
:1071B000013B23449A42E2D8167057700332F6E737
:1071C0002146284694F80190FFF777FF98F80130A0
:1071D000023BA3EB090388F80130AEE738B5046839
:1071E00005462A792B6813449C4200D338BD237886
:1071F0005A08012A06D0052A0ED003F0010383F0B5
:10720000010003E021462846FFF78AFF48B12146E6
:107210002846FFF752FFE4E721462846FFF752FFD2
:10722000F4E7637802331C44DBE770B51446027957
:107230006379934205460E460CD30168206802F03C
:10724000CDFB2B792371012E02D12046FFF7C6FF1B
:10725000002070BD0320FCE713B51C461B7800928C
:107260008DF805306A4600238DF80430FFF7DDFF06
:1072700010B99DF80430237002B010BD408840BAA8
:10728000C0F34020704710B54B78CC7802330734F8
:107290000B4401EBD4010431C0E9001310BD37B534
:1072A0000D460368B2B1517802310A4401790B44AA
:1072B000CDE900230121684600F000FA044630B110
:1072C000E278211D2846FDF7C0FA0028F2D02046BA
:1072D00003B030BD1A46E9E773B516460379026874
:1072E0001344CDE900230D460121684600F0E6F97C
:1072F000044650B1032100F0D4F90028F4D083787B
:1073000003F00F039D42EFD13060204602B070BD04
:10731000F7B50546488840BAC0F3813017460C4699
:10732000EAF724FC06467888248840BAC0F3813006
:10733000EAF71CFC3A8864BA52BAA4B292B2034685
:107340000092314622462846E9F7AAFE03B0F0BD76
:10735000F7B506468878800915460C46EAF706FC1C
:107360000746A87824888009EAF700FC2A8864BACE
:1073700052BAA4B292B2034600923946224630462F
:10738000E9F78EFE03B0F0BD2DE9F04F002685B081
:1073900007468A469146984635463446224649462F
:1073A0003846FFF77CFF044638B98DB32B885BBAAB
:1073B000A8F8003005B0BDE8F08F214602A894F887
:1073C00003B0FFF760FFA3785345E7D10DB15E45E9
:1073D000E4D2002102A800F071F903460028DDD0B4
:1073E000991C5A78013A1A449142F2D81DB95E4666
:1073F0000D460331F5E75E45F9D32A463846019339
:107400000091FFF7A5FF0128DDE90013F1D1EEE7B8
:107410000420CFE72DE9F7438046684691461F4692
:10742000FFF731FF00260221684600F047F90446C5
:1074300030B9D6B133885BBA3B8003B0BDE8F08386
:10744000A51C6178023921448D42ECD82846C847F2
:1074500008B116B92E460435F3E7324629464046B0
:10746000FFF756FF0128F6D1F4E70420E5E72DE900
:10747000F04105460F4690461E46002422463946F6
:107480002846FFF70CFF044608B904200CE002214F
:1074900000F007F90028F1D0A1783346424628468B
:1074A000FFF772FF10B90020BDE8F0813246214697
:1074B0002846E9F717FE0028E0D1F4E70346006804
:1074C00019790422014400F0D3B810B50C46FFF737
:1074D000F5FF30B1417822460230BDE8104001F09E
:1074E000EABE10BD10B51446FFF7EFFF48B1437870
:1074F000012B08D901F0D8FC03885BBA2380002057
:1075000010BD1720FCE70620FAE70A460921FFF71D
:10751000E9BF10B50446EAF74BFBE071EAF748FB18
:107520000023A07123712046BDE81040E9F7E0BDBB
:1075300010B500F1080303604FF47E4383800023FD
:10754000044680F80631FFF7E4FF204610BD2DE920
:10755000F04FC3B0DDE94CA9B9F80250FE2D044646
:10756000884617461E4637D8B9F800301D44BAF889
:107570000A30ADB2AB422FD3FE230DF1070B8DF8CD
:10758000073002AA5B460021FFF766FE22684946E3
:107590005046FAF705FAB9F8023023712046E9F7A8
:1075A000AFFC054660B19DF80720206802A902F0F3
:1075B00015FA9DF807302371284643B0BDE8F08FD7
:1075C000012E84F80780A77102D12046FFF706FE3E
:1075D0002046E9F78DFDEFE70625EDE738B503789E
:1075E0005B08013B0546052B3ED8DFE803F0033D71
:1075F000123D18124378012B38D9C2780732D210C5
:10760000911C8B4234BF00200120102AC8BF0020EB
:1076100038BD4078012894BF00200120F8E7407869
:107620000028F5D095F90230002BACBF06220222CB
:1076300090421BD3002B00F102040FDAEB784AF6DC
:10764000AA704AF6AA72801A18BF012003EB8003C1
:1076500004339C4234BF00200120D9E7D5F8030051
:10766000FCF767FBEB79ECE70120D1E70020CFE7DF
:10767000F8B50E4617460446A31C9E420ED3657805
:1076800002352544AE4209D32378B7EB530F03D11B
:107690002046FFF7A3FF10B92C46EDE70024204653
:1076A000F8BD10B4C37844780733023400EBD30339
:1076B0000A46011910BC181DFFF7DABF10B50A46BB
:1076C0000446D0E90001FFF7D3FF18B14378023335
:1076D0000344236010BD0022C0E90022826070478D
:1076E0002DE9F0418AB00D4606460021174602A852
:1076F000202202F09AF901AA1221284601F06CFC1E
:10770000044650BB4FF08008BDF806302BB3012370
:107710000DF1030201A92846FAF751F9E0B9012158
:1077200001A801F048FB9DF803100AAB03EBD10060
:1077300001F0070210F8203C48FA02F21A425FFA00
:1077400082FCE1D143EA0C0300F8203C3A46304683
:10775000E9F764FD0028D7D0044620460AB0BDE80A
:10776000F081034608BA19BA704720230370022338
:107770004370531E5A425A41C1F30E0141EAC231CD
:1077800049BA4180704738B52223037042234370C1
:107790000B885BBA43804B885BBA83808B885BBA6B
:1077A000C380CB885BBA03810B895BBA43814B8969
:1077B0005BBA83818B895BBAC381CB895BBA038255
:1077C000B1F848305BBA438204460D46D1E9100156
:1077D000FFF7C7FF6061A161D5E90601FFF7C1FFAF
:1077E000E0612162D5E90801FFF7BBFF6062A16299
:1077F000D5E90A01FFF7B5FFE0622163D5E90C0185
:10780000FFF7AFFF6063A163D5E90E01FFF7A9FFA2
:10781000E063216438BD034659B1488E9A8A90428C
:107820000BD191F83620012191401A690A431A615F
:10783000704703690BB1E9F7C1BE70470B460146BB
:107840001846FFF7E8BF90F82030C3F3810003F03B
:107850000303984228BF1846704737B504460D46C3
:107860001822002102F0E1F821462846FBF760F9D2
:1078700018B121462846FBF7E7F80DF10601284626
:10788000FBF7E2F810B12388ADF80630BDF80630FA
:107890004FF6FF729A1A53425341627963F34102E1
:1078A00062712B681B8813F008030BD00DF10601E1
:1078B0002846FBF7D0FA9DF8063003F0F703B3FA39
:1078C00083F35B09627963F300026271AB79A370A1
:1078D00095F91530E370AB7D237103B030BD10B561
:1078E0000446FDF7F5F8002384F8A830204610BDC3
:1078F00002224FF2BF0100F05CBBE9F70FBF08B5F1
:107900004A69138C02F11001E9F768FF00280CBFE7
:107910001F20002008BDFFF7F2BFF0B58DB0144660
:10792000054626220E4602A800211F4602F07DF8D9
:10793000224606AB04F1100C106851681C4603C4C3
:10794000083262452346F7D102A92846E9F772FFBB
:107950009DF82D3067F304138DF82D30139B0093A1
:1079600002AA129B3146284600F008FD0DB0F0BD7A
:1079700013B5049CCDE900340023FFF7CEFF02B01D
:1079800010BD07B500230093FFF7F2FF03B05DF8C9
:1079900004FB13B5049CCDE900340123FFF7BDFFC0
:1079A00002B010BD07B500230093FFF7F2FF03B04C
:1079B0005DF804FB20B103280CBF07200F2070479F
:1079C000172070470F2804D017280CBF0020032071
:1079D00070470120704709680068B8F7FBBB704723
:1079E00002463C2352F8040B41893C3989B2F9F72D
:1079F000DBBFF0B5054685B00F460146006900F0D3
:107A000077FE044620BB296901A800F068FF044600
:107A1000F0B94FF6FF76BDF80A30B3420ED1BDF88B
:107A20000830BDF80C6023B1286943896FB1012F7C
:107A300011D028693146F9F7C1FE09E001A8EAF73B
:107A40004DF80028E7D0044602E09E42F1D106241A
:107A5000204605B0F0BD9E42EBD13946013EF9F714
:107A60002DFFB6B2E5E713B503220446012101A8B4
:107A7000F9F772FE01A92046E9F736FF02B010BD02
:107A800010B50C4611463CB10222204600F0C6FF5C
:107A900028B12046E2F7A4FE0024204610BD20466F
:107AA00000F0D1FF0028F8D0F3E770B50D4604468A
:107AB000E9F72AFF2B46014600222046BDE8704028
:107AC000FFF7DEBF70B50D460446FFF7CCFF2B462F
:107AD000014600222046BDE87040FFF7D1BF10B537
:107AE00013460C4641B144220221204600F073FEA9
:107AF00028B12046E2F774FE0024204610BD20463F
:107B000000F0A1FF0028F8D0F3E738B50D46044691
:107B1000E9F7FAFE2A4601462046BDE83840FFF75D
:107B2000DEBF38B50D460446FFF79DFF2A460146E5
:107B30002046BDE83840FFF7D2BF436D18472DE916
:107B4000F04192F8008007460C461646B8F1000F47
:107B500017D1E9F7D9FE0546A8B1214673884246F8
:107B600000F0F9FC044630B9726929463846FFF73F
:107B7000E4FF044610B12846E2F732FE2046BDE895
:107B8000F0810724FAE70324F8E70A460321FFF708
:107B9000D6BF0A460221FFF7D2BF836C1BB1D1E9E1
:107BA0000412C06C184718467047436823B98068B0
:107BB000003818BF012070470120704730B4456875
:107BC0000C4613461DB12B46006830BC184785682B
:107BD0003DB109B1D1E904142246AC46006830BC7D
:107BE000604730BC704708B5028C4B8C9A4208D174
:107BF00010221144104401F030FFB0FA80F0400927
:107C000008BD0020FCE790F839200346C2F340008D
:107C1000920704D593F83800003818BF0120704748
:107C200000F1100370B501F1100200F120051C46AF
:107C300053F8046B42F8046BAB42F9D1038C4B84CC
:107C40000A46034653F8045B42F8045BA342F9D1A9
:107C500090F8393091F82520C3F3800363F30412C0
:107C600081F8252070BD70B50646084611461C46B1
:107C700000F0E4FD206088B13C22211DF9F7FDFEF3
:107C8000054660B92168301D0122F9F7D3FF616B09
:107C900006F10C00FAF7DBF9284670BD03252068D1
:107CA0000028F9D0E2F79CFD00232360F4E710B52B
:107CB0000C46096821B10430F9F7F1FF0023236075
:107CC00010BD2DE9F7430D46011D6846144600F02E
:107CD000BBFD271D04F11C08009E26601EB917205D
:107CE00003B0BDE8F0832046FFF77AFE69693846A5
:107CF000FFF779FF48B12B78012B18D9023B012BF4
:107D00000CD96846F9F72BFDE6E7237DFF2BF2D06F
:107D10004046FCF755FD0028EDD1F2E73046B5F8B6
:107D2000029000F060FC4845EBD10020D8E72869BC
:107D3000314600F066FD0028E3D0F6E770B51D4639
:107D40000B680C4616464BB1FFF7B1FF3246294689
:107D500004F12800BDE87040FFF730BF70BD00237C
:107D6000FFF7ECBF30B591B06A4605460C46FFF709
:107D7000A8FF68B121462846FFF70FFF30B92378E6
:107D8000012B03D821462846FFF7FFFE11B030BD76
:107D90002378032BFAD8DFE803F0363A0B02637836
:107DA000002BF3D10B2269462846FFF7D8FFEDE7F9
:107DB0006378CBB99DF83D309A070BD543F00103AA
:107DC00000988DF83D3041893C393C2301AA89B2A5
:107DD000F9F736FE0AA8FFF7E8FE0028D6D1694673
:107DE0002846FFF764FFD1E73F2BCFD900992069E0
:107DF00000F007FD0028C9D0234600226946284626
:107E0000FFF79CFFC2E721462846FFF7C2FE0AA8FB
:107E1000FFF7CBFE0028EFD09DF81430FF2BEBD1FD
:107E2000002221460AA8FFF7C9FEAFE730B593B09C
:107E300068460C46154600F007FD009B2BB920460E
:107E400013B0BDE83040F9F732BF02A80293FFF744
:107E5000C7FD0CA82A460021FFF7B0FE6846F9F7D7
:107E60007EFCEAE708B50278012A0B4603D0022A15
:107E70000AD0012008BD41681022181D01F0EDFD57
:107E8000B0FA80F04009F5E78168DA6A914205D1DD
:107E9000C0689B6AC31A58425841EBE70020E9E7E3
:107EA00010B50446F9F703FF04F10800BDE81040DF
:107EB000E2F7A4BD0346006819795B794143B1FB41
:107EC000F3F1013100F0A0BF012302688B40013BB8
:107ED000534342790079B3FBF2F35843704710B52E
:107EE00004468179FFF7F0FF236803F5433303F578
:107EF000A073184410BD81790131C9B2FFF7E4BF06
:107F0000F8B54E69174604460D461A46844606F1F2
:107F1000100E30687168634603C3083676459C4688
:107F2000F7D16B695B8C23846E6904F1100E06F146
:107F30001003203618685968F446ACE8030008338B
:107F4000B342E646F6D16B6994F8391093F82530C0
:107F5000C3F3001363F3820184F8391007CA04F1F4
:107F6000240383E80700BB7984F838303846FFF7EC
:107F7000A1FF94F83930606323F0010384F83930AD
:107F80002B7894F83920B3FA83F35B0963F3410249
:107F900084F83920DDF7CEFB94F839309B0705468D
:107FA00003D5606B28442063F8BD3846FFF7A3FF74
:107FB000F8E770B5B0F86C300E4611468BB900F199
:107FC0005C052846E5F74CF8044640B9314628469A
:107FD000FCF756FF044610B12846E5F737F820466F
:107FE00070BD0024FBE7B0F86C3013B15C30E5F7EE
:107FF00025B80D207047FFF7F6BF024608464989AD
:108000002C392C2389B2F9F7CFBC0822002101F0CA
:108010000CBD2DE9F041044694B0684604F1040813
:108020000E46FFF7F2FF414602A800F00DFC1727AD
:10803000029D45B920460B226946FFF7F7FE3846F8
:1080400014B0BDE8F08104A80495FFF7C9FC04A9A9
:108050003046FFF707FF48B129464046F9F705FECD
:10806000012229466846F9F7E5FD002702A8F9F73D
:1080700076FBDDE71FB50023694604468DF8003026
:10808000FFF7C7FF04F10C0004B0BDE81040E2F7B1
:10809000B5BC10B50446FFF7EDFF04F11C00BDE8C8
:1080A0001040FFF7FDBE38B5B0F86C4005463CB156
:1080B0005C30E4F7CBFF044610B92846FFF7E9FF30
:1080C000204638BD1FB50123019169468DF8003067
:1080D000FFF79FFF05B05DF804FB2622002101F0A9
:1080E000A4BC70B50D468AB006466846FFF7F5FF9A
:1080F000286841893C3989B200F0A0FB044660B190
:108100006946281DFFF78CFD30686A462146FFF757
:1081100014FD10B12046E2F763FB0AB070BD70B5E4
:1081200096B004466846F9F700FF261D02A8FFF73F
:108130006CFF314604A800F087FB049D5DB96946D9
:1081400004F10C00F9F778FF1C2202A92046FFF782
:108150006DFE16B070BD06A80695FFF741FC0099AC
:10816000139BCB1A002B2ADB07A8FFF74CFD60B945
:1081700029463046F9F779FD0122294602A8F9F788
:1081800059FD04A8F9F7EBFAD7E79DF854300698A3
:10819000013B8DF85430149B5B00194414931391E8
:1081A00041893C393C2307AA89B2F9F749FC9DF87B
:1081B0005530DB0703D406A92046FFF792FF139939
:1081C0006846F9F7BDFEDCE7C068FFF7A8BF70B5E9
:1081D0008CB04E880D4600F03DFB044614B9204695
:1081E0000CB070BD204600F0FEF9B0420CD102A8E0
:1081F000FFF773FF214601A8FFF7FFFE696902A898
:10820000FCF7B7FD0028EAD1E469E7E770B50E4650
:108210001446FFF7DCFF90B141892C3989B200F098
:108220000DFB054668B1014672692046FFF785FCE3
:10823000044610B12846E2F7D3FA204670BD172451
:10824000FBE70324F9E72DE9F0418EB0014605462E
:1082500001A800F0F9FA00242646019F4FB9A4B204
:10826000092C1BD9314628460EB0BDE8F041F9F77C
:1082700016BD04A8FFF731FF394603A8FFF7BDFE7E
:1082800026B1039BA3EB0803002B02DADDF80C8078
:108290003E4601A8F9F763FA0134DEE70EB0BDE807
:1082A000F08130B591B0044601A8F9F73EFE2146B1
:1082B00003A800F0C9FA039D35B901A904F108002B
:1082C000F9F7BAFE11B030BD06A8FFF706FF294640
:1082D00005A8FFF792FE0599019B5B1A002B07DBAF
:1082E00029462046F9F7DBFC03A8F9F738FAE2E75C
:1082F00001A8F9F725FEF7E7C068FFF7D2BFF0B590
:108300008DB004460E4602A81746FFF7E6FE31463A
:108310002046FFF75CFF20BB2046FFF794FF306943
:1083200000F08FFA0546E0B1DDF704FA7269074400
:10833000019702AB02F12007106851681E4603C680
:108340000832BA423346F7D1106830609288B28062
:1083500001A92C222846F9F790FB20B12846E2F724
:108360003FFA0DB0F0BD294620460122F9F762FC24
:10837000019904F10800F9F76AFEF2E730B587B019
:108380001C460A9DCDE9035403AC002300940593D9
:10839000E9F742FB07B030BD07B500230093FFF7B4
:1083A000EDFF03B05DF804FBF8B5074610460C4638
:1083B000154600F0C0F850B33846E9F7A5FA06466E
:1083C00038B3297831B101291DD007243046E2F7AE
:1083D00007FA16E06B882246022100F0BCF804463A
:1083E0000028F3D12969304600F0E8F90446002856
:1083F000ECD16A6931463846FFF7CEFF04460028C3
:10840000E4D12046F8BD224600F0D1F8E7E7072482
:10841000F7E70324F5E70B4611461A7812B91A4616
:10842000FFF7C2BF072070474422FFF7F4BF0A4698
:108430008421FFF7B9BF70B5836B8AB004460D463F
:10844000DBB92246294604F11C00FFF7DFFE17289E
:1084500020D1286901A900F037FB90B9236D9BB9A1
:10846000666BCEB9236C23BB6B691B78FF2B11D0D5
:1084700029462046FFF7DBFF0CE0C06B9847002839
:10848000DFD0172806D1EFE72A4601A920469847F2
:108490000028E5D00AB070BD306801A9F9F7F3FCF7
:1084A00028B1D5E904127368B0689847F2E7F66816
:1084B000D7E7D5E90412606CF7E730B587B08B8950
:1084C0000B82CDE904120446002168461546FFF7E9
:1084D00090FA58B12B78FF2B06D09DF800301BB9CD
:1084E00069462046FFF751FB07B030BD684600F0F3
:1084F00022F8694618B12046FFF79DFFF4E72046B1
:10850000FFF730FCF0E7FFF7D8BF10B5047A082C6E
:1085100008D80A7AA24205D101F09FFAB0FA80F099
:10852000400910BD0020FCE7082902D80172F6F7C7
:1085300059B9072070474078013803288CBF0020C4
:1085400001207047037823B94078831E5842584170
:10855000704700207047F7B505460C4600211746C6
:108560001E46F9F702F928460021F9F727F90021FC
:10857000042229820DEB020001F057FA9DF8043025
:108580008DF80570240103F00F0304F030041C4340
:10859000042244F0400476BA0DEB020128468DF81F
:1085A0000440ADF80660F9F768FA03B0F0BD0023A7
:1085B000FFF7D1BF10B50A460C460423018AF9F72C
:1085C000F3F940B923789A09012A05D103F00F0382
:1085D000092B28BF062010BD0620FCE70A4604230D
:1085E000018AF9F72DBA07B501A9FFF7E3FF30B902
:1085F000BDF8060040BA80B203B05DF804FB00206D
:10860000FAE737B50C4601A90546FFF7D3FF30B9A5
:1086100064BA01A92846ADF80640FFF7DFFF03B0B2
:1086200030BD0C2901D8C8B27047B1F5867F1368F8
:1086300006D80D3919701368013313600D20704787
:108640006FF486700144C1F30720187059701368E5
:10865000023313600E207047008A4FF6FB73984276
:1086600028BF1846043080B2704713B50C4601A9E4
:10867000FFF7A0FF20B99DF8043003F00F0323702B
:1086800002B010BD37B50C460DF107010546FFF7E6
:10869000ECFF024660B92846FFF7DEFF9DF8073081
:1086A00003449BB24FF6FF71984288BF0B4623806C
:1086B000104603B030BD70B50C7804F00F0414728E
:1086C0000546FFF7C9FF234601462846BDE870402E
:1086D000F9F76AB937B50D4601A90446FFF76AFFF5
:1086E00020B92A4601A92046FFF7E5FF03B030BDB7
:1086F00037B50C46054600210E22204601F095F9BB
:1087000001A92846FFF756FF80B99DF80430C3F34E
:10871000011323709DF805306370BDF806305BBA15
:108720006380221D01A92846FFF7C5FF03B030BDB5
:10873000F7B50B7A082B04460D4603D907263046B9
:1087400003B0F0BDFFF788FF01A907462046FFF7F9
:1087500031FF06460028F2D16389297ABB4218D13D
:108760002046F9F717F8D8B99DF804302A7A23F093
:108770000F0302F00F02134301A920468DF80430C5
:10878000FFF72CFF2B7A2A4639462046F9F758F98D
:10879000D5E79DF8043003F00F038B42F2D0CDE70C
:1087A0000646CCE71FB5044601A8FFF7BDFE18B981
:1087B00001A92046FFF7BCFF04B010BD1FB5044659
:1087C000084601A9FFF786FF18B901A92046FFF75F
:1087D000AFFF04B010BDF8B5044618460E46174664
:1087E0001D46FFF700FF3A46034631462046FFF795
:1087F000B2FE28B929462046BDE8F840FFF7DEBFA3
:10880000F8BD10B586B00C466946FFF763FF10B19E
:10881000002006B010BD03A92046FFF75BFF00282B
:10882000F6D103A96846FFF770FEF2E710B50446DB
:10883000E2F720F808B1238A038210BDC289FFF74E
:10884000F5BF4189FFF7FABF0B68036003B1DB692D
:10885000436070470068704710B5C3880A464FF6FA
:10886000FF718B4207D004890068E41AA1B2F9F7BE
:1088700077F8002010BD1720FCE738B504460D46F8
:108880000B4601890068F9F78FF810B923891D4458
:10889000258138BD13B50B880C2B0C460BD90D2B3D
:1088A0000CD10DF106020121FFF7E7FF20B99DF879
:1088B00006300D332380002002B010BD0E2B0CD1EA
:1088C0000DF106020221FFF7D8FF0028F4D1BDF810
:1088D00006305BBA03F20D13ECE70620ECE737B580
:1088E0000D4604460DF106012846FFF7CBFE58B9A8
:1088F000BDF806306A899A420BD3C4E9005023813F
:108900002046E9F7EBF810B14FF6FF73E38003B0B0
:1089100030BD0620F8E72DE9F04186B004460D464B
:108920000023014603A81746ADF81030FFF7D7FF24
:1089300040BBBDF8106003464FF6FF78BDF812202B
:10894000424522D16EBBAB422DD8ED1A0DF1050286
:108950000092A9B26A462046FFF763FE00018DF837
:10896000040039462046FFF75CFE9DF80430009A6B
:1089700001AE1843921B8DF8040092B23146204696
:10898000F9F77BF806B0BDE8F08103A8ADF81060F8
:10899000E9F7A4F8BDF8102033460028F2D11646B6
:1089A000CCE70620EEE70720ECE770B50446164654
:1089B0001D46FFF7B0FF30B9324629462046BDE8D4
:1089C0007040F9F75AB870BD70B5054610461446A8
:1089D0000E46B7F711FC234682B231462846BDE861
:1089E0007040FFF7E2BF70B506460C462F212046C7
:1089F000F9F70FFA054630B9224630460B21BDE89B
:108A00007040FFF7E1BF2A1B234692B20B2130468C
:108A1000FFF7CBFF08B96C1CE8E770BD38B504461A
:108A20001D46FFF7C4FD68B902212046FFF7BAFED4
:108A300040B92846E8F73AFF01462046BDE83840ED
:108A4000FFF7D1BF38BD7FB5FF230146054601A81A
:108A50008DF80330FFF743FF0446A0B94FF6FF76C9
:108A6000BDF80A30B34211D1BDF808305BB901221C
:108A70000DF103012846F9F700F8044618B9698991
:108A80002846F8F79BFE204604B070BD01A8E9F720
:108A900025F80028E4D00446F5E770B504461546ED
:108AA00071B1FFF71CFF4FF6FF7660B9E388B34260
:108AB00009D0A388AB4206D02046E9F70FF8F4E7C7
:108AC000E9F70CF8EFE770BD2DE9FF410D460B22E9
:108AD000014601A8FFF7E1FF044650B92E464FF6C4
:108AE000FF774FF02F08BDF80A30BB4205D10023B5
:108AF0003370204604B0BDE8F081AE4216BF314667
:108B0000294601F8018BCE1805F121039E420BD2B4
:108B100001A8FFF7A1FE0B22002101A8FFF7BDFF6E
:108B20000028E0D00446E4E70624E2E72DE9F84F08
:108B30000A9D8046894616469A464FF0000BB3457B
:108B400003D300273846BDE8F88F0BEB0604671007
:108B500007FB0A9739464046A8470028C4F34F044C
:108B6000F0D0C2BF01341FFA84FB34462646E6E744
:108B70000023F0B50139441E18462AB91BB102443E
:108B800092B2904211D1F0BD14F8017F11F8016F3B
:108B9000082A154628BF0825B74287EA0603EDD103
:108BA0002844521B80B292B2E7E71906EBD45B006F
:108BB0000130DBB280B2E4E7F8B504460E46154654
:108BC0001F4623B10544AC4207D1012004E000F068
:108BD00044FFB0FA80F04009F8BD16F8011B14F804
:108BE000010BB8470028EED1F6E70023016083802F
:108BF000C280704770B583880446C0889E1886423C
:108C0000154608D82068184400F0E8FEA3881D44E3
:108C1000A580002070BD0320FCE707B501228DF878
:108C200007100DF10701FFF7E5FF03B05DF804FB46
:108C300007B549BAADF8061002220DF10601FFF79B
:108C4000D9FF03B05DF804FB07B50222ADF80610AA
:108C50000DF10601FFF7CEFF03B05DF804FB10B580
:108C60000A7A012A044603D0022A06D0002010BD49
:108C7000BDE810400988FFF7E7BF8388E28803F169
:108C80000800904208D8206801221844FAF735FB02
:108C9000A3880833A380E9E70320E8E7F8B5044692
:108CA00008461146A288E6889F18B7421D4608D894
:108CB00026683244F8F778FE10B9A3881D44A580D1
:108CC000F8BD0320FCE782880346C0881144814236
:108CD0009DBF1868998080180020704710B4006804
:108CE0000C462044114610BC1A4600F077BEF8B579
:108CF000174682880E461D46D118C38899420446FD
:108D000011D80368701999191844921B00F074FE69
:108D100020682A463946304400F060FEA3881D448E
:108D2000A5800020F8BD0320FCE7838802685B1A59
:108D30000A4402608380704738B504461546A3880C
:108D40009342084608D3216800F048FE2046294691
:108D5000FFF7EBFF002038BD0620FCE70122FFF7FC
:108D6000EBBF10B502220C46FFF7E6FF10B92388CF
:108D70005BBA238010BD0180C94389B2914228BFEC
:108D800011464180704791422CBFC1EB0103C1EBFA
:108D900002030180C9439BB289B28B4228BF0B46B4
:108DA000438070474A898989FFF7EDBF4B8943802B
:108DB00000220280704743880288994228BF1946E2
:108DC00012FA81F25B1A02804380704743888B421B
:108DD00028BF0B464380704731B16FF00043994282
:108DE00008BF0121016070470121FBE7026848F2DA
:108DF0004E33A2FB0323014613EB520044BF20F085
:108E00000043581C0860704738B505460C46E8F723
:108E1000CFFE611BB0FBF1F303FB1100284438BD0A
:108E200038B50D46044648B1814288BF85B2690015
:108E300001310020FFF7E8FF0444641B204638BDE1
:108E400010B5012303FA01F1036804460B4344F80B
:108E5000043BC3689C420AD140F2E9310020FFF78D
:108E6000D3FF01462046BDE81040F9F7D9B810BD40
:108E700001238B40016821EA0301016011B904302C
:108E8000E1F7BCBD70474378FF2B01BF408840BA73
:108E900080B2043018BF981C70474378FF2B14BF72
:108EA0000223042318447047FFF7F7BF38B505467F
:108EB000FFF7E9FF0C4682B229462046BDE838405C
:108EC000F8F7DBBD2DE9F3410E46174604460223B1
:108ED0006A4639463046F8F772FD054698B99DF85E
:108EE000003023709DF80130FF2B10D060700233EA
:108EF0004FF002083A68C4F80220A288934204F1B5
:108F0000020016D90625284602B0BDE8F0810423E8
:108F10000DEB030239463046F8F751FDE0B9012365
:108F20006370BDF806305BBA9BB204334FF004089F
:108F3000E0E799B2FFF74AFFA28863881344728979
:108F40009BB29A42DED3D4F80230C4F806304146D0
:108F5000A01DFFF730FFD6E70546D4E773B50446FA
:108F600001A80D461646FFF71DFF01AA2946204617
:108F7000FFF7A8FF38B92378B34205D0A18801A82C
:108F8000FFF719FFF1E7172002B070BDF0B585B00B
:108F9000054617460A46014601A81E46FFF7DEFFB2
:108FA000044670B939460DF10600FFF70FFF32464F
:108FB0000DF106012846F8F7F3FC0A9BBDF80620E0
:108FC0001A80204605B0F0BD1FB50DF10E040094C7
:108FD000FFF7DCFF04B010BD1FB514460A4601467A
:108FE00001A8FFF7BBFF10B9DDF80A30236004B019
:108FF00010BD70B506461D463489944228BF1446FC
:1090000008462346F1882A46F8F7CEFC00B92855D1
:1090100070BD10B4044601230846A11D10BCF8F72A
:10902000CEBC38B5054602230846A91D1446F8F7FC
:10903000C6FC10B923885BBA238038BD38B5044616
:1090400004230846A11D1546F8F7B9FC044618B9D3
:109050002868FAF76EFE2860204638BD7FB50446C2
:1090600015460A46014601A81E46FFF777FF38B9A4
:1090700033462A46214601A8FFF7BBFF04B070BD66
:109080001720FBE730B585B0044615460A46014671
:1090900001A8FFF763FF30B92A46214601A8FFF770
:1090A000B8FF05B030BD1720FBE730B585B00446EA
:1090B00015460A46014601A8FFF750FF30B92A4677
:1090C000214601A8FFF7ADFF05B030BD1720FBE733
:1090D00030B585B0044615460A46014601A8FFF79B
:1090E0003DFF30B92A46214601A8FFF7A7FF05B08A
:1090F00030BD1720FBE773B5154601AA04461E468E
:10910000FFF76AFF38B933462A4601A92046F8F727
:1091100056FC02B070BD1720FBE7FE2B73B5054669
:1091200016461C4614D9FF2304228DF804108DF82E
:1091300005300DEB020163BAADF80630F8F79DFC7F
:1091400020B9224631462846F8F797FC02B070BD98
:109150008DF80010022269468DF80130F8F78DFC79
:109160000028F3D1002CF1D0EBE770B505460E4690
:109170001C46114618460BB1F8F73FFEC3B2224613
:1091800031462846BDE87040FFF7C7BF07B5012349
:109190008DF807200DF10702FFF7BFFF03B05DF860
:1091A00004FB07B552BAADF8062002230DF1060202
:1091B000FFF7B3FF03B05DF804FB37B50446104674
:1091C0000D46FAF7B6FD042301900DEB0302294684
:1091D0002046FFF7A2FF03B030BD07B500238DF88E
:1091E000053043898DF80410138001A90222F8F795
:1091F00044FC03B05DF804FB2DE9FF4190460223D7
:1092000002AA05460E46F8F7CFFB074648B96C8917
:109210009DF80930A41BFF2BA4B206D1B8F1000FB2
:109220002ED1384604B0BDE8F081023CA4B2FE2C39
:1092300037D902212846F8F7ADFA80BBB31C311D9F
:109240009BB22A4689B228460094F8F765FCFF23B2
:109250008DF8093002AA022331462846F8F7F0FBC0
:10926000B8F1000FDDD09DF80930FF2B0AD08DF842
:109270000940022302AA31462846F8F7E1FBD0E76D
:10928000043CA4B29DF808308DF80C3064BAFF237A
:109290008DF80D30ADF80E40042303AAEBE7074626
:1092A000BFE7B8F1000FE2D1BBE70022FFF7A4BF90
:1092B0000122FFF7A1BF10B5014404468C4202D33E
:1092C0000024204610BDA31C9942F9D36378FF2BDC
:1092D00002D1231D9942F3D32046FFF7D4FD204449
:1092E0008142EDD323789342EBD00446E6E7C38B6B
:1092F0004FF6FF7293421CBF0133C383704710B512
:1093000090F8243004464BB1012B01D143698361AD
:10931000A1692046BDE81040F8F782BE4169B1EB73
:10932000510F4FEA510001D9FFF76EFD0023A061F4
:10933000E38384F82530EBE710B504461046BDF80A
:10934000082084F82410C4E90303A283591CFFF702
:109350005BFD60612046BDE81040FFF7D0BF10B54F
:1093600090F8243004467BB1012B08D10169C06814
:109370000131FFF749FD60612046FFF7C0FF236A16
:109380002046BDE81040184790F8253073B1012BF6
:10939000F5D1426922B10369991A8A4298BF5300F4
:1093A00063612046BDE81040FFF7A9BF012380F8A4
:1093B0002530D0E90513C91AF8F732FEE28BA38BEA
:1093C0009A42DCD310BDFFF7CABF1FB5044608465A
:1093D00001A9F9F7C0FF01A9204600F0A7F904B0E0
:1093E00010BD2DE9F84FDDF82890044698460E464A
:1093F000174613460020421C002B64D19DF82CA078
:10940000C0B2022838BF0220BAF10D0F28BF4FF0BA
:109410000D0ACAF10F039842B8BFD8B2C0F10F03CA
:109420009A45C8BF5FFA83FA331E18BF0123A8F11B
:109430000202013852109B01C5B243EAC2032B431A
:1094400023745246494604F1110000F0C7FA04F1B2
:1094500020013A460F239A4538D304F110021146F1
:10946000204600F065F9002E4CD0B6F57F4F227CE7
:10947000637CC6F30720F1B22ED242404B402274E7
:1094800063744FF0020B5246494684F8205004F1B1
:10949000210000F0A3FA0AF12100CAF10F02002115
:1094A000204400F0C2FA0023C4E91137E36410231A
:1094B00084F854A02664A4F850B0A4F8523084F87C
:1094C0005580BDE8F88F1B0A104694E7013B01F870
:1094D000012DDBB2120ABEE783F0FE036374A37CA6
:1094E00083EA1663A374E37C83EA1643E374237D63
:1094F0005840637D2075D2435940227461754FF006
:10950000060BC0E7B346BEE72DE9F0410446154619
:109510000E4601EB020800F11007464513D1636CBB
:109520001D44236C65649D420BD1B4F850302BB1BF
:1095300004F110021146204600F0FAF80023A4F8C6
:109540005030BDE8F081B4F85030102B05D13A46C8
:109550003946204600F0ECF800235A1C2344A4F8B6
:10956000502016F8010B1A7C50401874D5E72DE9ED
:10957000F04F85B01E469DF8383002938B19019349
:109580006FF020031B1A0446884691460F46934607
:1095900000F1300A0393019B9F421BD1E36C1E44F0
:1095A000A36CE6649E4267D3B4F850302BB104F14B
:1095B00010021146204600F0BBF894F8542002F146
:1095C00021000021C2F10F02204405B0BDE8F04F98
:1095D00000F02BBAB4F85220102A16D194F8540097
:1095E0005146039B5A18904206DA11F8012D0132B8
:1095F000D2B20A70002AF4D0524604F1200120466B
:1096000000F096F80022A4F85220029B23BB3D787C
:10961000B9F1000F0AD0B4F85220511C2244A4F82A
:10962000521092F830206A408BF80020B4F8502095
:10963000102A06D104F110021146204600F078F8F5
:109640000022511C2244A4F85010117C4D40157486
:1096500001370BF1010B9EE7B4F852209BF8005044
:10966000511C2244A4F8521092F830205540B8F111
:10967000000FDBD03D70D9E705B0BDE8F08F70B5C5
:1096800088B00C4605461146ADF80E300DF10E02BD
:1096900005AB20469DF83060F8F718F9BDF8183092
:1096A0000BB908B070BD059A009611462846FFF721
:1096B0005EFF05AA0DF10E012046F8F73DF9EDE732
:1096C00038B500F1300204460D4600F1200100F0EB
:1096D0002FF804F10F02002394F85510994200DC92
:1096E00038BD12F8011F92F820004140E9540133BF
:1096F000F2E770B51C460D4616460146082218468C
:1097000000F06CF92B0E23722B0C63722B0AA372E0
:10971000E572267370BD10B500F1080303600823DD
:1097200004468380F5F73FF8204610BDF5F747B8AB
:10973000DCF734BD10B50446F5F750F8204610BDEF
:1097400010B500F108030360C02304468380F4F7DA
:10975000E5FF204610BD10B50446F4F7EEFF2046A5
:1097600010BDDCF705BDF4F7F7BF2022F5F706B80A
:1097700070470B78FF2B08BF0A230133DBB2DAB244
:109780001A2A0A7001D9172070470268DA4012F0CD
:10979000010F03F10103F2D00020704737B5FF231A
:1097A00005468DF8073000240DF107012846FFF724
:1097B000E0FF234601340028F6D0D8B203B030BD14
:1097C0008378028803B90902114489B28A4284BFAE
:1097D000013189B283F0010301808370704710B5B5
:1097E0000C46090AFFF7ECFFE1B2BDE81040FFF7B5
:1097F000E7BF38B50C468D18AC4200D138BD14F81F
:10980000011BFFF7DDFFF7E707B5034610461B888E
:109810004FF6FF7293421CBFDB439BB25BBAADF8BD
:1098200006300DF106020223F8F70AF903B05DF8DD
:1098300004FB2DE9F04385B004460C9D28461F46E5
:1098400090468946F7F7C0FF10220646ADF80200A1
:1098500049462046FFF7CDFF10224146FFF7C9FFDA
:109860003146FFF7BCFF3946FFF7B9FFA98901ABC5
:109870000DF102022846F8F729F8BDF8082012B9C0
:1098800005B0BDE8F08301992046FFF7B2FF01AAB9
:109890000DF102012846F8F74FF8EEE71FB5134621
:1098A000002400900A4603A81031ADF80C408DF852
:1098B0000E40FFF7BEFFBDF80C004FF6FF73C01A55
:1098C00018BF0120400004B010BD2DE9FF411E4625
:1098D000112E4FF0000304460F469046ADF80C30B1
:1098E0008DF80E3021D03A2E21D0062E1AD1102517
:1098F000A18900232944ADF80A300DF10A020223A0
:1099000089B22046F8F79CF833464246394603A808
:109910000094FFF78EFFA389E918224689B203A8B5
:10992000FFF772FF04B0BDE8F0810625E0E70225ED
:10993000DEE70022026001228280032282717047EA
:109940008379013B032B03D8DFE803F00409130FED
:10995000002070470878FF3818BF0120704708784A
:10996000A0F1FF0358425841704701F10800FAF78F
:109970000CBF012070472DE9F3410D460646898949
:10998000904608236A462846F8F70EF8044680B940
:109990003A2241462846FFF781FF044648B99DF820
:1099A0000030802B09D008212846F7F7FCFE3668E6
:1099B00066B9204602B0BDE8F081424629463046ED
:1099C000E8F7B2F90028EED00446F2E7376870688D
:1099D0006B4642462946B847B668E9E70A449142D1
:1099E00000F1FF3300D1704710B511F8014B03F8B7
:1099F000014F9142F9D110BD884210B501EB02042C
:109A000002D98442234607D8431EA14207D011F849
:109A1000012B03F8012FF8E70244824200D110BD68
:109A200013F8011D02F8011DF7E7024403469342B3
:109A300000D1704703F8011BF9E71F2804D9A0F1F2
:109A40007F0358425841704701207047044608B5CB
:109A5000E8F7ECFC2046BBF779FA10B5013902446F
:109A6000904201D1002005E0037811F8014FA34294
:109A700001D0181B10BD0130F2E7C9B203461846E9
:109A800013F8012B12B18A42F9D17047002918BF8F
:109A90000020704710B56AB10139841810F8012B05
:109AA00011F8013F9A4203D1A04201D0002AF5D11A
:109AB000D01A10BD1046FCE710B5024601448A4298
:109AC000134603D01C780132002CF8D1181A10BDAF
:109AD00038B511F0FF0403460ED12146BDE83840E9
:109AE000FFF7CBBF431C054621461846FFF7C5FFCD
:109AF0000028F7D1284638BD0025F5E7F0B5C3F1B9
:109B000037070446FFB203F01F031046082BE6B2E6
:109B100033D0102B3ED06508A40844EA817445EA8E
:109B2000C1752D194FEA910242EB5102290941EA10
:109B300002716D1842EB1212290A41EA02616D1896
:109B400042EB1222290C41EA02416D1842EB12420B
:109B5000AD1842F10002EC0844EA4274D10804EB6B
:109B60008402A6EB4205EDB2092D0CD90134A5F112
:109B70000A0541F10001EDB212E0E40844EA417443
:109B800006F00705C908303554EA010200F8015B08
:109B9000BCD1F0BD240944EA017406F00F0509099F
:109BA000092D84BFED19EDB2EDE7D1E904329342FE
:0C9BB0001EBF5A1C0A61187070470000AC
:089BBC004C66FB7F0100000074
:109BC400855400000000000000000000C49C040054
:109BD400AD6602000000000000000000FC9C0400D0
:109BE40000000000E09C040000000000349D04001C
:109BF40000000000509D040000000000189D0400B7
:109C04005DDD010000000000810102000000000091
:109C14001934000000000000854F0000000000001F
:109C2400555402000000000000000000A49D040040
:109C340000000000C09D0400000000006C9D0400B2
:109C440000000000DC9D040000000000889D04006A
:109C5400C16F00000000000000000000149E04001A
:109C640000000000F89D0400000000004C9E040069
:109C740000000000309E0400DD61000000000000D0
:109C8400176E0300000000000D0502000000000034
:109C9400A554000000000000257100000000000031
:109CA400D126000000000000B93E000000000000C2
:109CB4009DBC01000000000033C003000000000050
:109CC4009FED04002CAD0400849F04006C0E002062
:109CD400DC9F00208DDA010000000000CCEF0400BE
:109CE400A0AD0400149F0400740E0020CCA000203A
:109CF40071E9010000000000DAEF0400B4AD0400D3
:109D0400149F0400760E0020D8A0002071E9010001
:109D14000000000024D50400C0A40400A09F040097
:109D2400640E002030000020996E00000000000046
:109D3400C8ED040000000000DC9E04006E0E00204C
:109D440038A0002071DF01000000000049F2040087
:109D54003CAE0400EC9F04007E0E0020580B002053
:109D640049F80100000000007CA804004CAB04008A
:109D7400789F0400660E0020A888002000000000E0
:109D84000000000078EB040008AD0400C4AC04003B
:109D9400680E0020A40A002035C501000000000060
:109DA40083ED040000000000D09E04006A0E002031
:109DB4000000000045D401000000000032EE040061
:109DC40000000000E49E0400700E0020000000006B
:109DD40091E001000000000021F4040088AE0400BA
:109DE400709F0400800E00207C0B002039F90100D4
:109DF40000000000B7EF04004CAD0400FC9E04001A
:109E0400720E0020ACA000209DE4010000000000C0
:109E140045F1040000AE0400C8AD0400780E002033
:109E2400C8240020A1EC01000000000060F104003F
:109E340000000000389F04007A0E002018A10020C2
:109E440049F40100000000001CF2040010AE0400FC
:109E5400549F04007C0E0020682B0020DDF50100D7
:049E640000000000FA
:049E6800ED660200A1
:049E6C00396C02004B
:109E70001015002048BB0020000800004D1D000008
:109E800000000000000000000000000007000000CB
:109E900000000000FDC304000000000000000000FE
:109EA0009815002048C3002000020000CD1C0000CF
:109EB0000000000000000000000000000A00000098
:109EC000000000000AC404000000000000000000C0
:109ED00069D8010019D60100580200001DDF0100F9
:109EE0006DDE01000FCA0300E5E2010021E201007E
:109EF00065E00100DBC9030055E00100B7CC0300B9
:109F0000F1CB030091E3010089E3010081CA030062
:109F100075CA0300A1E701009BCD0300A9CD030092
:109F2000C1CD0300CDCD0300D9CD0300ADE90100C3
:109F3000F3CD03000000000000000000000000005E
:109F400000000000D1F301008DF3010000000000CB
:109F50000000000000000000000000000000000001
:109F600079F5010089F40100000000000000000004
:109F700041FB010007D30300A5EF0000B5EE000090
:109F8000C9ED0000E5DA01008DC80300F1C8030047
:109F90000000000029C803000000000000000000CD
:109FA000694B0300216E000000000000934B03008A
:109FB000554B030021510300AB4C0300C54A03007D
:109FC00057510300A14C030000000000DD4A0300CC
:109FD0000000000000000000E54A0300DD5003001F
:109FE000F74A0300B54D0300FF4A0300DDCF03002D
:109FF00091F70100CFCF0300EBD1030003D00300A2
:10A000002BD0030061D0030075D00300A3D0030060
:10A01000B7D0030075D0030093D00300CBD003006A
:10A02000D9D00300E7D003000000000019D10300DD
:08A03000000000000000000028
:10A03800000000000000000033670300B97401004D
:10A048000500000051A2000006000000B5C600008F
:08A0580004000000B9B2000091
:10A06000B9190000391B00000000000000000000CA
:08A070000000000000000000E8
:10A0780020A7040008000000DCA30400070000007B
:08A08800C8A20400040000005E
:10A0900090ED040003000000E5DF04000300000071
:10A0A000C4E604000300000080D5040003000000A3
:10A0B000A2E20400030000006CAA040003000000F8
:10A0C000BCA904000300000090A8040003000000E5
:10A0D00058AA04000300000087D504000300000014
:10A0E0003DE804000300000006DE04000300000059
:10A0F0008CDF0400030000002CE4040003000000D7
:10A100006AE804000300000086C5040003000000A4
:10A1100000C9040003000000BAED040003000000C1
:10A120003DC90400030000004CEE040003000000E1
:10A130000CC704000300000050F1040003000000FD
:10A140001BC70400030000001FC704000300000039
:10A1500024C80400030000006BCD040003000000CD
:10A16000CFCD040003000000D7CD040003000000A1
:10A170003BF40400030000008EEB04000300000029
:10A1800092F504000300000098C4040003000000DE
:10A19000A7E804000300000034C904000300000025
:10A1A000E6CD040003000000C4EF0400030000003B
:10A1B0002EF4040003000000C0C5040003000000EA
:10A1C0006EF104000300000057F2040003000000D9
:10A1D00007EA04000300000086EB0400030000000F
:10A1E000C8D3040003000000D4D004000300000022
:10A1F0006BD4040003000000AFD104000300000092
:10A20000C4CE040003000000BBCE04000300000025
:10A2100013D5040003000000C4D4040003000000B0
:10A2200063D20400030000001BD5040003000000FB
:10A2300022F204000300000019C40400030000001F
:10A240007CA304004803002013C8040001000000A0
:10A25000A8A20400A0A2040098A204000001060223
:10A2600001000000000102010404040400000000D9
:10A2700000000000000000000000000000000000DE
:10A2800000000000505341004B4559000000000001
:10A290000338FDD870470000FC9C04000F0001004B
:10A2A000FC9C04000E000100FC9C04000D00010059
:10A2B000090B0000E3BC040001010000800C002039
:10A2C00007100000700C002050BB0400B3620300B4
:10A2D0000000000075F70400000001004CBB040002
:10A2E000CF640300000000003803002000000100DC
:10A2F00064F70400091C00000000000000000000DA
:10A300000000010048BB0400856203007DBA000024
:10A310002003002000000300A81600200001000018
:10A32000253B0300C73A030002000000D53C0300B0
:10A33000000000000000000000000000000000001D
:10A34000F3C70400FBC70400000000000000000089
:10A350000000000003C8040007C804000BC8040084
:10A360000FC804006CA30400C47A0020093E00005A
:10A37000E47A002089A9002000010000953D030037
:10A380008B3D0300593D03004D3D030000000000DC
:10A39000413D030000000000040000000000000038
:10A3A0000000000000C00000C09D0400010000008B
:10A3B00000C0000000600700C09D04000200000013
:10A3C0000020080000600700C09D0400030000009A
:10A3D00000800F0000800000C09D04007EBB0400D0
:10A3E000B3620300000000007ABB0400000001001B
:10A3F00076BB0400CF64030000000000F0030020DF
:10A40000000001006EBB0400533E0300000000008A
:10A4100000000000000001006ABB0400CF640300DC
:10A4200000000000E80300200000010062BB0400FF
:10A430001F3E0300000000000000000000000100BB
:10A440005EBB0400CF64030000000000E0030020B6
:10A450000000010056BB04000540000000000000A1
:10A4600000000000000001006D420000000000003C
:10A470000000000000000000F33E030000000000A8
:10A48000D73E0300000000200000000000000B0683
:10A490000200000098A4040000000000BBCD0400EE
:10A4A0002600020200000020C3CD040022000B1190
:10A4B000F8030020B9500000000000005F410300D5
:10A4C000D4040020000000009C0C0020E8040020C0
:10A4D00000000000B4A40400E4A40400470000004D
:10A4E000000000006C0F0120B4A40400F8A40400D4
:10A4F0002E0000000000000010140120B4A404008D
:10A500000CA504000201000000000000E41401207A
:10A51000EDDC0400F2DC0400F6DC0400FADC0400EC
:10A52000FEDC040002DD040006DD04000ADD040098
:10A530000EDD040012DD040016DD04001ADD040047
:10A540001EDD040022DD040026DD04002ADD0400F7
:10A550002EDD040032DD040036DD040054DD04008D
:10A560006FDD04007FDD04008CDD040095DD040058
:10A570009CDD0400A3DD0400AADD0400B2DD0400BC
:10A580008CDD0400BADD0400CCDD0400E1DD040054
:10A59000F4DD04000E030000A58700000F04000096
:10A5A000718700001A0100000D7100000504000011
:10A5B0005571000013010000557300003E010000BA
:10A5C000C575000001120000015403000A1E0000BE
:10A5D0000F540300FF010000397700003E01000026
:10A5E0001977000005040000A171000010010000AF
:10A5F00019720000011200006D8000000A1E0000A8
:10A60000B954030003090000D5780000040B0000D2
:10A6100001730000060A0000AD8600000C05000072
:10A62000E5710000B4A4040034A604004700000053
:10A63000000000000016012021E204002EE20400C8
:10A640004EE2040042E2040059E2040070E2040019
:10A6500080E2040009BC040094E20400B4A40400F5
:10A660006CA604000000000000000000C0160120DD
:10A67000B4A4040080A60400200000000000000034
:10A68000E8160120CD5703001F580300000000000A
:10A6900000000000000000004DA5000000000000C8
:10A6A00000000000000000000000000002020100A5
:10A6B000515D03000404010079AF000006060100AB
:10A6C000B9AE000008040100A5AD00000A020100B7
:10A6D000395D03000C040100215D03000E0401003C
:10A6E00081AC000020040100EDAB0000100401006B
:10A6F000FDAA000012020100A35C03001E0004007A
:10A70000A760030052020000C95C0300B4A4040067
:10A710001CA704002200000000000000C017012058
:10A72000AEBB0400B362030000000000AABB04003B
:10A7300000000100A6BB0400CF640300000000007D
:10A74000D0050020000001009EBB040000000000B6
:10A750000000000000000000000000009ABB0400A0
:10A76000856203007DBA0000D805002000000300C8
:10A7700096BB0400CF64030000000000C805002061
:10A78000000001008EBB0400EB62030039BB000037
:10A7900000000000000003008ABB0400CF64030037
:10A7A00000000000C00500200000010082BB040082
:10A7B000A9BE000000000000000000000000010031
:10A7C0000000000000000000000000000000000089
:10A7D00000000000C7660300000000000000000049
:10A7E0000000000000000000456D707479204843AF
:10A7F00049207061636B6574000000004661696CFC
:10A80000656420746F2073656E64206576656E7470
:10A810003A2025640000000062745F726563765F11
:10A820006661696C65643A2025640000556E6B6E44
:10A830006F776E2048434920747970652025750034
:10A840004C4C20696E697469616C697A6174696FD6
:10A850006E206661696C65643A2025640000000022
:10A8600042542043544C52205258207072690000C8
:10A8700042542043544C52205258000062745F6886
:10A8800063695F636F6E74726F6C6C657200000059
:10A8900062745F63746C725F6863695F6472697627
:10A8A000657200005A6570687972204F53207634C3
:10A8B0002E342E39390000004E6F20484349204382
:10A8C0006F6D6D616E642068656164657200000083
:10A8D000496E76616C69642048434920434D4420A9
:10A8E0007061636B6574206C656E6774680000004E
:10A8F0004E6F204843492041434C206865616465A0
:10A9000072000000496E76616C69642048434920FA
:10A9100041434C207061636B6574206C656E677495
:10A9200068000000496E76616C69642048434920E4
:10A9300041434C2044617461206C656E677468000B
:10A94000547820427566666572204F766572666C33
:10A950006F770000496E76616C69642054782045F9
:10A960006E7175657565000068616E646C653A208E
:10A970003078253034782C207374617475733A20E4
:10A9800025782C2074783A2025782C2072783A206B
:10A9900025782E00747970653A2030782530327829
:10A9A0000000000072656A656374206F70636F64F5
:10A9B000653A2030782530327800000062745F6399
:10A9C000746C725F68636900574553545F544F500D
:10A9D0004449522F7A65706879722F737562737962
:10A9E000732F626C7565746F6F74682F636F6E740C
:10A9F000726F6C6C65722F6C6C5F73772F756C6CFB
:10AA00005F636F6E6E2E6300657272203D3D203075
:10AA1000207C7C20657272203D3D202D313230003B
:10AA2000415353455254494F4E204641494C205BB7
:10AA300025735D20402025733A25640A000000003C
:10AA400009706172616D313A202575207061726103
:10AA50006D323A2025750A0062745F63746C725F10
:10AA6000756C6C5F636F6E6E0000000062745F63F4
:10AA7000746C725F63727970746F00005745535441
:10AA80005F544F504449522F7A65706879722F7322
:10AA900075627379732F626C7565746F6F74682F4C
:10AAA000636F6E74726F6C6C65722F6C6C5F737712
:10AAB0002F6E6F726469632F6C6C6C2F6C6C6C5FA3
:10AAC0006164762E63000000300000000925733AAF
:10AAD0002041637475616C204556454E545F4F5656
:10AAE0004552484541445F53544152545F555320A9
:10AAF0003D2025750A000000574553545F544F50C0
:10AB00004449522F7A65706879722F737562737930
:10AB1000732F626C7565746F6F74682F636F6E74DA
:10AB2000726F6C6C65722F6C6C5F73772F6E6F72C7
:10AB30006469632F6C6C6C2F6C6C6C5F70657269F0
:10AB400070686572616C2E630000000002000000F6
:10AB5000AD210100BD210100CD210100DD21010059
:10AB60000000000000000000ED210100852201002E
:10AB7000FD21010000000000B522010000000000DE
:10AB80000D22010095220100000000001D2201009D
:10AB9000F52201002D220100C5220100D52201006D
:10ABA00000000000E522010005230100152301003B
:10ABB0003D22010000000000000000000000000035
:10ABC0000000000000000000A522010008020B02A6
:10ABD0000A0305020000000000000000020200005D
:10ABE000060200000403000000000903000000004A
:10ABF0000103000000000000070300000000000047
:10AC000000000000F401FA00960064004B003200DE
:10AC10001E001400707265706172655F63620000EF
:10AC2000707265706172655F636200000103040504
:10AC3000D76A0300CD690300B5690300957601006A
:10AC4000B9690300BD690300C1690300C569030058
:10AC5000CF6A0300C9690300D36A0300ED6A0300E9
:10AC6000F16A0300916A0300E96A0300F56A0300D0
:10AC7000F96A03000000000000000000000000006E
:10AC800000000000B4A4040094AC040080000000A4
:10AC90000000000000190120B4A40400A8AC0400C6
:10ACA0008000000000000000C022012093BD0300CE
:10ACB000AFBD030014AD0400181000200000000018
:10ACC0000000000000000000BDC60100EDC401004E
:10ACD000EDC20100E9C601000000000085C20100CC
:10ACE0000DC7010011D10100CDC40100000000001A
:10ACF00089D1010031CB0100E5C30100C5C30100CA
:10AD0000D1C70300C9C70300000000000100000014
:10AD100045C40100F9C7030000000000E1C70300BB
:10AD200051DA010029DA0100000000009DDB01007A
:10AD30001DDB0100AEED040015C9030011C90300BD
:10AD4000B4ED04000400000000FF0000DC9D0400DE
:10AD500000B4C40400010000FC9C040011000100C8
:10AD600000000000010000000000000000004000A2
:10AD70004000000000000100C2201600000000009A
:10AD8000FC9C040016000100FC9C0400170001005C
:10AD9000010000000100C2000100000000FF0000EF
:10ADA000FFFF0000000300501C0400200000000012
:10ADB00001000000FFFFFFFF000000501C04002006
:10ADC0000000000000000000CDCE0300B1EA010049
:10ADD00051CF030091CE030013CF0300BDEA010061
:10ADE0005DED010059EF01007DCF03001DEB010077
:10ADF000CDEA01007DCE030079CE030001EB010016
:10AE0000B3CE03000B001A0004AE040001000000E2
:10AE1000A49D0400030000000000000000000000EA
:10AE20000000000090572C00200B200000000000C4
:10AE3000000000006400000000000000002000404E
:10AE400001000000000000005CAE04000000D6011C
:10AE500000000000A9AB0020A8AB002000200040AB
:10AE600068AE04000200000080AE04000200000092
:10AE700078AE040002010000068000000880000196
:10AE80000600000008000001000000FF00FF0000B5
:10AE900000000000000000010100000081D203005A
:10AEA000ACAE040000000000FFFFFFFF00300240D6
:10AEB000B8AE040002000000D4AE0400030000009D
:10AEC000C8AE0400030100001380000414800005D4
:10AED000158000061300000414000005150000068C
:10AEE000FC9C040011000100E5D60300391A0200A1
:10AEF00001000000441100400000000000000000BC
:10AF00000000000001090000000000000080004077
:10AF10000000000028000000050000000000000004
:10AF20000000000000800040000000002800000039
:10AF30000500000000000000B1DA0300B5DA0300EC
:10AF4000BBDA0300B7DA03000800000003000000CA
:10AF500000444004090080030907000609010008B5
:10AF600043F5040051F5040065F5040074F5040090
:10AF700080F50400C49B0400CC9B04000C9C0400DE
:10AF8000149C0400A49C0400C49C040095F50400D7
:10AF900000010000000000002B9A0400A0B0040093
:10AFA00040B0040070B004000200000098B004003B
:10AFB0000300000090B004000400000088B004000A
:10AFC0000E00000068B004000F00000060B0040034
:10AFD0001000000058B004002000000038B0040049
:10AFE0002100000030B004002200000028B004005E
:10AFF0002300000020B004002400000018B004006A
:10B000002500000010B00400000000000000000057
:10B010009EF5040070942505B2F504007093240594
:10B02000C6F5040070922305DAF504007084220549
:10B03000E6F5040070832105F2F504007082200516
:10B040000200000000000000710704007107040006
:10B050005B07040049070400FEF504007064100952
:10B060000AF6040070630F0916F6040070620E09F8
:10B0700002000000000000003F0704003F0704003A
:10B08000270704001507040022F60400101404002A
:10B090002EF60400101303003AF60400101202000A
:10B0A00002000000AD070400A9070400A507040082
:10B0B0008D0704007B070400982F8A429144377162
:10B0C000CFFBC0B5A5DBB5E95BC25639F111F1592B
:10B0D000A4823F92D55E1CAB98AA07D8015B83126D
:10B0E000BE853124C37D0C55745DBE72FEB1DE8019
:10B0F000A706DC9B74F19BC1C1699BE48647BEEF48
:10B10000C69DC10FCCA10C246F2CE92DAA84744AD2
:10B11000DCA9B05CDA88F97652513E986DC631A848
:10B12000C82703B0C77F59BFF30BE0C64791A7D527
:10B130005163CA0667292914850AB72738211B2EAF
:10B14000FC6D2C4D130D385354730A65BB0A6A7697
:10B150002EC9C281852C7292A1E8BFA24B661AA8A3
:10B16000708B4BC2A3516CC719E892D1240699D6B3
:10B1700085350EF470A06A1016C1A419086C371E2C
:10B180004C774827B5BCB034B30C1C394AAAD84E0A
:10B190004FCA9C5BF36F2E68EE828F746F63A57845
:10B1A0001478C8840802C78CFAFFBE90EB6C50A4D8
:10B1B000F7A3F9BEF27871C601000000020000009A
:10B1C0000400000008000000100000002000000043
:10B1D00040000000800000001B000000360000005E
:10B1E00051F4A7507E4165531A17A4C33A275E96BF
:10B1F0003BAB6BCB1F9D45F1ACFA58AB4BE30393D4
:10B200002030FA55AD766DF688CC7691F5024C2556
:10B210004FE5D7FCC52ACBD726354480B562A38F2E
:10B22000DEB15A4925BA1B6745EA0E985DFEC0E1BA
:10B23000C32F7502814CF0128D4697A36BD3F9C6CC
:10B24000038F5FE715929C95BF6D7AEB955259DAA3
:10B25000D4BE832D587421D349E069298EC9C844CE
:10B2600075C2896AF48E797899583E6B27B971DD79
:10B27000BEE14FB6F088AD17C920AC667DCE3AB4BA
:10B2800063DF4A18E51A31829751336062537F4574
:10B29000B16477E0BB6BAE84FE81A01CF9082B94EF
:10B2A000704868588F45FD1994DE6C87527BF8B75B
:10B2B000AB73D323724B02E2E31F8F576655AB2A61
:10B2C000B2EB28072FB5C20386C57B9AD33708A5F2
:10B2D000302887F223BFA5B202036ABAED16825C5A
:10B2E0008ACF1C2BA779B492F307F2F04E69E2A142
:10B2F00065DAF4CD0605BED5D134621FC4A6FE8A38
:10B30000342E539DA2F355A0058AE132A4F6EB75C5
:10B310000B83EC394060EFAA5E719F06BD6E105141
:10B320003E218AF996DD063DDD3E05AE4DE6BD4681
:10B3300091548DB571C45D050406D46F605015FF3E
:10B340001998FB24D6BDE997894043CC67D99E77ED
:10B35000B0E842BD07898B88E7195B3879C8EEDB16
:10B36000A17C0A477C420FE9F8841EC90000000056
:10B3700009808683322BED481E1170AC6C5A724ED8
:10B38000FD0EFFFB0F8538563DAED51E362D3927F5
:10B390000A0FD964685CA6219B5B54D124362E3AEF
:10B3A0000C0A67B19357E70FB4EE96D21B9B919EA0
:10B3B00080C0C54F61DC20A25A774B691C121A1657
:10B3C000E293BA0AC0A02AE53C22E043121B171DF3
:10B3D0000E090D0BF28BC7AD2DB6A8B9141EA9C866
:10B3E00057F11985AF75074CEE99DDBBA37F60FD62
:10B3F000F701269F5C72F5BC44663BC55BFB7E345F
:10B400008B432976CB23C6DCB6EDFC68B8E4F16348
:10B41000D731DCCA426385101397224084C61120BD
:10B42000854A247DD2BB3DF8AEF93211C729A16D02
:10B430001D9E2F4BDCB230F30D8652EC77C1E3D06A
:10B440002BB3166CA970B999119448FA47E9642294
:10B45000A8FC8CC4A0F03F1A567D2CD8223390EF64
:10B4600087494EC7D938D1C18CCAA2FE98D40B36B1
:10B47000A6F581CFA57ADE28DAB78E263FADBFA428
:10B480002C3A9DE45078920D6A5FCC9B547E4662C4
:10B49000F68D13C290D8B8E82E39F75E82C3AFF5A7
:10B4A0009F5D80BE69D0937C6FD52DA9CF2512B347
:10B4B000C8AC993B10187DA7E89C636EDB3BBB7B57
:10B4C000CD2678096E5918F4EC9AB701834F9AA8E3
:10B4D000E6956E65AAFFE67E21BCCF08EF15E8E68B
:10B4E000BAE79BD94A6F36CEEA9F09D429B07CD6F9
:10B4F00031A4B2AF2A3F2331C6A5943035A266C02D
:10B50000744EBC37FC82CAA6E090D0B033A7D815E1
:10B51000F104984A41ECDAF77FCD500E1791F62FDF
:10B52000764DD68D43EFB04DCCAA4D54E49604DF52
:10B530009ED1B5E34C6A881BC12C1FB84665517F6C
:10B540009D5EEA04018C355DFA877473FB0B412E16
:10B55000B3671D5A92DBD252E91056336DD64713AA
:10B560009AD7618C37A10C7A59F8148EEB133C8969
:10B57000CEA927EEB761C935E11CE5ED7A47B13CAC
:10B580009CD2DF5955F2733F1814CE7973C737BF79
:10B5900053F7CDEA5FFDAA5BDF3D6F147844DB868D
:10B5A000CAAFF381B968C43E3824342CC2A3405FCB
:10B5B000161DC372BCE2250C283C498BFF0D95413A
:10B5C00039A80171080CB3DED8B4E49C6456C1906C
:10B5D0007BCB8461D532B670486C5C74D0B857426E
:10B5E000C66363A5F87C7C84EE777799F67B7B8DC8
:10B5F000FFF2F20DD66B6BBDDE6F6FB191C5C55416
:10B600006030305002010103CE6767A9562B2B7DB5
:10B61000E7FEFE19B5D7D7624DABABE6EC76769A6E
:10B620008FCACA451F82829D89C9C940FA7D7D871C
:10B63000EFFAFA15B25959EB8E4747C9FBF0F00BF8
:10B6400041ADADECB3D4D4675FA2A2FD45AFAFEA84
:10B65000239C9CBF53A4A4F7E47272969BC0C05B6A
:10B6600075B7B7C2E1FDFD1C3D9393AE4C26266A2B
:10B670006C36365A7E3F3F41F5F7F70283CCCC4F0C
:10B680006834345C51A5A5F4D1E5E534F9F1F1084D
:10B69000E2717193ABD8D873623131532A15153FDB
:10B6A0000804040C95C7C752462323659DC3C35E97
:10B6B00030181828379696A10A05050F2F9A9AB5C3
:10B6C0000E070709241212361B80809BDFE2E23D41
:10B6D000CDEBEB264E2727697FB2B2CDEA75759F79
:10B6E0001209091B1D83839E582C2C74341A1A2EA0
:10B6F000361B1B2DDC6E6EB2B45A5AEE5BA0A0FB5B
:10B70000A45252F6763B3B4DB7D6D6617DB3B3CE4D
:10B710005229297BDDE3E33E5E2F2F71138484974A
:10B72000A65353F5B9D1D16800000000C1EDED2C4E
:10B7300040202060E3FCFC1F79B1B1C8B65B5BED33
:10B74000D46A6ABE8DCBCB4667BEBED97239394B3F
:10B75000944A4ADE984C4CD4B05858E885CFCF4A2A
:10B76000BBD0D06BC5EFEF2A4FAAAAE5EDFBFB16C5
:10B77000864343C59A4D4DD766333355118585941D
:10B780008A4545CFE9F9F91004020206FE7F7F8160
:10B79000A05050F0783C3C44259F9FBA4BA8A8E3AA
:10B7A000A25151F35DA3A3FE804040C0058F8F8A54
:10B7B0003F9292AD219D9DBC70383848F1F5F5045B
:10B7C00063BCBCDF77B6B6C1AFDADA75422121635C
:10B7D00020101030E5FFFF1AFDF3F30EBFD2D26D3B
:10B7E00081CDCD4C180C0C1426131335C3ECEC2F63
:10B7F000BE5F5FE1359797A2884444CC2E17173976
:10B8000093C4C45755A7A7F2FC7E7E827A3D3D477C
:10B81000C86464ACBA5D5DE73219192BE6737395A1
:10B82000C06060A0198181989E4F4FD1A3DCDC7F5E
:10B8300044222266542A2A7E3B9090AB0B88888350
:10B840008C4646CAC7EEEE296BB8B8D32814143C10
:10B85000A7DEDE79BC5E5EE2160B0B1DADDBDB7690
:10B86000DBE0E03B64323256743A3A4E140A0A1E68
:10B87000924949DB0C06060A4824246CB85C5CE457
:10B880009FC2C25DBDD3D36E43ACACEFC46262A6AF
:10B89000399191A8319595A4D3E4E437F279798B65
:10B8A000D5E7E7328BC8C8436E373759DA6D6DB7C5
:10B8B000018D8D8CB1D5D5649C4E4ED249A9A9E09D
:10B8C000D86C6CB4AC5656FAF3F4F407CFEAEA2518
:10B8D000CA6565AFF47A7A8E47AEAEE910080818EB
:10B8E0006FBABAD5F07878884A25256F5C2E2E720B
:10B8F000381C1C2457A6A6F173B4B4C797C6C6510A
:10B90000CBE8E823A1DDDD7CE874749C3E1F1F2199
:10B91000964B4BDD61BDBDDC0D8B8B860F8A8A8516
:10B92000E07070907C3E3E4271B5B5C4CC6666AAAC
:10B93000904848D806030305F7F6F6011C0E0E12D0
:10B94000C26161A36A35355FAE5757F969B9B9D09D
:10B950001786869199C1C1583A1D1D27279E9EB909
:10B96000D9E1E138EBF8F8132B9898B32211113391
:10B97000D26969BBA9D9D970078E8E89339494A7EF
:10B980002D9B9BB63C1E1E2215878792C9E9E92094
:10B9900087CECE49AA5555FF50282878A5DFDF7AF3
:10B9A000038C8C8F59A1A1F8098989801A0D0D1774
:10B9B00065BFBFDAD7E6E631844242C6D06868B8D0
:10B9C000824141C3299999B05A2D2D771E0F0F112D
:10B9D0007BB0B0CBA85454FC6DBBBBD62C16163A2A
:10B9E00059570200AD57020035570200FF02000010
:10B9F00000000000000000000000000204BA040083
:10BA000000000000FF030000000000000000000034
:10BA1000000000021CBA040000000000FF02000049
:10BA200000000000000000000000000134BA040023
:10BA300000000000FF030000000000000000000004
:10BA4000000000014CBA040000000000FF030000E9
:10BA50000000000000000000000000FC00000000EA
:10BA600000000000B3E904004EF6040057F604009D
:10BA70005DF6040064F604006BF6040070F6040042
:10BA800075F604007AF604007FF6040084F60400DC
:10BA900089F604008EF6040093F6040099F604007B
:10BAA0009EF60400A3F60400A8F60400ADF6040018
:10BAB000B2F60400B7F60400BCF60400C1F60400B8
:10BAC000C6F60400CBF60400D0F60400D5F6040058
:10BAD000DAF60400DFF60400E4F60400E9F60400F8
:10BAE000EEF60400F3F60400F8F60400FDF6040098
:10BAF00002F7040007F704000CF7040011F7040034
:10BB000016F704001BF7040020F7040025F70400D3
:10BB10002AF704002FF7040034F7040039F7040073
:10BB20003EF7040043F7040048F704004DF7040013
:10BB300052F7040057F70400D00700000302040086
:10BB4000000400000080000000000229000003281B
:10BB50000000002809040000042A0000042A000054
:10BB600003280000012A0000012A00000328000029
:10BB7000002A0000002A000003280000001800002E
:10BB8000002800002A2B00002A2B000003280000B8
:10BB9000292B0000292B00000328000002290000A7
:10BBA000052A0000052A00000328000001180000F3
:10BBB0000028011000240011127100120000201C46
:10BBC000403860248070A06CC048E05400E120FD43
:10BBD00040D960C58091A08DC0A9E0B501000200E8
:10BBE0000B00436F6E6E656374696F6E20666169EA
:10BBF0006C6564202865727220307825303278298F
:10BC00000043656E7472616C20636F6E6E65637461
:10BC100065640054687265616420726F6C652063AE
:10BC200068616E6765643A202573005468726561C7
:10BC300064206E6574776F726B206A6F696E2F6116
:10BC400074746163682073756363656564656420FB
:10BC500028726F6C653D25732C2070617274697455
:10BC6000696F6E3D307825303878290054687265E8
:10BC70006164206E6574776F726B206465746163B4
:10BC80006865643B207374696C6C20617474656DC5
:10BC90007074696E6720746F20287265296A6F69F5
:10BCA0006E004164766572746973696E67206661BF
:10BCB000696C656420746F207374617274202865E8
:10BCC0007272202564290041647665727469736913
:10BCD0006E6720737461727465642061732022251D
:10BCE00073220058656E6F6E53656E736F720043FA
:10BCF000656E7472616C20646973636F6E6E6563E8
:10BD00007465642028726561736F6E203078253009
:10BD10003278290073756273637269626564207496
:10BD20006F00756E73756273637269626564206615
:10BD3000726F6D0043656E7472616C2025732074A0
:10BD4000656C656D65747279206E6F746966696380
:10BD50006174696F6E7300537461747573204C4520
:10BD600044202575204750494F206E6F742072651E
:10BD7000616479004661696C656420746F20636F4B
:10BD80006E66696775726520737461747573204C93
:10BD90004544202575202865727220256429004DB0
:10BDA0006F646520322028546872656164290053ED
:10BDB0004141444320646576696365206E6F742059
:10BDC00072656164790056444420414443206368AD
:10BDD000616E6E656C20696E6974206661696C6560
:10BDE000642028657272202564293B207664645F94
:10BDF0006D762077696C6C206265207374616C6568
:10BE00000053616D706C696E67207468726561645F
:10BE100020737461727465642028706572696F6440
:10BE20003D2564732C206D6F64653D2573290044A6
:10BE300069652074656D70657261747572652073D3
:10BE4000656E736F72206E6F742072656164790025
:10BE500074656D703A2073656E736F725F73616D98
:10BE6000706C655F6665746368206661696C6564A3
:10BE70002028657272202564290074656D703A204F
:10BE800073656E736F725F6368616E6E656C5F671A
:10BE90006574206661696C6564202865727220256E
:10BEA0006429007664643A206164635F726561644A
:10BEB000206661696C65642028657272202564299A
:10BEC0000009636F6E76657273696F6E20726573B9
:10BED000756C74206973206F7574206F66207261B1
:10BEE0006E67650A007664643A207261772D746F1C
:10BEF0002D6D696C6C69766F6C747320636F6E76F0
:10BF0000657273696F6E206661696C65642028656F
:10BF10007272202564290073616D706C6520232581
:10BF2000753A2074656D703D25642E25303275207C
:10BF30004320207664643D2575206D56004E6F20A9
:10BF4000737562736372696265723B20736B6970AB
:10BF500070696E67206E6F7469667920666F7220F3
:10BF600073616D706C6520232575004E6F74696672
:10BF700079206661696C656420666F722073616DFB
:10BF8000706C652023257520286572722025642930
:10BF9000004E6F74696669656420737562736372BD
:10BFA000696265723A207365713D25752074656D0F
:10BFB000703D2564207664643D257500554450200D
:10BFC0006D756C7469636173742073656E6420664B
:10BFD00061696C656420666F722073616D706C6559
:10BFE0002023257520286572726E6F202564290034
:10BFF000554450206D756C7469636173742073656A
:10C000006E743A207365713D25752074656D703DC1
:10C010002564207664643D2575202D3E205B2573C4
:10C020005D3A256400666630333A3A6162636400C3
:10C030004D4F444520627574746F6E204750494FD0
:10C04000206E6F742072656164793B2077696C6C37
:10C0500020617373756D65206E6576657220686505
:10C060006C64004661696C656420746F20636F6E58
:10C07000666967757265204D4F444520627574741A
:10C080006F6E2070696E3B2077696C6C20617373F2
:10C09000756D65206E657665722068656C64005309
:10C0A000746F7261676520706172746974696F6E14
:10C0B00020666C61736820646576696365206E6FC5
:10C0C0007420726561647900556E61626C652074DC
:10C0D0006F207265616420666C61736820706167AF
:10C0E0006520696E666F20666F722073746F72616F
:10C0F000676520706172746974696F6E202865725B
:10C100007220256429004D6F64652073746F72611D
:10C11000676520696E6974206661696C65642028B2
:10C12000657272202564293B2064656661756C74B4
:10C13000696E6720746F204D6F646520312028423E
:10C140004C452920666F72207468697320626F6F96
:10C1500074206F6E6C79004E6F2076616C6964207C
:10C16000706572736973746564206D6F64652066B1
:10C170006F756E643B2064656661756C74696E678B
:10C1800020746F204D6F646520312028424C452972
:10C19000004D4F444520627574746F6E2068656C65
:10C1A0006420617420626F6F743A207072657669E2
:10C1B0006577696E67202573202D3E202573004624
:10C1C00061696C656420746F207065727369737443
:10C1D000206E6577206D6F6465202865727220255A
:10C1E00064293B2073746179696E6720696E20252C
:10C1F0007300436F6E6669726D6564202D207265F1
:10C20000626F6F74696E6720746F206170706C79F3
:10C210002025732E2E2E0052656C65617365642097
:10C22000647572696E672070726576696577202D16
:10C230002073746179696E6720696E2025730042EE
:10C240006F6F74696E6720696E20257300426C758C
:10C2500065746F6F746820696E6974206661696CBB
:10C26000656420286572722025642900426C75651A
:10C27000746F6F746820696E697469616C697A653E
:10C2800064005374617274696E67205468726561EA
:10C290006420737461636B3A2050414E20494420FE
:10C2A0003078253034782C206368616E6E656C20A0
:10C2B00025642C206E6574776F726B2022257322A3
:10C2C0000058656E6F6E4D657368005468726561E5
:10C2D00064206E6574776F726B206A6F696E2F6170
:10C2E000747461636820617474656D707420666134
:10C2F000696C656420746F207374617274202865A2
:10C3000072722025642900546872656164206E652C
:10C3100074776F726B206A6F696E2F6174746163DA
:10C320006820617474656D707420737461727465D3
:10C3300064004661696C656420746F206372656196
:10C3400074652055445020736F636B6574202865B5
:10C3500072726E6F20256429004661696C656420E5
:10C36000746F207261697365206D756C74696361A7
:10C37000737420686F70206C696D69742028657211
:10C38000726E6F202564293B207573696E67206487
:10C39000656661756C74004661696C656420746FD4
:10C3A000207061727365206D756C7469636173745C
:10C3B00020616464726573732022257322005544E2
:10C3C000502074656C656D65747279207461726754
:10C3D0006574205B25735D3A25642072656164791C
:10C3E000004661696C656420746F207374617274B7
:10C3F0002025732028657272202564290073616DE1
:10C40000706C696E675F74696400737461747573CE
:10C410005F6C65645F7469640078656E6F6E5F73EE
:10C42000656E736F72006865617020636F727275FC
:10C430007074696F6E20286E6F7420696E2075733A
:10C44000653F292061742025700068656170206354
:10C450006F7272757074696F6E202862756666659A
:10C4600072206F766572666C6F773F292061742049
:10C470002570006865617020636F727275707469F1
:10C480006F6E2028646F75626C6520667265653F0B
:10C4900029206174202570006F735F6865617000EA
:10C4A0002A2A2A20426F6F74696E67205A65706865
:10C4B0007972204F53206275696C642076342E3473
:10C4C0002E302D31303335352D6766326235656358
:10C4D000643836366630202A2A2A0A00286E756C9F
:10C4E0006C290028756E7369676E6564292063681E
:10C4F0006172202A207573656420666F722025257D
:10C500007020617267756D656E742E204974277393
:10C51000207265636F6D6D656E64656420746F2055
:10C520006361737420697420746F20766F6964206E
:10C530002A2062656361757365206974206D617975
:10C54000206361757365206D6973626568617669E2
:10C550006F7220696E206365727461696E20636F0B
:10C560006E66696775726174696F6E732E2053749D
:10C5700072696E673A2225732220617267756D6554
:10C580006E743A25640063627072696E74665F70DF
:10C5900061636B616765004661696C656420746FF7
:10C5A000207265626F6F743A207370696E6E696E87
:10C5B0006720656E646C6573736C792E2E2E0A008D
:10C5C0007379735F6765746F7074004E5653206E95
:10C5D0006F7420696E697469616C697A656400437F
:10C5E0006F756C64206E6F74206F627461696E2069
:10C5F000666C61736820706172616D6574657273D9
:10C6000000556E737570706F72746564207772690F
:10C61000746520626C6F636B2073697A6500536583
:10C6200063746F722073697A6520257520746F6F4B
:10C63000206C617267652C206D6178696D756D2065
:10C64000697320257A7500556E61626C6520746F80
:10C6500020676574207061676520696E666F0049A8
:10C660006E76616C696420736563746F72207369A0
:10C670007A6500436F6E66696775726174696F6E83
:10C68000206572726F72202D20736563746F722043
:10C69000636F756E7400256420536563746F7273E5
:10C6A000206F6620256420627974657300616C6C6C
:10C6B0006F63207772613A2025642C20257800640E
:10C6C000617461207772613A2025642C20257800FE
:10C6D000474320446F6E65206D61726B6572206602
:10C6E0006F756E64004E6F20474320446F6E652067
:10C6F0006D61726B657220666F756E643A2072654B
:10C700007374617274696E672067630066735F6E2D
:10C710007673006C6F6767696E67006C6F67006C9B
:10C720006F675F6D676D74004D657373616765203A
:10C730002822257322292064726F7070656420623C
:10C7400065636175736520697420657863656564E8
:10C75000732073697A65206C696D69746174696F9F
:10C760006E2028257529004D657373616765206407
:10C77000726F7070656420626563617573652069AE
:10C780007420657863656564732073697A65206CCD
:10C79000696D69746174696F6E2028257529000DB3
:10C7A0000A001B5B306D0025732E0025733A2000B4
:10C7B000257320005B253031306C755D20005B25D2
:10C7C0003032753A253032753A253032752E2530A3
:10C7D00033752C253033755D20003C25733E2000D9
:10C7E00025732F00253032782000202020007C0087
:10C7F0002563001B5B313B33316D001B5B313B33E9
:10C80000336D006572720077726E00696E66006447
:10C810006267006C6F675F6261636B656E645F7512
:10C82000617274006C6F675F756172740046616954
:10C830006C656420746F20696E697469616C697AD3
:10C84000652025732028256429006C616E67756159
:10C8500067652064657363726970746F72006D61DF
:10C860006E75666163747572657220646573637258
:10C870006970746F720070726F64756374206465A0
:10C880007363726970746F7200534E2064657363D2
:10C89000726970746F72004661696C656420746FB0
:10C8A0002061646420636F6E666967757261746984
:10C8B0006F6E006364635F61636D5F300046616942
:10C8C0006C656420746F207265676973746572208B
:10C8D000636C617373657300646576696365207367
:10C8E0007570706F7274004661696C656420746F56
:10C8F00020656E61626C65202573202825642900FF
:10C900006364635F61636D5F73657269616C00731B
:10C9100065742D76616C7565206661696C757265EC
:10C920002E206B65793A202573206572726F72280C
:10C930002564290073657474696E677300666C61A1
:10C9400073680072302F61313A20203078253038FA
:10C9500078202072312F61323A202030782530380B
:10C9600078202072322F61333A20203078253038F9
:10C97000780072332F61343A2020307825303878AF
:10C98000207231322F69703A202030782530387883
:10C99000207231342F6C723A20203078253038786C
:10C9A0000020787073723A20203078253038780073
:10C9B0004661756C74696E6720696E737472756315
:10C9C00074696F6E206164647265737320287231BC
:10C9D000352F7063293A2030782530387800556E2D
:10C9E00068616E646C6564204952516E3A2025641A
:10C9F000002A2A2A2A2A20555341474520464155D4
:10CA00004C54202A2A2A2A2A002020446976697355
:10CA1000696F6E206279207A65726F002020556EF2
:10CA2000616C69676E6564206D656D6F72792061F8
:10CA300063636573730020204E6F20636F70726FA5
:10CA4000636573736F7220696E7374727563746952
:10CA50006F6E73002020496C6C6567616C206C6F91
:10CA60006164206F66204558435F52455455524ECD
:10CA700020696E746F205043002020496C6C6567FC
:10CA8000616C20757365206F662074686520455061
:10CA90005352002020417474656D707420746F20AF
:10CAA0006578656375746520756E646566696E6525
:10CAB0006420696E737472756374696F6E002A2ADC
:10CAC0002A2A2A204D5055204641554C54202A2AC6
:10CAD0002A2A2A002020537461636B696E672065DF
:10CAE00072726F722028636F6E7465787420617241
:10CAF0006561206D69676874206265206E6F7420BF
:10CB000076616C696429002020556E737461636BD3
:10CB1000696E67206572726F7200202044617461D3
:10CB2000204163636573732056696F6C6174696F2C
:10CB30006E0020204D4D4641522041646472657361
:10CB4000733A2030782578002020496E737472750E
:10CB50006374696F6E204163636573732056696FF8
:10CB60006C6174696F6E002020466C6F6174696E31
:10CB7000672D706F696E74206C617A7920737461AF
:10CB8000746520707265736572766174696F6E206A
:10CB90006572726F72002A2A2A2A2A20425553206F
:10CBA0004641554C54202A2A2A2A2A002020537410
:10CBB00061636B696E67206572726F72002020502E
:10CBC00072656369736520646174612062757320A6
:10CBD0006572726F720020204246415220416464A7
:10CBE000726573733A2030782578002020496D7083
:10CBF0007265636973652064617461206275732076
:10CC00006572726F72002020496E7374727563745E
:10CC1000696F6E20627573206572726F7200526563
:10CC200073657276656420457863657074696F6EAC
:10CC300020280053707572696F757320696E746572
:10CC40007272757074202849525120005350534518
:10CC50004C20696E20746872656164206D6F646534
:10CC600020646F6573206E6F7420696E6469636100
:10CC70007465205053500045534620636F756C64B3
:10CC8000206E6F74206265207265747269657665C6
:10CC900064207375636365737366756C6C792E209D
:10CCA0005368616C6C206E65766572206F63637586
:10CCB000722E002A2A2A2A2A20484152442046411C
:10CCC000554C54202A2A2A2A2A00202042757320F3
:10CCD0006661756C74206F6E20766563746F722068
:10CCE0007461626C65207265616400202044656235
:10CCF0007567206576656E740020204661756C74DA
:10CD000020657363616C6174696F6E20287365655B
:10CD10002062656C6F772900415243485F45584354
:10CD2000455054207769746820726561736F6E2076
:10CD300025780A002A2A2A2A2A2044656275672053
:10CD40006D6F6E69746F7220657863657074696F5A
:10CD50006E202A2A2A2A2A002A2A2A2A2A202573E9
:10CD600020256429202A2A2A2A2A006D7075004667
:10CD700061696C656420746F20616C6C6F636174B1
:10CD800065206E6577204D505520726567696F6E1E
:10CD90002025750A00506172746974696F6E2025D0
:10CDA000753A20636F686572656E636520636865B8
:10CDB000636B206661696C65642E00464C41534884
:10CDC0005F30005352414D5F300065786974006EEA
:10CDD00065745F627566006E65745F6275665F7329
:10CDE000696D706C6500736F630055534220646514
:10CDF0007669636520737570706F72742069732033
:10CE0000616C726561647920696E697469616C69CD
:10CE10007A656400555342206465766963652063D2
:10CE20006F6E74726F6C6C6572206973206E6F74B4
:10CE300020726561647900555342206465766963A8
:10CE40006520737570706F7274206973206E6F74D3
:10CE500020696E697469616C697A65640055534232
:10CE60002064657669636520737570706F727420D5
:10CE7000697320616C726561647920656E61626CB2
:10CE80006564004661696C656420746F20656E613D
:10CE9000626C6520636F6E74726F6C6C65720042B9
:10CEA000756666657220707265616C6C6F63617423
:10CEB000696F6E206661696C656400757362645F9A
:10CEC00064657600757362645F64657363004661D0
:10CED000696C656420746F20656E71756575652079
:10CEE00053746174757320494E206275666665726D
:10CEF000004661696C656420746F20656E717565AC
:10CF000075652053455455502062756666657200FC
:10CF100043616E206F6E6C792068616E646C652071
:10CF2000636F6E74726F6C20726571756573747364
:10CF3000004D616C666F726D656420736574757009
:10CF4000207061636B657400556E657870656374FD
:10CF5000656420627566666572206C696E6B6564D7
:10CF600020746F207365747570004661696C656428
:10CF700020746F2073657420646576696365206131
:10CF80006464726573732030782578004661696C3B
:10CF9000656420746F2073657420636F6E666967C3
:10CFA00075726174696F6E2025752C2025640049A7
:10CFB0006E74657266616365206F7220616C746562
:10CFC000726E61746520646F6573206E6F74206586
:10CFD0007869737400436F6E66696775726174690E
:10CFE0006F6E2064657363726970746F722025754B
:10CFF000206E6F7420666F756E64004857494E4608
:10D000004F206E6F7420696D706C656D656E746510
:10D0100064206F7220656E61626C656400536B6999
:10D0200070706564202564206D6573736167657336
:10D0300000496E6469636174696E67206572726F1E
:10D040007220766961206572726E6F206973206448
:10D050006570726563617465640070726F746F638C
:10D060006F6C206572726F723A0073657475703AF6
:10D07000006E6F74207065726D69747465642069E8
:10D080006E2064657669636520737461746520251C
:10D0900075004661696C656420746F20656E7175FA
:10D0A00065756520537461747573204F5554206203
:10D0B0007566666572004661696C656420746F20F0
:10D0C000656E61626C6520544553545F4D4F444515
:10D0D00020257500757362645F636839007573623B
:10D0E00064004661696C656420746F206765742014
:10D0F0006366675F6E642C20646573706974652075
:10D10000636F6E66696775726564207374617465B8
:10D11000004661696C656420746F207365742064D7
:10D12000656661756C7420616464726573732061F7
:10D13000667465722062757320726573657400464B
:10D1400061696C656420746F207365742064656622
:10D1500061756C74207374617465206166746572A6
:10D160002062757320726573657400416374756124
:10D170006C2064657669636520737065656420253D
:10D180007500554443206572726F72206576656E36
:10D1900074004661696C656420746F20696E6974FF
:10D1A00020646576696365206472697665720075CE
:10D1B0007362645F636F726500456E64706F696E61
:10D1C0006720307825303278206E6F742061737359
:10D1D00069676E6564004661696C656420746F20E0
:10D1E00061737369676E20656E64706F696E742019
:10D1F000616464726573736573004661696C65642C
:10D2000020746F20696E697469616C697A65206346
:10D210006C61737320696E7374616E636500624E36
:10D22000756D496E7465726661636573202575203E
:10D2300077546F74616C4C656E6774682025750057
:10D240004661696C656420746F20696E697420465C
:10D250005320636F6E66696775726174696F6E20C3
:10D26000257500757362645F696E6974004E6F2086
:10D27000636F6E66696775726174696F6E2073653E
:10D2800074202841646472657373207374617465DB
:10D290003F29004661696C656420746F2072657374
:10D2A000657420636F6E66696775726174696F6E0D
:10D2B0000046656174757265206E6F7420737570B9
:10D2C000706F7274656420627920636F6E74726F20
:10D2D0006C6C657200436F6E666967757261746924
:10D2E0006F6E202575206E6F7420666F756E6400FA
:10D2F0005553422064657669636520737570706F5D
:10D30000727420697320696E697469616C697A65E9
:10D310006400537461636B2077617320636F6D7079
:10D32000696C656420776974686F757420486967F3
:10D33000682D537065656420737570706F7274002A
:10D34000465320636F6E66696720616C7265616425
:10D3500079206F6E204853206C69737400556E738A
:10D360007570706F7274656420636F6E666967753F
:10D37000726174696F6E20737065656400436F6ECF
:10D3800066696775726174696F6E202575207265B4
:10D390002D696E736572746564004661696C6564BD
:10D3A00020746F2061646420636F6E6669677572B4
:10D3B0006174696F6E20737472696E67206465733F
:10D3C00063726970746F7200757362645F6366671D
:10D3D000005553422064657669636520636C617310
:10D3E00073202573206E6F7420666F756E64004E17
:10D3F0006F20636F6E66696775726174696F6E2006
:10D40000736574202841646472657373207374615A
:10D4100074652900436C61737320696E7374616E67
:10D42000636520616C7265616479207265676973F8
:10D43000746572656400436C61737320726567691B
:10D4400073746572656420746F206F7468657220F0
:10D45000636F6E74657874206174206469666665B4
:10D4600072656E7420737065656400757362645FC5
:10D47000636C617373004E6F20656E64706F696ECC
:10D4800074732C20736B697020696E7465726661A9
:10D490006365004661696C656420746F2068616E25
:10D4A000646C65206F702025642C206570203078B6
:10D4B000253032782C20626D203078253038782C59
:10D4C00020256400757362645F696661636500644A
:10D4D00065766963652069732073757370656E6422
:10D4E0006564005365742068616C74203078253061
:10D4F0003278206661696C656400436C65617220F6
:10D5000068616C7420307825303278206661696CEF
:10D51000656400757362645F657000757362645F53
:10D520006D7367006364635F61636D5F75617274DF
:10D5300030007075626C69630072616E646F6D00BB
:10D540007075626C69632D69640072616E646F6DE1
:10D550002D696400253032583A253032583A25304A
:10D5600032583A253032583A253032583A2530323E
:10D57000582028257329004254204C572057510029
:10D5800062745F6275660062745F64617461004416
:10D5900061746120627566666572206F7665726679
:10D5A0006C6F7720286C696E6B2074797065203001
:10D5B00078253032782900556E61626C6520746F71
:10D5C000206C6F6F6B20757020636F6E6E207769B3
:10D5D00074682068616E646C6520257500556E6105
:10D5E000626C6520746F206C6F6F6B757020636F59
:10D5F0006E6E20666F722068616E646C65202575A2
:10D60000004861726477617265206572726F722C76
:10D6100020686172647761726520636F64653A2087
:10D62000256400436F756C64206E6F74207375629F
:10D630006D69742072785F776F726B3A2025640091
:10D64000556E61626C6520746F20616C6C6F6361F4
:10D6500074652062756666657200556E68616E64F9
:10D660006C6564206576656E74203078253032787C
:10D67000206C656E2025753A202573006576742030
:10D680006E756D5F68616E646C657320283D2575ED
:10D690002920746F6F206C617267652028257A7568
:10D6A000203E20257529004E6F20636F6E6E6563E6
:10D6B00074696F6E20666F722068616E646C65209D
:10D6C0002575007061636B65747320636F756E748C
:10D6D000206D69736D6174636800546F6F20736DA2
:10D6E000616C6C202825752062797465732920652A
:10D6F00076656E742030782530327800496E766118
:10D700006C696420484349206576656E74207369AE
:10D710007A65202825752900496E76616C69642038
:10D720004C45206D657461206576656E7420736963
:10D730007A65202825752900574553545F544F506A
:10D740004449522F7A65706879722F7375627379C4
:10D75000732F626C7565746F6F74682F686F737464
:10D760002F6863695F636F72652E63006576745F0F
:10D77000666C6167732026202831554C203C3C2084
:10D780002830292900415353455254494F4E2046D1
:10D7900041494C205B25735D20402025733A256468
:10D7A0000A00496E76616C6964206275662074793E
:10D7B000706520257500496E76616C696420484368
:10D7C000492041434C207061636B65742073697A12
:10D7D0006520282575290041434C2064617461202F
:10D7E0006C656E677468206D69736D617463682021
:10D7F00028257520213D2025752900556E61626C14
:10D800006520746F2066696E6420636F6E6E20669B
:10D810006F722068616E646C652025750062745FAC
:10D820006863695F6576745F6765745F666C61677E
:10D8300073286864722D3E6576742920262028316D
:10D84000554C203C3C202831292900556E6B6E6FC9
:10D85000776E206275662074797065202575005595
:10D860006E68616E646C65642076656E646F722D9F
:10D870007370656369666963206576656E742030D0
:10D880007825303278206C656E2025753A20257316
:10D89000004E6F20636F6D6D616E642073656E74F2
:10D8A00020666F7220636D6420636F6D706C6574A9
:10D8B0006520307825303478004F70436F646520E0
:10D8C00030782530347820636F6D706C65746564D2
:10D8D00020696E7374656164206F66206578706579
:10D8E000637465642030782530347800696E74651F
:10D8F0007276616C20657863656564732074686511
:10D900002076616C69642072616E676520257520E0
:10D910007573006C6174656E637920657863656505
:10D920006473207468652076616C69642072616E2E
:10D9300067652030782530347800737570765F74B1
:10D94000696D656F757420657863656564732074AF
:10D9500068652076616C69642072616E676520304D
:10D960007825303478004E6F2070656E64696E677C
:10D97000207065726970686572616C20636F6E6E8D
:10D98000656374696F6E00556E6578706563746564
:10D990006420737461747573203078253032782078
:10D9A000257300756E6B6E6F776E005B305D00489F
:10D9B0004349207472616E73706F72743A202573DC
:10D9C00000436F6E74726F6C6C6572004964656EB3
:10D9D0007469747925733A202573004964656E74FF
:10D9E0006974795B25645D3A202573004843493AA0
:10D9F0002076657273696F6E202573202830782534
:10DA000030327829207265766973696F6E203078BC
:10DA1000253034782C206D616E7566616374757283
:10DA2000657220307825303478004C4D503A20769D
:10DA3000657273696F6E2025732028307825303227
:10DA400078292073756276657220307825303478B5
:10DA500000556E61626C6520746F2073656E642082
:10DA6000746F206472697665722028657272202551
:10DA7000642900657272203D3D20300009436F6EBD
:10DA800074726F6C6C657220756E726573706F6EF8
:10DA9000736976652C20636F6D6D616E64206F70A5
:10DAA000636F6465203078253034782074696D6543
:10DAB0006F75742077697468206572722025640A16
:10DAC000006F70636F646520307825303478207380
:10DAD0007461747573203078253032782025730096
:10DAE0004E6F2070656E64696E6720636F6E6E2086
:10DAF000666F722070656572202573004E6F6E2D03
:10DB00004C452063617061626C6520636F6E747256
:10DB10006F6C6C6572206465746563746564210064
:10DB20004E756D206F6620436F6E74726F6C6C65FE
:10DB30007227732041434C207061636B65747320BE
:10DB4000213D2041434C2062745F636F6E6E5F74B1
:10DB50007820636F6E746578747320282575202192
:10DB60003D202575290041434C2042522F45445207
:10DB70002062756666657273206E6F7420696E69C7
:10DB80007469616C697A65640056656E646F7220B1
:10DB900048434920657874656E73696F6E73206EB3
:10DBA0006F7420617661696C61626C650048572012
:10DBB000506C6174666F726D3A202573202830783E
:10DBC00025303478290048572056617269616E7497
:10DBD0003A2025732028307825303478290046698A
:10DBE000726D776172653A20257320283078253070
:10DBF0003278292056657273696F6E2025752E253F
:10DC000075204275696C64202575004661696C65F4
:10DC10006420746F207265616420737570706F7218
:10DC20007465642076656E646F7220636F6D6D61DC
:10DC30006E6473004661696C656420746F20726560
:10DC4000616420737570706F727465642076656EA0
:10DC5000646F72206665617475726573004843492C
:10DC600020647269766572206973206E6F74207209
:10DC7000656164790042542052582057510048434E
:10DC80004920647269766572206F70656E206661E6
:10DC9000696C6564202825642900556E6578706577
:10DCA0006374656420484F53545F4E554D5F434F36
:10DCB0004D504C455445445F5041434B4554532CC3
:10DCC0002073746174757320307825303278202584
:10DCD0007300556E636C65617265642070656E6477
:10DCE000696E672073656E745F636D6400312E30FA
:10DCF0006200312E3100312E3200322E3000322EB1
:10DD00003100332E3000342E3000342E3100342ECA
:10DD10003200352E3000352E3100352E3200352EB2
:10DD20003300352E3400362E3000362E3100362E9C
:10DD30003200362E33005374616E64617264204287
:10DD40006C7565746F6F746820636F6E74726F6C3E
:10DD50006C65720056656E646F72207370656369DE
:10DD600066696320636F6E74726F6C6C65720046D7
:10DD700069726D77617265206C6F616465720052C3
:10DD8000657363756520696D6167650072657365AC
:10DD900072766564006E5246353178006E524635B3
:10DDA0003278006E5246353378006E52463534482C
:10DDB00078006E524635344C7800496E74656C209C
:10DDC000436F72706F726174696F6E004E6F726430
:10DDD00069632053656D69636F6E647563746F72F8
:10DDE000004E58502053656D69636F6E647563749F
:10DDF0006F7273004573707265737369662053792F
:10DE00007374656D730062745F6863695F636F72DA
:10DE10006500574553545F544F504449522F7A651B
:10DE2000706879722F7375627379732F626C756580
:10DE3000746F6F74682F686F73742F6863695F63A2
:10DE40006F6D6D6F6E2E6300636D64206469736126
:10DE50006C6C6F776564004F6E6C792072616E64D4
:10DE60006F6D20737461746963206964656E746991
:10DE70007479206164647265737320737570706F58
:10DE80007274656400496E76616C696420696E70B5
:10DE9000757420706172616D65746572730046619E
:10DEA000696C656420746F207265616420707562AE
:10DEB0006C696320616464726573730052656164A8
:10DEC000205374617469632041646472657373657F
:10DED0007320636F6D6D616E64206E6F7420617668
:10DEE00061696C61626C65004661696C656420748F
:10DEF0006F2072656164207374617469632061646A
:10DF000064726573736573004E6F20737461746916
:10DF100063206164647265737365732073746F72D8
:10DF2000656420696E20636F6E74726F6C6C6572CD
:10DF30000043616E27742073657420626F746820DB
:10DF40004944454E544954592026204E52504100D0
:10DF5000556E61626C6520746F207365742069640E
:10DF6000656E7469747920616464726573730055B9
:10DF70006E61626C6520746F207365742072616ECF
:10DF8000646F6D20616464726573730062745F69AD
:10DF90006400546F6F2062696720616476657274F3
:10DFA0006973696E672064617461004661696C65BC
:10DFB0006420746F2073746172742061647665727A
:10DFC0007469736572004661696C656420746F20C2
:10DFD00073746F70206164766572746973696E67BB
:10DFE0003A2025640062745F616476004661696C62
:10DFF000656420726561642072656D6F746520666A
:10E00000656174757265732028256429005048592C
:10E0100020307825303278206E6F742073757070E0
:10E020006F7274656400556E6578706563746564BD
:10E03000206669727374204C3243415020667261CD
:10E040006D6500556E6578706563746564204C324B
:10E0500043415020636F6E74696E756174696F6EB1
:10E06000004E6F7420656E6F756768206275666616
:10E07000657220737061636520666F72204C324355
:10E080004150206461746100556E657870656374F9
:10E0900065642041434C20666C61677320283078AA
:10E0A00025303278290041434C206C656E206D6923
:10E0B000736D6174636820282575203E20257529BD
:10E0C0000028756E6B6E6F776E29006E6F2074720C
:10E0D000616E736974696F6E20257300496E766195
:10E0E0006C69642028257529206F6C642073746125
:10E0F000746500636F6E6E202570206661696C65C3
:10E100006420746F2065737461626C6973682E207B
:10E110005246206E6F6973653F006E6F2076616CAA
:10E1200069642028257529207374617465207761DE
:10E13000732073657400696E636F6D7061746962DA
:10E140006C652068616E646C652025750054696D8E
:10E15000656F7574206469736361726465642E20F1
:10E160004E6F20626C6F636B696E6720696E2073FF
:10E17000797377712E00466174616C206572726FDD
:10E180007220282564292E20446973636F6E6E65A2
:10E190006374696E6720257000466F756E64207623
:10E1A000616C696420636F6E6E656374696F6E2065
:10E1B000282570292077697468206164647265730A
:10E1C0007320257320696E20257320737461746534
:10E1D000200053656E64204C4520706172616D2093
:10E1E000757064617465206661696C65642028657A
:10E1F0007272202564290053656E64206175746F06
:10E20000204C4520706172616D2075706461746589
:10E21000206661696C656420286572722025642916
:10E2200000646973636F6E6E65637465640064692E
:10E2300073636F6E6E6563742D636F6D706C657460
:10E2400065007363616E2D6265666F72652D696E20
:10E250006974696174696E6700696E697469617473
:10E26000696E672D66696C7465722D6C69737400D4
:10E270006164762D636F6E6E65637461626C6500B8
:10E280006164762D6469722D636F6E6E656374616F
:10E29000626C6500646973636F6E6E656374696E4A
:10E2A000670062745F636F6E6E00556E61626C65CD
:10E2B00020746F20616C6C6F636174652062756699
:10E2C00066657220666F72206F702030782530325C
:10E2D00078004E6F20617661696C61626C65204CDC
:10E2E0003243415020636F6E7465787420666F729C
:10E2F00020636F6E6E2025700045787065637469C9
:10E300006E672031207265662C20676F742025644B
:10E3100000616C7265616479206861766520766958
:10E320006577206F6E202570004C32434150206C81
:10E33000656E677468206D69736D61746368202809
:10E34000257520213D2025752900496E76616C696F
:10E3500064206964656E742076616C756520696EF1
:10E36000204C324341502050445500496E76616C38
:10E370006964204C4520636F6E6E20706172616D20
:10E38000207273702073697A652028257520213DDD
:10E3900020257A75290052656A656374696E672065
:10E3A000756E6B6E6F776E204C3243415020504437
:10E3B0005520636F64652030782530327800546FC3
:10E3C0006F20736D616C6C204C3243415020736937
:10E3D000676E616C696E672050445500546F6F2002
:10E3E000736D616C6C204C32434150205044552079
:10E3F00072656365697665640049676E6F72696E00
:10E4000067206461746120666F7220756E6B6E6F39
:10E41000776E206368616E6E656C204944203078A9
:10E420002530347800636F6E6669670062745F6CD4
:10E430003263617000415454206368616E6E656C94
:10E44000206E6F7420636F6E6E6563746564004543
:10E4500072726F72207369676E696E67206461748F
:10E46000610052616E206F7574206F6620545820D1
:10E4700062756666657273206F7220636F6E746575
:10E480007874732E004661696C656420746F207324
:10E4900075626D6974206174745F74785F6465730C
:10E4A00074726F795F776F726B3A20256400556ED6
:10E4B00061626C6520746F206372656174652065AC
:10E4C0007272207273702050445500415454204D94
:10E4D00054552065786365656465642C206D6178AA
:10E4E0002025752C2077616E74656420257A75006F
:10E4F000556E61626C6520746F206372656174652E
:10E50000207273702050445500546F6F20736D61FA
:10E510006C6C2041545420504455207265636569E9
:10E5200076656400556E68616E646C656420415464
:10E530005420636F64652030782530327800496E4E
:10E5400076616C6964206C656E20257520666F723B
:10E5500020636F64652030782530327800556E6115
:10E56000626C6520746F2063726561746520555517
:10E5700049443A2073697A6520257500556E6162B9
:10E580006C6520746F206372656174652055554910
:10E59000443A2073697A65202564004E6F206176C5
:10E5A00061696C61626C652041545420636F6E74C4
:10E5B00065787420666F7220636F6E6E2025700020
:10E5C0004E6F20617661696C61626C6520415454C4
:10E5D000206368616E6E656C20666F7220636F6E7B
:10E5E0006E202570004E6F7420636F6E6E656374CD
:10E5F000656400556E61626C6520746F2066696E9B
:10E600006420415454206368616E6E656C00476FEE
:10E6100074206572722025642C206E6F74206361F3
:10E620006C6C696E672041545420636200466169D6
:10E630006C656420746F2072652D7375626D6974EA
:10E640002025733A202564004E6F204154542063E6
:10E6500068616E6E656C20666F72204D5455202582
:10E660007A75004E6F2070656E64696E6720415444
:10E6700054207265717565737400446973636F6EBD
:10E680006E656374696E67206661696C65642028D5
:10E6900065727220256429004154542054696D65C7
:10E6A0006F757420666F72206465766963652025D6
:10E6B000732E20446973636F6E6E656374696E6751
:10E6C0002E2E2E0062745F61747400756E61626C30
:10E6D0006520746F20736176652053433A206E6F16
:10E6E00020636667206C65667400434D4143207566
:10E6F0007064617465206661696C656420256400DE
:10E700004E6F20737061636520746F2073746F7235
:10E71000652043434320636667004E6F207370613A
:10E72000636520746F2073746F726520436C696534
:10E730006E7420537570706F7274656420466561E5
:10E74000747572657300556E61626C6520746F201C
:10E75000696D706F727420746865206B65792066CE
:10E760006F722041455320434D41432025640043AF
:10E770004D4143206F7065726174696F6E20696EE0
:10E780006974206661696C6564202564006B657935
:10E790002064657374726F79206661696C656420AA
:10E7A000256400434D41432066696E6973682066A5
:10E7B00061696C65642025640052656164206D6543
:10E7C00074686F64206E6F742073657400466169AD
:10E7D0006C656420746F207265616420617474726A
:10E7E0006962757465202570202865727220257A0B
:10E7F000642900496E76616C6964207265616420E9
:10E800006C656E6774683A20257A64004343432040
:10E810002570206E6F74207772697461626C650078
:10E82000534320726573746F726520696E64696307
:10E830006174696F6E206661696C65640062745F03
:10E8400067617474004E6F20617661696C61626CFF
:10E850006520534D5020636F6E7465787420666F29
:10E860007220636F6E6E2025700062745F736D702E
:10E87000007468726561642564006E6574256400C7
:10E880004E45545F4F4B004E45545F434F4E5449E5
:10E890004E5545004E45545F44524F50003C756EF6
:10E8A0006B6E6F776E3E007365637572655F737430
:10E8B0006F72616765004661696C656420746F20E2
:10E8C000257320646174612025732073746F7261F5
:10E8D00067652E2028256429007265747269657643
:10E8E00065007472616E73666F726D00666F7200A0
:10E8F00077726974650072656D6F7665005573692E
:10E900006E67206120706F74656E7469616C6C79DC
:10E9100020696E73656375726520505341204954B8
:10E920005320656E6372797074696F6E206B6579C0
:10E930002070726F76696465722E005741524E499D
:10E940004E473A2025730A006974732F25782F25C6
:10E950006C780053707572696F757320257320652C
:10E9600076656E74006570203078253032782061CD
:10E970006C726561647920656E61626C65640045E6
:10E980006E64706F696E742030782530327820762E
:10E99000616C69646174696F6E206661696C65643D
:10E9A0000065702030782530327820616C726561A6
:10E9B00064792064697361626C65640065702030FD
:10E9C0007825303278206973206E6F742068616C0E
:10E9D0007465647C64697361626C65640046616936
:10E9E0006C656420746F20616C6C6F63617465206A
:10E9F0006E65745F62756620257A642C20657020D0
:10EA000030782530327800756463007368757464FB
:10EA10006F776E00496E697469616C697A6564002C
:10EA2000556E6B6E6F776E20706F776572206576AE
:10EA3000656E7420256400507265696E6974007596
:10EA400064635F6E726678004661696C6564207409
:10EA50006F20726567697374657220656E64706F8C
:10EA6000696E740053555350454E4420737461745D
:10EA70006520646574656374656400524553554D43
:10EA8000494E472066726F6D2073757370656E64B2
:10EA90000052656D6F74652077616B6575702069D4
:10EAA0006E69746961746564006570203078253022
:10EAB000327820717565756520697320656D707495
:10EAC0007900657020307825303278206F6B2C20EB
:10EAD000717565756520697320656D707479004680
:10EAE00061696C656420746F2064697361626C6530
:10EAF00020636F6E74726F6C20656E64706F696EE8
:10EB000074004661696C656420746F2073746F7063
:10EB1000204846584F202564005265736574006292
:10EB2000756666657220746F6F20736D616C6C3AE8
:10EB300020723A2025752C206C3A202575004661FC
:10EB4000696C656420746F20656E61626C6520631A
:10EB50006F6E74726F6C20656E64706F696E740096
:10EB60004661696C656420746F20737461727420EF
:10EB70004846584F20256400757362644034303035
:10EB80003237303030007564635F6E7266006E72CB
:10EB9000665F757362645F636F6D6D6F6E00436176
:10EBA0006E6E6F742073746172742073616D706C1B
:10EBB000696E673A202564004661696C656420745B
:10EBC0006F20696E697469616C697A652064657625
:10EBD0006963653A202573004661696C6564207439
:10EBE0006F20736574206275666665723A202564CD
:10EBF00000496E76616C69642073656C6563746945
:10EC00006F6E206F66206368616E6E656C73004383
:10EC100068616E6E656C202575206E6F7420636F61
:10EC20006E66696775726564004E6F206368616E19
:10EC30006E656C20636F6E6669677572656400410E
:10EC40004443207265736F6C7574696F6E207661D2
:10EC50006C7565202564206973206E6F7420766161
:10EC60006C6964004F76657273616D706C696E6774
:10EC700020697320737570706F7274656420666F9D
:10EC8000722073696E676C65206368616E6E656C77
:10EC9000206F6E6C79004F76657273616D706C6970
:10ECA0006E672076616C7565202564206973206E1F
:10ECB0006F742076616C69640050726F7669646568
:10ECC000642062756666657220697320746F6F20B8
:10ECD000736D616C6C202825752F25752900496E90
:10ECE00076616C6964206368616E6E656C2049446E
:10ECF0003A2025640053656C656374656420414463
:10ED000043206761696E206973206E6F742076619D
:10ED10006C69640053656C656374656420414443A9
:10ED2000207265666572656E6365206973206E6F1B
:10ED3000742076616C69640053656C656374656406
:10ED400020414443206163717569736974696F6E12
:10ED50002074696D65206973206E6F742076616C14
:10ED600069640043616E6E6F7420636F6E666967DD
:10ED7000757265206368616E6E656C2025643A204B
:10ED80002564006164634034303030373030300007
:10ED90006164635F6E7266785F7361616463006370
:10EDA0006C6F636B40343030303030303000686628
:10EDB000636C6B006C66636C6B00636C6F636B5FA2
:10EDC000636F6E74726F6C0072616E646F6D40344D
:10EDD0003030306430303000696E76616C696420A8
:10EDE000616464726573733A2030782530386C78CA
:10EDF0003A257A7500756E616C69676E656420618D
:10EE00006464726573733A2030782530386C783AD0
:10EE1000257A75006E6F7420776F72642D616C694E
:10EE2000676E65643A2030782530386C783A257AF8
:10EE30007500666C6173682D636F6E74726F6C6CB5
:10EE4000657240343030316530303000666C61734B
:10EE5000685F6E72660057726974652D70726F74A8
:10EE60006563742070696E206E6F742072656164D2
:10EE7000790057726974652D70726F7465637420C0
:10EE800070696E206661696C656420746F207365BB
:10EE9000742061637469766500486F6C64207069E2
:10EEA0006E206E6F7420726561647900486F6C64C7
:10EEB0002070696E206661696C656420746F2073D0
:10EEC000657420696E616374697665004661696C7A
:10EED000656420746F20657869742044504420284C
:10EEE0002564290057616974696E6720756E7469BD
:10EEF0006C20666C61736820697320726561647947
:10EF0000004661696C656420746F207761697420C4
:10EF1000756E74696C20666C617368206973207209
:10EF2000656164792028256429004A4544454320C9
:10EF300049442072656164206661696C65643A20A9
:10EF40002564004465766963652069642025303254
:10EF5000782025303278202530327820646F657330
:10EF6000206E6F74206D6174636820636F6E6669D4
:10EF700067202530327820253032782025303278CD
:10EF800000425020636C656172206661696C656443
:10EF90003A2025640A00556E61626C6520746F200A
:10EFA000656E74657220342D62797465206D6F64AE
:10EFB000653A2025640A006D7832356C333233337C
:10EFC000664030007370695F6E6F72006770696FC2
:10EFD000403530303030333030006770696F403545
:10EFE00030303030303030009BB8EA006E72663519
:10EFF0005F7278006E524635203830323135342019
:10F00000726164696F20696E697469616C697A659F
:10F0100064005061796C6F616420746F6F206C6163
:10F020007267653A202564005458206D6F6465202E
:10F030002564206E6F7420737570706F72746564D0
:10F040000043616E6E6F742073656E64206672613A
:10F050006D65004E6F2066726565207061636B653B
:10F060007420617661696C61626C652E004661692D
:10F070006C656420746F20777269746520746F20EA
:10F0800061207061636B65742E0041434B20706199
:10F09000636B6574206E6F742068616E646C656468
:10F0A000202D2072656C656173696E672E00466164
:10F0B000696C656420746F20656E7465722072657A
:10F0C0006365697665207374617465004572726F5B
:10F0D00072207768696C652073746F7070696E67F1
:10F0E00020726164696F00526563656976656420AA
:10F0F00061206672616D6520657863656564696E1F
:10F100006720746865206275666665722073697A27
:10F110006520282575293A202575005265636569A3
:10F120007665642050534455005061636B657420CC
:10F1300064726F70706564206279204E455420734C
:10F140007461636B00696565653830323135340050
:10F15000696565653830323135345F6E7266350009
:10F1600074656D7040343030306330303000746519
:10F170006D705F6E726635007261775F746F5F7578
:10F18000763A202564006164635F7365747570204E
:10F190006661696C65643A202564006164635F722E
:10F1A0006561643A2025640025732064657669638F
:10F1B00065206E6F74207265616479007365747583
:10F1C000703A2025640073657175656E636520690A
:10F1D0006E69743A202564006661696C6564207408
:10F1E0006F20636F6E666967757265204750494F7F
:10F1F00020666F7220504D206F6E006661696C65ED
:10F200006420746F20736574204750494F20666FE7
:10F210007220504D20726573756D65007662617461
:10F220007400766F6C74616765004661696C656433
:10F2300020746F20616C6C6F63617465205050495D
:10F24000204368616E6E656C007561727440343085
:10F2500030303230303000756172745F6E726678B3
:10F260005F7561727465004661696C656420746FD6
:10F2700020616C6C6F63617465204750494F544541
:10F28000206368616E6E656C20666F722057414B1B
:10F2900045004661696C656420746F20636F6E661B
:10F2A00069677572652057414B452070696E004350
:10F2B00053204750494F20706F727420257320707F
:10F2C000696E202564206973206E6F7420726561F9
:10F2D0006479005570646174652065786365656460
:10F2E000732063757272656E7420627566666572EE
:10F2F0000048616C662D6475706C6578206E6F7463
:10F3000020737570706F7274656400536C617665FC
:10F31000206D6F6465206973206E6F742073757043
:10F32000706F72746564206F6E202573004C6F6F70
:10F33000706261636B206D6F6465206973206E6F0E
:10F340007420737570706F7274656400576F7264A7
:10F350002073697A6573206F7468657220746861C0
:10F360006E2038206269747320617265206E6F743C
:10F3700020737570706F7274656400467265717584
:10F38000656E63696573206C6F7765722074686160
:10F390006E20313235206B487A20617265206E6FA5
:10F3A0007420737570706F72746564004661696C67
:10F3B000656420746F20696E697469616C697A652F
:10F3C000206E726678206472697665723A202564D0
:10F3D0000057616974696E6720666F722057414BF0
:10F3E000452061636B6E6F776C6564676D656E74E5
:10F3F0002074696D6564206F75740054696D656F64
:10F4000075742077616974696E6720666F72207405
:10F4100072616E7366657220636F6D706C65746582
:10F4200000737069403430303233303030007370E4
:10F43000695F6E7266785F737069006E72665F38BE
:10F4400030323135345F74656D7065726174757218
:10F4500065006F70656E7468726561640035383A76
:10F4600034353A34653A34663A34653A30303A30B5
:10F47000303A30310064653A61643A62653A6566F3
:10F480003A63613A66653A66303A30643A31333A03
:10F4900033373A63303A64653A30303A30313A3093
:10F4A000323A3033006F745F726164696F5F776FF7
:10F4B000726B71006F740025732F257800257325FA
:10F4C0007325730048616C74696E67207379737477
:10F4D000656D0A00556E6B6E6F776E206572726F88
:10F4E00072003E3E3E205A455048595220464154F3
:10F4F000414C204552524F522025643A202573201A
:10F500006F6E20435055202564004661756C742051
:10F51000647572696E6720696E7465727275707455
:10F520002068616E646C696E670A0043757272656B
:10F530006E74207468726561643A202570202825F5
:10F5400073290043505520657863657074696F6E48
:10F5500000556E68616E646C656420696E746572D6
:10F560007275707400537461636B206F7665726698
:10F570006C6F77004B65726E656C206F6F707300F7
:10F580004B65726E656C2070616E6963006D6169B8
:10F590006E006F7300737973776F726B7100414502
:10F5A000532D3235362D43434D2A2D4E4F2D544188
:10F5B00047004145532D3139322D43434D2A2D4EBD
:10F5C0004F2D544147004145532D3132382D43438F
:10F5D0004D2A2D4E4F2D544147004145532D323574
:10F5E000362D43434D004145532D3139322D434390
:10F5F0004D004145532D3132382D43434D00414597
:10F60000532D3235362D47434D004145532D313969
:10F61000322D47434D004145532D3132382D47435C
:10F620004D004145532D3235362D4543420041456D
:10F63000532D3139322D454342004145532D31324E
:10F64000382D45434200696E76616C6964006465DB
:10F65000746163686564006368696C6400726F75E7
:10F66000746572006C656164657200612F6165008C
:10F67000612F616E00612F617100612F6172006105
:10F680002F617300612F736400612F796C00622F0A
:10F69000626100622F626D7200622F627100632FDF
:10F6A000616200632F616700632F617200632F61E5
:10F6B0007300632F636100632F636700632F6370C0
:10F6C00000632F637300632F646300632F65720010
:10F6D000632F657300632F6A6500632F6A6600639A
:10F6E0002F6C6100632F6C7000632F6E6A00632FB4
:10F6F0006E6B00632F6E6C00632F6E7200632F6E53
:10F700007300632F706300632F706700632F707145
:10F7100000632F707300632F727800632F7465008D
:10F72000632F747800632F757200632F7574006403
:10F730002F646100642F646700642F647100642F7C
:10F74000647200682F616E00682F7179006E2F64FB
:10F750006E006E2F6472006E2F6D72002A666C6FE1
:10F7600061742A0002409D1A5F2B8E3D9C7F4A1EC9
:10F770006BD1C2F8A302409D1A5F2B8E3D9C7F4A3D
:10F780001E6BD0C2F8A3206D65737361676573202B
:10F7900064726F70706564202D2D2D0D0A1B5B3017
:10F7A0006D001B5B313B33316D2D2D2D2000000092
:10F7B000000001465320436F6E666967757261747D
:10F7C000696F6E0058656E6F6E2053656E736F7251
:10F7D00020436F6E736F6C65005A65706879722094
:10F7E00050726F6A656374003031323334353637A6
:10F7F00038394142434445460000FFFFFFFFFFFF09
:10F8000000000000000000FFFFFFFFFFFF000000FE
:10F8100000000030313233343536373839616263B5
:10F820006465660000000000000010008000008099
:10F830005F9B34FB01040002000000020000000096
:10F8400000000005000000000000000000000000B3
:10F85000000000056174745F74785F64657374728E
:10F860006F795F776F726B5F68616E646C65720051
:10F8700000070E091C1B1215383F363124232A2D90
:10F88000000000000000000006010501040107025D
:10F890000301050202010302050401010102010343
:10F8A000010401060108010C0110011801200140AA
:10F8B0000180D810200C00000000000102030405A4
:10F8C00006070000010000000000000000FFFFFF2D
:10F8D000FFFFFFFF02FFFFFF08D8D8ECECF0F0F4C9
:10F8E000F4F8F8FCFC00000202030304040505061A
:10F8F0000607070808002030303030303030303014
:10F9000030303030300001090000000D01020304E6
:10F910000506070810141400001C2030401C2000AD
:10F92000001C20304010141400001C2030401C200B
:10F9300000001C203040404040000040408080805B
:10F940008000009088684810141400001C2030408B
:10F950001C2000001C20304052096AD53036A538E2
:10F96000BF40A39E81F3D7FB7CE339829B2FFF87A7
:10F97000348E4344C4DEE9CB547B9432A6C2233D8B
:10F98000EE4C950B42FAC34E082EA16628D924B23C
:10F99000765BA2496D8BD12572F8F664866898165D
:10F9A000D4A45CCC5D65B6926C704850FDEDB9DABC
:10F9B0005E154657A78D9D8490D8AB008CBCD30AAA
:10F9C000F7E45805B8B34506D02C1E8FCA3F0F0286
:10F9D000C1AFBD0301138A6B3A9111414F67DCEA55
:10F9E00097F2CFCEF0B4E67396AC7422E7AD3585CE
:10F9F000E2F937E81C75DF6E47F11A711D29C589D8
:10FA00006FB7620EAA18BE1BFC563E4BC6D27920B9
:10FA10009ADBC0FE78CD5AF41FDDA8338807C731C2
:10FA2000B11210592780EC5F60517FA919B54A0DBA
:10FA30002DE57A9F93C99CEFA0E03B4DAE2AF5B02F
:10FA4000C8EBBB3C83539961172B047EBA77D6264B
:10FA5000E169146355210C7D637C777BF26B6FC584
:10FA60003001672BFED7AB76CA82C97DFA5947F0C1
:10FA7000ADD4A2AF9CA472C0B7FD9326363FF7CC9D
:10FA800034A5E5F171D8311504C723C31896059A3A
:10FA9000071280E2EB27B27509832C1A1B6E5AA05D
:10FAA000523BD6B329E32F8453D100ED20FCB15B48
:10FAB0006ACBBE394A4C58CFD0EFAAFB434D3385B1
:10FAC00045F9027F503C9FA851A3408F929D38F585
:10FAD000BCB6DA2110FFF3D2CD0C13EC5F974417BC
:10FAE000C4A77E3D645D197360814FDC222A908833
:10FAF00046EEB814DE5E0BDBE0323A0A4906245CBF
:10FB0000C2D3AC629195E479E7C8376D8DD54EA923
:10FB10006C56F4EA657AAE08BA78252E1CA6B4C6EF
:10FB2000E8DD741F4BBD8B8A703EB5664803F60E48
:10FB3000613557B986C11D9EE1F8981169D98E9437
:10FB40009B1E87E9CE5528DF8CA1890DBFE6426850
:10FB500041992D0FB054BB164F50454E5448524555
:10FB600041442F6534643937363831633B205A6558
:10FB7000706879723B204175672020352032303221
:10FB8000362032323A34373A343000010178581690
:10FB900086FDB4580FB092546AECBD15663506FE6A
:10FBA000B823D487120503020100050305040406E7
:10FBB0004F70656E54687265616400DEAD00BEEF23
:10FBC00000CAFE010203048081005468726561640A
:10FBD0000C0C0A0402020A0C090C09FDDEAD00BE81
:10FBE000EF0000005A65706879722D4F542D763100
:10FBF0002E30005A65706879722D4F70656E5468AA
:10FC000072656164005A657068797200000100FFD6
:10FC1000000000002D6D0000000000000001000049
:10FC200000000000000000000000000000000000D4
:10FC300000000000000000000000000000000000C4
:10FC4000189D040000C20100000008000000000030
:10FC500000000000000000000000000000000000A4
:10FC60000000000000000000000000000000000094
:10FC70000000000000000000C004002000000000A0
:10FC8000AC040020000000000000000000000000A4
:10FC90000000000000000000000000000000000064
:10FCA0000000000000000000000000000000000054
:10FCB0000000000000000000000000000000000044
:10FCC000000000000000000000000000BC00002058
:10FCD000BC0000200000000001000000CC0000205B
:10FCE000CC00002000000000000000000000000028
:10FCF0000000000000000000000000000000000004
:10FD000000000000000000000000000000000000F3
:10FD100000000000000000000000000000000000E3
:10FD200000000000000000000000000000000000D3
:10FD300000000000000000000000000000000000C3
:10FD400000000000000000000000000000000000B3
:10FD500000000000000000000000000000000000A3
:10FD60000000000000000000000000000000000093
:10FD70000000000000000000000000000000000083
:10FD80000000000000000000000000000000000073
:10FD90000000000000000000000000000000000063
:10FDA0000000000000000000000000000000000053
:10FDB000A585000000000000000000000000000019
:10FDC0000000000000000000000000000000000033
:10FDD0000000000000000000000000000000000023
:10FDE0000000000000000000000000000000000013
:10FDF0000000000000000000000000000000000003
:10FE000000000000000000000000000000000000F2
:10FE100000000000000000000000000000000000E2
:10FE200000000000000000000000000000000000D2
:10FE300000000000000000000000000000000000C2
:10FE400000000000000000000000000000000000B2
:10FE500000000000000000006C9D04000000000095
:10FE60001F00000000000000FFFFFFFFFF1F000059
:10FE70000000000064020020640200200000000076
:10FE80000100000074020020740200207C020020A7
:10FE90007C02002000000000010000008C02002015
:10FEA0008C020020000000000000000000000000A4
:10FEB0000000000000000000000000000000000042
:10FEC0000000000000000000000000000000000032
:10FED0000000000000000000000000000000000022
:10FEE0000000000000000000000000000000000012
:10FEF0000000000000000000000000000000000002
:10FF000000000000000000000000000000000000F1
:10FF100000000000000000000000000000000000E1
:10FF20008F2403000000000000000000FFFFFFFF1F
:10FF30000000000000000000000000007D1B000029
:10FF4000000000000000000064F704000000120040
:10FF5000F52B0300E73A030064A30400000000004F
:10FF60009CA3040000000000810C00206803002016
:10FF70000000000000000000000000000000000081
:10FF80000004010000000000B3F704002203000099
:10FF9000000000000000000000030300000000005B
:10FFA000000000000003000000000000000000004E
:10FFB0000002010000000000C4F704002A03000052
:10FFC000000000000000000000010100000000002F
:10FFD000D9F704001E03000000000000000000002C
:10FFE000000000000000000054BB040004030000F7
:10FFF0005ABB04000000020066BB040000000200BF
:020000025000AC
:1000000072BB040000000200000000005541030024
:100010000000000000000000080400200804002088
:1000200000000000000000000E0000000060004022
:1000300000000000000000000000000000000000C0
:1000400000000000000000000000000000000000B0
:1000500000000000000000000000000000000000A0
:100060000000000000000000000000000000000090
:100070000000000000000000000000000000000080
:100080000000000000000000000000000000000070
:100090000000000000000000000000000000000060
:1000A0000000000000000000000000000000000050
:1000B000000000000000000000000000603501208A
:1000C000000000000000000000000000000400002C
:1000D0006039012000000000000000000000000066
:1000E00000040000B3C80400000000001405002054
:1000F00000000000189D04009C0C0020A40C0020AF
:10010000AD0C0020B20C0020B70C0020BB0C00206E
:10011000C00C0020C70C0020D00C0020D70C002001
:10012000DE0C0020000000006F4A0300F34B0300C8
:10013000514C0300A34E0300354B0300CF4C03008A
:1001400000000000A1510300B54C0300BD4B0300AB
:1001500000000000714A0300000000002188000038
:10016000000000000000000000000000E575000035
:1001700000000000000000000000000001990000E5
:10018000000000000000000000000000B993000023
:10019000000000000000000019A800003DB70000AA
:1001A000000000000000000000000000D5A90000D1
:1001B000975F030061600300D5A700000000000006
:1001C000000000002DB4000000000000000000004E
:1001D00086BB04000000020092BB040000000A007D
:1001E000A2BB04000000200000000000000000008E
:1001F00000000000000000005B630300000000003E
:1002000000000000E07F00200000000079ED000009
:1002100000000000E87F002000000000C1E10000B5
:1002200000000000F07F002000000000F9530100F2
:1002300000000000F87F002000000000F9530100DA
:10024000000000000080002000000000E9DE000047
:1002500000000000E488002000000000455D01006F
:1002600000000000EC88002000000000F9530100AD
:1002700000000000F488002000000000910201004E
:10028000000000006889002000000000BD09010096
:10029000000000007089002000000000F9530100F8
:1002A000000000007889002000000000490B0100D8
:1002B000000000008089002000000000D912010029
:1002C00000000000A48A002000000000F48A002042
:1002D00000000000948B002000000000448C0020EF
:1002E000000000004D670100000000006C8C002041
:1002F00000000000C9500100000000008C8C0020AC
:1003000000000000F953010000000000A49000204C
:100310000000000041D20000000000009C9000207E
:100320000000000041D20000000000009490002076
:10033000000000006DCE0000000000008C90002046
:100340000000000041D20000000000008490002066
:10035000000000006DCE0000000000007C90002036
:100360000000000041D20000640700207BA80300C9
:100370000800000000FF580000000000000000001E
:1003800083A7030000000000000000000000000040
:10039000000000000000000000000000000000005D
:1003A000000000000000000000000000000000004D
:1003B000000000000000000000000000000000003D
:1003C000000000000000000000000000000000002D
:1003D00000000000000000000000000000FF5800C6
:1003E000000000000000000083A7030000000000E0
:1003F00000000000000000000000000000000000FD
:1004000000000000000000000000000000000000EC
:1004100000000000000000000000000000000000DC
:1004200000000000000000000000000000000000CC
:1004300000000000000000000000000000000000BC
:100440000000000000FF5800000000000000000055
:1004500083A703000000000000000000000000006F
:10046000000000000000000000000000000000008C
:10047000000000000000000000000000000000007C
:10048000000000000000000000000000000000006C
:10049000000000000000000000000000000000005C
:1004A00000000000000000000000000000FF5800F5
:1004B000000000000000000083A70300000000000F
:1004C000000000000000000000000000000000002C
:1004D000000000000000000000000000000000001C
:1004E000000000000000000000000000000000000C
:1004F00000000000000000000000000000000000FC
:1005000000000000000000000000000000000000EB
:100510000000000000FF5800000000000000000084
:1005200083A703000000000000000000000000009E
:1005300000000000000000000000000000000000BB
:1005400000000000000000000000000000000000AB
:10055000000000000000000000000000000000009B
:10056000000000000000000000000000000000008B
:1005700000000000000000000000000000FF580024
:10058000000000000000000083A70300000000003E
:10059000000000000000000000000000000000005B
:1005A000000000000000000000000000000000004B
:1005B000000000000000000000000000000000003B
:1005C000000000000000000000000000000000002B
:1005D000000000000000000000000000000000001B
:1005E0000000000000FF58000000000000000000B4
:1005F00083A70300000000000000000000000000CE
:1006000000000000000000000000000000000000EA
:1006100000000000000000000000000000000000DA
:1006200000000000000000000000000000000000CA
:1006300000000000000000000000000000000000BA
:1006400000000000000000000000000000FF580053
:10065000000000000000000083A70300000000006D
:10066000000000000000000000000000000000008A
:10067000000000000000000000000000000000007A
:10068000000000000000000000000000000000006A
:10069000000000000000000000000000000000005A
:1006A000000000000000000000000000000000004A
:1006B000000000000000000000000000000000003A
:1006C000000000000000000000000000000000002A
:1006D000000000000000000000000000000000001A
:1006E000000000000000000000000000000000000A
:1006F00000000000000000000000000000000000FA
:1007000000000000000000000000000000000000E9
:1007100000000000000000000000000000000000D9
:1007200000000000000000000000000000000000C9
:100730000000000000000000280B0020280B002013
:1007400000000000000000000E000000000000009B
:100750000000000000000000000000000000000099
:100760000000000000000000680B002000000000F6
:100770000000000000000000000000000000000079
:10078000AAAB002020000000000000000030024062
:100790000000000000000000000000000000000059
:1007A0000000000000000000000000000000000049
:1007B0000000000000000000000000000000000039
:1007C000E0AE040001000000B80B0020B80B0020D0
:1007D0000000000001000000C80B0020C80B002032
:1007E000D00B0020D00B0020000000000100000012
:1007F000E00B0020E00B00200000000000000000E3
:1008000000000000000000000000000000000000E8
:1008100000000000000000000000000000000000D8
:10082000DC9D0400000000000000000038AF040060
:10083000D20000000090D003FF0000000000000084
:10084000F55402000000000000000000000000005D
:10085000F9580200000000000000000090020000B3
:10086000500C0020500C0020FFFFFFFF5C0C00200C
:100870005C0C00204D9A0400FD4F00001950000050
:10088000409D1A5F2B8E3D9C7F4A1E6BD0C2F8A301
:100890000609020000000100807D12010002EF0243
:1008A0000140E32F0400040400000000080B0002D4
:1008B00002020000090400000102020000052400F9
:1008C0001001052401000104240202052406000190
:1008D0000705810310000A09040100020A00000054
:1008E00007058202400000070501024000000000E9
:0108F00014F3
:1008F4004DE303002DDC030000000000C9CE03001B
:10090400509D040045D1030000000000A5400300F1
:1009140000000000A540030000000000A540030003
:100924001C04002047CE0300015102002DDC03000B
:1009340000000000A540030000000000A5400300E3
:1009440000000000A540030000000000A5400300D3
:10095400309E0400B9F3010038A00020E1DF01005B
:1009640000000000A540030000000000A5400300B3
:1009740000000000A5400300000000003D0202004A
:1009840000000000A540030000000000A540030093
:1009940000000000A540030000000000A540030083
:1009A40000000000A540030000000000A540030073
:1009B40000000000A540030000000000A540030063
:1009C40000000000A540030000000000A540030053
:1009D40000000000A540030000000000A540030043
:1009E40000000000A540030000000000A540030033
:1009F40000000000A540030000000000A540030023
:100A040000000000A54003007C0B0020BBE50300B0
:100A140000000000A540030000000000A540030002
:100A240000000000A540030071CC01002DDC030090
:100A340000000000A540030000000000A5400300E2
:100A440000000000A540030000000000A5400300D2
:100A540000000000A540030000000000A5400300C2
:100A640000000000A540030000000000A5400300B2
:100A74000000000000000000000000000000000072
:100A84000000000000000000000000000000000062
:100A94000000000000000000000000000000000052
:100AA4000000000000000000000000000000000042
:100AB4000000000000000000000000000000000032
:100AC4000000000000000000000000000000000022
:040AD400000000001E
:040AD800000000001A
:100AE0000000000000000000000000000000000006
:100AF000917E020000000000E80E0020E80E0020B9
:100B0000115702000000000000000000000000007B
:100B100000000000000000000000000000000000D5
:100B20000000000000000000917E020000000000B4
:100B3000200F0020200F0020FFDB0300000000003A
:100B400000000000000000000000000000000000A5
:100B5000400F0020400F002000000000A0180120DE
:100B60000000000001000000300000000000000054
:100B7000600F0020600F00200000000010DA00204D
:100B80000000000001000000B800000000000000AC
:100B9000800F0020800F002000000000D0180120EE
:100BA0000000000003000000100000000000000032
:100BB000A00F0020A00F002000000000D02D012079
:100BC00000000000040000005400000000000000CD
:100BD000C00F0020C00F002000000000802C01206A
:100BE00000000000040000005400000000000000AD
:100BF000E00F0020E00F002000000000EC0E0120BC
:100C000000000000080000001000000000000000CC
:100C100000000000280D01204C0100000000000031
:100C2000000000000000000000000000202F012054
:100C300000040000000000000000000000000000B0
:100C400030100020301000200000000000000000E4
:100C50000E0000004410002044100020000000009E
:100C6000000000000E000000581000205810002066
:100C700000000000000000000E0000006C100020CA
:100C80006C10002000000000000000000E000000BA
:100C900080100020801000200000000000000000F4
:100CA0000E000000941000209410002000000000AE
:100CB000000000000E000000A8100020A810002076
:100CC00000000000000000000E000000BC1000202A
:100CD000BC10002000000000000000000E0000001A
:100CE000D0100020D0100020000000000000000004
:040CF0000E000000F2
:100CF400E4100020E4100020000000000C000000BC
:100D04000A000000740E0120EC0E0120740E012074
:100D1400740E0120000000000C1100200C110020B2
:040D240000000000CB
:100D2800181100201811002001000000FFFFFFFF2C
:100D38002811002028110020301100203011002037
:100D480001000000010000004011002040110020B7
:100D58004811002048110020000000000100000098
:100D68005811002058110020601100206011002047
:100D780000000000FFFFFFFF70110020701100202D
:100D88007811002078110020000000000100000008
:100D98008811002088110020901100209011002057
:100DA8000000000001000000A0110020A011002098
:100DB800A8110020A8110020000000000000000079
:100DC800000000000000000000000000C411002026
:100DD800C4110020CC110020CC110020000000001C
:100DE8000000000000000000E0110020E0110020D9
:100DF800E8110020E81100200000000000000000B9
:100E080000000000FC110020FC110020041200204A
:040E180004120020A0
:080E1C000C1200200C12002052
:100E2400000000000000000000000000201200206C
:100E340020120020281200202812002000000300A5
:100E4400030010000000000070A6040048170120F1
:100E5400000000000000000000000000501200200C
:100E640050120020581200205812002000000300E5
:100E74000300100071A700000CA70400281801202B
:100E840000000000000000000000000080120020AC
:100E94008012002088120020881200200000030025
:100EA4000300000000000000E8A404009C140120DA
:100EB400000000000000000000000000B01200204C
:100EC400B0120020B8120020B81200200000010067
:100ED400010010006D9300005CA60400C016012000
:100EE400000000000000000000000000E0120020EC
:100EF400E0120020E8120020E812002000000200A6
:100F0400020000000000000024A604009016012046
:100F1400000000000000000000000000101300208A
:100F240010130020181300201813002000000C00D8
:100F34000C0004006D700000D4A40400C012012051
:100F4400000000000000000000000000401300202A
:100F54004013002048130020481300200000100014
:100F6400100004000000000098AC0400C02A012016
:100F740000000000000000000000000070130020CA
:100F84007013002078130020781300200000010063
:100F94000100000000000000FCA40400E81501208A
:100FA400000000000000000000000000A01300206A
:100FB400A0130020A8130020A81300200000100094
:100FC400100004000000000084AC04000021012093
:100FD400000000000000000000000000D01300200A
:100FE400D0130020D8130020D813002000001000D4
:100FF40010000A008BC00300B4AC040020330120AD
:101004003814002000000000000000000000000070
:1010140000000000000000000000000000000000CC
:1010240000000000000000000000000000000000BC
:1010340000000000000000000000000000000000AC
:10104800149E040060140020E4A0002000020000A8
:101058000000000000000000000000050000000083
:08106800000000000000000080
:101070005F6B03008F6B0300556B0300FD6A030079
:04108000000000006C
:1010840000C904000000000000000000000000008F
:101094000000000000000000889D04000000000023
:1010A400000000000000000000000000000000003C
:1010B400000000000000000000000000000000002C
:1010C400000000000000000000000000000000001C
:1010D400000000000000000000000000000000000C
:1010E40000000000000000000000000000000000FC
:1010F400000000008A0C0020000000000000000036
:1011040000000000D40400200000000000000000E3
:081114000000000000000000D3
:04111C0015E015E0E5
:04000003000049A50B
:00000001FF
